model,category,feature_set,lag_rule,n_features,n_lags,n_train,n_val,n_test,train_start,train_end,val_start,val_end,test_start,test_end,params,n_grid,scaler,seed,val_MSE,val_RMSE,val_MAE,val_R2,val_nRMSE,val_SMAPE,val_RMSPE,test_MSE,test_RMSE,test_MAE,test_R2,test_nRMSE,test_SMAPE,test_RMSPE,runtime_s,granularity,n_folds,stage1,gate_w,stage1_val_RMSE,gate_val_gain_pct,resid_val_r2,stage1_only_test_RMSE,cross_fit_folds,augment_stage1,segment_scheme,n_segments,gate_w_map,gate_w_min,gate_w_max,val_oof_RMSE
Naive,M01AB,A_lag1,pacf_train,1,1,1473,315,317,2014-01-03,2018-01-14,2018-01-15,2018-11-25,2018-11-26,2019-10-08,{},0,none,42,15.112755555555555,3.887512772397739,2.996063492063492,-1.0889083838028975,0.7876292158258805,64.5043814997324,1.5568921901843953,17.410850473186123,4.172631121149594,3.291482649842272,-1.0779070449005217,0.784236153182909,66.44657397551136,2.203789023711625,0.0,daily,5,,,,,,,,,,,,,,
SeasonalNaive(s=7),M01AB,A_lag1,pacf_train,1,1,1473,315,317,2014-01-03,2018-01-14,2018-01-15,2018-11-25,2018-11-26,2019-10-08,{},0,none,42,13.791767301587301,3.7137268749313406,2.996412698412698,-0.9063193497597275,0.7524193379021529,64.36533562242663,1.7661914785085975,16.361037223974765,4.0448778997609764,3.161135646687697,-0.9526165342660349,0.7602252372908443,64.38007169290704,2.59657683376552,0.0,daily,5,,,,,,,,,,,,,,
S1 [linear],M01AB,A_lag1,pacf_train,1,1,1473,315,317,2014-01-03,2018-01-14,2018-01-15,2018-11-25,2018-11-26,2019-10-08,{},0,none,42,7.3605331683239426,2.713030255696376,2.175527732894381,-0.017384247899057126,0.5496732790122904,47.36724549852949,1.3729886170064014,8.566003196532822,2.926773513022971,2.263650267843024,-0.022314126247201305,0.5500801615212979,46.915710730110106,1.864103666903613,0.123,daily,5,linear,0.0,2.713030255696376,0.0,,2.926773513022971,,,,,,,,
AR-LRX [linear],M01AB,A_lag1,pacf_train,1,1,1473,315,317,2014-01-03,2018-01-14,2018-01-15,2018-11-25,2018-11-26,2019-10-08,"{""colsample_bytree"": 0.8, ""learning_rate"": 0.1, ""max_depth"": 5, ""n_estimators"": 100, ""subsample"": 0.8}",132,none,42,7.28190397242516,2.698500319144906,2.1711738112885786,-0.006515999159053765,0.5467294423737871,47.322973941126605,1.350044996953268,8.787350852231569,2.964346614725,2.322216056000765,-0.048730977845403034,0.5571419371459382,47.969800876783154,1.8422656856732662,5.532,daily,5,linear,0.4,2.713030255696376,0.5356,-0.009651914259662053,2.926773513022971,5.0,,,,,,,
AR-LRX-g [linear],M01AB,A_lag1,pacf_train,1,1,1473,315,317,2014-01-03,2018-01-14,2018-01-15,2018-11-25,2018-11-26,2019-10-08,"{""colsample_bytree"": 0.8, ""learning_rate"": 0.1, ""max_depth"": 5, ""n_estimators"": 100, ""subsample"": 0.8}",132,none,42,7.28190397242516,2.698500319144906,2.1711738112885786,-0.006515999159053765,0.5467294423737871,47.322973941126605,1.350044996953268,8.787350842980763,2.9643466131646554,2.322216054147558,-0.04873097674136084,0.5571419368526751,47.96980084284148,1.8422656868441933,5.589,daily,5,linear,0.39999999999999997,2.713030255696376,0.5356,-0.009651914259662053,2.926773513022971,5.0,False,global,1.0,"{""0"": 0.4}",0.4,0.4,2.706770491677012
AR-LRX-Aug [linear],M01AB,A_lag1,pacf_train,1,1,1473,315,317,2014-01-03,2018-01-14,2018-01-15,2018-11-25,2018-11-26,2019-10-08,"{""colsample_bytree"": 0.8, ""learning_rate"": 0.05, ""max_depth"": 3, ""n_estimators"": 100, ""subsample"": 0.8}",132,none,42,7.270359854194485,2.696360482983402,2.182741551461691,-0.004920353330798211,0.5462959010386053,47.509125612342174,1.37167028705755,8.477637783459441,2.9116383332171325,2.2748442361936325,-0.011768109863136367,0.5472355402633823,47.30426628240212,1.8723524637013425,5.386,daily,5,linear,0.7000000000000001,2.713030255696376,0.6144,0.010490971553500872,2.926773513022971,5.0,True,global,1.0,"{""0"": 0.7}",0.7,0.7,2.7061652859559273
XGBoost,M01AB,A_lag1,pacf_train,1,1,1473,315,317,2014-01-03,2018-01-14,2018-01-15,2018-11-25,2018-11-26,2019-10-08,"{""colsample_bytree"": 0.8, ""learning_rate"": 0.05, ""max_depth"": 5, ""n_estimators"": 100, ""subsample"": 0.8}",12,none,42,7.306749701534913,2.70310001693147,2.173739280337379,-0.009950214160300064,0.5476613637777218,47.43292570255277,1.3357027062905813,9.196900043833027,3.0326391219254933,2.3991443322058355,-0.09760884005969239,0.5699773523990783,49.38125516295228,1.8524969406197325,5.05,daily,5,,,,,,,,,,,,,,
"LR-XGB (residual, tanpa gerbang)",M01AB,A_lag1,pacf_train,1,1,1473,315,317,2014-01-03,2018-01-14,2018-01-15,2018-11-25,2018-11-26,2019-10-08,"{""colsample_bytree"": 0.8, ""learning_rate"": 0.05, ""max_depth"": 5, ""n_estimators"": 100, ""subsample"": 0.8}",12,none,42,7.357102683724141,2.7123979582141224,2.178872327904994,-0.01691008102626612,0.5495451724312259,47.51682175411712,1.3351727176684045,9.263438409345456,3.043589724214723,2.412122974952439,-0.10554989605045928,0.5720354922070313,49.59204456859843,1.852406401639836,5.628,daily,5,,,,,,,5.0,,,,,,,
Naive,M01AB,B_rich,pacf_train,1,1,1473,315,317,2014-01-03,2018-01-14,2018-01-15,2018-11-25,2018-11-26,2019-10-08,{},0,none,42,15.112755555555555,3.887512772397739,2.996063492063492,-1.0889083838028975,0.7876292158258805,64.5043814997324,1.5568921901843953,17.410850473186123,4.172631121149594,3.291482649842272,-1.0779070449005217,0.784236153182909,66.44657397551136,2.203789023711625,0.0,daily,5,,,,,,,,,,,,,,
SeasonalNaive(s=7),M01AB,B_rich,pacf_train,1,1,1473,315,317,2014-01-03,2018-01-14,2018-01-15,2018-11-25,2018-11-26,2019-10-08,{},0,none,42,13.791767301587301,3.7137268749313406,2.996412698412698,-0.9063193497597275,0.7524193379021529,64.36533562242663,1.7661914785085975,16.361037223974765,4.0448778997609764,3.161135646687697,-0.9526165342660349,0.7602252372908443,64.38007169290704,2.59657683376552,0.0,daily,5,,,,,,,,,,,,,,
S1 [linear],M01AB,B_rich,pacf_train,1,1,1473,315,317,2014-01-03,2018-01-14,2018-01-15,2018-11-25,2018-11-26,2019-10-08,{},0,none,42,7.3605331683239426,2.713030255696376,2.175527732894381,-0.017384247899057126,0.5496732790122904,47.36724549852949,1.3729886170064014,8.566003196532822,2.926773513022971,2.263650267843024,-0.022314126247201305,0.5500801615212979,46.915710730110106,1.864103666903613,0.016,daily,5,linear,0.0,2.713030255696376,0.0,,2.926773513022971,,,,,,,,
AR-LRX [linear],M01AB,B_rich,pacf_train,1,1,1473,315,317,2014-01-03,2018-01-14,2018-01-15,2018-11-25,2018-11-26,2019-10-08,"{""colsample_bytree"": 0.8, ""learning_rate"": 0.1, ""max_depth"": 5, ""n_estimators"": 100, ""subsample"": 0.8}",132,none,42,7.28190397242516,2.698500319144906,2.1711738112885786,-0.006515999159053765,0.5467294423737871,47.322973941126605,1.350044996953268,8.787350852231569,2.964346614725,2.322216056000765,-0.048730977845403034,0.5571419371459382,47.969800876783154,1.8422656856732662,5.266,daily,5,linear,0.4,2.713030255696376,0.5356,-0.009651914259662053,2.926773513022971,5.0,,,,,,,
AR-LRX-g [linear],M01AB,B_rich,pacf_train,1,1,1473,315,317,2014-01-03,2018-01-14,2018-01-15,2018-11-25,2018-11-26,2019-10-08,"{""colsample_bytree"": 0.8, ""learning_rate"": 0.1, ""max_depth"": 5, ""n_estimators"": 100, ""subsample"": 0.8}",132,none,42,7.28190397242516,2.698500319144906,2.1711738112885786,-0.006515999159053765,0.5467294423737871,47.322973941126605,1.350044996953268,8.787350842980763,2.9643466131646554,2.322216054147558,-0.04873097674136084,0.5571419368526751,47.96980084284148,1.8422656868441933,5.148,daily,5,linear,0.39999999999999997,2.713030255696376,0.5356,-0.009651914259662053,2.926773513022971,5.0,False,global,1.0,"{""0"": 0.4}",0.4,0.4,2.706770491677012
AR-LRX-Aug [linear],M01AB,B_rich,pacf_train,1,1,1473,315,317,2014-01-03,2018-01-14,2018-01-15,2018-11-25,2018-11-26,2019-10-08,"{""colsample_bytree"": 0.8, ""learning_rate"": 0.05, ""max_depth"": 3, ""n_estimators"": 100, ""subsample"": 0.8}",132,none,42,7.270359854194485,2.696360482983402,2.182741551461691,-0.004920353330798211,0.5462959010386053,47.509125612342174,1.37167028705755,8.477637783459441,2.9116383332171325,2.2748442361936325,-0.011768109863136367,0.5472355402633823,47.30426628240212,1.8723524637013425,5.728,daily,5,linear,0.7000000000000001,2.713030255696376,0.6144,0.010490971553500872,2.926773513022971,5.0,True,global,1.0,"{""0"": 0.7}",0.7,0.7,2.7061652859559273
XGBoost,M01AB,B_rich,pacf_train,1,1,1473,315,317,2014-01-03,2018-01-14,2018-01-15,2018-11-25,2018-11-26,2019-10-08,"{""colsample_bytree"": 0.8, ""learning_rate"": 0.05, ""max_depth"": 5, ""n_estimators"": 100, ""subsample"": 0.8}",12,none,42,7.306749701534913,2.70310001693147,2.173739280337379,-0.009950214160300064,0.5476613637777218,47.43292570255277,1.3357027062905813,9.196900043833027,3.0326391219254933,2.3991443322058355,-0.09760884005969239,0.5699773523990783,49.38125516295228,1.8524969406197325,5.894,daily,5,,,,,,,,,,,,,,
"LR-XGB (residual, tanpa gerbang)",M01AB,B_rich,pacf_train,1,1,1473,315,317,2014-01-03,2018-01-14,2018-01-15,2018-11-25,2018-11-26,2019-10-08,"{""colsample_bytree"": 0.8, ""learning_rate"": 0.05, ""max_depth"": 5, ""n_estimators"": 100, ""subsample"": 0.8}",12,none,42,7.357102683724141,2.7123979582141224,2.178872327904994,-0.01691008102626612,0.5495451724312259,47.51682175411712,1.3351727176684045,9.263438409345456,3.043589724214723,2.412122974952439,-0.10554989605045928,0.5720354922070313,49.59204456859843,1.852406401639836,5.493,daily,5,,,,,,,5.0,,,,,,,
Naive,M01AE,A_lag1,pacf_train,1,21,1459,312,314,2014-01-23,2018-01-20,2018-01-21,2018-11-28,2018-11-29,2019-10-08,{},0,none,42,8.063918044871794,2.8397038657000477,2.218602564102564,-1.0160140755539473,0.7349227624344821,60.37815381835404,19.092561696684115,8.127574394904459,2.850890105722151,2.2165859872611464,-0.4660092267111404,0.7429677004131198,66.51148449675807,2.7600257404290813,0.0,daily,5,,,,,,,,,,,,,,
SeasonalNaive(s=7),M01AE,A_lag1,pacf_train,1,21,1459,312,314,2014-01-23,2018-01-20,2018-01-21,2018-11-28,2018-11-29,2019-10-08,{},0,none,42,7.688206141025641,2.7727614648623566,2.131211538461538,-0.9220844891801485,0.7175978946051728,58.50321369891426,11.658897336905703,8.206476410828024,2.864694819841727,2.2132579617834396,-0.4802411583711663,0.7465653335466087,66.23754139148446,6.085345931316496,0.0,daily,5,,,,,,,,,,,,,,
S1 [linear],M01AE,A_lag1,pacf_train,1,21,1459,312,314,2014-01-23,2018-01-20,2018-01-21,2018-11-28,2018-11-29,2019-10-08,{},0,none,42,4.030009093885328,2.007488254980668,1.604507226399023,-0.00751954728136095,0.519543193121465,44.18282874781168,8.974778377032807,5.39158856688948,2.3219794501436657,1.7570176272245002,0.027493542151306616,0.6051288083736097,50.103371144787765,3.901992843556399,0.01,daily,5,linear,0.0,2.007488254980668,0.0,,2.3219794501436657,,,,,,,,
AR-LRX [linear],M01AE,A_lag1,pacf_train,1,21,1459,312,314,2014-01-23,2018-01-20,2018-01-21,2018-11-28,2018-11-29,2019-10-08,"{""colsample_bytree"": 0.8, ""learning_rate"": 0.05, ""max_depth"": 3, ""n_estimators"": 100, ""subsample"": 0.8}",132,none,42,4.030009093885328,2.007488254980668,1.604507226399023,-0.00751954728136095,0.519543193121465,44.18282874781168,8.974778377032807,5.39158856688948,2.3219794501436657,1.7570176272245002,0.027493542151306616,0.6051288083736097,50.103371144787765,3.901992843556399,5.074,daily,5,linear,0.0,2.007488254980668,0.0,-0.032622914178921825,2.3219794501436657,5.0,,,,,,,
AR-LRX-g [linear],M01AE,A_lag1,pacf_train,1,21,1459,312,314,2014-01-23,2018-01-20,2018-01-21,2018-11-28,2018-11-29,2019-10-08,"{""colsample_bytree"": 0.8, ""learning_rate"": 0.05, ""max_depth"": 3, ""n_estimators"": 100, ""subsample"": 0.8}",132,none,42,4.030009093885328,2.007488254980668,1.604507226399023,-0.00751954728136095,0.519543193121465,44.18282874781168,8.974778377032807,5.39158856688948,2.3219794501436657,1.7570176272245002,0.027493542151306616,0.6051288083736097,50.103371144787765,3.901992843556399,4.692,daily,5,linear,0.0,2.007488254980668,0.0,-0.032622914178921825,2.3219794501436657,5.0,False,global,1.0,"{""0"": 0.0}",0.0,0.0,2.0074882549806676
AR-LRX-Aug [linear],M01AE,A_lag1,pacf_train,1,21,1459,312,314,2014-01-23,2018-01-20,2018-01-21,2018-11-28,2018-11-29,2019-10-08,"{""colsample_bytree"": 0.8, ""learning_rate"": 0.05, ""max_depth"": 3, ""n_estimators"": 100, ""subsample"": 0.8}",132,none,42,4.020366037967231,2.0050850450709645,1.6070817241559627,-0.005108741968849362,0.5189212361326105,44.25634438132903,9.048097281358089,5.393526119288768,2.322396632638096,1.7638211966629147,0.027144056615207135,0.605237529898132,50.24463940095942,4.000155731996157,5.081,daily,5,linear,0.3,2.007488254980668,0.1197,-0.006947031150052352,2.3219794501436657,5.0,True,global,1.0,"{""0"": 0.3}",0.3,0.3,2.0076998189907695
XGBoost,M01AE,A_lag1,pacf_train,1,21,1459,312,314,2014-01-23,2018-01-20,2018-01-21,2018-11-28,2018-11-29,2019-10-08,"{""colsample_bytree"": 0.8, ""learning_rate"": 0.05, ""max_depth"": 3, ""n_estimators"": 100, ""subsample"": 0.8}",12,none,42,4.146593883941135,2.0363187088324692,1.6288393891835824,-0.03666624451217926,0.5270045897279672,44.69920984650791,9.582399653500117,5.3194486649593244,2.3063929988099003,1.7637240654222528,0.0405057591677328,0.6010668384359381,50.411534961428096,3.5090514062897897,5.281,daily,5,,,,,,,,,,,,,,
"LR-XGB (residual, tanpa gerbang)",M01AE,A_lag1,pacf_train,1,21,1459,312,314,2014-01-23,2018-01-20,2018-01-21,2018-11-28,2018-11-29,2019-10-08,"{""colsample_bytree"": 0.8, ""learning_rate"": 0.05, ""max_depth"": 3, ""n_estimators"": 100, ""subsample"": 0.8}",12,none,42,4.157718281754721,2.039048376511632,1.6313511993076015,-0.03944739164803246,0.5277110348385048,44.73340172659191,9.73882632001692,5.300605637270277,2.302304418896484,1.7608041776470744,0.04390456563927203,0.6000013175973309,50.360256798535595,3.5765234797874634,4.719,daily,5,,,,,,,5.0,,,,,,,
Naive,M01AE,B_rich,pacf_train,22,21,1459,312,314,2014-01-23,2018-01-20,2018-01-21,2018-11-28,2018-11-29,2019-10-08,{},0,none,42,8.063918044871794,2.8397038657000477,2.218602564102564,-1.0160140755539473,0.7349227624344821,60.37815381835404,19.092561696684115,8.127574394904459,2.850890105722151,2.2165859872611464,-0.4660092267111404,0.7429677004131198,66.51148449675807,2.7600257404290813,0.0,daily,5,,,,,,,,,,,,,,
SeasonalNaive(s=7),M01AE,B_rich,pacf_train,22,21,1459,312,314,2014-01-23,2018-01-20,2018-01-21,2018-11-28,2018-11-29,2019-10-08,{},0,none,42,7.688206141025641,2.7727614648623566,2.131211538461538,-0.9220844891801485,0.7175978946051728,58.50321369891426,11.658897336905703,8.206476410828024,2.864694819841727,2.2132579617834396,-0.4802411583711663,0.7465653335466087,66.23754139148446,6.085345931316496,0.0,daily,5,,,,,,,,,,,,,,
S1 [linear],M01AE,B_rich,pacf_train,22,21,1459,312,314,2014-01-23,2018-01-20,2018-01-21,2018-11-28,2018-11-29,2019-10-08,{},0,none,42,4.001935488421122,2.000483813586384,1.5815566832610755,-0.0005010255835395938,0.5177304254308,43.629559076413784,8.745514089424283,4.850956322761249,2.2024886657509155,1.6781726449236807,0.1250099498321069,0.573988431155052,48.66748692964677,3.912127464558648,0.023,daily,5,linear,0.0,2.000483813586384,0.0,,2.2024886657509155,,,,,,,,
AR-LRX [linear],M01AE,B_rich,pacf_train,22,21,1459,312,314,2014-01-23,2018-01-20,2018-01-21,2018-11-28,2018-11-29,2019-10-08,"{""colsample_bytree"": 0.8, ""learning_rate"": 0.05, ""max_depth"": 3, ""n_estimators"": 100, ""subsample"": 0.8}",132,none,42,4.001006958935665,2.0002517238926867,1.5812407657903254,-0.0002688892322235681,0.5176703600131045,43.62477731159512,8.758604613081117,4.831850059137226,2.1981469603138972,1.6782474899214415,0.12845623742048673,0.5728569435196857,48.695391397736735,3.9054671248267696,7.295,daily,5,linear,0.1,2.000483813586384,0.0116,-0.014451080029720842,2.2024886657509155,5.0,,,,,,,
AR-LRX-g [linear],M01AE,B_rich,pacf_train,22,21,1459,312,314,2014-01-23,2018-01-20,2018-01-21,2018-11-28,2018-11-29,2019-10-08,"{""colsample_bytree"": 0.8, ""learning_rate"": 0.1, ""max_depth"": 3, ""n_estimators"": 100, ""subsample"": 0.8}",132,none,42,4.001935488421122,2.000483813586384,1.5815566832610755,-0.0005010255835395938,0.5177304254308,43.629559076413784,8.745514089424283,4.850956322761249,2.2024886657509155,1.6781726449236807,0.1250099498321069,0.573988431155052,48.66748692964677,3.912127464558648,7.746,daily,5,linear,0.0,2.000483813586384,0.0,-0.039287474441516146,2.2024886657509155,5.0,False,global,1.0,"{""0"": 0.0}",0.0,0.0,2.0032334944545935
AR-LRX-Aug [linear],M01AE,B_rich,pacf_train,22,21,1459,312,314,2014-01-23,2018-01-20,2018-01-21,2018-11-28,2018-11-29,2019-10-08,"{""colsample_bytree"": 0.8, ""learning_rate"": 0.05, ""max_depth"": 3, ""n_estimators"": 100, ""subsample"": 0.8}",132,none,42,3.986697631503222,1.9966716383780339,1.5809328644695895,0.0033085039598936827,0.5167438245500372,43.653858687130636,8.742280765484871,4.828932778973694,2.1974832829793485,1.6829003624944738,0.12898244111039947,0.5726839832143845,48.83030362388321,3.911267077532127,9.32,daily,5,linear,0.39999999999999997,2.000483813586384,0.1906,-0.008850880975659559,2.2024886657509155,5.0,True,global,1.0,"{""0"": 0.4}",0.4,0.4,2.0032744901819575
XGBoost,M01AE,B_rich,pacf_train,22,21,1459,312,314,2014-01-23,2018-01-20,2018-01-21,2018-11-28,2018-11-29,2019-10-08,"{""colsample_bytree"": 0.8, ""learning_rate"": 0.05, ""max_depth"": 3, ""n_estimators"": 100, ""subsample"": 0.8}",12,none,42,4.010450250705011,2.002610858530686,1.5898411670036803,-0.0026297526512994995,0.518280910206755,43.88304419006916,9.239336590892151,5.001747363845778,2.236458665803099,1.7271177625595389,0.097811052991016,0.5828413198620376,49.83094658199001,3.8900566352934076,7.86,daily,5,,,,,,,,,,,,,,
"LR-XGB (residual, tanpa gerbang)",M01AE,B_rich,pacf_train,22,21,1459,312,314,2014-01-23,2018-01-20,2018-01-21,2018-11-28,2018-11-29,2019-10-08,"{""colsample_bytree"": 0.8, ""learning_rate"": 0.05, ""max_depth"": 3, ""n_estimators"": 100, ""subsample"": 0.8}",12,none,42,4.059169020173665,2.0147379532270855,1.5890344368143026,-0.014809653841507675,0.5214194339247503,43.8128125073618,8.898100968362245,4.7595754619203126,2.181645127402785,1.6876985784847334,0.14149275006603745,0.5685564168785633,49.13630372193194,3.8479026980834763,8.001,daily,5,,,,,,,5.0,,,,,,,
Naive,N02BA,A_lag1,pacf_train,1,1,1473,315,317,2014-01-03,2018-01-14,2018-01-15,2018-11-25,2018-11-26,2019-10-08,{},0,none,42,8.334103174603174,2.886884683288055,2.2893650793650795,-0.9287620753697006,0.9162404788269394,82.69963604275131,2.342371831447952,7.760276025236593,2.7857271986389107,2.1345425867507886,-1.0094483557731615,0.9089347145988727,77.96042411378919,4.514916652855951,0.0,daily,5,,,,,,,,,,,,,,
SeasonalNaive(s=7),N02BA,A_lag1,pacf_train,1,1,1473,315,317,2014-01-03,2018-01-14,2018-01-15,2018-11-25,2018-11-26,2019-10-08,{},0,none,42,7.847873015873016,2.801405542914666,2.1787301587301586,-0.8162337960321493,0.8891110791114557,79.36972426456744,2.511528605299084,7.255528391167193,2.693608804404825,2.1228706624605675,-0.8787488419848966,0.8788780721489677,78.63586500450135,5.112774483243222,0.0,daily,5,,,,,,,,,,,,,,
S1 [linear],N02BA,A_lag1,pacf_train,1,1,1473,315,317,2014-01-03,2018-01-14,2018-01-15,2018-11-25,2018-11-26,2019-10-08,{},0,none,42,5.2531433805716725,2.2919736867101403,1.905808851129704,-0.21573533668287714,0.7274274169407499,62.32415222541202,3.320251974157873,4.645671054039993,2.155381881254455,1.7629831366345512,-0.20295154845590968,0.7032639147317814,59.40873592073984,4.295684500120711,0.008,daily,5,linear,0.0,2.2919736867101403,0.0,,2.155381881254455,,,,,,,,
AR-LRX [linear],N02BA,A_lag1,pacf_train,1,1,1473,315,317,2014-01-03,2018-01-14,2018-01-15,2018-11-25,2018-11-26,2019-10-08,"{""colsample_bytree"": 0.8, ""learning_rate"": 0.1, ""max_depth"": 3, ""n_estimators"": 500, ""subsample"": 0.8}",132,none,42,5.230464309152608,2.2870208370613083,1.8974336776207081,-0.21048671761238236,0.7258554797726067,62.235847096955155,3.2195266456389526,4.624400028412417,2.1504418216758197,1.752006446650938,-0.19744362227726087,0.7016520585366012,59.11961957657804,4.260234444535585,4.999,daily,5,linear,0.2,2.2919736867101403,0.2161,-0.32105873238925464,2.155381881254455,5.0,,,,,,,
AR-LRX-g [linear],N02BA,A_lag1,pacf_train,1,1,1473,315,317,2014-01-03,2018-01-14,2018-01-15,2018-11-25,2018-11-26,2019-10-08,"{""colsample_bytree"": 0.8, ""learning_rate"": 0.1, ""max_depth"": 5, ""n_estimators"": 300, ""subsample"": 0.8}",132,none,42,5.235688155625422,2.2881626156428267,1.9005145504024017,-0.21169567276367207,0.7262178578614513,62.25977063200355,3.2681861786222406,4.629337061237442,2.151589426734906,1.7552422087751087,-0.19872201913587584,0.702026502264387,59.21935713157299,4.269072011972654,5.23,daily,5,linear,0.09999999999999999,2.2919736867101403,0.1663,-0.362975885996049,2.155381881254455,5.0,False,global,1.0,"{""0"": 0.1}",0.1,0.1,2.2983089780002515
AR-LRX-Aug [linear],N02BA,A_lag1,pacf_train,1,1,1473,315,317,2014-01-03,2018-01-14,2018-01-15,2018-11-25,2018-11-26,2019-10-08,"{""colsample_bytree"": 0.8, ""learning_rate"": 0.05, ""max_depth"": 3, ""n_estimators"": 100, ""subsample"": 0.8}",132,none,42,5.2531433805716725,2.2919736867101403,1.905808851129704,-0.21573533668287714,0.7274274169407499,62.32415222541202,3.320251974157873,4.645671054039993,2.155381881254455,1.7629831366345512,-0.20295154845590968,0.7032639147317814,59.40873592073984,4.295684500120711,4.738,daily,5,linear,0.0,2.2919736867101403,0.0,-0.2693269253890327,2.155381881254455,5.0,True,global,1.0,"{""0"": 0.0}",0.0,0.0,2.2919736867101403
XGBoost,N02BA,A_lag1,pacf_train,1,1,1473,315,317,2014-01-03,2018-01-14,2018-01-15,2018-11-25,2018-11-26,2019-10-08,"{""colsample_bytree"": 0.8, ""learning_rate"": 0.05, ""max_depth"": 3, ""n_estimators"": 100, ""subsample"": 0.8}",12,none,42,5.331220175999178,2.3089435194476233,1.9189018702128577,-0.2338046548604915,0.732813308439296,62.54711440172541,3.317541156670962,4.67996274712004,2.163322155186333,1.7687966103057378,-0.21183105042881523,0.7058546890989322,59.417350130956606,4.196046041834413,4.764,daily,5,,,,,,,,,,,,,,
"LR-XGB (residual, tanpa gerbang)",N02BA,A_lag1,pacf_train,1,1,1473,315,317,2014-01-03,2018-01-14,2018-01-15,2018-11-25,2018-11-26,2019-10-08,"{""colsample_bytree"": 0.8, ""learning_rate"": 0.05, ""max_depth"": 3, ""n_estimators"": 100, ""subsample"": 0.8}",12,none,42,5.291299172309176,2.3002824114245572,1.910696164630286,-0.22456573420942383,0.7300644429206403,62.45950919532785,3.2493799840221524,4.643632404861224,2.154908908715453,1.758859426776177,-0.20242365998558287,0.7031095919538867,59.25933036986437,4.172618641620661,4.669,daily,5,,,,,,,5.0,,,,,,,
Naive,N02BA,B_rich,pacf_train,1,1,1473,315,317,2014-01-03,2018-01-14,2018-01-15,2018-11-25,2018-11-26,2019-10-08,{},0,none,42,8.334103174603174,2.886884683288055,2.2893650793650795,-0.9287620753697006,0.9162404788269394,82.69963604275131,2.342371831447952,7.760276025236593,2.7857271986389107,2.1345425867507886,-1.0094483557731615,0.9089347145988727,77.96042411378919,4.514916652855951,0.0,daily,5,,,,,,,,,,,,,,
SeasonalNaive(s=7),N02BA,B_rich,pacf_train,1,1,1473,315,317,2014-01-03,2018-01-14,2018-01-15,2018-11-25,2018-11-26,2019-10-08,{},0,none,42,7.847873015873016,2.801405542914666,2.1787301587301586,-0.8162337960321493,0.8891110791114557,79.36972426456744,2.511528605299084,7.255528391167193,2.693608804404825,2.1228706624605675,-0.8787488419848966,0.8788780721489677,78.63586500450135,5.112774483243222,0.0,daily,5,,,,,,,,,,,,,,
S1 [linear],N02BA,B_rich,pacf_train,1,1,1473,315,317,2014-01-03,2018-01-14,2018-01-15,2018-11-25,2018-11-26,2019-10-08,{},0,none,42,5.2531433805716725,2.2919736867101403,1.905808851129704,-0.21573533668287714,0.7274274169407499,62.32415222541202,3.320251974157873,4.645671054039993,2.155381881254455,1.7629831366345512,-0.20295154845590968,0.7032639147317814,59.40873592073984,4.295684500120711,0.009,daily,5,linear,0.0,2.2919736867101403,0.0,,2.155381881254455,,,,,,,,
AR-LRX [linear],N02BA,B_rich,pacf_train,1,1,1473,315,317,2014-01-03,2018-01-14,2018-01-15,2018-11-25,2018-11-26,2019-10-08,"{""colsample_bytree"": 0.8, ""learning_rate"": 0.1, ""max_depth"": 3, ""n_estimators"": 500, ""subsample"": 0.8}",132,none,42,5.230464309152608,2.2870208370613083,1.8974336776207081,-0.21048671761238236,0.7258554797726067,62.235847096955155,3.2195266456389526,4.624400028412417,2.1504418216758197,1.752006446650938,-0.19744362227726087,0.7016520585366012,59.11961957657804,4.260234444535585,5.383,daily,5,linear,0.2,2.2919736867101403,0.2161,-0.32105873238925464,2.155381881254455,5.0,,,,,,,
AR-LRX-g [linear],N02BA,B_rich,pacf_train,1,1,1473,315,317,2014-01-03,2018-01-14,2018-01-15,2018-11-25,2018-11-26,2019-10-08,"{""colsample_bytree"": 0.8, ""learning_rate"": 0.1, ""max_depth"": 5, ""n_estimators"": 300, ""subsample"": 0.8}",132,none,42,5.235688155625422,2.2881626156428267,1.9005145504024017,-0.21169567276367207,0.7262178578614513,62.25977063200355,3.2681861786222406,4.629337061237442,2.151589426734906,1.7552422087751087,-0.19872201913587584,0.702026502264387,59.21935713157299,4.269072011972654,5.455,daily,5,linear,0.09999999999999999,2.2919736867101403,0.1663,-0.362975885996049,2.155381881254455,5.0,False,global,1.0,"{""0"": 0.1}",0.1,0.1,2.2983089780002515
AR-LRX-Aug [linear],N02BA,B_rich,pacf_train,1,1,1473,315,317,2014-01-03,2018-01-14,2018-01-15,2018-11-25,2018-11-26,2019-10-08,"{""colsample_bytree"": 0.8, ""learning_rate"": 0.05, ""max_depth"": 3, ""n_estimators"": 100, ""subsample"": 0.8}",132,none,42,5.2531433805716725,2.2919736867101403,1.905808851129704,-0.21573533668287714,0.7274274169407499,62.32415222541202,3.320251974157873,4.645671054039993,2.155381881254455,1.7629831366345512,-0.20295154845590968,0.7032639147317814,59.40873592073984,4.295684500120711,4.699,daily,5,linear,0.0,2.2919736867101403,0.0,-0.2693269253890327,2.155381881254455,5.0,True,global,1.0,"{""0"": 0.0}",0.0,0.0,2.2919736867101403
XGBoost,N02BA,B_rich,pacf_train,1,1,1473,315,317,2014-01-03,2018-01-14,2018-01-15,2018-11-25,2018-11-26,2019-10-08,"{""colsample_bytree"": 0.8, ""learning_rate"": 0.05, ""max_depth"": 3, ""n_estimators"": 100, ""subsample"": 0.8}",12,none,42,5.331220175999178,2.3089435194476233,1.9189018702128577,-0.2338046548604915,0.732813308439296,62.54711440172541,3.317541156670962,4.67996274712004,2.163322155186333,1.7687966103057378,-0.21183105042881523,0.7058546890989322,59.417350130956606,4.196046041834413,4.592,daily,5,,,,,,,,,,,,,,
"LR-XGB (residual, tanpa gerbang)",N02BA,B_rich,pacf_train,1,1,1473,315,317,2014-01-03,2018-01-14,2018-01-15,2018-11-25,2018-11-26,2019-10-08,"{""colsample_bytree"": 0.8, ""learning_rate"": 0.05, ""max_depth"": 3, ""n_estimators"": 100, ""subsample"": 0.8}",12,none,42,5.291299172309176,2.3002824114245572,1.910696164630286,-0.22456573420942383,0.7300644429206403,62.45950919532785,3.2493799840221524,4.643632404861224,2.154908908715453,1.758859426776177,-0.20242365998558287,0.7031095919538867,59.25933036986437,4.172618641620661,5.098,daily,5,,,,,,,5.0,,,,,,,
Naive,N02BE,A_lag1,pacf_train,1,1,1473,315,317,2014-01-03,2018-01-14,2018-01-15,2018-11-25,2018-11-26,2019-10-08,{},0,none,42,217.44338421587304,14.745961623979396,11.26143492063492,-0.17738576461804145,0.49498648361352615,39.65327459694022,0.6401810403773499,267.6145699621451,16.358929364788672,12.260832807570978,0.035374640876223995,0.5550064058152501,45.59922383129986,0.6090563105445783,0.0,daily,5,,,,,,,,,,,,,,
SeasonalNaive(s=7),N02BE,A_lag1,pacf_train,1,1,1473,315,317,2014-01-03,2018-01-14,2018-01-15,2018-11-25,2018-11-26,2019-10-08,{},0,none,42,230.10919060634924,15.169350368633102,11.791273015873015,-0.24596701943676735,0.5091986259791271,41.051854594294824,0.6799729413046828,266.48052583596217,16.32423124793208,11.935097791798109,0.039462339549118264,0.5538292091481757,44.49239311465449,0.6478070977049389,0.0,daily,5,,,,,,,,,,,,,,
S1 [linear],N02BE,A_lag1,pacf_train,1,1,1473,315,317,2014-01-03,2018-01-14,2018-01-15,2018-11-25,2018-11-26,2019-10-08,{},0,none,42,153.57083492845794,12.392370028709518,9.86939933741544,0.16846348047192283,0.4159820716048506,34.57583006066338,0.6084517399038339,205.6223851477789,14.339539223691217,11.141617867165255,0.2588274728647224,0.48649492568369396,40.123373437841536,0.62185815126519,0.008,daily,5,linear,0.0,12.392370028709518,0.0,,14.339539223691217,,,,,,,,
AR-LRX [linear],N02BE,A_lag1,pacf_train,1,1,1473,315,317,2014-01-03,2018-01-14,2018-01-15,2018-11-25,2018-11-26,2019-10-08,"{""colsample_bytree"": 0.8, ""learning_rate"": 0.05, ""max_depth"": 3, ""n_estimators"": 100, ""subsample"": 0.8}",132,none,42,153.57083492845794,12.392370028709518,9.86939933741544,0.16846348047192283,0.4159820716048506,34.57583006066338,0.6084517399038339,205.6223851477789,14.339539223691217,11.141617867165255,0.2588274728647224,0.48649492568369396,40.123373437841536,0.62185815126519,4.578,daily,5,linear,0.0,12.392370028709518,0.0,-0.03588401758450721,14.339539223691217,5.0,,,,,,,
AR-LRX-g [linear],N02BE,A_lag1,pacf_train,1,1,1473,315,317,2014-01-03,2018-01-14,2018-01-15,2018-11-25,2018-11-26,2019-10-08,"{""colsample_bytree"": 0.8, ""learning_rate"": 0.05, ""max_depth"": 5, ""n_estimators"": 300, ""subsample"": 0.8}",132,none,42,153.57083492845794,12.392370028709518,9.86939933741544,0.16846348047192283,0.4159820716048506,34.57583006066338,0.6084517399038339,205.6223851477789,14.339539223691217,11.141617867165255,0.2588274728647224,0.48649492568369396,40.123373437841536,0.62185815126519,5.15,daily,5,linear,0.0,12.392370028709518,0.0,-0.10034319763786548,14.339539223691217,5.0,False,global,1.0,"{""0"": 0.0}",0.0,0.0,12.397536255518137
AR-LRX-Aug [linear],N02BE,A_lag1,pacf_train,1,1,1473,315,317,2014-01-03,2018-01-14,2018-01-15,2018-11-25,2018-11-26,2019-10-08,"{""colsample_bytree"": 0.8, ""learning_rate"": 0.1, ""max_depth"": 5, ""n_estimators"": 500, ""subsample"": 0.8}",132,none,42,152.98155173700857,12.368571127539695,9.832924443069961,0.17165425881380314,0.41518319970322026,34.4160015250496,0.6025201067232765,206.24563295045257,14.361254574390518,11.141811597086908,0.25658095603433373,0.4872316584168628,40.053272566093334,0.6215266207366177,5.88,daily,5,linear,0.09999999999999999,12.392370028709518,0.192,-0.282741842008676,14.339539223691217,5.0,True,global,1.0,"{""0"": 0.1}",0.1,0.1,12.368571127539694
XGBoost,N02BE,A_lag1,pacf_train,1,1,1473,315,317,2014-01-03,2018-01-14,2018-01-15,2018-11-25,2018-11-26,2019-10-08,"{""colsample_bytree"": 0.8, ""learning_rate"": 0.05, ""max_depth"": 3, ""n_estimators"": 100, ""subsample"": 0.8}",12,none,42,156.3816289320099,12.505264048871975,9.946712917654855,0.1532439378816074,0.41977165247357723,34.663867229079116,0.5987058025031782,203.4899291194104,14.26498962913785,10.946068590952395,0.26651397947933475,0.48396569521845906,39.07560741324525,0.6022380834744682,4.756,daily,5,,,,,,,,,,,,,,
"LR-XGB (residual, tanpa gerbang)",N02BE,A_lag1,pacf_train,1,1,1473,315,317,2014-01-03,2018-01-14,2018-01-15,2018-11-25,2018-11-26,2019-10-08,"{""colsample_bytree"": 0.8, ""learning_rate"": 0.05, ""max_depth"": 3, ""n_estimators"": 100, ""subsample"": 0.8}",12,none,42,159.05322247268745,12.611630444660493,10.002369149886784,0.13877812088293295,0.4233421166839537,34.79414263425038,0.600545415162171,202.36899724644908,14.22564575850422,10.94033012134183,0.2705544146120763,0.4826308829123291,39.056518346656624,0.6012197962831002,4.702,daily,5,,,,,,,5.0,,,,,,,
Naive,N02BE,B_rich,pacf_train,1,1,1473,315,317,2014-01-03,2018-01-14,2018-01-15,2018-11-25,2018-11-26,2019-10-08,{},0,none,42,217.44338421587304,14.745961623979396,11.26143492063492,-0.17738576461804145,0.49498648361352615,39.65327459694022,0.6401810403773499,267.6145699621451,16.358929364788672,12.260832807570978,0.035374640876223995,0.5550064058152501,45.59922383129986,0.6090563105445783,0.0,daily,5,,,,,,,,,,,,,,
SeasonalNaive(s=7),N02BE,B_rich,pacf_train,1,1,1473,315,317,2014-01-03,2018-01-14,2018-01-15,2018-11-25,2018-11-26,2019-10-08,{},0,none,42,230.10919060634924,15.169350368633102,11.791273015873015,-0.24596701943676735,0.5091986259791271,41.051854594294824,0.6799729413046828,266.48052583596217,16.32423124793208,11.935097791798109,0.039462339549118264,0.5538292091481757,44.49239311465449,0.6478070977049389,0.0,daily,5,,,,,,,,,,,,,,
S1 [linear],N02BE,B_rich,pacf_train,1,1,1473,315,317,2014-01-03,2018-01-14,2018-01-15,2018-11-25,2018-11-26,2019-10-08,{},0,none,42,153.57083492845794,12.392370028709518,9.86939933741544,0.16846348047192283,0.4159820716048506,34.57583006066338,0.6084517399038339,205.6223851477789,14.339539223691217,11.141617867165255,0.2588274728647224,0.48649492568369396,40.123373437841536,0.62185815126519,0.008,daily,5,linear,0.0,12.392370028709518,0.0,,14.339539223691217,,,,,,,,
AR-LRX [linear],N02BE,B_rich,pacf_train,1,1,1473,315,317,2014-01-03,2018-01-14,2018-01-15,2018-11-25,2018-11-26,2019-10-08,"{""colsample_bytree"": 0.8, ""learning_rate"": 0.05, ""max_depth"": 3, ""n_estimators"": 100, ""subsample"": 0.8}",132,none,42,153.57083492845794,12.392370028709518,9.86939933741544,0.16846348047192283,0.4159820716048506,34.57583006066338,0.6084517399038339,205.6223851477789,14.339539223691217,11.141617867165255,0.2588274728647224,0.48649492568369396,40.123373437841536,0.62185815126519,4.876,daily,5,linear,0.0,12.392370028709518,0.0,-0.03588401758450721,14.339539223691217,5.0,,,,,,,
AR-LRX-g [linear],N02BE,B_rich,pacf_train,1,1,1473,315,317,2014-01-03,2018-01-14,2018-01-15,2018-11-25,2018-11-26,2019-10-08,"{""colsample_bytree"": 0.8, ""learning_rate"": 0.05, ""max_depth"": 5, ""n_estimators"": 300, ""subsample"": 0.8}",132,none,42,153.57083492845794,12.392370028709518,9.86939933741544,0.16846348047192283,0.4159820716048506,34.57583006066338,0.6084517399038339,205.6223851477789,14.339539223691217,11.141617867165255,0.2588274728647224,0.48649492568369396,40.123373437841536,0.62185815126519,4.954,daily,5,linear,0.0,12.392370028709518,0.0,-0.10034319763786548,14.339539223691217,5.0,False,global,1.0,"{""0"": 0.0}",0.0,0.0,12.397536255518137
AR-LRX-Aug [linear],N02BE,B_rich,pacf_train,1,1,1473,315,317,2014-01-03,2018-01-14,2018-01-15,2018-11-25,2018-11-26,2019-10-08,"{""colsample_bytree"": 0.8, ""learning_rate"": 0.1, ""max_depth"": 5, ""n_estimators"": 500, ""subsample"": 0.8}",132,none,42,152.98155173700857,12.368571127539695,9.832924443069961,0.17165425881380314,0.41518319970322026,34.4160015250496,0.6025201067232765,206.24563295045257,14.361254574390518,11.141811597086908,0.25658095603433373,0.4872316584168628,40.053272566093334,0.6215266207366177,5.979,daily,5,linear,0.09999999999999999,12.392370028709518,0.192,-0.282741842008676,14.339539223691217,5.0,True,global,1.0,"{""0"": 0.1}",0.1,0.1,12.368571127539694
XGBoost,N02BE,B_rich,pacf_train,1,1,1473,315,317,2014-01-03,2018-01-14,2018-01-15,2018-11-25,2018-11-26,2019-10-08,"{""colsample_bytree"": 0.8, ""learning_rate"": 0.05, ""max_depth"": 3, ""n_estimators"": 100, ""subsample"": 0.8}",12,none,42,156.3816289320099,12.505264048871975,9.946712917654855,0.1532439378816074,0.41977165247357723,34.663867229079116,0.5987058025031782,203.4899291194104,14.26498962913785,10.946068590952395,0.26651397947933475,0.48396569521845906,39.07560741324525,0.6022380834744682,4.676,daily,5,,,,,,,,,,,,,,
"LR-XGB (residual, tanpa gerbang)",N02BE,B_rich,pacf_train,1,1,1473,315,317,2014-01-03,2018-01-14,2018-01-15,2018-11-25,2018-11-26,2019-10-08,"{""colsample_bytree"": 0.8, ""learning_rate"": 0.05, ""max_depth"": 3, ""n_estimators"": 100, ""subsample"": 0.8}",12,none,42,159.05322247268745,12.611630444660493,10.002369149886784,0.13877812088293295,0.4233421166839537,34.79414263425038,0.600545415162171,202.36899724644908,14.22564575850422,10.94033012134183,0.2705544146120763,0.4826308829123291,39.056518346656624,0.6012197962831002,4.761,daily,5,,,,,,,5.0,,,,,,,
Naive,N05B,A_lag1,pacf_train,1,1,1473,315,317,2014-01-03,2018-01-14,2018-01-15,2018-11-25,2018-11-26,2019-10-08,{},0,none,42,36.112,6.009326085344346,4.477460317460317,-0.5700891855747092,0.6556309631765964,51.482848952749436,1.037593235641704,34.789652996845426,5.898275425651589,4.513564668769717,-0.8613666472123493,0.6920910978425946,58.41854125142585,1.4696289793176036,0.0,daily,5,,,,,,,,,,,,,,
SeasonalNaive(s=7),N05B,A_lag1,pacf_train,1,1,1473,315,317,2014-01-03,2018-01-14,2018-01-15,2018-11-25,2018-11-26,2019-10-08,{},0,none,42,42.736761904761906,6.5373359944829135,4.9523809523809526,-0.8581227207894293,0.7132380293232605,55.1438964833201,1.2884391726352744,33.49817034700316,5.7877603912915365,4.490220820189275,-0.7922678628672513,0.6791234986820466,58.98982476196507,1.3497836088745436,0.0,daily,5,,,,,,,,,,,,,,
S1 [linear],N05B,A_lag1,pacf_train,1,1,1473,315,317,2014-01-03,2018-01-14,2018-01-15,2018-11-25,2018-11-26,2019-10-08,{},0,none,42,22.121535572971776,4.703353651701281,3.4966883742269155,0.03819274004682072,0.5131464395559379,39.37344562383443,0.8682197354640178,19.658609097174086,4.433803006130751,3.492097883087328,-0.05180351489516477,0.5202530178203465,44.6846688968021,1.2961836959440327,0.008,daily,5,linear,0.0,4.703353651701281,0.0,,4.433803006130751,,,,,,,,
AR-LRX [linear],N05B,A_lag1,pacf_train,1,1,1473,315,317,2014-01-03,2018-01-14,2018-01-15,2018-11-25,2018-11-26,2019-10-08,"{""colsample_bytree"": 0.8, ""learning_rate"": 0.1, ""max_depth"": 5, ""n_estimators"": 300, ""subsample"": 0.8}",132,none,42,22.10774987857504,4.701887905785828,3.494233499488412,0.038792118915007334,0.5129865233868578,39.34498570944101,0.8683921553124293,19.678215520328784,4.436013471612635,3.489299279086933,-0.05285252628181447,0.5205123891402151,44.652227133530346,1.2942116064786042,4.754,daily,5,linear,0.1,4.703353651701281,0.0312,-0.026594530787815263,4.433803006130751,5.0,,,,,,,
AR-LRX-g [linear],N05B,A_lag1,pacf_train,1,1,1473,315,317,2014-01-03,2018-01-14,2018-01-15,2018-11-25,2018-11-26,2019-10-08,"{""colsample_bytree"": 0.8, ""learning_rate"": 0.05, ""max_depth"": 3, ""n_estimators"": 500, ""subsample"": 0.8}",132,none,42,22.121535572971776,4.703353651701281,3.4966883742269155,0.03819274004682072,0.5131464395559379,39.37344562383443,0.8682197354640178,19.658609097174086,4.433803006130751,3.492097883087328,-0.05180351489516477,0.5202530178203465,44.6846688968021,1.2961836959440327,4.992,daily,5,linear,0.0,4.703353651701281,0.0,-0.039745313144484706,4.433803006130751,5.0,False,global,1.0,"{""0"": 0.0}",0.0,0.0,4.721266805762297
AR-LRX-Aug [linear],N05B,A_lag1,pacf_train,1,1,1473,315,317,2014-01-03,2018-01-14,2018-01-15,2018-11-25,2018-11-26,2019-10-08,"{""colsample_bytree"": 0.8, ""learning_rate"": 0.05, ""max_depth"": 3, ""n_estimators"": 500, ""subsample"": 0.8}",132,none,42,22.121535572971776,4.703353651701281,3.4966883742269155,0.03819274004682072,0.5131464395559379,39.37344562383443,0.8682197354640178,19.658609097174086,4.433803006130751,3.492097883087328,-0.05180351489516477,0.5202530178203465,44.6846688968021,1.2961836959440327,5.092,daily,5,linear,0.0,4.703353651701281,0.0,-0.09078806510165194,4.433803006130751,5.0,True,global,1.0,"{""0"": 0.0}",0.0,0.0,4.703353651701281
XGBoost,N05B,A_lag1,pacf_train,1,1,1473,315,317,2014-01-03,2018-01-14,2018-01-15,2018-11-25,2018-11-26,2019-10-08,"{""colsample_bytree"": 0.8, ""learning_rate"": 0.05, ""max_depth"": 3, ""n_estimators"": 100, ""subsample"": 0.8}",12,none,42,22.548097762658838,4.748483733009816,3.513976276639908,0.019646531556492763,0.5180702327161583,39.508421515890255,0.8808568297522316,19.877701406790553,4.458441589478386,3.49944596756896,-0.06352571050941203,0.5231440568050963,44.775934775204306,1.2772689667062351,4.589,daily,5,,,,,,,,,,,,,,
"LR-XGB (residual, tanpa gerbang)",N05B,A_lag1,pacf_train,1,1,1473,315,317,2014-01-03,2018-01-14,2018-01-15,2018-11-25,2018-11-26,2019-10-08,"{""colsample_bytree"": 0.8, ""learning_rate"": 0.05, ""max_depth"": 3, ""n_estimators"": 100, ""subsample"": 0.8}",12,none,42,22.4817847056052,4.741496040872037,3.516905800497767,0.022529712043375616,0.5173078598208269,39.52596424193362,0.878376853860614,20.169495147091517,4.49104610832393,3.519230915716045,-0.07913768387720643,0.5269698017244173,44.89894351903723,1.2859621683890237,4.728,daily,5,,,,,,,5.0,,,,,,,
Naive,N05B,B_rich,pacf_train,1,1,1473,315,317,2014-01-03,2018-01-14,2018-01-15,2018-11-25,2018-11-26,2019-10-08,{},0,none,42,36.112,6.009326085344346,4.477460317460317,-0.5700891855747092,0.6556309631765964,51.482848952749436,1.037593235641704,34.789652996845426,5.898275425651589,4.513564668769717,-0.8613666472123493,0.6920910978425946,58.41854125142585,1.4696289793176036,0.0,daily,5,,,,,,,,,,,,,,
SeasonalNaive(s=7),N05B,B_rich,pacf_train,1,1,1473,315,317,2014-01-03,2018-01-14,2018-01-15,2018-11-25,2018-11-26,2019-10-08,{},0,none,42,42.736761904761906,6.5373359944829135,4.9523809523809526,-0.8581227207894293,0.7132380293232605,55.1438964833201,1.2884391726352744,33.49817034700316,5.7877603912915365,4.490220820189275,-0.7922678628672513,0.6791234986820466,58.98982476196507,1.3497836088745436,0.0,daily,5,,,,,,,,,,,,,,
S1 [linear],N05B,B_rich,pacf_train,1,1,1473,315,317,2014-01-03,2018-01-14,2018-01-15,2018-11-25,2018-11-26,2019-10-08,{},0,none,42,22.121535572971776,4.703353651701281,3.4966883742269155,0.03819274004682072,0.5131464395559379,39.37344562383443,0.8682197354640178,19.658609097174086,4.433803006130751,3.492097883087328,-0.05180351489516477,0.5202530178203465,44.6846688968021,1.2961836959440327,0.008,daily,5,linear,0.0,4.703353651701281,0.0,,4.433803006130751,,,,,,,,
AR-LRX [linear],N05B,B_rich,pacf_train,1,1,1473,315,317,2014-01-03,2018-01-14,2018-01-15,2018-11-25,2018-11-26,2019-10-08,"{""colsample_bytree"": 0.8, ""learning_rate"": 0.1, ""max_depth"": 5, ""n_estimators"": 300, ""subsample"": 0.8}",132,none,42,22.10774987857504,4.701887905785828,3.494233499488412,0.038792118915007334,0.5129865233868578,39.34498570944101,0.8683921553124293,19.678215520328784,4.436013471612635,3.489299279086933,-0.05285252628181447,0.5205123891402151,44.652227133530346,1.2942116064786042,4.884,daily,5,linear,0.1,4.703353651701281,0.0312,-0.026594530787815263,4.433803006130751,5.0,,,,,,,
AR-LRX-g [linear],N05B,B_rich,pacf_train,1,1,1473,315,317,2014-01-03,2018-01-14,2018-01-15,2018-11-25,2018-11-26,2019-10-08,"{""colsample_bytree"": 0.8, ""learning_rate"": 0.05, ""max_depth"": 3, ""n_estimators"": 500, ""subsample"": 0.8}",132,none,42,22.121535572971776,4.703353651701281,3.4966883742269155,0.03819274004682072,0.5131464395559379,39.37344562383443,0.8682197354640178,19.658609097174086,4.433803006130751,3.492097883087328,-0.05180351489516477,0.5202530178203465,44.6846688968021,1.2961836959440327,4.92,daily,5,linear,0.0,4.703353651701281,0.0,-0.039745313144484706,4.433803006130751,5.0,False,global,1.0,"{""0"": 0.0}",0.0,0.0,4.721266805762297
AR-LRX-Aug [linear],N05B,B_rich,pacf_train,1,1,1473,315,317,2014-01-03,2018-01-14,2018-01-15,2018-11-25,2018-11-26,2019-10-08,"{""colsample_bytree"": 0.8, ""learning_rate"": 0.05, ""max_depth"": 3, ""n_estimators"": 500, ""subsample"": 0.8}",132,none,42,22.121535572971776,4.703353651701281,3.4966883742269155,0.03819274004682072,0.5131464395559379,39.37344562383443,0.8682197354640178,19.658609097174086,4.433803006130751,3.492097883087328,-0.05180351489516477,0.5202530178203465,44.6846688968021,1.2961836959440327,5.058,daily,5,linear,0.0,4.703353651701281,0.0,-0.09078806510165194,4.433803006130751,5.0,True,global,1.0,"{""0"": 0.0}",0.0,0.0,4.703353651701281
XGBoost,N05B,B_rich,pacf_train,1,1,1473,315,317,2014-01-03,2018-01-14,2018-01-15,2018-11-25,2018-11-26,2019-10-08,"{""colsample_bytree"": 0.8, ""learning_rate"": 0.05, ""max_depth"": 3, ""n_estimators"": 100, ""subsample"": 0.8}",12,none,42,22.548097762658838,4.748483733009816,3.513976276639908,0.019646531556492763,0.5180702327161583,39.508421515890255,0.8808568297522316,19.877701406790553,4.458441589478386,3.49944596756896,-0.06352571050941203,0.5231440568050963,44.775934775204306,1.2772689667062351,4.6,daily,5,,,,,,,,,,,,,,
"LR-XGB (residual, tanpa gerbang)",N05B,B_rich,pacf_train,1,1,1473,315,317,2014-01-03,2018-01-14,2018-01-15,2018-11-25,2018-11-26,2019-10-08,"{""colsample_bytree"": 0.8, ""learning_rate"": 0.05, ""max_depth"": 3, ""n_estimators"": 100, ""subsample"": 0.8}",12,none,42,22.4817847056052,4.741496040872037,3.516905800497767,0.022529712043375616,0.5173078598208269,39.52596424193362,0.878376853860614,20.169495147091517,4.49104610832393,3.519230915716045,-0.07913768387720643,0.5269698017244173,44.89894351903723,1.2859621683890237,6.153,daily,5,,,,,,,5.0,,,,,,,
Naive,N05C,A_lag1,pacf_train,1,7,1469,314,316,2014-01-09,2018-01-16,2018-01-17,2018-11-26,2018-11-27,2019-10-08,{},0,none,42,3.245222929936306,1.801450229658401,0.9968152866242038,-0.9423898790733811,2.8282768605636894,170.12558275058277,1.14360616103027,2.7626582278481013,1.662124612611251,1.1044303797468353,-1.146047749072324,2.3343616781562457,170.49054797798516,1.0397716095374023,0.0,daily,5,,,,,,,,,,,,,,
SeasonalNaive(s=7),N05C,A_lag1,pacf_train,1,7,1469,314,316,2014-01-09,2018-01-16,2018-01-17,2018-11-26,2018-11-27,2019-10-08,{},0,none,42,2.8853503184713376,1.6986318961067868,0.9617834394904459,-0.726992375309601,2.6668520768876554,174.4593489569741,1.0456056110833476,2.6487341772151898,1.6274932187923825,1.0727848101265822,-1.0575509346775886,2.2857238095039683,166.73606125867434,1.0011821716055178,0.0,daily,5,,,,,,,,,,,,,,
S1 [linear],N05C,A_lag1,pacf_train,1,7,1469,314,316,2014-01-09,2018-01-16,2018-01-17,2018-11-26,2018-11-27,2019-10-08,{},0,none,42,1.6750876542176854,1.2942517738901058,0.8495322279728027,-0.0026039431987692208,2.031975285007466,166.9933340045415,0.6374896487402409,1.3115294470067507,1.1452202613500821,0.8518890191874211,-0.018803118394875806,1.6083982337183376,158.08401182796632,0.6219326037169545,0.011,daily,5,linear,0.0,1.2942517738901058,0.0,,1.1452202613500821,,,,,,,,
AR-LRX [linear],N05C,A_lag1,pacf_train,1,7,1469,314,316,2014-01-09,2018-01-16,2018-01-17,2018-11-26,2018-11-27,2019-10-08,"{""colsample_bytree"": 0.8, ""learning_rate"": 0.05, ""max_depth"": 3, ""n_estimators"": 100, ""subsample"": 0.8}",132,none,42,1.6750876542176854,1.2942517738901058,0.8495322279728027,-0.0026039431987692208,2.031975285007466,166.9933340045415,0.6374896487402409,1.3115294470067507,1.1452202613500821,0.8518890191874211,-0.018803118394875806,1.6083982337183376,158.08401182796632,0.6219326037169545,6.301,daily,5,linear,0.0,1.2942517738901058,0.0,-0.021378154784662096,1.1452202613500821,5.0,,,,,,,
AR-LRX-g [linear],N05C,A_lag1,pacf_train,1,7,1469,314,316,2014-01-09,2018-01-16,2018-01-17,2018-11-26,2018-11-27,2019-10-08,"{""colsample_bytree"": 0.8, ""learning_rate"": 0.05, ""max_depth"": 3, ""n_estimators"": 500, ""subsample"": 0.8}",132,none,42,1.6750876542176854,1.2942517738901058,0.8495322279728027,-0.0026039431987692208,2.031975285007466,166.9933340045415,0.6374896487402409,1.3115294470067507,1.1452202613500821,0.8518890191874211,-0.018803118394875806,1.6083982337183376,158.08401182796632,0.6219326037169545,5.982,daily,5,linear,0.0,1.2942517738901058,0.0,-0.025196325654945895,1.1452202613500821,5.0,False,global,1.0,"{""0"": 0.0}",0.0,0.0,1.2964493865450235
AR-LRX-Aug [linear],N05C,A_lag1,pacf_train,1,7,1469,314,316,2014-01-09,2018-01-16,2018-01-17,2018-11-26,2018-11-27,2019-10-08,"{""colsample_bytree"": 0.8, ""learning_rate"": 0.05, ""max_depth"": 3, ""n_estimators"": 500, ""subsample"": 0.8}",132,none,42,1.6750876542176854,1.2942517738901058,0.8495322279728027,-0.0026039431987692208,2.031975285007466,166.9933340045415,0.6374896487402409,1.3115294470067507,1.1452202613500821,0.8518890191874211,-0.018803118394875806,1.6083982337183376,158.08401182796632,0.6219326037169545,6.35,daily,5,linear,0.0,1.2942517738901058,0.0,-0.05132976265170752,1.1452202613500821,5.0,True,global,1.0,"{""0"": 0.0}",0.0,0.0,1.3023493033974458
XGBoost,N05C,A_lag1,pacf_train,1,7,1469,314,316,2014-01-09,2018-01-16,2018-01-17,2018-11-26,2018-11-27,2019-10-08,"{""colsample_bytree"": 0.8, ""learning_rate"": 0.05, ""max_depth"": 3, ""n_estimators"": 100, ""subsample"": 0.8}",12,none,42,1.702841166242428,1.3049295637092555,0.8490909117801934,-0.019215480227031234,2.0487394150235314,167.61966890076948,0.6465352974569292,1.3105261975321847,1.1447821616063838,0.8496733883136436,-0.018023788814782504,1.6077829469671878,158.4525885495531,0.6275932928890113,5.459,daily,5,,,,,,,,,,,,,,
"LR-XGB (residual, tanpa gerbang)",N05C,A_lag1,pacf_train,1,7,1469,314,316,2014-01-09,2018-01-16,2018-01-17,2018-11-26,2018-11-27,2019-10-08,"{""colsample_bytree"": 0.8, ""learning_rate"": 0.1, ""max_depth"": 5, ""n_estimators"": 100, ""subsample"": 0.8}",12,none,42,1.7025030073476488,1.3047999874876028,0.8495695198985016,-0.019013079212087503,2.0485359803555365,167.46201950571074,0.6457933331902529,1.3113639044561045,1.1451479836493206,0.8504568582923773,-0.018674524052438413,1.6082967237030457,158.39424732793827,0.6269645347641175,5.05,daily,5,,,,,,,5.0,,,,,,,
Naive,N05C,B_rich,pacf_train,8,7,1469,314,316,2014-01-09,2018-01-16,2018-01-17,2018-11-26,2018-11-27,2019-10-08,{},0,none,42,3.245222929936306,1.801450229658401,0.9968152866242038,-0.9423898790733811,2.8282768605636894,170.12558275058277,1.14360616103027,2.7626582278481013,1.662124612611251,1.1044303797468353,-1.146047749072324,2.3343616781562457,170.49054797798516,1.0397716095374023,0.0,daily,5,,,,,,,,,,,,,,
SeasonalNaive(s=7),N05C,B_rich,pacf_train,8,7,1469,314,316,2014-01-09,2018-01-16,2018-01-17,2018-11-26,2018-11-27,2019-10-08,{},0,none,42,2.8853503184713376,1.6986318961067868,0.9617834394904459,-0.726992375309601,2.6668520768876554,174.4593489569741,1.0456056110833476,2.6487341772151898,1.6274932187923825,1.0727848101265822,-1.0575509346775886,2.2857238095039683,166.73606125867434,1.0011821716055178,0.0,daily,5,,,,,,,,,,,,,,
S1 [linear],N05C,B_rich,pacf_train,8,7,1469,314,316,2014-01-09,2018-01-16,2018-01-17,2018-11-26,2018-11-27,2019-10-08,{},0,none,42,1.6328380334848944,1.2778255097957993,0.8435138580167302,0.02268406858896721,2.006186050379405,166.4662038517874,0.6325619685318218,1.3157798107060052,1.1470744573505267,0.8571858049201146,-0.02210482374430267,1.611002348990073,157.0940017377655,0.6141574023080745,0.01,daily,5,linear,0.0,1.2778255097957993,0.0,,1.1470744573505267,,,,,,,,
AR-LRX [linear],N05C,B_rich,pacf_train,8,7,1469,314,316,2014-01-09,2018-01-16,2018-01-17,2018-11-26,2018-11-27,2019-10-08,"{""colsample_bytree"": 0.8, ""learning_rate"": 0.05, ""max_depth"": 5, ""n_estimators"": 300, ""subsample"": 0.8}",132,none,42,1.6241839521328811,1.2744347578957822,0.8384078912078877,0.027863866832029016,2.0008625698963782,166.44112095092888,0.6340937052970885,1.3207035925198425,1.1492186878570338,0.8564885994247858,-0.02592964390193009,1.6140138016125454,156.91984511502335,0.6131440418279335,5.292,daily,5,linear,0.2,1.2778255097957993,0.2654,-0.06314760834807398,1.1470744573505267,5.0,,,,,,,
AR-LRX-g [linear],N05C,B_rich,pacf_train,8,7,1469,314,316,2014-01-09,2018-01-16,2018-01-17,2018-11-26,2018-11-27,2019-10-08,"{""colsample_bytree"": 0.8, ""learning_rate"": 0.1, ""max_depth"": 3, ""n_estimators"": 100, ""subsample"": 0.8}",132,none,42,1.6328380334848944,1.2778255097957993,0.8435138580167302,0.02268406858896721,2.006186050379405,166.4662038517874,0.6325619685318218,1.3157798107060052,1.1470744573505267,0.8571858049201146,-0.02210482374430267,1.611002348990073,157.0940017377655,0.6141574023080745,5.556,daily,5,linear,0.0,1.2778255097957993,0.0,-0.044894952881747274,1.1470744573505267,5.0,False,global,1.0,"{""0"": 0.0}",0.0,0.0,1.2778255097957993
AR-LRX-Aug [linear],N05C,B_rich,pacf_train,8,7,1469,314,316,2014-01-09,2018-01-16,2018-01-17,2018-11-26,2018-11-27,2019-10-08,"{""colsample_bytree"": 0.8, ""learning_rate"": 0.05, ""max_depth"": 3, ""n_estimators"": 500, ""subsample"": 0.8}",132,none,42,1.6268261807213409,1.2754709642799953,0.8390591194684321,0.02628239209848182,2.0024894139195926,166.77720202679106,0.6371736507039956,1.3190206441215504,1.1484862402839446,0.8568545508729183,-0.024622320547360355,1.6129851196876732,157.4013885789866,0.6179670928453161,5.961,daily,5,linear,0.19999999999999998,1.2778255097957993,0.1843,-0.03733268307730553,1.1470744573505267,5.0,True,global,1.0,"{""0"": 0.2}",0.2,0.2,1.2763642748414772
XGBoost,N05C,B_rich,pacf_train,8,7,1469,314,316,2014-01-09,2018-01-16,2018-01-17,2018-11-26,2018-11-27,2019-10-08,"{""colsample_bytree"": 0.8, ""learning_rate"": 0.05, ""max_depth"": 5, ""n_estimators"": 100, ""subsample"": 0.8}",12,none,42,1.663909800270813,1.2899262770681172,0.8327761454400933,0.0040864293410892705,2.0251842549969443,168.11172452527413,0.6612747647804266,1.3453687688798135,1.1599003271315227,0.8549156139923048,-0.04508968537004088,1.6290155705491607,158.16710874820487,0.6295910645002329,5.144,daily,5,,,,,,,,,,,,,,
"LR-XGB (residual, tanpa gerbang)",N05C,B_rich,pacf_train,8,7,1469,314,316,2014-01-09,2018-01-16,2018-01-17,2018-11-26,2018-11-27,2019-10-08,"{""colsample_bytree"": 0.8, ""learning_rate"": 0.05, ""max_depth"": 5, ""n_estimators"": 100, ""subsample"": 0.8}",12,none,42,1.655962375372622,1.286842016477789,0.8318329127400743,0.008843266704877117,2.020341965870129,168.1360848673012,0.659725748006903,1.3486742454274903,1.161324349795306,0.8596790748354399,-0.04765739730532381,1.6310155312680743,157.8523997541507,0.6250328459104504,5.403,daily,5,,,,,,,5.0,,,,,,,
Naive,R03,A_lag1,pacf_train,1,1,1473,315,317,2014-01-03,2018-01-14,2018-01-15,2018-11-25,2018-11-26,2019-10-08,{},0,none,42,93.93055555555556,9.69177772937223,6.792063492063492,-0.7667535335805216,1.395137660117561,112.86347600867599,3.275596500445437,118.7064164918472,10.895247426830068,7.588590956908518,-0.8056465862630271,1.4818642834473201,116.8205138789049,4.156248040245456,0.0,daily,5,,,,,,,,,,,,,,
SeasonalNaive(s=7),R03,A_lag1,pacf_train,1,1,1473,315,317,2014-01-03,2018-01-14,2018-01-15,2018-11-25,2018-11-26,2019-10-08,{},0,none,42,90.34960317460317,9.505240826754637,6.712698412698413,-0.699398877417658,1.3682855525774982,110.89724197734942,3.147523277675398,118.44248378881878,10.883128400823853,7.757097791798107,-0.8016318986133568,1.4802159728504856,117.31593920483728,2.6596602356187984,0.0,daily,5,,,,,,,,,,,,,,
S1 [linear],R03,A_lag1,pacf_train,1,1,1473,315,317,2014-01-03,2018-01-14,2018-01-15,2018-11-25,2018-11-26,2019-10-08,{},0,none,42,55.86248272495644,7.474120866359899,5.098668280401342,-0.05072559365971152,1.0759045232050122,89.90307176351305,1.534883973521318,68.69126047976773,8.288019092628089,5.640236283663765,-0.044864664075809024,1.1272547554680319,91.40346584251877,1.8249838135443173,0.009,daily,5,linear,0.0,7.474120866359899,0.0,,8.288019092628089,,,,,,,,
AR-LRX [linear],R03,A_lag1,pacf_train,1,1,1473,315,317,2014-01-03,2018-01-14,2018-01-15,2018-11-25,2018-11-26,2019-10-08,"{""colsample_bytree"": 0.8, ""learning_rate"": 0.05, ""max_depth"": 3, ""n_estimators"": 100, ""subsample"": 0.8}",132,none,42,55.157632535893256,7.426818466604207,5.071382300430277,-0.03746796354343118,1.0690953122268136,89.5104845530672,1.6021913075950245,69.67260118097978,8.347011511971203,5.686922579628264,-0.05979186463894126,1.1352783235242685,91.49126382803146,1.9385826414639566,4.762,daily,5,linear,0.7,7.474120866359899,0.6329,-0.05401570874352957,8.288019092628089,5.0,,,,,,,
AR-LRX-g [linear],R03,A_lag1,pacf_train,1,1,1473,315,317,2014-01-03,2018-01-14,2018-01-15,2018-11-25,2018-11-26,2019-10-08,"{""colsample_bytree"": 0.8, ""learning_rate"": 0.05, ""max_depth"": 3, ""n_estimators"": 100, ""subsample"": 0.8}",132,none,42,55.157632535893256,7.426818466604207,5.071382300430277,-0.03746796354343118,1.0690953122268136,89.5104845530672,1.6021913075950245,69.67260122057326,8.347011514342919,5.686922580423561,-0.059791865241198394,1.1352783238468458,91.49126382038145,1.938582642232251,5.066,daily,5,linear,0.7000000000000001,7.474120866359899,0.6329,-0.05401570874352957,8.288019092628089,5.0,False,global,1.0,"{""0"": 0.7}",0.7,0.7,7.437972583696098
AR-LRX-Aug [linear],R03,A_lag1,pacf_train,1,1,1473,315,317,2014-01-03,2018-01-14,2018-01-15,2018-11-25,2018-11-26,2019-10-08,"{""colsample_bytree"": 0.8, ""learning_rate"": 0.05, ""max_depth"": 5, ""n_estimators"": 300, ""subsample"": 0.8}",132,none,42,55.86248272495644,7.474120866359899,5.098668280401342,-0.05072559365971152,1.0759045232050122,89.90307176351305,1.534883973521318,68.69126047976773,8.288019092628089,5.640236283663765,-0.044864664075809024,1.1272547554680319,91.40346584251877,1.8249838135443173,5.172,daily,5,linear,0.0,7.474120866359899,0.0,-0.13691958280673533,8.288019092628089,5.0,True,global,1.0,"{""0"": 0.0}",0.0,0.0,7.474120866359899
XGBoost,R03,A_lag1,pacf_train,1,1,1473,315,317,2014-01-03,2018-01-14,2018-01-15,2018-11-25,2018-11-26,2019-10-08,"{""colsample_bytree"": 0.8, ""learning_rate"": 0.05, ""max_depth"": 3, ""n_estimators"": 100, ""subsample"": 0.8}",12,none,42,55.429034906935684,7.445067824199836,5.09006395718408,-0.042572810365908875,1.0717223190325367,89.70085900163357,1.6289123815332394,70.40643659736021,8.39085434251842,5.703273836379986,-0.07095425546519651,1.141241393671089,91.59110417243099,1.9652206403236616,5.353,daily,5,,,,,,,,,,,,,,
"LR-XGB (residual, tanpa gerbang)",R03,A_lag1,pacf_train,1,1,1473,315,317,2014-01-03,2018-01-14,2018-01-15,2018-11-25,2018-11-26,2019-10-08,"{""colsample_bytree"": 0.8, ""learning_rate"": 0.05, ""max_depth"": 3, ""n_estimators"": 100, ""subsample"": 0.8}",12,none,42,55.30008507555787,7.436402697242658,5.094876404637,-0.04014737416047076,1.0704749684137722,89.7575169214025,1.6475982686664596,70.49745444938283,8.396276225171658,5.723294183112669,-0.07233873053108231,1.1419788247672467,91.7807921631,2.000189586547051,5.923,daily,5,,,,,,,5.0,,,,,,,
Naive,R03,B_rich,pacf_train,1,1,1473,315,317,2014-01-03,2018-01-14,2018-01-15,2018-11-25,2018-11-26,2019-10-08,{},0,none,42,93.93055555555556,9.69177772937223,6.792063492063492,-0.7667535335805216,1.395137660117561,112.86347600867599,3.275596500445437,118.7064164918472,10.895247426830068,7.588590956908518,-0.8056465862630271,1.4818642834473201,116.8205138789049,4.156248040245456,0.0,daily,5,,,,,,,,,,,,,,
SeasonalNaive(s=7),R03,B_rich,pacf_train,1,1,1473,315,317,2014-01-03,2018-01-14,2018-01-15,2018-11-25,2018-11-26,2019-10-08,{},0,none,42,90.34960317460317,9.505240826754637,6.712698412698413,-0.699398877417658,1.3682855525774982,110.89724197734942,3.147523277675398,118.44248378881878,10.883128400823853,7.757097791798107,-0.8016318986133568,1.4802159728504856,117.31593920483728,2.6596602356187984,0.0,daily,5,,,,,,,,,,,,,,
S1 [linear],R03,B_rich,pacf_train,1,1,1473,315,317,2014-01-03,2018-01-14,2018-01-15,2018-11-25,2018-11-26,2019-10-08,{},0,none,42,55.86248272495644,7.474120866359899,5.098668280401342,-0.05072559365971152,1.0759045232050122,89.90307176351305,1.534883973521318,68.69126047976773,8.288019092628089,5.640236283663765,-0.044864664075809024,1.1272547554680319,91.40346584251877,1.8249838135443173,0.008,daily,5,linear,0.0,7.474120866359899,0.0,,8.288019092628089,,,,,,,,
AR-LRX [linear],R03,B_rich,pacf_train,1,1,1473,315,317,2014-01-03,2018-01-14,2018-01-15,2018-11-25,2018-11-26,2019-10-08,"{""colsample_bytree"": 0.8, ""learning_rate"": 0.05, ""max_depth"": 3, ""n_estimators"": 100, ""subsample"": 0.8}",132,none,42,55.157632535893256,7.426818466604207,5.071382300430277,-0.03746796354343118,1.0690953122268136,89.5104845530672,1.6021913075950245,69.67260118097978,8.347011511971203,5.686922579628264,-0.05979186463894126,1.1352783235242685,91.49126382803146,1.9385826414639566,4.638,daily,5,linear,0.7,7.474120866359899,0.6329,-0.05401570874352957,8.288019092628089,5.0,,,,,,,
AR-LRX-g [linear],R03,B_rich,pacf_train,1,1,1473,315,317,2014-01-03,2018-01-14,2018-01-15,2018-11-25,2018-11-26,2019-10-08,"{""colsample_bytree"": 0.8, ""learning_rate"": 0.05, ""max_depth"": 3, ""n_estimators"": 100, ""subsample"": 0.8}",132,none,42,55.157632535893256,7.426818466604207,5.071382300430277,-0.03746796354343118,1.0690953122268136,89.5104845530672,1.6021913075950245,69.67260122057326,8.347011514342919,5.686922580423561,-0.059791865241198394,1.1352783238468458,91.49126382038145,1.938582642232251,4.966,daily,5,linear,0.7000000000000001,7.474120866359899,0.6329,-0.05401570874352957,8.288019092628089,5.0,False,global,1.0,"{""0"": 0.7}",0.7,0.7,7.437972583696098
AR-LRX-Aug [linear],R03,B_rich,pacf_train,1,1,1473,315,317,2014-01-03,2018-01-14,2018-01-15,2018-11-25,2018-11-26,2019-10-08,"{""colsample_bytree"": 0.8, ""learning_rate"": 0.05, ""max_depth"": 5, ""n_estimators"": 300, ""subsample"": 0.8}",132,none,42,55.86248272495644,7.474120866359899,5.098668280401342,-0.05072559365971152,1.0759045232050122,89.90307176351305,1.534883973521318,68.69126047976773,8.288019092628089,5.640236283663765,-0.044864664075809024,1.1272547554680319,91.40346584251877,1.8249838135443173,5.49,daily,5,linear,0.0,7.474120866359899,0.0,-0.13691958280673533,8.288019092628089,5.0,True,global,1.0,"{""0"": 0.0}",0.0,0.0,7.474120866359899
XGBoost,R03,B_rich,pacf_train,1,1,1473,315,317,2014-01-03,2018-01-14,2018-01-15,2018-11-25,2018-11-26,2019-10-08,"{""colsample_bytree"": 0.8, ""learning_rate"": 0.05, ""max_depth"": 3, ""n_estimators"": 100, ""subsample"": 0.8}",12,none,42,55.429034906935684,7.445067824199836,5.09006395718408,-0.042572810365908875,1.0717223190325367,89.70085900163357,1.6289123815332394,70.40643659736021,8.39085434251842,5.703273836379986,-0.07095425546519651,1.141241393671089,91.59110417243099,1.9652206403236616,5.797,daily,5,,,,,,,,,,,,,,
"LR-XGB (residual, tanpa gerbang)",R03,B_rich,pacf_train,1,1,1473,315,317,2014-01-03,2018-01-14,2018-01-15,2018-11-25,2018-11-26,2019-10-08,"{""colsample_bytree"": 0.8, ""learning_rate"": 0.05, ""max_depth"": 3, ""n_estimators"": 100, ""subsample"": 0.8}",12,none,42,55.30008507555787,7.436402697242658,5.094876404637,-0.04014737416047076,1.0704749684137722,89.7575169214025,1.6475982686664596,70.49745444938283,8.396276225171658,5.723294183112669,-0.07233873053108231,1.1419788247672467,91.7807921631,2.000189586547051,6.895,daily,5,,,,,,,5.0,,,,,,,
Naive,R06,A_lag1,pacf_train,1,1,1473,315,317,2014-01-03,2018-01-14,2018-01-15,2018-11-25,2018-11-26,2019-10-08,{},0,none,42,9.688604444444444,3.112652316665715,2.3900952380952383,-0.26101835096991954,0.8855540821438769,82.50612949788051,1.5085810249979021,9.05630599369085,3.0093697004008746,2.3206940063091483,-0.2716879959630176,0.8359580036515833,78.61483989833405,1.431620528497761,0.0,daily,5,,,,,,,,,,,,,,
SeasonalNaive(s=7),R06,A_lag1,pacf_train,1,1,1473,315,317,2014-01-03,2018-01-14,2018-01-15,2018-11-25,2018-11-26,2019-10-08,{},0,none,42,9.546223492063493,3.089696343018759,2.336063492063492,-0.24248678692367487,0.8790230744679456,83.76773845957486,1.4661327819832108,10.220126498422713,3.1968932572769324,2.403753943217666,-0.43511186507192323,0.8880492499424167,79.71016355745981,1.3420733814878152,0.0,daily,5,,,,,,,,,,,,,,
S1 [linear],R06,A_lag1,pacf_train,1,1,1473,315,317,2014-01-03,2018-01-14,2018-01-15,2018-11-25,2018-11-26,2019-10-08,{},0,none,42,7.041915450053448,2.65366076393601,1.9937033643500504,0.0834609195354361,0.7549703221096851,67.28898489770721,1.5434353427329148,6.482149897726687,2.5460066570468127,1.8974653696979378,0.08977543175830482,0.7072426634803226,62.52055378314043,0.9984928028599571,0.013,daily,5,linear,0.0,2.65366076393601,0.0,,2.5460066570468127,,,,,,,,
AR-LRX [linear],R06,A_lag1,pacf_train,1,1,1473,315,317,2014-01-03,2018-01-14,2018-01-15,2018-11-25,2018-11-26,2019-10-08,"{""colsample_bytree"": 0.8, ""learning_rate"": 0.05, ""max_depth"": 3, ""n_estimators"": 100, ""subsample"": 0.8}",132,none,42,7.041915450053448,2.65366076393601,1.9937033643500504,0.0834609195354361,0.7549703221096851,67.28898489770721,1.5434353427329148,6.482149897726687,2.5460066570468127,1.8974653696979378,0.08977543175830482,0.7072426634803226,62.52055378314043,0.9984928028599571,9.982,daily,5,linear,0.0,2.65366076393601,0.0,-0.08874866964168104,2.5460066570468127,5.0,,,,,,,
AR-LRX-g [linear],R06,A_lag1,pacf_train,1,1,1473,315,317,2014-01-03,2018-01-14,2018-01-15,2018-11-25,2018-11-26,2019-10-08,"{""colsample_bytree"": 0.8, ""learning_rate"": 0.05, ""max_depth"": 3, ""n_estimators"": 100, ""subsample"": 0.8}",132,none,42,7.041915450053448,2.65366076393601,1.9937033643500504,0.0834609195354361,0.7549703221096851,67.28898489770721,1.5434353427329148,6.482149897726687,2.5460066570468127,1.8974653696979378,0.08977543175830482,0.7072426634803226,62.52055378314043,0.9984928028599571,11.453,daily,5,linear,0.0,2.65366076393601,0.0,-0.08874866964168104,2.5460066570468127,5.0,False,global,1.0,"{""0"": 0.0}",0.0,0.0,2.65366076393601
AR-LRX-Aug [linear],R06,A_lag1,pacf_train,1,1,1473,315,317,2014-01-03,2018-01-14,2018-01-15,2018-11-25,2018-11-26,2019-10-08,"{""colsample_bytree"": 0.8, ""learning_rate"": 0.05, ""max_depth"": 5, ""n_estimators"": 100, ""subsample"": 0.8}",132,none,42,7.033847321480303,2.6521401398644646,1.9962569247139788,0.0845110251772817,0.7545377023638967,67.32712012189818,1.5436051941031408,6.47796358237212,2.5451843906428704,1.8987061745671368,0.09036327485762441,0.7070142501413373,62.5174192159201,0.9962837175028958,6.919,daily,5,linear,0.19999999999999998,2.65366076393601,0.0573,-0.0757871136712267,2.5460066570468127,5.0,True,global,1.0,"{""0"": 0.2}",0.2,0.2,2.660206435173835
XGBoost,R06,A_lag1,pacf_train,1,1,1473,315,317,2014-01-03,2018-01-14,2018-01-15,2018-11-25,2018-11-26,2019-10-08,"{""colsample_bytree"": 0.8, ""learning_rate"": 0.05, ""max_depth"": 3, ""n_estimators"": 100, ""subsample"": 0.8}",12,none,42,7.228240714349805,2.688538769359632,2.0255604949224564,0.059209792464007927,0.7648931650544474,67.98405114229779,1.5384278643908864,6.4934038579783815,2.5482158185637225,1.9005164637700989,0.08819514878541335,0.7078563355895267,62.66185108888153,1.0122770332847484,5.994,daily,5,,,,,,,,,,,,,,
"LR-XGB (residual, tanpa gerbang)",R06,A_lag1,pacf_train,1,1,1473,315,317,2014-01-03,2018-01-14,2018-01-15,2018-11-25,2018-11-26,2019-10-08,"{""colsample_bytree"": 0.8, ""learning_rate"": 0.05, ""max_depth"": 3, ""n_estimators"": 100, ""subsample"": 0.8}",12,none,42,7.249337473341095,2.692459372644478,2.030670751854809,0.05646394806644239,0.7660085823545978,68.09037805075556,1.5439286439593083,6.472888186389073,2.5441871366684237,1.9011626491996196,0.09107596280687169,0.7067372278660413,62.67970071782091,1.0121392083526768,6.036,daily,5,,,,,,,5.0,,,,,,,
Naive,R06,B_rich,pacf_train,1,1,1473,315,317,2014-01-03,2018-01-14,2018-01-15,2018-11-25,2018-11-26,2019-10-08,{},0,none,42,9.688604444444444,3.112652316665715,2.3900952380952383,-0.26101835096991954,0.8855540821438769,82.50612949788051,1.5085810249979021,9.05630599369085,3.0093697004008746,2.3206940063091483,-0.2716879959630176,0.8359580036515833,78.61483989833405,1.431620528497761,0.0,daily,5,,,,,,,,,,,,,,
SeasonalNaive(s=7),R06,B_rich,pacf_train,1,1,1473,315,317,2014-01-03,2018-01-14,2018-01-15,2018-11-25,2018-11-26,2019-10-08,{},0,none,42,9.546223492063493,3.089696343018759,2.336063492063492,-0.24248678692367487,0.8790230744679456,83.76773845957486,1.4661327819832108,10.220126498422713,3.1968932572769324,2.403753943217666,-0.43511186507192323,0.8880492499424167,79.71016355745981,1.3420733814878152,0.0,daily,5,,,,,,,,,,,,,,
S1 [linear],R06,B_rich,pacf_train,1,1,1473,315,317,2014-01-03,2018-01-14,2018-01-15,2018-11-25,2018-11-26,2019-10-08,{},0,none,42,7.041915450053448,2.65366076393601,1.9937033643500504,0.0834609195354361,0.7549703221096851,67.28898489770721,1.5434353427329148,6.482149897726687,2.5460066570468127,1.8974653696979378,0.08977543175830482,0.7072426634803226,62.52055378314043,0.9984928028599571,0.009,daily,5,linear,0.0,2.65366076393601,0.0,,2.5460066570468127,,,,,,,,
AR-LRX [linear],R06,B_rich,pacf_train,1,1,1473,315,317,2014-01-03,2018-01-14,2018-01-15,2018-11-25,2018-11-26,2019-10-08,"{""colsample_bytree"": 0.8, ""learning_rate"": 0.05, ""max_depth"": 3, ""n_estimators"": 100, ""subsample"": 0.8}",132,none,42,7.041915450053448,2.65366076393601,1.9937033643500504,0.0834609195354361,0.7549703221096851,67.28898489770721,1.5434353427329148,6.482149897726687,2.5460066570468127,1.8974653696979378,0.08977543175830482,0.7072426634803226,62.52055378314043,0.9984928028599571,6.348,daily,5,linear,0.0,2.65366076393601,0.0,-0.08874866964168104,2.5460066570468127,5.0,,,,,,,
AR-LRX-g [linear],R06,B_rich,pacf_train,1,1,1473,315,317,2014-01-03,2018-01-14,2018-01-15,2018-11-25,2018-11-26,2019-10-08,"{""colsample_bytree"": 0.8, ""learning_rate"": 0.05, ""max_depth"": 3, ""n_estimators"": 100, ""subsample"": 0.8}",132,none,42,7.041915450053448,2.65366076393601,1.9937033643500504,0.0834609195354361,0.7549703221096851,67.28898489770721,1.5434353427329148,6.482149897726687,2.5460066570468127,1.8974653696979378,0.08977543175830482,0.7072426634803226,62.52055378314043,0.9984928028599571,5.678,daily,5,linear,0.0,2.65366076393601,0.0,-0.08874866964168104,2.5460066570468127,5.0,False,global,1.0,"{""0"": 0.0}",0.0,0.0,2.65366076393601
AR-LRX-Aug [linear],R06,B_rich,pacf_train,1,1,1473,315,317,2014-01-03,2018-01-14,2018-01-15,2018-11-25,2018-11-26,2019-10-08,"{""colsample_bytree"": 0.8, ""learning_rate"": 0.05, ""max_depth"": 5, ""n_estimators"": 100, ""subsample"": 0.8}",132,none,42,7.033847321480303,2.6521401398644646,1.9962569247139788,0.0845110251772817,0.7545377023638967,67.32712012189818,1.5436051941031408,6.47796358237212,2.5451843906428704,1.8987061745671368,0.09036327485762441,0.7070142501413373,62.5174192159201,0.9962837175028958,6.23,daily,5,linear,0.19999999999999998,2.65366076393601,0.0573,-0.0757871136712267,2.5460066570468127,5.0,True,global,1.0,"{""0"": 0.2}",0.2,0.2,2.660206435173835
XGBoost,R06,B_rich,pacf_train,1,1,1473,315,317,2014-01-03,2018-01-14,2018-01-15,2018-11-25,2018-11-26,2019-10-08,"{""colsample_bytree"": 0.8, ""learning_rate"": 0.05, ""max_depth"": 3, ""n_estimators"": 100, ""subsample"": 0.8}",12,none,42,7.228240714349805,2.688538769359632,2.0255604949224564,0.059209792464007927,0.7648931650544474,67.98405114229779,1.5384278643908864,6.4934038579783815,2.5482158185637225,1.9005164637700989,0.08819514878541335,0.7078563355895267,62.66185108888153,1.0122770332847484,14.998,daily,5,,,,,,,,,,,,,,
"LR-XGB (residual, tanpa gerbang)",R06,B_rich,pacf_train,1,1,1473,315,317,2014-01-03,2018-01-14,2018-01-15,2018-11-25,2018-11-26,2019-10-08,"{""colsample_bytree"": 0.8, ""learning_rate"": 0.05, ""max_depth"": 3, ""n_estimators"": 100, ""subsample"": 0.8}",12,none,42,7.249337473341095,2.692459372644478,2.030670751854809,0.05646394806644239,0.7660085823545978,68.09037805075556,1.5439286439593083,6.472888186389073,2.5441871366684237,1.9011626491996196,0.09107596280687169,0.7067372278660413,62.67970071782091,1.0121392083526768,5.845,daily,5,,,,,,,5.0,,,,,,,
Naive,M01AB,A_lag1,pacf_train,1,2,210,45,45,2014-01-19,2018-01-21,2018-01-28,2018-12-02,2018-12-09,2019-10-13,{},0,none,42,116.87771555555555,10.810999748198848,8.296888888888889,-1.3783796475988885,0.3138819099371895,23.32963922164917,0.31766608233445126,119.25805777777776,10.92053376798853,8.319555555555553,-0.6164832561297386,0.2969670352242758,22.935915307261524,0.6606806987698898,0.0,weekly,2,,,,,,,,,,,,,,
SeasonalNaive(s=52),M01AB,A_lag1,pacf_train,1,2,210,45,45,2014-01-19,2018-01-21,2018-01-28,2018-12-02,2018-12-09,2019-10-13,{},0,none,42,129.6039682534853,11.384373863040746,8.50768518511111,-1.6373499762289798,0.33052900701117705,24.06189369717972,0.38650617731179043,115.75853111111113,10.759113862726387,9.071777777777777,-0.5690489245092532,0.29257747041816734,26.511852462194813,0.5543948566692719,0.0,weekly,2,,,,,,,,,,,,,,
S1 [linear],M01AB,A_lag1,pacf_train,1,2,210,45,45,2014-01-19,2018-01-21,2018-01-28,2018-12-02,2018-12-09,2019-10-13,{},0,none,42,58.25809865115139,7.6326993030743315,6.062764552912976,-0.18551150218062729,0.22160450384104116,17.337583988198872,0.2288240041505057,76.0256622599075,8.71926959440454,6.422269794233635,-0.03048978299070426,0.23710705866426016,18.51808775832242,0.5814653539143978,0.008,weekly,2,linear,0.0,7.6326993030743315,0.0,,8.71926959440454,,,,,,,,
AR-LRX [linear],M01AB,A_lag1,pacf_train,1,2,210,45,45,2014-01-19,2018-01-21,2018-01-28,2018-12-02,2018-12-09,2019-10-13,"{""colsample_bytree"": 0.8, ""learning_rate"": 0.05, ""max_depth"": 3, ""n_estimators"": 100, ""subsample"": 0.8}",132,none,42,58.25809865115139,7.6326993030743315,6.062764552912976,-0.18551150218062729,0.22160450384104116,17.337583988198872,0.2288240041505057,76.0256622599075,8.71926959440454,6.422269794233635,-0.03048978299070426,0.23710705866426016,18.51808775832242,0.5814653539143978,5.909,weekly,2,linear,0.0,7.6326993030743315,0.0,-0.25039217260894664,8.71926959440454,5.0,,,,,,,
AR-LRX-g [linear],M01AB,A_lag1,pacf_train,1,2,210,45,45,2014-01-19,2018-01-21,2018-01-28,2018-12-02,2018-12-09,2019-10-13,"{""colsample_bytree"": 0.8, ""learning_rate"": 0.05, ""max_depth"": 3, ""n_estimators"": 100, ""subsample"": 0.8}",132,none,42,58.25809865115139,7.6326993030743315,6.062764552912976,-0.18551150218062729,0.22160450384104116,17.337583988198872,0.2288240041505057,76.0256622599075,8.71926959440454,6.422269794233635,-0.03048978299070426,0.23710705866426016,18.51808775832242,0.5814653539143978,7.41,weekly,2,linear,0.0,7.6326993030743315,0.0,-0.25039217260894664,8.71926959440454,5.0,False,global,1.0,"{""0"": 0.0}",0.0,0.0,7.6326993030743315
AR-LRX-Aug [linear],M01AB,A_lag1,pacf_train,1,2,210,45,45,2014-01-19,2018-01-21,2018-01-28,2018-12-02,2018-12-09,2019-10-13,"{""colsample_bytree"": 0.8, ""learning_rate"": 0.05, ""max_depth"": 3, ""n_estimators"": 500, ""subsample"": 0.8}",132,none,42,58.25809865115139,7.6326993030743315,6.062764552912976,-0.18551150218062729,0.22160450384104116,17.337583988198872,0.2288240041505057,76.0256622599075,8.71926959440454,6.422269794233635,-0.03048978299070426,0.23710705866426016,18.51808775832242,0.5814653539143978,7.459,weekly,2,linear,0.0,7.6326993030743315,0.0,-0.34362201562212924,8.71926959440454,5.0,True,global,1.0,"{""0"": 0.0}",0.0,0.0,7.6326993030743315
XGBoost,M01AB,A_lag1,pacf_train,1,2,210,45,45,2014-01-19,2018-01-21,2018-01-28,2018-12-02,2018-12-09,2019-10-13,"{""colsample_bytree"": 0.8, ""learning_rate"": 0.05, ""max_depth"": 3, ""n_estimators"": 100, ""subsample"": 0.8}",12,none,42,65.97469678301235,8.12248094999381,6.179791573418511,-0.34253886927349275,0.2358246132081587,17.68829609227071,0.23085327339395617,78.96787195279003,8.886386889663877,6.5979072367350255,-0.07036996210136426,0.24165155518450726,19.058644348776905,0.5765826234359173,5.265,weekly,2,,,,,,,,,,,,,,
"LR-XGB (residual, tanpa gerbang)",M01AB,A_lag1,pacf_train,1,2,210,45,45,2014-01-19,2018-01-21,2018-01-28,2018-12-02,2018-12-09,2019-10-13,"{""colsample_bytree"": 0.8, ""learning_rate"": 0.05, ""max_depth"": 3, ""n_estimators"": 100, ""subsample"": 0.8}",12,none,42,72.58984358223013,8.519967346312434,6.389123291501302,-0.47715247323001386,0.247365062024775,18.442677077623628,0.2388043316126619,79.47007996090798,8.914599259692382,6.545516848596289,-0.07717714017674115,0.24241874697769364,18.843031713262093,0.5796655462488663,6.12,weekly,2,,,,,,,5.0,,,,,,,
Naive,M01AB,B_rich,pacf_train,3,2,210,45,45,2014-01-19,2018-01-21,2018-01-28,2018-12-02,2018-12-09,2019-10-13,{},0,none,42,116.87771555555555,10.810999748198848,8.296888888888889,-1.3783796475988885,0.3138819099371895,23.32963922164917,0.31766608233445126,119.25805777777776,10.92053376798853,8.319555555555553,-0.6164832561297386,0.2969670352242758,22.935915307261524,0.6606806987698898,0.0,weekly,2,,,,,,,,,,,,,,
SeasonalNaive(s=52),M01AB,B_rich,pacf_train,3,2,210,45,45,2014-01-19,2018-01-21,2018-01-28,2018-12-02,2018-12-09,2019-10-13,{},0,none,42,129.6039682534853,11.384373863040746,8.50768518511111,-1.6373499762289798,0.33052900701117705,24.06189369717972,0.38650617731179043,115.75853111111113,10.759113862726387,9.071777777777777,-0.5690489245092532,0.29257747041816734,26.511852462194813,0.5543948566692719,0.0,weekly,2,,,,,,,,,,,,,,
S1 [linear],M01AB,B_rich,pacf_train,3,2,210,45,45,2014-01-19,2018-01-21,2018-01-28,2018-12-02,2018-12-09,2019-10-13,{},0,none,42,53.0614683834258,7.284330331844225,5.794794692892386,-0.07976371607695354,0.21149010918750533,16.615655355185332,0.21859074434320744,75.19148156849673,8.671302184129944,6.475317760284488,-0.01918288142464908,0.2358026590882624,18.69895700095755,0.5749275958283854,0.01,weekly,2,linear,0.0,7.284330331844225,0.0,,8.671302184129944,,,,,,,,
AR-LRX [linear],M01AB,B_rich,pacf_train,3,2,210,45,45,2014-01-19,2018-01-21,2018-01-28,2018-12-02,2018-12-09,2019-10-13,"{""colsample_bytree"": 0.8, ""learning_rate"": 0.05, ""max_depth"": 3, ""n_estimators"": 100, ""subsample"": 0.8}",132,none,42,53.0614683834258,7.284330331844225,5.794794692892386,-0.07976371607695354,0.21149010918750533,16.615655355185332,0.21859074434320744,75.19148156849673,8.671302184129944,6.475317760284488,-0.01918288142464908,0.2358026590882624,18.69895700095755,0.5749275958283854,5.463,weekly,2,linear,0.0,7.284330331844225,0.0,-0.23037143897219647,8.671302184129944,5.0,,,,,,,
AR-LRX-g [linear],M01AB,B_rich,pacf_train,3,2,210,45,45,2014-01-19,2018-01-21,2018-01-28,2018-12-02,2018-12-09,2019-10-13,"{""colsample_bytree"": 0.8, ""learning_rate"": 0.05, ""max_depth"": 3, ""n_estimators"": 100, ""subsample"": 0.8}",132,none,42,53.0614683834258,7.284330331844225,5.794794692892386,-0.07976371607695354,0.21149010918750533,16.615655355185332,0.21859074434320744,75.19148156849673,8.671302184129944,6.475317760284488,-0.01918288142464908,0.2358026590882624,18.69895700095755,0.5749275958283854,5.594,weekly,2,linear,0.0,7.284330331844225,0.0,-0.23037143897219647,8.671302184129944,5.0,False,global,1.0,"{""0"": 0.0}",0.0,0.0,7.284330331844225
AR-LRX-Aug [linear],M01AB,B_rich,pacf_train,3,2,210,45,45,2014-01-19,2018-01-21,2018-01-28,2018-12-02,2018-12-09,2019-10-13,"{""colsample_bytree"": 0.8, ""learning_rate"": 0.05, ""max_depth"": 3, ""n_estimators"": 300, ""subsample"": 0.8}",132,none,42,52.821503198072485,7.267840339335509,5.733966389333519,-0.07488059263238789,0.21101134584794015,16.42719264748638,0.21728744384535228,73.72064672999271,8.586072835120413,6.400119980049979,0.0007535483082948824,0.23348497868662785,18.525776396595845,0.5565145304959719,5.376,weekly,2,linear,0.19999999999999993,7.284330331844225,0.2264,-0.15320085477573908,8.671302184129944,5.0,True,global,1.0,"{""0"": 0.2}",0.2,0.2,7.2722086770685666
XGBoost,M01AB,B_rich,pacf_train,3,2,210,45,45,2014-01-19,2018-01-21,2018-01-28,2018-12-02,2018-12-09,2019-10-13,"{""colsample_bytree"": 0.8, ""learning_rate"": 0.05, ""max_depth"": 3, ""n_estimators"": 100, ""subsample"": 0.8}",12,none,42,66.26731672822334,8.140473986705157,6.357846669514973,-0.34849348020050464,0.23634701528567875,18.09696871042473,0.23805226168622073,82.04073466536177,9.057634054506826,6.798825690375434,-0.11202107747097245,0.24630835712426635,19.699105700147648,0.5557266108384038,5.882,weekly,2,,,,,,,,,,,,,,
"LR-XGB (residual, tanpa gerbang)",M01AB,B_rich,pacf_train,3,2,210,45,45,2014-01-19,2018-01-21,2018-01-28,2018-12-02,2018-12-09,2019-10-13,"{""colsample_bytree"": 0.8, ""learning_rate"": 0.05, ""max_depth"": 3, ""n_estimators"": 100, ""subsample"": 0.8}",12,none,42,65.14412676651165,8.071191161564174,6.4431613589455585,-0.32563735118887394,0.23433548758356046,18.552531800755418,0.23368948365846232,90.54590519139187,9.51556121263438,7.109682962884311,-0.2273044050887536,0.25876097834104644,20.671256389850143,0.5733924004464791,5.528,weekly,2,,,,,,,5.0,,,,,,,
Naive,M01AE,A_lag1,pacf_train,1,1,210,45,46,2014-01-12,2018-01-14,2018-01-21,2018-11-25,2018-12-02,2019-10-13,{},0,none,42,45.908203888888885,6.775559304506816,5.5056222222222235,-0.5028531878042071,0.2521991261150493,20.14832613520521,0.2609274473557304,99.00320602173912,9.950035478416101,7.71463043478261,0.05536256982834331,0.37592019383774017,30.265748716527487,0.717837483642111,0.0,weekly,2,,,,,,,,,,,,,,
SeasonalNaive(s=52),M01AE,A_lag1,pacf_train,1,1,210,45,46,2014-01-12,2018-01-14,2018-01-21,2018-11-25,2018-12-02,2019-10-13,{},0,none,42,57.89583167521637,7.608931046817047,5.9298259259999995,-0.8952807520908783,0.28321879780470843,22.669814585063577,0.28705822779927387,110.82956356521738,10.527562090304544,7.920347826086957,-0.05747842236850964,0.3977396050708463,29.493879602230432,0.6388227637679597,0.0,weekly,2,,,,,,,,,,,,,,
S1 [linear],M01AE,A_lag1,pacf_train,1,1,210,45,46,2014-01-12,2018-01-14,2018-01-21,2018-11-25,2018-12-02,2019-10-13,{},0,none,42,28.86272463150085,5.372403989975144,4.376200802707008,0.055148447407143864,0.1999710327245609,16.335850128153716,0.21311247015909435,85.1469526480301,9.227510641989534,7.280131693320726,0.18757177905207012,0.3486226352359398,27.577591718542614,0.6299231042993104,0.01,weekly,2,linear,0.0,5.372403989975144,0.0,,9.227510641989534,,,,,,,,
AR-LRX [linear],M01AE,A_lag1,pacf_train,1,1,210,45,46,2014-01-12,2018-01-14,2018-01-21,2018-11-25,2018-12-02,2019-10-13,"{""colsample_bytree"": 0.8, ""learning_rate"": 0.05, ""max_depth"": 3, ""n_estimators"": 100, ""subsample"": 0.8}",132,none,42,28.726479177932983,5.3597088706321525,4.35870607338803,0.059608585179335205,0.19949849638322903,16.257108545746128,0.20781285482542416,84.61079026463172,9.198412377395988,7.237606522837052,0.19268756344290028,0.34752327983262726,27.4622195209679,0.6289359905696627,4.78,weekly,2,linear,0.2,5.372403989975144,0.2363,-0.11599220501042451,9.227510641989534,5.0,,,,,,,
AR-LRX-g [linear],M01AE,A_lag1,pacf_train,1,1,210,45,46,2014-01-12,2018-01-14,2018-01-21,2018-11-25,2018-12-02,2019-10-13,"{""colsample_bytree"": 0.8, ""learning_rate"": 0.05, ""max_depth"": 3, ""n_estimators"": 100, ""subsample"": 0.8}",132,none,42,28.726479177932983,5.3597088706321525,4.35870607338803,0.059608585179335205,0.19949849638322903,16.257108545746128,0.20781285482542416,84.61079023917894,9.198412376012447,7.2376065205046975,0.19268756368575757,0.347523279780356,27.462219513543335,0.6289359905979631,4.318,weekly,2,linear,0.1999999999999999,5.372403989975144,0.2363,-0.11599220501042451,9.227510641989534,5.0,False,global,1.0,"{""0"": 0.2}",0.2,0.2,5.878551765474445
AR-LRX-Aug [linear],M01AE,A_lag1,pacf_train,1,1,210,45,46,2014-01-12,2018-01-14,2018-01-21,2018-11-25,2018-12-02,2019-10-13,"{""colsample_bytree"": 0.8, ""learning_rate"": 0.1, ""max_depth"": 3, ""n_estimators"": 100, ""subsample"": 0.8}",132,none,42,28.763473819242776,5.363158940330109,4.330041430515534,0.05839752680818544,0.19962691449954334,16.1499836359118,0.21184059646619285,84.44977530111976,9.18965588589256,7.251084676667689,0.19422388501735244,0.3471924526722169,27.49105422544919,0.626436507851195,4.516,weekly,2,linear,0.09999999999999995,5.372403989975144,0.1721,-0.18988946895448722,9.227510641989534,5.0,True,global,1.0,"{""0"": 0.1}",0.1,0.1,5.368326624928507
XGBoost,M01AE,A_lag1,pacf_train,1,1,210,45,46,2014-01-12,2018-01-14,2018-01-21,2018-11-25,2018-12-02,2019-10-13,"{""colsample_bytree"": 0.8, ""learning_rate"": 0.05, ""max_depth"": 3, ""n_estimators"": 100, ""subsample"": 0.8}",12,none,42,30.955241784446137,5.563743504552141,4.351468146091037,-0.013352295541763537,0.20709305117335505,16.089591762024096,0.20013938521974428,92.9774933385195,9.642483774345669,7.492563684214715,0.11285680635619344,0.3643006477104847,28.167157822473772,0.6276418614819219,4.381,weekly,2,,,,,,,,,,,,,,
"LR-XGB (residual, tanpa gerbang)",M01AE,A_lag1,pacf_train,1,1,210,45,46,2014-01-12,2018-01-14,2018-01-21,2018-11-25,2018-12-02,2019-10-13,"{""colsample_bytree"": 0.8, ""learning_rate"": 0.05, ""max_depth"": 3, ""n_estimators"": 100, ""subsample"": 0.8}",12,none,42,31.970726086854864,5.6542661846480895,4.442514033954427,-0.046595238888746726,0.21046247645439495,16.414808027404238,0.20159807261457263,85.59014188129738,9.251494035089543,7.326003496014311,0.18334309641424296,0.34952874675710965,27.674234345565658,0.6285565555120503,5.719,weekly,2,,,,,,,5.0,,,,,,,
Naive,M01AE,B_rich,pacf_train,1,1,210,45,46,2014-01-12,2018-01-14,2018-01-21,2018-11-25,2018-12-02,2019-10-13,{},0,none,42,45.908203888888885,6.775559304506816,5.5056222222222235,-0.5028531878042071,0.2521991261150493,20.14832613520521,0.2609274473557304,99.00320602173912,9.950035478416101,7.71463043478261,0.05536256982834331,0.37592019383774017,30.265748716527487,0.717837483642111,0.0,weekly,2,,,,,,,,,,,,,,
SeasonalNaive(s=52),M01AE,B_rich,pacf_train,1,1,210,45,46,2014-01-12,2018-01-14,2018-01-21,2018-11-25,2018-12-02,2019-10-13,{},0,none,42,57.89583167521637,7.608931046817047,5.9298259259999995,-0.8952807520908783,0.28321879780470843,22.669814585063577,0.28705822779927387,110.82956356521738,10.527562090304544,7.920347826086957,-0.05747842236850964,0.3977396050708463,29.493879602230432,0.6388227637679597,0.0,weekly,2,,,,,,,,,,,,,,
S1 [linear],M01AE,B_rich,pacf_train,1,1,210,45,46,2014-01-12,2018-01-14,2018-01-21,2018-11-25,2018-12-02,2019-10-13,{},0,none,42,28.86272463150085,5.372403989975144,4.376200802707008,0.055148447407143864,0.1999710327245609,16.335850128153716,0.21311247015909435,85.1469526480301,9.227510641989534,7.280131693320726,0.18757177905207012,0.3486226352359398,27.577591718542614,0.6299231042993104,0.009,weekly,2,linear,0.0,5.372403989975144,0.0,,9.227510641989534,,,,,,,,
AR-LRX [linear],M01AE,B_rich,pacf_train,1,1,210,45,46,2014-01-12,2018-01-14,2018-01-21,2018-11-25,2018-12-02,2019-10-13,"{""colsample_bytree"": 0.8, ""learning_rate"": 0.05, ""max_depth"": 3, ""n_estimators"": 100, ""subsample"": 0.8}",132,none,42,28.726479177932983,5.3597088706321525,4.35870607338803,0.059608585179335205,0.19949849638322903,16.257108545746128,0.20781285482542416,84.61079026463172,9.198412377395988,7.237606522837052,0.19268756344290028,0.34752327983262726,27.4622195209679,0.6289359905696627,4.714,weekly,2,linear,0.2,5.372403989975144,0.2363,-0.11599220501042451,9.227510641989534,5.0,,,,,,,
AR-LRX-g [linear],M01AE,B_rich,pacf_train,1,1,210,45,46,2014-01-12,2018-01-14,2018-01-21,2018-11-25,2018-12-02,2019-10-13,"{""colsample_bytree"": 0.8, ""learning_rate"": 0.05, ""max_depth"": 3, ""n_estimators"": 100, ""subsample"": 0.8}",132,none,42,28.726479177932983,5.3597088706321525,4.35870607338803,0.059608585179335205,0.19949849638322903,16.257108545746128,0.20781285482542416,84.61079023917894,9.198412376012447,7.2376065205046975,0.19268756368575757,0.347523279780356,27.462219513543335,0.6289359905979631,4.488,weekly,2,linear,0.1999999999999999,5.372403989975144,0.2363,-0.11599220501042451,9.227510641989534,5.0,False,global,1.0,"{""0"": 0.2}",0.2,0.2,5.878551765474445
AR-LRX-Aug [linear],M01AE,B_rich,pacf_train,1,1,210,45,46,2014-01-12,2018-01-14,2018-01-21,2018-11-25,2018-12-02,2019-10-13,"{""colsample_bytree"": 0.8, ""learning_rate"": 0.1, ""max_depth"": 3, ""n_estimators"": 100, ""subsample"": 0.8}",132,none,42,28.763473819242776,5.363158940330109,4.330041430515534,0.05839752680818544,0.19962691449954334,16.1499836359118,0.21184059646619285,84.44977530111976,9.18965588589256,7.251084676667689,0.19422388501735244,0.3471924526722169,27.49105422544919,0.626436507851195,4.412,weekly,2,linear,0.09999999999999995,5.372403989975144,0.1721,-0.18988946895448722,9.227510641989534,5.0,True,global,1.0,"{""0"": 0.1}",0.1,0.1,5.368326624928507
XGBoost,M01AE,B_rich,pacf_train,1,1,210,45,46,2014-01-12,2018-01-14,2018-01-21,2018-11-25,2018-12-02,2019-10-13,"{""colsample_bytree"": 0.8, ""learning_rate"": 0.05, ""max_depth"": 3, ""n_estimators"": 100, ""subsample"": 0.8}",12,none,42,30.955241784446137,5.563743504552141,4.351468146091037,-0.013352295541763537,0.20709305117335505,16.089591762024096,0.20013938521974428,92.9774933385195,9.642483774345669,7.492563684214715,0.11285680635619344,0.3643006477104847,28.167157822473772,0.6276418614819219,4.487,weekly,2,,,,,,,,,,,,,,
"LR-XGB (residual, tanpa gerbang)",M01AE,B_rich,pacf_train,1,1,210,45,46,2014-01-12,2018-01-14,2018-01-21,2018-11-25,2018-12-02,2019-10-13,"{""colsample_bytree"": 0.8, ""learning_rate"": 0.05, ""max_depth"": 3, ""n_estimators"": 100, ""subsample"": 0.8}",12,none,42,31.970726086854864,5.6542661846480895,4.442514033954427,-0.046595238888746726,0.21046247645439495,16.414808027404238,0.20159807261457263,85.59014188129738,9.251494035089543,7.326003496014311,0.18334309641424296,0.34952874675710965,27.674234345565658,0.6285565555120503,4.847,weekly,2,,,,,,,5.0,,,,,,,
Naive,N02BA,A_lag1,pacf_train,1,1,210,45,46,2014-01-12,2018-01-14,2018-01-21,2018-11-25,2018-12-02,2019-10-13,{},0,none,42,49.194444444444436,7.01387513750027,5.391111111111111,-0.5938228589736254,0.31800945207809794,25.109810773395424,0.3725147465421816,38.93119565217392,6.2394868100007965,5.060869565217392,-0.3633468510784168,0.2954211242448012,25.279798597319925,0.73400085945753,0.0,weekly,2,,,,,,,,,,,,,,
SeasonalNaive(s=52),N02BA,A_lag1,pacf_train,1,1,210,45,46,2014-01-12,2018-01-14,2018-01-21,2018-11-25,2018-12-02,2019-10-13,{},0,none,42,65.91587345219507,8.118859122573507,6.734814814666667,-1.1355709382177106,0.368109481628018,30.532345050571653,0.437846578175141,51.941793478260884,7.207065524765325,5.744565217391305,-0.8189700930492263,0.3412330957122175,27.667323161502104,0.8050507911847538,0.0,weekly,2,,,,,,,,,,,,,,
S1 [linear],N02BA,A_lag1,pacf_train,1,1,210,45,46,2014-01-12,2018-01-14,2018-01-21,2018-11-25,2018-12-02,2019-10-13,{},0,none,42,55.76310318721868,7.467469664298522,6.280953746808672,-0.806637102030147,0.33857545077424034,27.31280964135922,0.47435270586959954,47.144018591691996,6.866150201655364,5.402531053338721,-0.6509549274676998,0.325091770136531,25.549350364411723,0.9667978071238208,0.009,weekly,2,linear,0.0,7.467469664298522,0.0,,6.866150201655364,,,,,,,,
AR-LRX [linear],N02BA,A_lag1,pacf_train,1,1,210,45,46,2014-01-12,2018-01-14,2018-01-21,2018-11-25,2018-12-02,2019-10-13,"{""colsample_bytree"": 0.8, ""learning_rate"": 0.05, ""max_depth"": 5, ""n_estimators"": 500, ""subsample"": 0.8}",132,none,42,55.10030062904451,7.422957673935944,6.278960623269953,-0.7851633384754599,0.3365572748887834,27.269060334078173,0.46543652562336724,46.917867695259496,6.849661867220855,5.389408070719584,-0.6430352602867975,0.32431109659014906,25.499332113265368,0.9368348452887986,6.008,weekly,2,linear,0.1,7.467469664298522,0.5961,-2.446559640791663,6.866150201655364,5.0,,,,,,,
AR-LRX-g [linear],N02BA,A_lag1,pacf_train,1,1,210,45,46,2014-01-12,2018-01-14,2018-01-21,2018-11-25,2018-12-02,2019-10-13,"{""colsample_bytree"": 0.8, ""learning_rate"": 0.05, ""max_depth"": 5, ""n_estimators"": 500, ""subsample"": 0.8}",132,none,42,55.10030062904451,7.422957673935944,6.278960623269953,-0.7851633384754599,0.3365572748887834,27.269060334078173,0.46543652562336724,46.91786769103063,6.849661866912164,5.389408071966747,-0.6430352601387053,0.3243110965755335,25.499332119206684,0.9368348448464726,5.774,weekly,2,linear,0.09999999999999995,7.467469664298522,0.5961,-2.446559640791663,6.866150201655364,5.0,False,global,1.0,"{""0"": 0.1}",0.1,0.1,7.5269174579653
AR-LRX-Aug [linear],N02BA,A_lag1,pacf_train,1,1,210,45,46,2014-01-12,2018-01-14,2018-01-21,2018-11-25,2018-12-02,2019-10-13,"{""colsample_bytree"": 0.8, ""learning_rate"": 0.05, ""max_depth"": 3, ""n_estimators"": 100, ""subsample"": 0.8}",132,none,42,55.76310318721868,7.467469664298522,6.280953746808672,-0.806637102030147,0.33857545077424034,27.31280964135922,0.47435270586959954,47.144018591691996,6.866150201655364,5.402531053338721,-0.6509549274676998,0.325091770136531,25.549350364411723,0.9667978071238208,5.42,weekly,2,linear,0.0,7.467469664298522,0.0,-1.8233798610647276,6.866150201655364,5.0,True,global,1.0,"{""0"": 0.0}",0.0,0.0,7.467469664298522
XGBoost,N02BA,A_lag1,pacf_train,1,1,210,45,46,2014-01-12,2018-01-14,2018-01-21,2018-11-25,2018-12-02,2019-10-13,"{""colsample_bytree"": 0.8, ""learning_rate"": 0.05, ""max_depth"": 3, ""n_estimators"": 100, ""subsample"": 0.8}",12,none,42,67.6721896799193,8.226310818338881,6.81726533677843,-1.1924728299444163,0.3729813469272037,28.900227202,0.5011228948549035,51.29036438218966,7.161729147502694,5.5211410356604524,-0.7961574413453227,0.3390865532243569,25.80424506409592,0.9476206007750516,4.373,weekly,2,,,,,,,,,,,,,,
"LR-XGB (residual, tanpa gerbang)",N02BA,A_lag1,pacf_train,1,1,210,45,46,2014-01-12,2018-01-14,2018-01-21,2018-11-25,2018-12-02,2019-10-13,"{""colsample_bytree"": 0.8, ""learning_rate"": 0.05, ""max_depth"": 3, ""n_estimators"": 100, ""subsample"": 0.8}",12,none,42,64.36183421276668,8.022582764469725,6.489062788093434,-1.0852225037244598,0.3637443067013981,27.580122938112655,0.481006287210162,47.46338240339044,6.889367344204433,5.209826434419364,-0.6621388543862958,0.32619103271412064,24.500827845477612,0.8870672712293275,4.909,weekly,2,,,,,,,5.0,,,,,,,
Naive,N02BA,B_rich,pacf_train,1,1,210,45,46,2014-01-12,2018-01-14,2018-01-21,2018-11-25,2018-12-02,2019-10-13,{},0,none,42,49.194444444444436,7.01387513750027,5.391111111111111,-0.5938228589736254,0.31800945207809794,25.109810773395424,0.3725147465421816,38.93119565217392,6.2394868100007965,5.060869565217392,-0.3633468510784168,0.2954211242448012,25.279798597319925,0.73400085945753,0.0,weekly,2,,,,,,,,,,,,,,
SeasonalNaive(s=52),N02BA,B_rich,pacf_train,1,1,210,45,46,2014-01-12,2018-01-14,2018-01-21,2018-11-25,2018-12-02,2019-10-13,{},0,none,42,65.91587345219507,8.118859122573507,6.734814814666667,-1.1355709382177106,0.368109481628018,30.532345050571653,0.437846578175141,51.941793478260884,7.207065524765325,5.744565217391305,-0.8189700930492263,0.3412330957122175,27.667323161502104,0.8050507911847538,0.0,weekly,2,,,,,,,,,,,,,,
S1 [linear],N02BA,B_rich,pacf_train,1,1,210,45,46,2014-01-12,2018-01-14,2018-01-21,2018-11-25,2018-12-02,2019-10-13,{},0,none,42,55.76310318721868,7.467469664298522,6.280953746808672,-0.806637102030147,0.33857545077424034,27.31280964135922,0.47435270586959954,47.144018591691996,6.866150201655364,5.402531053338721,-0.6509549274676998,0.325091770136531,25.549350364411723,0.9667978071238208,0.009,weekly,2,linear,0.0,7.467469664298522,0.0,,6.866150201655364,,,,,,,,
AR-LRX [linear],N02BA,B_rich,pacf_train,1,1,210,45,46,2014-01-12,2018-01-14,2018-01-21,2018-11-25,2018-12-02,2019-10-13,"{""colsample_bytree"": 0.8, ""learning_rate"": 0.05, ""max_depth"": 5, ""n_estimators"": 500, ""subsample"": 0.8}",132,none,42,55.10030062904451,7.422957673935944,6.278960623269953,-0.7851633384754599,0.3365572748887834,27.269060334078173,0.46543652562336724,46.917867695259496,6.849661867220855,5.389408070719584,-0.6430352602867975,0.32431109659014906,25.499332113265368,0.9368348452887986,6.167,weekly,2,linear,0.1,7.467469664298522,0.5961,-2.446559640791663,6.866150201655364,5.0,,,,,,,
AR-LRX-g [linear],N02BA,B_rich,pacf_train,1,1,210,45,46,2014-01-12,2018-01-14,2018-01-21,2018-11-25,2018-12-02,2019-10-13,"{""colsample_bytree"": 0.8, ""learning_rate"": 0.05, ""max_depth"": 5, ""n_estimators"": 500, ""subsample"": 0.8}",132,none,42,55.10030062904451,7.422957673935944,6.278960623269953,-0.7851633384754599,0.3365572748887834,27.269060334078173,0.46543652562336724,46.91786769103063,6.849661866912164,5.389408071966747,-0.6430352601387053,0.3243110965755335,25.499332119206684,0.9368348448464726,6.048,weekly,2,linear,0.09999999999999995,7.467469664298522,0.5961,-2.446559640791663,6.866150201655364,5.0,False,global,1.0,"{""0"": 0.1}",0.1,0.1,7.5269174579653
AR-LRX-Aug [linear],N02BA,B_rich,pacf_train,1,1,210,45,46,2014-01-12,2018-01-14,2018-01-21,2018-11-25,2018-12-02,2019-10-13,"{""colsample_bytree"": 0.8, ""learning_rate"": 0.05, ""max_depth"": 3, ""n_estimators"": 100, ""subsample"": 0.8}",132,none,42,55.76310318721868,7.467469664298522,6.280953746808672,-0.806637102030147,0.33857545077424034,27.31280964135922,0.47435270586959954,47.144018591691996,6.866150201655364,5.402531053338721,-0.6509549274676998,0.325091770136531,25.549350364411723,0.9667978071238208,4.564,weekly,2,linear,0.0,7.467469664298522,0.0,-1.8233798610647276,6.866150201655364,5.0,True,global,1.0,"{""0"": 0.0}",0.0,0.0,7.467469664298522
XGBoost,N02BA,B_rich,pacf_train,1,1,210,45,46,2014-01-12,2018-01-14,2018-01-21,2018-11-25,2018-12-02,2019-10-13,"{""colsample_bytree"": 0.8, ""learning_rate"": 0.05, ""max_depth"": 3, ""n_estimators"": 100, ""subsample"": 0.8}",12,none,42,67.6721896799193,8.226310818338881,6.81726533677843,-1.1924728299444163,0.3729813469272037,28.900227202,0.5011228948549035,51.29036438218966,7.161729147502694,5.5211410356604524,-0.7961574413453227,0.3390865532243569,25.80424506409592,0.9476206007750516,4.667,weekly,2,,,,,,,,,,,,,,
"LR-XGB (residual, tanpa gerbang)",N02BA,B_rich,pacf_train,1,1,210,45,46,2014-01-12,2018-01-14,2018-01-21,2018-11-25,2018-12-02,2019-10-13,"{""colsample_bytree"": 0.8, ""learning_rate"": 0.05, ""max_depth"": 3, ""n_estimators"": 100, ""subsample"": 0.8}",12,none,42,64.36183421276668,8.022582764469725,6.489062788093434,-1.0852225037244598,0.3637443067013981,27.580122938112655,0.481006287210162,47.46338240339044,6.889367344204433,5.209826434419364,-0.6621388543862958,0.32619103271412064,24.500827845477612,0.8870672712293275,4.723,weekly,2,,,,,,,5.0,,,,,,,
Naive,N02BE,A_lag1,pacf_train,1,1,210,45,46,2014-01-12,2018-01-14,2018-01-21,2018-11-25,2018-12-02,2019-10-13,{},0,none,42,1680.9681508666667,40.999611594095214,33.66975555555555,0.5778299809887086,0.19660834306448544,16.091032387206173,0.19010275891329437,2872.5362513913046,53.59604697541886,41.5418695652174,0.6070022317317492,0.2638605401116403,20.08585888444381,0.3344249193079274,0.0,weekly,2,,,,,,,,,,,,,,
SeasonalNaive(s=52),N02BE,A_lag1,pacf_train,1,1,210,45,46,2014-01-12,2018-01-14,2018-01-21,2018-11-25,2018-12-02,2019-10-13,{},0,none,42,4928.619016884084,70.20412393074986,52.44873333333334,-0.23780761877290746,0.3366548107569486,28.57719475004721,0.2851328006650804,3827.384787608696,61.86586124518672,46.530130434782606,0.47636738122781275,0.3045739468456235,22.53129637433621,0.3785512957226687,0.0,weekly,2,,,,,,,,,,,,,,
S1 [linear],N02BE,A_lag1,pacf_train,1,1,210,45,46,2014-01-12,2018-01-14,2018-01-21,2018-11-25,2018-12-02,2019-10-13,{},0,none,42,1499.4320458283644,38.72250051105125,31.647842601792338,0.6234222195303742,0.18568875091216544,15.244489991691704,0.18623449028963446,2636.4831549119726,51.34669565718882,39.33803413707109,0.6392971557955466,0.25278668136229604,19.063345346674403,0.3279954691336632,0.009,weekly,2,linear,0.0,38.72250051105125,0.0,,51.34669565718882,,,,,,,,
AR-LRX [linear],N02BE,A_lag1,pacf_train,1,1,210,45,46,2014-01-12,2018-01-14,2018-01-21,2018-11-25,2018-12-02,2019-10-13,"{""colsample_bytree"": 0.8, ""learning_rate"": 0.05, ""max_depth"": 3, ""n_estimators"": 100, ""subsample"": 0.8}",132,none,42,1499.4320458283644,38.72250051105125,31.647842601792338,0.6234222195303742,0.18568875091216544,15.244489991691704,0.18623449028963446,2636.4831549119726,51.34669565718882,39.33803413707109,0.6392971557955466,0.25278668136229604,19.063345346674403,0.3279954691336632,4.424,weekly,2,linear,0.0,38.72250051105125,0.0,-0.6747563632010964,51.34669565718882,5.0,,,,,,,
AR-LRX-g [linear],N02BE,A_lag1,pacf_train,1,1,210,45,46,2014-01-12,2018-01-14,2018-01-21,2018-11-25,2018-12-02,2019-10-13,"{""colsample_bytree"": 0.8, ""learning_rate"": 0.05, ""max_depth"": 3, ""n_estimators"": 100, ""subsample"": 0.8}",132,none,42,1499.4320458283644,38.72250051105125,31.647842601792338,0.6234222195303742,0.18568875091216544,15.244489991691704,0.18623449028963446,2636.4831549119726,51.34669565718882,39.33803413707109,0.6392971557955466,0.25278668136229604,19.063345346674403,0.3279954691336632,4.442,weekly,2,linear,0.0,38.72250051105125,0.0,-0.6747563632010964,51.34669565718882,5.0,False,global,1.0,"{""0"": 0.0}",0.0,0.0,39.45447947127989
AR-LRX-Aug [linear],N02BE,A_lag1,pacf_train,1,1,210,45,46,2014-01-12,2018-01-14,2018-01-21,2018-11-25,2018-12-02,2019-10-13,"{""colsample_bytree"": 0.8, ""learning_rate"": 0.05, ""max_depth"": 3, ""n_estimators"": 100, ""subsample"": 0.8}",132,none,42,1490.2711034549422,38.604029627163825,31.704002810176537,0.6257229622386493,0.1851206390867879,15.256608424052434,0.18719001428932053,2612.2288895790107,51.1099685930153,39.17271265862909,0.6426154332036118,0.25162124222010496,19.004457458297335,0.3269391646184816,5.28,weekly,2,linear,0.09999999999999995,38.72250051105125,0.3059,-0.5213671007891076,51.34669565718882,5.0,True,global,1.0,"{""0"": 0.1}",0.1,0.1,39.79035935759622
XGBoost,N02BE,A_lag1,pacf_train,1,1,210,45,46,2014-01-12,2018-01-14,2018-01-21,2018-11-25,2018-12-02,2019-10-13,"{""colsample_bytree"": 0.8, ""learning_rate"": 0.05, ""max_depth"": 3, ""n_estimators"": 100, ""subsample"": 0.8}",12,none,42,2335.638184007332,48.32844073635453,35.24635277370877,0.4134116009054086,0.23175279683462405,16.020512042445954,0.22578225010965858,2374.291981880481,48.7267070699476,36.3201208190918,0.6751680854700124,0.23988812554095232,18.262068573842782,0.32315728374294866,5.072,weekly,2,,,,,,,,,,,,,,
"LR-XGB (residual, tanpa gerbang)",N02BE,A_lag1,pacf_train,1,1,210,45,46,2014-01-12,2018-01-14,2018-01-21,2018-11-25,2018-12-02,2019-10-13,"{""colsample_bytree"": 0.8, ""learning_rate"": 0.05, ""max_depth"": 3, ""n_estimators"": 100, ""subsample"": 0.8}",12,none,42,2507.3095185359916,50.07304183426439,36.4163365095594,0.3702968693596075,0.24011880611696412,16.393194213958687,0.22758843837898818,2426.904004445557,49.26361745188387,37.45574698453828,0.667970123236415,0.24253140748736574,18.55645141191123,0.3244237291576879,4.731,weekly,2,,,,,,,5.0,,,,,,,
Naive,N02BE,B_rich,pacf_train,1,1,210,45,46,2014-01-12,2018-01-14,2018-01-21,2018-11-25,2018-12-02,2019-10-13,{},0,none,42,1680.9681508666667,40.999611594095214,33.66975555555555,0.5778299809887086,0.19660834306448544,16.091032387206173,0.19010275891329437,2872.5362513913046,53.59604697541886,41.5418695652174,0.6070022317317492,0.2638605401116403,20.08585888444381,0.3344249193079274,0.0,weekly,2,,,,,,,,,,,,,,
SeasonalNaive(s=52),N02BE,B_rich,pacf_train,1,1,210,45,46,2014-01-12,2018-01-14,2018-01-21,2018-11-25,2018-12-02,2019-10-13,{},0,none,42,4928.619016884084,70.20412393074986,52.44873333333334,-0.23780761877290746,0.3366548107569486,28.57719475004721,0.2851328006650804,3827.384787608696,61.86586124518672,46.530130434782606,0.47636738122781275,0.3045739468456235,22.53129637433621,0.3785512957226687,0.0,weekly,2,,,,,,,,,,,,,,
S1 [linear],N02BE,B_rich,pacf_train,1,1,210,45,46,2014-01-12,2018-01-14,2018-01-21,2018-11-25,2018-12-02,2019-10-13,{},0,none,42,1499.4320458283644,38.72250051105125,31.647842601792338,0.6234222195303742,0.18568875091216544,15.244489991691704,0.18623449028963446,2636.4831549119726,51.34669565718882,39.33803413707109,0.6392971557955466,0.25278668136229604,19.063345346674403,0.3279954691336632,0.009,weekly,2,linear,0.0,38.72250051105125,0.0,,51.34669565718882,,,,,,,,
AR-LRX [linear],N02BE,B_rich,pacf_train,1,1,210,45,46,2014-01-12,2018-01-14,2018-01-21,2018-11-25,2018-12-02,2019-10-13,"{""colsample_bytree"": 0.8, ""learning_rate"": 0.05, ""max_depth"": 3, ""n_estimators"": 100, ""subsample"": 0.8}",132,none,42,1499.4320458283644,38.72250051105125,31.647842601792338,0.6234222195303742,0.18568875091216544,15.244489991691704,0.18623449028963446,2636.4831549119726,51.34669565718882,39.33803413707109,0.6392971557955466,0.25278668136229604,19.063345346674403,0.3279954691336632,5.045,weekly,2,linear,0.0,38.72250051105125,0.0,-0.6747563632010964,51.34669565718882,5.0,,,,,,,
AR-LRX-g [linear],N02BE,B_rich,pacf_train,1,1,210,45,46,2014-01-12,2018-01-14,2018-01-21,2018-11-25,2018-12-02,2019-10-13,"{""colsample_bytree"": 0.8, ""learning_rate"": 0.05, ""max_depth"": 3, ""n_estimators"": 100, ""subsample"": 0.8}",132,none,42,1499.4320458283644,38.72250051105125,31.647842601792338,0.6234222195303742,0.18568875091216544,15.244489991691704,0.18623449028963446,2636.4831549119726,51.34669565718882,39.33803413707109,0.6392971557955466,0.25278668136229604,19.063345346674403,0.3279954691336632,4.573,weekly,2,linear,0.0,38.72250051105125,0.0,-0.6747563632010964,51.34669565718882,5.0,False,global,1.0,"{""0"": 0.0}",0.0,0.0,39.45447947127989
AR-LRX-Aug [linear],N02BE,B_rich,pacf_train,1,1,210,45,46,2014-01-12,2018-01-14,2018-01-21,2018-11-25,2018-12-02,2019-10-13,"{""colsample_bytree"": 0.8, ""learning_rate"": 0.05, ""max_depth"": 3, ""n_estimators"": 100, ""subsample"": 0.8}",132,none,42,1490.2711034549422,38.604029627163825,31.704002810176537,0.6257229622386493,0.1851206390867879,15.256608424052434,0.18719001428932053,2612.2288895790107,51.1099685930153,39.17271265862909,0.6426154332036118,0.25162124222010496,19.004457458297335,0.3269391646184816,4.747,weekly,2,linear,0.09999999999999995,38.72250051105125,0.3059,-0.5213671007891076,51.34669565718882,5.0,True,global,1.0,"{""0"": 0.1}",0.1,0.1,39.79035935759622
XGBoost,N02BE,B_rich,pacf_train,1,1,210,45,46,2014-01-12,2018-01-14,2018-01-21,2018-11-25,2018-12-02,2019-10-13,"{""colsample_bytree"": 0.8, ""learning_rate"": 0.05, ""max_depth"": 3, ""n_estimators"": 100, ""subsample"": 0.8}",12,none,42,2335.638184007332,48.32844073635453,35.24635277370877,0.4134116009054086,0.23175279683462405,16.020512042445954,0.22578225010965858,2374.291981880481,48.7267070699476,36.3201208190918,0.6751680854700124,0.23988812554095232,18.262068573842782,0.32315728374294866,4.695,weekly,2,,,,,,,,,,,,,,
"LR-XGB (residual, tanpa gerbang)",N02BE,B_rich,pacf_train,1,1,210,45,46,2014-01-12,2018-01-14,2018-01-21,2018-11-25,2018-12-02,2019-10-13,"{""colsample_bytree"": 0.8, ""learning_rate"": 0.05, ""max_depth"": 3, ""n_estimators"": 100, ""subsample"": 0.8}",12,none,42,2507.3095185359916,50.07304183426439,36.4163365095594,0.3702968693596075,0.24011880611696412,16.393194213958687,0.22758843837898818,2426.904004445557,49.26361745188387,37.45574698453828,0.667970123236415,0.24253140748736574,18.55645141191123,0.3244237291576879,4.727,weekly,2,,,,,,,5.0,,,,,,,
Naive,N05B,A_lag1,pacf_train,1,1,210,45,46,2014-01-12,2018-01-14,2018-01-21,2018-11-25,2018-12-02,2019-10-13,{},0,none,42,426.96177777777774,20.663053447585565,15.013333333333332,-0.801173853632781,0.32205507243743087,22.340031684847204,0.28288818842478763,240.0434782608696,15.493336576117798,12.104347826086956,-0.5862350330555679,0.26380422064754916,21.2661248034866,0.36673121829968697,0.0,weekly,2,,,,,,,,,,,,,,
SeasonalNaive(s=52),N05B,A_lag1,pacf_train,1,1,210,45,46,2014-01-12,2018-01-14,2018-01-21,2018-11-25,2018-12-02,2019-10-13,{},0,none,42,942.2986433552593,30.696883284060927,24.86833333177778,-2.975165382622386,0.4784426945770095,44.187967319122926,0.440706007994517,457.08869565217395,21.379632729590423,16.165217391304346,-2.020494901632767,0.3640298732459134,26.617268981956737,0.5087289643221211,0.0,weekly,2,,,,,,,,,,,,,,
S1 [linear],N05B,A_lag1,pacf_train,1,1,210,45,46,2014-01-12,2018-01-14,2018-01-21,2018-11-25,2018-12-02,2019-10-13,{},0,none,42,280.1724738223089,16.738353378463156,11.053311405027056,-0.1819309376658278,0.2608845601381415,16.80006438157009,0.223534293627507,168.22555190185386,12.970179331908016,9.770105004562676,-0.11165387960189288,0.22084255599191918,17.156348590497235,0.3310900704837283,0.009,weekly,2,linear,0.0,16.738353378463156,0.0,,12.970179331908016,,,,,,,,
AR-LRX [linear],N05B,A_lag1,pacf_train,1,1,210,45,46,2014-01-12,2018-01-14,2018-01-21,2018-11-25,2018-12-02,2019-10-13,"{""colsample_bytree"": 0.8, ""learning_rate"": 0.05, ""max_depth"": 3, ""n_estimators"": 100, ""subsample"": 0.8}",132,none,42,280.1724738223089,16.738353378463156,11.053311405027056,-0.1819309376658278,0.2608845601381415,16.80006438157009,0.223534293627507,168.22555190185386,12.970179331908016,9.770105004562676,-0.11165387960189288,0.22084255599191918,17.156348590497235,0.3310900704837283,4.615,weekly,2,linear,0.0,16.738353378463156,0.0,-0.341410336835678,12.970179331908016,5.0,,,,,,,
AR-LRX-g [linear],N05B,A_lag1,pacf_train,1,1,210,45,46,2014-01-12,2018-01-14,2018-01-21,2018-11-25,2018-12-02,2019-10-13,"{""colsample_bytree"": 0.8, ""learning_rate"": 0.05, ""max_depth"": 3, ""n_estimators"": 100, ""subsample"": 0.8}",132,none,42,280.1724738223089,16.738353378463156,11.053311405027056,-0.1819309376658278,0.2608845601381415,16.80006438157009,0.223534293627507,168.22555190185386,12.970179331908016,9.770105004562676,-0.11165387960189288,0.22084255599191918,17.156348590497235,0.3310900704837283,4.516,weekly,2,linear,0.0,16.738353378463156,0.0,-0.341410336835678,12.970179331908016,5.0,False,global,1.0,"{""0"": 0.0}",0.0,0.0,16.738353378463152
AR-LRX-Aug [linear],N05B,A_lag1,pacf_train,1,1,210,45,46,2014-01-12,2018-01-14,2018-01-21,2018-11-25,2018-12-02,2019-10-13,"{""colsample_bytree"": 0.8, ""learning_rate"": 0.05, ""max_depth"": 3, ""n_estimators"": 100, ""subsample"": 0.8}",132,none,42,280.1724738223089,16.738353378463156,11.053311405027056,-0.1819309376658278,0.2608845601381415,16.80006438157009,0.223534293627507,168.22555190185386,12.970179331908016,9.770105004562676,-0.11165387960189288,0.22084255599191918,17.156348590497235,0.3310900704837283,4.512,weekly,2,linear,0.0,16.738353378463156,0.0,-0.2582249474423557,12.970179331908016,5.0,True,global,1.0,"{""0"": 0.0}",0.0,0.0,16.738353378463152
XGBoost,N05B,A_lag1,pacf_train,1,1,210,45,46,2014-01-12,2018-01-14,2018-01-21,2018-11-25,2018-12-02,2019-10-13,"{""colsample_bytree"": 0.8, ""learning_rate"": 0.05, ""max_depth"": 3, ""n_estimators"": 100, ""subsample"": 0.8}",12,none,42,372.768508581751,19.3072139000362,13.666486460367837,-0.5725550296555906,0.3009229099132824,20.249201460947283,0.24767140246895888,186.54184600753484,13.65803228900616,10.656571512636932,-0.2326900668654588,0.2325545918323525,18.54658861937829,0.3359197602013467,4.992,weekly,2,,,,,,,,,,,,,,
"LR-XGB (residual, tanpa gerbang)",N05B,A_lag1,pacf_train,1,1,210,45,46,2014-01-12,2018-01-14,2018-01-21,2018-11-25,2018-12-02,2019-10-13,"{""colsample_bytree"": 0.8, ""learning_rate"": 0.05, ""max_depth"": 3, ""n_estimators"": 100, ""subsample"": 0.8}",12,none,42,374.45200065169263,19.35076227572683,13.493582006230781,-0.5796569812985668,0.3016016564171888,19.968482096163246,0.2474501353498088,184.27762032659334,13.574889330178472,10.68910096331487,-0.2177278020129627,0.23113892107943806,18.635736474210436,0.3362690154550159,5.354,weekly,2,,,,,,,5.0,,,,,,,
Naive,N05B,B_rich,pacf_train,1,1,210,45,46,2014-01-12,2018-01-14,2018-01-21,2018-11-25,2018-12-02,2019-10-13,{},0,none,42,426.96177777777774,20.663053447585565,15.013333333333332,-0.801173853632781,0.32205507243743087,22.340031684847204,0.28288818842478763,240.0434782608696,15.493336576117798,12.104347826086956,-0.5862350330555679,0.26380422064754916,21.2661248034866,0.36673121829968697,0.0,weekly,2,,,,,,,,,,,,,,
SeasonalNaive(s=52),N05B,B_rich,pacf_train,1,1,210,45,46,2014-01-12,2018-01-14,2018-01-21,2018-11-25,2018-12-02,2019-10-13,{},0,none,42,942.2986433552593,30.696883284060927,24.86833333177778,-2.975165382622386,0.4784426945770095,44.187967319122926,0.440706007994517,457.08869565217395,21.379632729590423,16.165217391304346,-2.020494901632767,0.3640298732459134,26.617268981956737,0.5087289643221211,0.0,weekly,2,,,,,,,,,,,,,,
S1 [linear],N05B,B_rich,pacf_train,1,1,210,45,46,2014-01-12,2018-01-14,2018-01-21,2018-11-25,2018-12-02,2019-10-13,{},0,none,42,280.1724738223089,16.738353378463156,11.053311405027056,-0.1819309376658278,0.2608845601381415,16.80006438157009,0.223534293627507,168.22555190185386,12.970179331908016,9.770105004562676,-0.11165387960189288,0.22084255599191918,17.156348590497235,0.3310900704837283,0.01,weekly,2,linear,0.0,16.738353378463156,0.0,,12.970179331908016,,,,,,,,
AR-LRX [linear],N05B,B_rich,pacf_train,1,1,210,45,46,2014-01-12,2018-01-14,2018-01-21,2018-11-25,2018-12-02,2019-10-13,"{""colsample_bytree"": 0.8, ""learning_rate"": 0.05, ""max_depth"": 3, ""n_estimators"": 100, ""subsample"": 0.8}",132,none,42,280.1724738223089,16.738353378463156,11.053311405027056,-0.1819309376658278,0.2608845601381415,16.80006438157009,0.223534293627507,168.22555190185386,12.970179331908016,9.770105004562676,-0.11165387960189288,0.22084255599191918,17.156348590497235,0.3310900704837283,4.946,weekly,2,linear,0.0,16.738353378463156,0.0,-0.341410336835678,12.970179331908016,5.0,,,,,,,
AR-LRX-g [linear],N05B,B_rich,pacf_train,1,1,210,45,46,2014-01-12,2018-01-14,2018-01-21,2018-11-25,2018-12-02,2019-10-13,"{""colsample_bytree"": 0.8, ""learning_rate"": 0.05, ""max_depth"": 3, ""n_estimators"": 100, ""subsample"": 0.8}",132,none,42,280.1724738223089,16.738353378463156,11.053311405027056,-0.1819309376658278,0.2608845601381415,16.80006438157009,0.223534293627507,168.22555190185386,12.970179331908016,9.770105004562676,-0.11165387960189288,0.22084255599191918,17.156348590497235,0.3310900704837283,4.701,weekly,2,linear,0.0,16.738353378463156,0.0,-0.341410336835678,12.970179331908016,5.0,False,global,1.0,"{""0"": 0.0}",0.0,0.0,16.738353378463152
AR-LRX-Aug [linear],N05B,B_rich,pacf_train,1,1,210,45,46,2014-01-12,2018-01-14,2018-01-21,2018-11-25,2018-12-02,2019-10-13,"{""colsample_bytree"": 0.8, ""learning_rate"": 0.05, ""max_depth"": 3, ""n_estimators"": 100, ""subsample"": 0.8}",132,none,42,280.1724738223089,16.738353378463156,11.053311405027056,-0.1819309376658278,0.2608845601381415,16.80006438157009,0.223534293627507,168.22555190185386,12.970179331908016,9.770105004562676,-0.11165387960189288,0.22084255599191918,17.156348590497235,0.3310900704837283,4.606,weekly,2,linear,0.0,16.738353378463156,0.0,-0.2582249474423557,12.970179331908016,5.0,True,global,1.0,"{""0"": 0.0}",0.0,0.0,16.738353378463152
XGBoost,N05B,B_rich,pacf_train,1,1,210,45,46,2014-01-12,2018-01-14,2018-01-21,2018-11-25,2018-12-02,2019-10-13,"{""colsample_bytree"": 0.8, ""learning_rate"": 0.05, ""max_depth"": 3, ""n_estimators"": 100, ""subsample"": 0.8}",12,none,42,372.768508581751,19.3072139000362,13.666486460367837,-0.5725550296555906,0.3009229099132824,20.249201460947283,0.24767140246895888,186.54184600753484,13.65803228900616,10.656571512636932,-0.2326900668654588,0.2325545918323525,18.54658861937829,0.3359197602013467,4.558,weekly,2,,,,,,,,,,,,,,
"LR-XGB (residual, tanpa gerbang)",N05B,B_rich,pacf_train,1,1,210,45,46,2014-01-12,2018-01-14,2018-01-21,2018-11-25,2018-12-02,2019-10-13,"{""colsample_bytree"": 0.8, ""learning_rate"": 0.05, ""max_depth"": 3, ""n_estimators"": 100, ""subsample"": 0.8}",12,none,42,374.45200065169263,19.35076227572683,13.493582006230781,-0.5796569812985668,0.3016016564171888,19.968482096163246,0.2474501353498088,184.27762032659334,13.574889330178472,10.68910096331487,-0.2177278020129627,0.23113892107943806,18.635736474210436,0.3362690154550159,4.987,weekly,2,,,,,,,5.0,,,,,,,
Naive,N05C,A_lag1,pacf_train,1,10,204,43,45,2014-03-16,2018-02-04,2018-02-11,2018-12-02,2018-12-09,2019-10-13,{},0,none,42,28.023255813953487,5.293699633900046,3.9302325581395348,-0.7170930540827152,1.1381454212885098,103.83645136372506,1.694474186562659,16.266666666666666,4.033195589934446,3.466666666666667,-1.0887761572606216,0.8249718252138639,83.43106601001338,1.7005504134034763,0.0,weekly,2,,,,,,,,,,,,,,
SeasonalNaive(s=52),N05C,A_lag1,pacf_train,1,10,204,43,45,2014-03-16,2018-02-04,2018-02-11,2018-12-02,2018-12-09,2019-10-13,{},0,none,42,26.558139534883722,5.153458987406781,3.86046511627907,-0.6273197242841997,1.1079936822924579,111.313739170882,1.3238583034523583,23.844444444444445,4.883077353927996,3.6222222222222222,-2.061826252377933,0.9988112769398173,94.92769692563294,1.404697471688822,0.0,weekly,2,,,,,,,,,,,,,,
S1 [linear],N05C,A_lag1,pacf_train,1,10,204,43,45,2014-03-16,2018-02-04,2018-02-11,2018-12-02,2018-12-09,2019-10-13,{},0,none,42,16.6747895027876,4.083477623642329,2.880965845650394,-0.021728717876931203,0.8779476890831007,71.7752895751267,0.703521993405679,8.7326038490643,2.95509794238098,2.392135351294518,-0.12133942893818705,0.6044518518506549,57.40333488628655,1.0633393387073906,0.009,weekly,2,linear,0.0,4.083477623642329,0.0,,2.95509794238098,,,,,,,,
AR-LRX [linear],N05C,A_lag1,pacf_train,1,10,204,43,45,2014-03-16,2018-02-04,2018-02-11,2018-12-02,2018-12-09,2019-10-13,"{""colsample_bytree"": 0.8, ""learning_rate"": 0.05, ""max_depth"": 3, ""n_estimators"": 100, ""subsample"": 0.8}",132,none,42,16.6747895027876,4.083477623642329,2.880965845650394,-0.021728717876931203,0.8779476890831007,71.7752895751267,0.703521993405679,8.7326038490643,2.95509794238098,2.392135351294518,-0.12133942893818705,0.6044518518506549,57.40333488628655,1.0633393387073906,4.598,weekly,2,linear,0.0,4.083477623642329,0.0,-0.09777649112655706,2.95509794238098,5.0,,,,,,,
AR-LRX-g [linear],N05C,A_lag1,pacf_train,1,10,204,43,45,2014-03-16,2018-02-04,2018-02-11,2018-12-02,2018-12-09,2019-10-13,"{""colsample_bytree"": 0.8, ""learning_rate"": 0.1, ""max_depth"": 3, ""n_estimators"": 300, ""subsample"": 0.8}",132,none,42,16.6747895027876,4.083477623642329,2.880965845650394,-0.021728717876931203,0.8779476890831007,71.7752895751267,0.703521993405679,8.7326038490643,2.95509794238098,2.392135351294518,-0.12133942893818705,0.6044518518506549,57.40333488628655,1.0633393387073906,5.125,weekly,2,linear,0.0,4.083477623642329,0.0,-0.1508339647845902,2.95509794238098,5.0,False,global,1.0,"{""0"": 0.0}",0.0,0.0,4.12807185866168
AR-LRX-Aug [linear],N05C,A_lag1,pacf_train,1,10,204,43,45,2014-03-16,2018-02-04,2018-02-11,2018-12-02,2018-12-09,2019-10-13,"{""colsample_bytree"": 0.8, ""learning_rate"": 0.05, ""max_depth"": 3, ""n_estimators"": 100, ""subsample"": 0.8}",132,none,42,16.6747895027876,4.083477623642329,2.880965845650394,-0.021728717876931203,0.8779476890831007,71.7752895751267,0.703521993405679,8.7326038490643,2.95509794238098,2.392135351294518,-0.12133942893818705,0.6044518518506549,57.40333488628655,1.0633393387073906,4.572,weekly,2,linear,0.0,4.083477623642329,0.0,-0.1457207550859434,2.95509794238098,5.0,True,global,1.0,"{""0"": 0.0}",0.0,0.0,4.083477623642329
XGBoost,N05C,A_lag1,pacf_train,1,10,204,43,45,2014-03-16,2018-02-04,2018-02-11,2018-12-02,2018-12-09,2019-10-13,"{""colsample_bytree"": 0.8, ""learning_rate"": 0.05, ""max_depth"": 3, ""n_estimators"": 100, ""subsample"": 0.8}",12,none,42,17.383456093265103,4.169347202292597,2.9968138073765953,-0.06515145534355726,0.8964096484929083,74.04287959313741,0.8375383315519628,9.685774340979865,3.1121976706147483,2.53204705980089,-0.24373449844541728,0.6365858871711985,61.70836472780648,1.076935337108564,4.364,weekly,2,,,,,,,,,,,,,,
"LR-XGB (residual, tanpa gerbang)",N05C,A_lag1,pacf_train,1,10,204,43,45,2014-03-16,2018-02-04,2018-02-11,2018-12-02,2018-12-09,2019-10-13,"{""colsample_bytree"": 0.8, ""learning_rate"": 0.05, ""max_depth"": 3, ""n_estimators"": 100, ""subsample"": 0.8}",12,none,42,17.577963358298877,4.192608180870098,3.0144495488054805,-0.07706966627434486,0.9014107588870711,74.47815791594716,0.8388667579681696,9.750117211859779,3.1225177680615013,2.543767670759966,-0.25199666163703593,0.6386968161943979,61.998146842633275,1.0878707533056278,4.574,weekly,2,,,,,,,5.0,,,,,,,
Naive,N05C,B_rich,pacf_train,11,10,204,43,45,2014-03-16,2018-02-04,2018-02-11,2018-12-02,2018-12-09,2019-10-13,{},0,none,42,28.023255813953487,5.293699633900046,3.9302325581395348,-0.7170930540827152,1.1381454212885098,103.83645136372506,1.694474186562659,16.266666666666666,4.033195589934446,3.466666666666667,-1.0887761572606216,0.8249718252138639,83.43106601001338,1.7005504134034763,0.0,weekly,2,,,,,,,,,,,,,,
SeasonalNaive(s=52),N05C,B_rich,pacf_train,11,10,204,43,45,2014-03-16,2018-02-04,2018-02-11,2018-12-02,2018-12-09,2019-10-13,{},0,none,42,26.558139534883722,5.153458987406781,3.86046511627907,-0.6273197242841997,1.1079936822924579,111.313739170882,1.3238583034523583,23.844444444444445,4.883077353927996,3.6222222222222222,-2.061826252377933,0.9988112769398173,94.92769692563294,1.404697471688822,0.0,weekly,2,,,,,,,,,,,,,,
S1 [linear],N05C,B_rich,pacf_train,11,10,204,43,45,2014-03-16,2018-02-04,2018-02-11,2018-12-02,2018-12-09,2019-10-13,{},0,none,42,17.659626898755008,4.202335885999001,2.787213246262259,-0.08207350662109025,0.9035022154897852,68.904493375253,0.6035741439547535,8.649548295964209,2.941011440978122,2.4123457709263696,-0.11067440071829582,0.6015705220182522,58.05904326021262,1.1261556910723465,0.012,weekly,2,linear,0.0,4.202335885999001,0.0,,2.941011440978122,,,,,,,,
AR-LRX [linear],N05C,B_rich,pacf_train,11,10,204,43,45,2014-03-16,2018-02-04,2018-02-11,2018-12-02,2018-12-09,2019-10-13,"{""colsample_bytree"": 0.8, ""learning_rate"": 0.1, ""max_depth"": 5, ""n_estimators"": 500, ""subsample"": 0.8}",132,none,42,16.69953942938998,4.086506996126396,2.9185691490324035,-0.02324524141510076,0.878599004167175,73.35589536559037,0.679266655960522,9.44221344587378,3.072818485669757,2.439674868486974,-0.2124592408303363,0.6285310538869957,57.94931733661548,1.3803806974607413,5.728,weekly,2,linear,0.7,4.202335885999001,2.7563,0.014534468722682492,2.941011440978122,5.0,,,,,,,
AR-LRX-g [linear],N05C,B_rich,pacf_train,11,10,204,43,45,2014-03-16,2018-02-04,2018-02-11,2018-12-02,2018-12-09,2019-10-13,"{""colsample_bytree"": 0.8, ""learning_rate"": 0.1, ""max_depth"": 5, ""n_estimators"": 500, ""subsample"": 0.8}",132,none,42,16.69953942938998,4.086506996126396,2.9185691490324035,-0.02324524141510076,0.878599004167175,73.35589536559037,0.679266655960522,9.442213479657681,3.0728184911669745,2.4396748699936466,-0.21245924516847237,0.6285310550114266,57.949317339709324,1.3803807021988674,5.683,weekly,2,linear,0.7,4.202335885999001,2.7563,0.014534468722682492,2.941011440978122,5.0,False,global,1.0,"{""0"": 0.7}",0.7,0.7,4.149875814480468
AR-LRX-Aug [linear],N05C,B_rich,pacf_train,11,10,204,43,45,2014-03-16,2018-02-04,2018-02-11,2018-12-02,2018-12-09,2019-10-13,"{""colsample_bytree"": 0.8, ""learning_rate"": 0.1, ""max_depth"": 5, ""n_estimators"": 500, ""subsample"": 0.8}",132,none,42,14.47034511727552,3.8039906831215453,2.726437594211865,0.11334609882547575,0.8178579968711321,69.87801167252948,0.6522886437804192,11.33547547112831,3.366819785959491,2.7078894765317147,-0.45556993208844854,0.6886676834917139,61.96012470534512,1.671471196713669,5.941,weekly,2,linear,1.0,4.202335885999001,9.4791,0.15612111008388907,2.941011440978122,5.0,True,global,1.0,"{""0"": 1.0}",1.0,1.0,3.8039906831215453
XGBoost,N05C,B_rich,pacf_train,11,10,204,43,45,2014-03-16,2018-02-04,2018-02-11,2018-12-02,2018-12-09,2019-10-13,"{""colsample_bytree"": 0.8, ""learning_rate"": 0.05, ""max_depth"": 3, ""n_estimators"": 100, ""subsample"": 0.8}",12,none,42,17.904215512946774,4.231337319683551,2.941939195921255,-0.09706039512985787,0.9097375237319634,74.4820015412116,0.8525164697540536,8.464757457839992,2.9094256233559213,2.3176879564921062,-0.08694571034407028,0.5951097865955293,55.36468320926411,1.2149740468547359,5.183,weekly,2,,,,,,,,,,,,,,
"LR-XGB (residual, tanpa gerbang)",N05C,B_rich,pacf_train,11,10,204,43,45,2014-03-16,2018-02-04,2018-02-11,2018-12-02,2018-12-09,2019-10-13,"{""colsample_bytree"": 0.8, ""learning_rate"": 0.1, ""max_depth"": 5, ""n_estimators"": 300, ""subsample"": 0.8}",12,none,42,16.896784924330976,4.110569902620679,3.026067077258559,-0.03533123426192941,0.8837725290634458,77.39155074057088,0.7533465049150211,10.265279897099271,3.2039475490555818,2.5210654455981003,-0.3181478625000651,0.6553529077613689,59.44280649469119,1.5015397776053503,5.849,weekly,2,,,,,,,5.0,,,,,,,
Naive,R03,A_lag1,pacf_train,1,1,210,45,46,2014-01-12,2018-01-14,2018-01-21,2018-11-25,2018-12-02,2019-10-13,{},0,none,42,605.225,24.601321102737554,18.655555555555555,-0.03800990046389785,0.5059108646741414,43.156588083534785,1.0011745992904533,851.7612469747946,29.184948980164325,21.983695652173914,0.03461366197933802,0.5760084322364312,40.98350136138161,0.5872130475279131,0.0,weekly,2,,,,,,,,,,,,,,
SeasonalNaive(s=52),R03,A_lag1,pacf_train,1,1,210,45,46,2014-01-12,2018-01-14,2018-01-21,2018-11-25,2018-12-02,2019-10-13,{},0,none,42,614.4748842545926,24.78860391903087,20.193518518444442,-0.05387420123536657,0.5097622192877364,49.6886383629502,0.5251434447101891,1132.0758227639192,33.64633446252235,25.980978260869566,-0.2830949245242296,0.6640605189144648,56.65064999174927,0.93022075429727,0.0,weekly,2,,,,,,,,,,,,,,
S1 [linear],R03,A_lag1,pacf_train,1,1,210,45,46,2014-01-12,2018-01-14,2018-01-21,2018-11-25,2018-12-02,2019-10-13,{},0,none,42,552.0732474890453,23.49623900731871,17.94200808918741,0.05314966058096604,0.48318553882295984,40.92385320485504,1.1251795150117032,713.517209522314,26.71174291434975,18.83879141520894,0.1912994768640235,0.5271960272692094,38.48032058277108,0.5320799290362752,0.009,weekly,2,linear,0.0,23.49623900731871,0.0,,26.71174291434975,,,,,,,,
AR-LRX [linear],R03,A_lag1,pacf_train,1,1,210,45,46,2014-01-12,2018-01-14,2018-01-21,2018-11-25,2018-12-02,2019-10-13,"{""colsample_bytree"": 0.8, ""learning_rate"": 0.05, ""max_depth"": 3, ""n_estimators"": 100, ""subsample"": 0.8}",132,none,42,552.0732474890453,23.49623900731871,17.94200808918741,0.05314966058096604,0.48318553882295984,40.92385320485504,1.1251795150117032,713.517209522314,26.71174291434975,18.83879141520894,0.1912994768640235,0.5271960272692094,38.48032058277108,0.5320799290362752,4.84,weekly,2,linear,0.0,23.49623900731871,0.0,-0.36719417675115107,26.71174291434975,5.0,,,,,,,
AR-LRX-g [linear],R03,A_lag1,pacf_train,1,1,210,45,46,2014-01-12,2018-01-14,2018-01-21,2018-11-25,2018-12-02,2019-10-13,"{""colsample_bytree"": 0.8, ""learning_rate"": 0.05, ""max_depth"": 3, ""n_estimators"": 100, ""subsample"": 0.8}",132,none,42,552.0732474890453,23.49623900731871,17.94200808918741,0.05314966058096604,0.48318553882295984,40.92385320485504,1.1251795150117032,713.517209522314,26.71174291434975,18.83879141520894,0.1912994768640235,0.5271960272692094,38.48032058277108,0.5320799290362752,4.643,weekly,2,linear,0.0,23.49623900731871,0.0,-0.36719417675115107,26.71174291434975,5.0,False,global,1.0,"{""0"": 0.0}",0.0,0.0,23.496239007318714
AR-LRX-Aug [linear],R03,A_lag1,pacf_train,1,1,210,45,46,2014-01-12,2018-01-14,2018-01-21,2018-11-25,2018-12-02,2019-10-13,"{""colsample_bytree"": 0.8, ""learning_rate"": 0.1, ""max_depth"": 3, ""n_estimators"": 500, ""subsample"": 0.8}",132,none,42,549.4315098608862,23.43995541507889,18.049227972538226,0.05768045460377946,0.4820281017610191,41.30743906629917,1.0839853364594507,706.4744747171575,26.579587557318444,18.81172189931206,0.19928171365555236,0.5245877444838949,38.4612703414566,0.5348648079367536,5.579,weekly,2,linear,0.09999999999999995,23.49623900731871,0.2395,-0.47871406164820196,26.71174291434975,5.0,True,global,1.0,"{""0"": 0.1}",0.1,0.1,23.732695311966843
XGBoost,R03,A_lag1,pacf_train,1,1,210,45,46,2014-01-12,2018-01-14,2018-01-21,2018-11-25,2018-12-02,2019-10-13,"{""colsample_bytree"": 0.8, ""learning_rate"": 0.05, ""max_depth"": 3, ""n_estimators"": 100, ""subsample"": 0.8}",12,none,42,648.2538803485262,25.460830315379077,19.67457258436415,-0.1118079157601044,0.5235861369551278,45.20342497785391,0.987747537463881,714.5175225888711,26.730460575696615,19.19639772623153,0.19016572186914948,0.5275654481914412,39.12655313862049,0.5867907546062242,4.948,weekly,2,,,,,,,,,,,,,,
"LR-XGB (residual, tanpa gerbang)",R03,A_lag1,pacf_train,1,1,210,45,46,2014-01-12,2018-01-14,2018-01-21,2018-11-25,2018-12-02,2019-10-13,"{""colsample_bytree"": 0.8, ""learning_rate"": 0.05, ""max_depth"": 3, ""n_estimators"": 100, ""subsample"": 0.8}",12,none,42,625.779099415911,25.01557713537529,19.306571222485147,-0.0732618459202734,0.5144297822880786,44.22247425326077,1.0202870437515597,670.7233765780423,25.898327679177324,18.59380280752189,0.23980201419202296,0.5111420662125244,38.091412947079554,0.5752158127203292,5.818,weekly,2,,,,,,,5.0,,,,,,,
Naive,R03,B_rich,pacf_train,1,1,210,45,46,2014-01-12,2018-01-14,2018-01-21,2018-11-25,2018-12-02,2019-10-13,{},0,none,42,605.225,24.601321102737554,18.655555555555555,-0.03800990046389785,0.5059108646741414,43.156588083534785,1.0011745992904533,851.7612469747946,29.184948980164325,21.983695652173914,0.03461366197933802,0.5760084322364312,40.98350136138161,0.5872130475279131,0.0,weekly,2,,,,,,,,,,,,,,
SeasonalNaive(s=52),R03,B_rich,pacf_train,1,1,210,45,46,2014-01-12,2018-01-14,2018-01-21,2018-11-25,2018-12-02,2019-10-13,{},0,none,42,614.4748842545926,24.78860391903087,20.193518518444442,-0.05387420123536657,0.5097622192877364,49.6886383629502,0.5251434447101891,1132.0758227639192,33.64633446252235,25.980978260869566,-0.2830949245242296,0.6640605189144648,56.65064999174927,0.93022075429727,0.0,weekly,2,,,,,,,,,,,,,,
S1 [linear],R03,B_rich,pacf_train,1,1,210,45,46,2014-01-12,2018-01-14,2018-01-21,2018-11-25,2018-12-02,2019-10-13,{},0,none,42,552.0732474890453,23.49623900731871,17.94200808918741,0.05314966058096604,0.48318553882295984,40.92385320485504,1.1251795150117032,713.517209522314,26.71174291434975,18.83879141520894,0.1912994768640235,0.5271960272692094,38.48032058277108,0.5320799290362752,0.009,weekly,2,linear,0.0,23.49623900731871,0.0,,26.71174291434975,,,,,,,,
AR-LRX [linear],R03,B_rich,pacf_train,1,1,210,45,46,2014-01-12,2018-01-14,2018-01-21,2018-11-25,2018-12-02,2019-10-13,"{""colsample_bytree"": 0.8, ""learning_rate"": 0.05, ""max_depth"": 3, ""n_estimators"": 100, ""subsample"": 0.8}",132,none,42,552.0732474890453,23.49623900731871,17.94200808918741,0.05314966058096604,0.48318553882295984,40.92385320485504,1.1251795150117032,713.517209522314,26.71174291434975,18.83879141520894,0.1912994768640235,0.5271960272692094,38.48032058277108,0.5320799290362752,4.779,weekly,2,linear,0.0,23.49623900731871,0.0,-0.36719417675115107,26.71174291434975,5.0,,,,,,,
AR-LRX-g [linear],R03,B_rich,pacf_train,1,1,210,45,46,2014-01-12,2018-01-14,2018-01-21,2018-11-25,2018-12-02,2019-10-13,"{""colsample_bytree"": 0.8, ""learning_rate"": 0.05, ""max_depth"": 3, ""n_estimators"": 100, ""subsample"": 0.8}",132,none,42,552.0732474890453,23.49623900731871,17.94200808918741,0.05314966058096604,0.48318553882295984,40.92385320485504,1.1251795150117032,713.517209522314,26.71174291434975,18.83879141520894,0.1912994768640235,0.5271960272692094,38.48032058277108,0.5320799290362752,4.991,weekly,2,linear,0.0,23.49623900731871,0.0,-0.36719417675115107,26.71174291434975,5.0,False,global,1.0,"{""0"": 0.0}",0.0,0.0,23.496239007318714
AR-LRX-Aug [linear],R03,B_rich,pacf_train,1,1,210,45,46,2014-01-12,2018-01-14,2018-01-21,2018-11-25,2018-12-02,2019-10-13,"{""colsample_bytree"": 0.8, ""learning_rate"": 0.1, ""max_depth"": 3, ""n_estimators"": 500, ""subsample"": 0.8}",132,none,42,549.4315098608862,23.43995541507889,18.049227972538226,0.05768045460377946,0.4820281017610191,41.30743906629917,1.0839853364594507,706.4744747171575,26.579587557318444,18.81172189931206,0.19928171365555236,0.5245877444838949,38.4612703414566,0.5348648079367536,6.44,weekly,2,linear,0.09999999999999995,23.49623900731871,0.2395,-0.47871406164820196,26.71174291434975,5.0,True,global,1.0,"{""0"": 0.1}",0.1,0.1,23.732695311966843
XGBoost,R03,B_rich,pacf_train,1,1,210,45,46,2014-01-12,2018-01-14,2018-01-21,2018-11-25,2018-12-02,2019-10-13,"{""colsample_bytree"": 0.8, ""learning_rate"": 0.05, ""max_depth"": 3, ""n_estimators"": 100, ""subsample"": 0.8}",12,none,42,648.2538803485262,25.460830315379077,19.67457258436415,-0.1118079157601044,0.5235861369551278,45.20342497785391,0.987747537463881,714.5175225888711,26.730460575696615,19.19639772623153,0.19016572186914948,0.5275654481914412,39.12655313862049,0.5867907546062242,5.004,weekly,2,,,,,,,,,,,,,,
"LR-XGB (residual, tanpa gerbang)",R03,B_rich,pacf_train,1,1,210,45,46,2014-01-12,2018-01-14,2018-01-21,2018-11-25,2018-12-02,2019-10-13,"{""colsample_bytree"": 0.8, ""learning_rate"": 0.05, ""max_depth"": 3, ""n_estimators"": 100, ""subsample"": 0.8}",12,none,42,625.779099415911,25.01557713537529,19.306571222485147,-0.0732618459202734,0.5144297822880786,44.22247425326077,1.0202870437515597,670.7233765780423,25.898327679177324,18.59380280752189,0.23980201419202296,0.5111420662125244,38.091412947079554,0.5752158127203292,4.86,weekly,2,,,,,,,5.0,,,,,,,
Naive,R06,A_lag1,pacf_train,1,1,210,45,46,2014-01-12,2018-01-14,2018-01-21,2018-11-25,2018-12-02,2019-10-13,{},0,none,42,72.78178666666668,8.531224218520263,7.1773333333333325,0.6065903388703285,0.34673508836110173,31.67014048982149,0.42562231605825873,88.61228260869566,9.413409722767604,6.910869565217392,0.46923936429430224,0.37944990426256364,31.080923626166985,1.6974011088135652,0.0,weekly,2,,,,,,,,,,,,,,
SeasonalNaive(s=52),R06,A_lag1,pacf_train,1,1,210,45,46,2014-01-12,2018-01-14,2018-01-21,2018-11-25,2018-12-02,2019-10-13,{},0,none,42,144.90436425880372,12.037622865782252,8.928481481555556,0.21674392110828766,0.4892458715319737,39.59400277715749,0.4217677180101728,150.25668913043478,12.257923524416148,9.24021739130435,0.1000081084235952,0.4941108530044978,38.115261292626876,3.1210140229790473,0.0,weekly,2,,,,,,,,,,,,,,
S1 [linear],R06,A_lag1,pacf_train,1,1,210,45,46,2014-01-12,2018-01-14,2018-01-21,2018-11-25,2018-12-02,2019-10-13,{},0,none,42,69.38078682149396,8.329513000259617,6.405952128088666,0.6249738693917666,0.3385369264917655,27.865005340476273,0.408226425108261,79.69377989817822,8.927137273402836,6.663411575061467,0.5226584844074853,0.35984850160495846,29.74831197601932,1.9484451334648163,0.009,weekly,2,linear,0.0,8.329513000259617,0.0,,8.927137273402836,,,,,,,,
AR-LRX [linear],R06,A_lag1,pacf_train,1,1,210,45,46,2014-01-12,2018-01-14,2018-01-21,2018-11-25,2018-12-02,2019-10-13,"{""colsample_bytree"": 0.8, ""learning_rate"": 0.05, ""max_depth"": 3, ""n_estimators"": 100, ""subsample"": 0.8}",132,none,42,69.38078682149396,8.329513000259617,6.405952128088666,0.6249738693917666,0.3385369264917655,27.865005340476273,0.408226425108261,79.69377989817822,8.927137273402836,6.663411575061467,0.5226584844074853,0.35984850160495846,29.74831197601932,1.9484451334648163,5.024,weekly,2,linear,0.0,8.329513000259617,0.0,-0.4314917954962967,8.927137273402836,5.0,,,,,,,
AR-LRX-g [linear],R06,A_lag1,pacf_train,1,1,210,45,46,2014-01-12,2018-01-14,2018-01-21,2018-11-25,2018-12-02,2019-10-13,"{""colsample_bytree"": 0.8, ""learning_rate"": 0.05, ""max_depth"": 3, ""n_estimators"": 100, ""subsample"": 0.8}",132,none,42,69.38078682149396,8.329513000259617,6.405952128088666,0.6249738693917666,0.3385369264917655,27.865005340476273,0.408226425108261,79.69377989817822,8.927137273402836,6.663411575061467,0.5226584844074853,0.35984850160495846,29.74831197601932,1.9484451334648163,4.644,weekly,2,linear,0.0,8.329513000259617,0.0,-0.4314917954962967,8.927137273402836,5.0,False,global,1.0,"{""0"": 0.0}",0.0,0.0,8.329513000259617
AR-LRX-Aug [linear],R06,A_lag1,pacf_train,1,1,210,45,46,2014-01-12,2018-01-14,2018-01-21,2018-11-25,2018-12-02,2019-10-13,"{""colsample_bytree"": 0.8, ""learning_rate"": 0.05, ""max_depth"": 3, ""n_estimators"": 100, ""subsample"": 0.8}",132,none,42,69.38078682149396,8.329513000259617,6.405952128088666,0.6249738693917666,0.3385369264917655,27.865005340476273,0.408226425108261,79.69377989817822,8.927137273402836,6.663411575061467,0.5226584844074853,0.35984850160495846,29.74831197601932,1.9484451334648163,4.431,weekly,2,linear,0.0,8.329513000259617,0.0,-0.4519571760319623,8.927137273402836,5.0,True,global,1.0,"{""0"": 0.0}",0.0,0.0,8.329513000259617
XGBoost,R06,A_lag1,pacf_train,1,1,210,45,46,2014-01-12,2018-01-14,2018-01-21,2018-11-25,2018-12-02,2019-10-13,"{""colsample_bytree"": 0.8, ""learning_rate"": 0.05, ""max_depth"": 3, ""n_estimators"": 100, ""subsample"": 0.8}",12,none,42,120.86148799458766,10.993702196921094,8.128306530422634,0.34670362994324333,0.44681773741099096,33.86534365931173,0.42541181447124116,96.71941106647567,9.834602740653823,7.064513087894606,0.420680129306524,0.39642798712731303,30.179882060433943,1.6668626957285428,5.105,weekly,2,,,,,,,,,,,,,,
"LR-XGB (residual, tanpa gerbang)",R06,A_lag1,pacf_train,1,1,210,45,46,2014-01-12,2018-01-14,2018-01-21,2018-11-25,2018-12-02,2019-10-13,"{""colsample_bytree"": 0.8, ""learning_rate"": 0.05, ""max_depth"": 3, ""n_estimators"": 100, ""subsample"": 0.8}",12,none,42,94.5615830155964,9.724278020274637,7.459854073341692,0.48886332647438346,0.39522444988471694,32.14461156915606,0.4181509704205869,98.86836945268362,9.943257486995076,7.148941042492945,0.40780852183190863,0.40080780637571395,30.409665422304897,1.73117667326937,4.771,weekly,2,,,,,,,5.0,,,,,,,
Naive,R06,B_rich,pacf_train,1,1,210,45,46,2014-01-12,2018-01-14,2018-01-21,2018-11-25,2018-12-02,2019-10-13,{},0,none,42,72.78178666666668,8.531224218520263,7.1773333333333325,0.6065903388703285,0.34673508836110173,31.67014048982149,0.42562231605825873,88.61228260869566,9.413409722767604,6.910869565217392,0.46923936429430224,0.37944990426256364,31.080923626166985,1.6974011088135652,0.0,weekly,2,,,,,,,,,,,,,,
SeasonalNaive(s=52),R06,B_rich,pacf_train,1,1,210,45,46,2014-01-12,2018-01-14,2018-01-21,2018-11-25,2018-12-02,2019-10-13,{},0,none,42,144.90436425880372,12.037622865782252,8.928481481555556,0.21674392110828766,0.4892458715319737,39.59400277715749,0.4217677180101728,150.25668913043478,12.257923524416148,9.24021739130435,0.1000081084235952,0.4941108530044978,38.115261292626876,3.1210140229790473,0.0,weekly,2,,,,,,,,,,,,,,
S1 [linear],R06,B_rich,pacf_train,1,1,210,45,46,2014-01-12,2018-01-14,2018-01-21,2018-11-25,2018-12-02,2019-10-13,{},0,none,42,69.38078682149396,8.329513000259617,6.405952128088666,0.6249738693917666,0.3385369264917655,27.865005340476273,0.408226425108261,79.69377989817822,8.927137273402836,6.663411575061467,0.5226584844074853,0.35984850160495846,29.74831197601932,1.9484451334648163,0.008,weekly,2,linear,0.0,8.329513000259617,0.0,,8.927137273402836,,,,,,,,
AR-LRX [linear],R06,B_rich,pacf_train,1,1,210,45,46,2014-01-12,2018-01-14,2018-01-21,2018-11-25,2018-12-02,2019-10-13,"{""colsample_bytree"": 0.8, ""learning_rate"": 0.05, ""max_depth"": 3, ""n_estimators"": 100, ""subsample"": 0.8}",132,none,42,69.38078682149396,8.329513000259617,6.405952128088666,0.6249738693917666,0.3385369264917655,27.865005340476273,0.408226425108261,79.69377989817822,8.927137273402836,6.663411575061467,0.5226584844074853,0.35984850160495846,29.74831197601932,1.9484451334648163,4.41,weekly,2,linear,0.0,8.329513000259617,0.0,-0.4314917954962967,8.927137273402836,5.0,,,,,,,
AR-LRX-g [linear],R06,B_rich,pacf_train,1,1,210,45,46,2014-01-12,2018-01-14,2018-01-21,2018-11-25,2018-12-02,2019-10-13,"{""colsample_bytree"": 0.8, ""learning_rate"": 0.05, ""max_depth"": 3, ""n_estimators"": 100, ""subsample"": 0.8}",132,none,42,69.38078682149396,8.329513000259617,6.405952128088666,0.6249738693917666,0.3385369264917655,27.865005340476273,0.408226425108261,79.69377989817822,8.927137273402836,6.663411575061467,0.5226584844074853,0.35984850160495846,29.74831197601932,1.9484451334648163,4.982,weekly,2,linear,0.0,8.329513000259617,0.0,-0.4314917954962967,8.927137273402836,5.0,False,global,1.0,"{""0"": 0.0}",0.0,0.0,8.329513000259617
AR-LRX-Aug [linear],R06,B_rich,pacf_train,1,1,210,45,46,2014-01-12,2018-01-14,2018-01-21,2018-11-25,2018-12-02,2019-10-13,"{""colsample_bytree"": 0.8, ""learning_rate"": 0.05, ""max_depth"": 3, ""n_estimators"": 100, ""subsample"": 0.8}",132,none,42,69.38078682149396,8.329513000259617,6.405952128088666,0.6249738693917666,0.3385369264917655,27.865005340476273,0.408226425108261,79.69377989817822,8.927137273402836,6.663411575061467,0.5226584844074853,0.35984850160495846,29.74831197601932,1.9484451334648163,4.507,weekly,2,linear,0.0,8.329513000259617,0.0,-0.4519571760319623,8.927137273402836,5.0,True,global,1.0,"{""0"": 0.0}",0.0,0.0,8.329513000259617
XGBoost,R06,B_rich,pacf_train,1,1,210,45,46,2014-01-12,2018-01-14,2018-01-21,2018-11-25,2018-12-02,2019-10-13,"{""colsample_bytree"": 0.8, ""learning_rate"": 0.05, ""max_depth"": 3, ""n_estimators"": 100, ""subsample"": 0.8}",12,none,42,120.86148799458766,10.993702196921094,8.128306530422634,0.34670362994324333,0.44681773741099096,33.86534365931173,0.42541181447124116,96.71941106647567,9.834602740653823,7.064513087894606,0.420680129306524,0.39642798712731303,30.179882060433943,1.6668626957285428,4.466,weekly,2,,,,,,,,,,,,,,
"LR-XGB (residual, tanpa gerbang)",R06,B_rich,pacf_train,1,1,210,45,46,2014-01-12,2018-01-14,2018-01-21,2018-11-25,2018-12-02,2019-10-13,"{""colsample_bytree"": 0.8, ""learning_rate"": 0.05, ""max_depth"": 3, ""n_estimators"": 100, ""subsample"": 0.8}",12,none,42,94.5615830155964,9.724278020274637,7.459854073341692,0.48886332647438346,0.39522444988471694,32.14461156915606,0.4181509704205869,98.86836945268362,9.943257486995076,7.148941042492945,0.40780852183190863,0.40080780637571395,30.409665422304897,1.73117667326937,5.091,weekly,2,,,,,,,5.0,,,,,,,
