model,category,feature_set,lag_rule,n_features,n_lags,n_train,n_val,n_test,train_start,train_end,val_start,val_end,test_start,test_end,params,n_grid,scaler,seed,val_MSE,val_RMSE,val_MAE,val_R2,val_nRMSE,val_SMAPE,val_RMSPE,test_MSE,test_RMSE,test_MAE,test_R2,test_nRMSE,test_SMAPE,test_RMSPE,runtime_s,granularity,n_folds,group,config,resid_test_r2,cross_fit_folds_protocol,stage1,gate_w,stage1_val_RMSE,gate_val_gain_pct,resid_val_r2,stage1_only_test_RMSE,cross_fit_folds,augment_stage1,segment_scheme,n_segments,gate_w_map,gate_w_min,gate_w_max,val_oof_RMSE
Naive,M01AB,A_lag1,pacf_train,1,7,1829,180,90,2014-01-09,2019-01-11,2019-01-12,2019-07-10,2019-07-11,2019-10-08,{},0,none,42,16.10771388888889,4.013441651362194,3.0631666666666666,-1.0135175174201398,0.7615879663548235,60.64799416086532,1.6456212980051426,19.57956777777778,4.424880538249341,3.615,-1.355459040895902,0.7732350512444723,64.06895698406898,2.5853648715476534,0.0,daily,5,origin0,daily|M01AB|A_lag1,,5,,,,,,,,,,,,,,
SeasonalNaive(s=7),M01AB,A_lag1,pacf_train,1,7,1829,180,90,2014-01-09,2019-01-11,2019-01-12,2019-07-10,2019-07-11,2019-10-08,{},0,none,42,14.948653333333333,3.86634883751238,2.948111111111111,-0.8686311140198606,0.7336757337383941,58.6640132972522,1.9328171512145973,17.73320888888889,4.211081676824719,3.3453333333333326,-1.1333385739411683,0.7358743197759832,61.33166514191303,3.7311810979652233,0.0,daily,5,origin0,daily|M01AB|A_lag1,,5,,,,,,,,,,,,,,
S1 [linear],M01AB,A_lag1,pacf_train,1,7,1829,180,90,2014-01-09,2019-01-11,2019-01-12,2019-07-10,2019-07-11,2019-10-08,{},0,none,42,8.126955337359913,2.850781530977061,2.1312513955312906,-0.0158962996203342,0.5409623702793372,43.27284281888849,1.7388753316472731,8.976306902298385,2.996048548054317,2.413626326927887,-0.0798667001664896,0.5235508015550328,46.48740498489894,1.7679668133343482,0.098,daily,5,origin0,daily|M01AB|A_lag1,,5,linear,0.0,2.850781530977061,0.0,,2.996048548054317,,,,,,,,
AR-LRX [linear],M01AB,A_lag1,pacf_train,1,7,1829,180,90,2014-01-09,2019-01-11,2019-01-12,2019-07-10,2019-07-11,2019-10-08,"{""colsample_bytree"": 0.8, ""learning_rate"": 0.05, ""max_depth"": 3, ""n_estimators"": 100, ""subsample"": 0.8}",132,none,42,8.11973134218945,2.8495142291607265,2.134879584453982,-0.0149932763283995,0.5407218879459933,43.381825758132415,1.7262783637531152,9.102299493927063,3.017001739132257,2.4429500652868312,-0.0950238472703448,0.5272123109758715,46.97503036355724,1.7984234383818338,6.174,daily,5,origin0,daily|M01AB|A_lag1,-0.1430898567653256,5,linear,0.2,2.850781530977061,0.0445,-0.0230191035821314,2.996048548054317,5.0,,,,,,,
AR-LRX-g [linear],M01AB,A_lag1,pacf_train,1,7,1829,180,90,2014-01-09,2019-01-11,2019-01-12,2019-07-10,2019-07-11,2019-10-08,"{""colsample_bytree"": 0.8, ""learning_rate"": 0.05, ""max_depth"": 5, ""n_estimators"": 500, ""subsample"": 0.8}",132,none,42,8.126955337359913,2.850781530977061,2.1312513955312906,-0.0158962996203342,0.5409623702793372,43.27284281888849,1.7388753316472731,8.976306902298385,2.996048548054317,2.413626326927887,-0.0798667001664896,0.5235508015550328,46.48740498489894,1.7679668133343482,7.29,daily,5,origin0,daily|M01AB|A_lag1,-0.2555812760269018,5,linear,0.0,2.850781530977061,0.0,-0.1941504392019868,2.996048548054317,5.0,False,global,1.0,"{""0"": 0.0}",0.0,0.0,2.850781530977061
AR-LRX-Aug [linear],M01AB,A_lag1,pacf_train,1,7,1829,180,90,2014-01-09,2019-01-11,2019-01-12,2019-07-10,2019-07-11,2019-10-08,"{""colsample_bytree"": 0.8, ""learning_rate"": 0.1, ""max_depth"": 5, ""n_estimators"": 300, ""subsample"": 0.8}",132,none,42,8.126955337359913,2.850781530977061,2.1312513955312906,-0.0158962996203342,0.5409623702793372,43.27284281888849,1.7388753316472731,8.976306902298385,2.996048548054317,2.413626326927887,-0.0798667001664896,0.5235508015550328,46.48740498489894,1.7679668133343482,6.783,daily,5,origin0,daily|M01AB|A_lag1,-0.2533930763849958,5,linear,0.0,2.850781530977061,0.0,-0.203005023327994,2.996048548054317,5.0,True,global,1.0,"{""0"": 0.0}",0.0,0.0,2.8618681023243404
XGBoost,M01AB,A_lag1,pacf_train,1,7,1829,180,90,2014-01-09,2019-01-11,2019-01-12,2019-07-10,2019-07-11,2019-10-08,"{""colsample_bytree"": 0.8, ""learning_rate"": 0.05, ""max_depth"": 3, ""n_estimators"": 100, ""subsample"": 0.8}",12,none,42,8.224046065201751,2.867759764206505,2.181691508187188,-0.0280329617585577,0.5441841483044698,44.421382666088334,1.69140140173784,9.71556026526174,3.116979349508389,2.5629620804256863,-0.1688002781222317,0.5446831086650388,48.80488768662509,1.9165987831195472,6.048,daily,5,origin0,daily|M01AB|A_lag1,,5,,,,,,,,,,,,,,
"LR-XGB (residual, tanpa gerbang)",M01AB,A_lag1,pacf_train,1,7,1829,180,90,2014-01-09,2019-01-11,2019-01-12,2019-07-10,2019-07-11,2019-10-08,"{""colsample_bytree"": 0.8, ""learning_rate"": 0.05, ""max_depth"": 3, ""n_estimators"": 100, ""subsample"": 0.8}",12,none,42,8.239980193176214,2.8705365688623816,2.190317617287393,-0.0300247804624846,0.5447110728730918,44.53003082993468,1.678470361594382,9.7587560027139,3.1239007671041503,2.572190390598569,-0.173996807047928,0.5458926063323951,48.95642210893679,1.923872604128712,6.787,daily,5,origin0,daily|M01AB|A_lag1,,5,,,,,,,5.0,,,,,,,
Naive,M01AB,B_rich,pacf_train,8,7,1829,180,90,2014-01-09,2019-01-11,2019-01-12,2019-07-10,2019-07-11,2019-10-08,{},0,none,42,16.10771388888889,4.013441651362194,3.0631666666666666,-1.0135175174201398,0.7615879663548235,60.64799416086532,1.6456212980051426,19.57956777777778,4.424880538249341,3.615,-1.355459040895902,0.7732350512444723,64.06895698406898,2.5853648715476534,0.0,daily,5,origin0,daily|M01AB|B_rich,,5,,,,,,,,,,,,,,
SeasonalNaive(s=7),M01AB,B_rich,pacf_train,8,7,1829,180,90,2014-01-09,2019-01-11,2019-01-12,2019-07-10,2019-07-11,2019-10-08,{},0,none,42,14.948653333333333,3.86634883751238,2.948111111111111,-0.8686311140198606,0.7336757337383941,58.6640132972522,1.9328171512145973,17.73320888888889,4.211081676824719,3.3453333333333326,-1.1333385739411683,0.7358743197759832,61.33166514191303,3.7311810979652233,0.0,daily,5,origin0,daily|M01AB|B_rich,,5,,,,,,,,,,,,,,
S1 [linear],M01AB,B_rich,pacf_train,8,7,1829,180,90,2014-01-09,2019-01-11,2019-01-12,2019-07-10,2019-07-11,2019-10-08,{},0,none,42,8.07914805523686,2.8423842201991025,2.1247567935326,-0.0099202312173927,0.5393689022801043,43.09129617937356,1.6976818540136285,8.835509718053542,2.972458530922432,2.3932209546047383,-0.0629285325661503,0.5194285144224974,45.83726413273188,1.932902664329592,0.013,daily,5,origin0,daily|M01AB|B_rich,,5,linear,0.0,2.8423842201991025,0.0,,2.972458530922432,,,,,,,,
AR-LRX [linear],M01AB,B_rich,pacf_train,8,7,1829,180,90,2014-01-09,2019-01-11,2019-01-12,2019-07-10,2019-07-11,2019-10-08,"{""colsample_bytree"": 0.8, ""learning_rate"": 0.05, ""max_depth"": 5, ""n_estimators"": 100, ""subsample"": 0.8}",132,none,42,8.077623479660582,2.842116021498873,2.12756384772034,-0.0097296542273466,0.5393180090766071,43.16924184522208,1.691848123373307,8.894924326610719,2.9824359719213955,2.406970671352226,-0.0700762223658266,0.5211720433235453,46.05500767038885,1.9543757607388768,7.437,daily,5,origin0,daily|M01AB|B_rich,-0.1446218466488724,5,linear,0.1,2.8423842201991025,0.0094,-0.0351768985937444,2.972458530922432,5.0,,,,,,,
AR-LRX-g [linear],M01AB,B_rich,pacf_train,8,7,1829,180,90,2014-01-09,2019-01-11,2019-01-12,2019-07-10,2019-07-11,2019-10-08,"{""colsample_bytree"": 0.8, ""learning_rate"": 0.05, ""max_depth"": 3, ""n_estimators"": 300, ""subsample"": 0.8}",132,none,42,8.07914805523686,2.8423842201991025,2.1247567935326,-0.0099202312173927,0.5393689022801043,43.09129617937356,1.6976818540136285,8.835509718053542,2.972458530922432,2.3932209546047383,-0.0629285325661503,0.5194285144224974,45.83726413273188,1.932902664329592,8.537,daily,5,origin0,daily|M01AB|B_rich,-0.1290798879100489,5,linear,0.0,2.8423842201991025,0.0,-0.0643765027294416,2.972458530922432,5.0,False,global,1.0,"{""0"": 0.0}",0.0,0.0,2.842384220199103
AR-LRX-Aug [linear],M01AB,B_rich,pacf_train,8,7,1829,180,90,2014-01-09,2019-01-11,2019-01-12,2019-07-10,2019-07-11,2019-10-08,"{""colsample_bytree"": 0.8, ""learning_rate"": 0.05, ""max_depth"": 5, ""n_estimators"": 300, ""subsample"": 0.8}",132,none,42,8.07914805523686,2.8423842201991025,2.1247567935326,-0.0099202312173927,0.5393689022801043,43.09129617937356,1.6976818540136285,8.835509718053542,2.972458530922432,2.3932209546047383,-0.0629285325661503,0.5194285144224974,45.83726413273188,1.932902664329592,8.407,daily,5,origin0,daily|M01AB|B_rich,-0.1649572172684736,5,linear,0.0,2.8423842201991025,0.0,-0.1185342855676756,2.972458530922432,5.0,True,global,1.0,"{""0"": 0.0}",0.0,0.0,2.842384220199103
XGBoost,M01AB,B_rich,pacf_train,8,7,1829,180,90,2014-01-09,2019-01-11,2019-01-12,2019-07-10,2019-07-11,2019-10-08,"{""colsample_bytree"": 0.8, ""learning_rate"": 0.05, ""max_depth"": 3, ""n_estimators"": 100, ""subsample"": 0.8}",12,none,42,8.13366901281553,2.851958802790729,2.1422527657085,-0.0167355312598707,0.5411857685804224,43.481082285210256,1.7051219022421846,9.114145573166091,3.018964321280742,2.446105545891656,-0.0964489530111569,0.5275552665189731,46.546268954218725,2.081901790502631,7.361,daily,5,origin0,daily|M01AB|B_rich,,5,,,,,,,,,,,,,,
"LR-XGB (residual, tanpa gerbang)",M01AB,B_rich,pacf_train,8,7,1829,180,90,2014-01-09,2019-01-11,2019-01-12,2019-07-10,2019-07-11,2019-10-08,"{""colsample_bytree"": 0.8, ""learning_rate"": 0.05, ""max_depth"": 3, ""n_estimators"": 100, ""subsample"": 0.8}",12,none,42,8.195102773125798,2.8627089920433404,2.162476121881668,-0.0244149545100591,0.5432257172035815,43.939489445514624,1.6690123242799626,9.16760428940649,3.0278051934374,2.452906275396999,-0.1028801376988013,0.529100183308479,46.63334527045357,2.05394193078438,7.075,daily,5,origin0,daily|M01AB|B_rich,,5,,,,,,,5.0,,,,,,,
Naive,M01AE,A_lag1,pacf_train,1,14,1822,180,90,2014-01-16,2019-01-11,2019-01-12,2019-07-10,2019-07-11,2019-10-08,{},0,none,42,7.890827355555555,2.809061650365751,2.1526222222222224,-0.2953832701427139,0.6876350224403764,59.74699460878488,2.9788138348034785,7.602882422222222,2.757332483075304,2.2170444444444444,-0.8460473435947686,0.8082753253060911,72.0272605216129,2.7422105559016825,0.0,daily,5,origin0,daily|M01AE|A_lag1,,5,,,,,,,,,,,,,,
SeasonalNaive(s=7),M01AE,A_lag1,pacf_train,1,14,1822,180,90,2014-01-16,2019-01-11,2019-01-12,2019-07-10,2019-07-11,2019-10-08,{},0,none,42,8.281171466666668,2.877702463192932,2.1980555555555554,-0.3594633986701825,0.7044377248170219,61.14009776752365,7.374014186537156,8.181080133333333,2.860258752863687,2.195377777777778,-0.9864388805662508,0.8384467916440792,69.63848636378324,4.284158744436614,0.0,daily,5,origin0,daily|M01AE|A_lag1,,5,,,,,,,,,,,,,,
S1 [linear],M01AE,A_lag1,pacf_train,1,14,1822,180,90,2014-01-16,2019-01-11,2019-01-12,2019-07-10,2019-07-11,2019-10-08,{},0,none,42,5.874442850225107,2.423724994760154,1.797591718818137,0.0356328117819622,0.5933078011812937,47.65557405356189,4.568600037463108,4.314302742355675,2.077089969730651,1.6274312550685637,-0.0475510043020537,0.608871284576315,51.07684725647458,3.141769366795525,0.008,daily,5,origin0,daily|M01AE|A_lag1,,5,linear,0.0,2.423724994760154,0.0,,2.077089969730651,,,,,,,,
AR-LRX [linear],M01AE,A_lag1,pacf_train,1,14,1822,180,90,2014-01-16,2019-01-11,2019-01-12,2019-07-10,2019-07-11,2019-10-08,"{""colsample_bytree"": 0.8, ""learning_rate"": 0.05, ""max_depth"": 3, ""n_estimators"": 100, ""subsample"": 0.8}",132,none,42,5.729047384857735,2.3935428521039133,1.7972678729172,0.0595013929718555,0.5859194626804208,47.88326783073563,3.96703812255581,4.256485770660783,2.063125243571214,1.635969565185398,-0.0335125303280139,0.604777710932726,51.35626696694979,3.025759282551907,5.654,daily,5,origin0,daily|M01AE|A_lag1,-0.0398054683547308,5,linear,1.0,2.423724994760154,1.2453,0.0203589848283343,2.077089969730651,5.0,,,,,,,
AR-LRX-g [linear],M01AE,A_lag1,pacf_train,1,14,1822,180,90,2014-01-16,2019-01-11,2019-01-12,2019-07-10,2019-07-11,2019-10-08,"{""colsample_bytree"": 0.8, ""learning_rate"": 0.05, ""max_depth"": 3, ""n_estimators"": 100, ""subsample"": 0.8}",132,none,42,5.729047384857735,2.3935428521039133,1.7972678729172,0.0595013929718555,0.5859194626804208,47.88326783073563,3.96703812255581,4.256485770660783,2.063125243571214,1.635969565185398,-0.0335125303280139,0.604777710932726,51.35626696694979,3.025759282551907,5.502,daily,5,origin0,daily|M01AE|A_lag1,-0.0398054683547308,5,linear,1.0,2.423724994760154,1.2453,0.0203589848283343,2.077089969730651,5.0,False,global,1.0,"{""0"": 1.0}",1.0,1.0,2.399069761484433
AR-LRX-Aug [linear],M01AE,A_lag1,pacf_train,1,14,1822,180,90,2014-01-16,2019-01-11,2019-01-12,2019-07-10,2019-07-11,2019-10-08,"{""colsample_bytree"": 0.8, ""learning_rate"": 0.05, ""max_depth"": 3, ""n_estimators"": 500, ""subsample"": 0.8}",132,none,42,5.758664596867041,2.3997217748870474,1.7913812906954516,0.0546393374209742,0.5874320117930701,47.640951679517904,3.999401216502848,4.304599388731375,2.074752850035728,1.6558463717566196,-0.0451949439045202,0.6081861890380409,51.88724321998054,3.246357572646258,5.824,daily,5,origin0,daily|M01AE|A_lag1,-0.0740959969092502,5,linear,0.5999999999999999,2.423724994760154,0.9903,0.0057911812367673,2.077089969730651,5.0,True,global,1.0,"{""0"": 0.6}",0.6,0.6,2.404123476909368
XGBoost,M01AE,A_lag1,pacf_train,1,14,1822,180,90,2014-01-16,2019-01-11,2019-01-12,2019-07-10,2019-07-11,2019-10-08,"{""colsample_bytree"": 0.8, ""learning_rate"": 0.05, ""max_depth"": 3, ""n_estimators"": 100, ""subsample"": 0.8}",12,none,42,5.779997125929894,2.4041624583064043,1.8034498021549648,0.0511373217244329,0.58851905430861,47.98485154569055,4.048757931921362,4.2443512330786,2.060182330056881,1.6355633784400092,-0.0305661568836657,0.6039150349976525,51.36321160548102,3.021808957495776,5.443,daily,5,origin0,daily|M01AE|A_lag1,,5,,,,,,,,,,,,,,
"LR-XGB (residual, tanpa gerbang)",M01AE,A_lag1,pacf_train,1,14,1822,180,90,2014-01-16,2019-01-11,2019-01-12,2019-07-10,2019-07-11,2019-10-08,"{""colsample_bytree"": 0.8, ""learning_rate"": 0.05, ""max_depth"": 3, ""n_estimators"": 100, ""subsample"": 0.8}",12,none,42,5.729047384857735,2.3935428521039133,1.7972678729172,0.0595013929718555,0.5859194626804208,47.88326783073563,3.96703812255581,4.256485770660783,2.063125243571214,1.635969565185398,-0.0335125303280139,0.604777710932726,51.35626696694979,3.025759282551907,5.836,daily,5,origin0,daily|M01AE|A_lag1,,5,,,,,,,5.0,,,,,,,
Naive,M01AE,B_rich,pacf_train,15,14,1822,180,90,2014-01-16,2019-01-11,2019-01-12,2019-07-10,2019-07-11,2019-10-08,{},0,none,42,7.890827355555555,2.809061650365751,2.1526222222222224,-0.2953832701427139,0.6876350224403764,59.74699460878488,2.9788138348034785,7.602882422222222,2.757332483075304,2.2170444444444444,-0.8460473435947686,0.8082753253060911,72.0272605216129,2.7422105559016825,0.0,daily,5,origin0,daily|M01AE|B_rich,,5,,,,,,,,,,,,,,
SeasonalNaive(s=7),M01AE,B_rich,pacf_train,15,14,1822,180,90,2014-01-16,2019-01-11,2019-01-12,2019-07-10,2019-07-11,2019-10-08,{},0,none,42,8.281171466666668,2.877702463192932,2.1980555555555554,-0.3594633986701825,0.7044377248170219,61.14009776752365,7.374014186537156,8.181080133333333,2.860258752863687,2.195377777777778,-0.9864388805662508,0.8384467916440792,69.63848636378324,4.284158744436614,0.0,daily,5,origin0,daily|M01AE|B_rich,,5,,,,,,,,,,,,,,
S1 [linear],M01AE,B_rich,pacf_train,15,14,1822,180,90,2014-01-16,2019-01-11,2019-01-12,2019-07-10,2019-07-11,2019-10-08,{},0,none,42,4.95509711781227,2.226004743438852,1.6528737750276965,0.1865555259136091,0.5449075215233026,44.727123463826864,4.329774424296876,4.321787665184335,2.0788909700088496,1.6177631855197308,-0.0493684100091935,0.6093992238417727,51.23327738716614,3.125609411166473,0.014,daily,5,origin0,daily|M01AE|B_rich,,5,linear,0.0,2.226004743438852,0.0,,2.0788909700088496,,,,,,,,
AR-LRX [linear],M01AE,B_rich,pacf_train,15,14,1822,180,90,2014-01-16,2019-01-11,2019-01-12,2019-07-10,2019-07-11,2019-10-08,"{""colsample_bytree"": 0.8, ""learning_rate"": 0.05, ""max_depth"": 3, ""n_estimators"": 100, ""subsample"": 0.8}",132,none,42,4.716716606282604,2.1718003145507194,1.6296638155308951,0.2256888274863757,0.5316387263475165,44.32276469346721,4.530472825167214,4.239915585466951,2.0591055304347448,1.6057170921776924,-0.0294891422679097,0.6035993855175067,51.03872366353029,3.093993837788468,8.248,daily,5,origin0,daily|M01AE|B_rich,0.007784149291505,5,linear,1.0,2.226004743438852,2.4351,0.0462161109018275,2.0788909700088496,5.0,,,,,,,
AR-LRX-g [linear],M01AE,B_rich,pacf_train,15,14,1822,180,90,2014-01-16,2019-01-11,2019-01-12,2019-07-10,2019-07-11,2019-10-08,"{""colsample_bytree"": 0.8, ""learning_rate"": 0.05, ""max_depth"": 3, ""n_estimators"": 100, ""subsample"": 0.8}",132,none,42,4.716716606282604,2.1718003145507194,1.6296638155308951,0.2256888274863757,0.5316387263475165,44.32276469346721,4.530472825167214,4.239915585466951,2.0591055304347448,1.6057170921776924,-0.0294891422679097,0.6035993855175067,51.03872366353029,3.093993837788468,8.782,daily,5,origin0,daily|M01AE|B_rich,0.007784149291505,5,linear,1.0,2.226004743438852,2.4351,0.0462161109018275,2.0788909700088496,5.0,False,global,1.0,"{""0"": 1.0}",1.0,1.0,2.1718003145507194
AR-LRX-Aug [linear],M01AE,B_rich,pacf_train,15,14,1822,180,90,2014-01-16,2019-01-11,2019-01-12,2019-07-10,2019-07-11,2019-10-08,"{""colsample_bytree"": 0.8, ""learning_rate"": 0.1, ""max_depth"": 5, ""n_estimators"": 100, ""subsample"": 0.8}",132,none,42,4.809627382434226,2.193086268808007,1.646404368223046,0.2104362995042433,0.5368493516221412,44.74795775497054,4.384548330143563,4.216344656947966,2.0533739690928114,1.6019885718514366,-0.0237659115822224,0.6019192545805963,50.795780240547714,3.046389810410981,8.358,daily,5,origin0,daily|M01AE|B_rich,0.0067654923139822,5,linear,0.5,2.226004743438852,1.4788,-0.0155082216407858,2.0788909700088496,5.0,True,global,1.0,"{""0"": 0.5}",0.5,0.5,2.211149937097768
XGBoost,M01AE,B_rich,pacf_train,15,14,1822,180,90,2014-01-16,2019-01-11,2019-01-12,2019-07-10,2019-07-11,2019-10-08,"{""colsample_bytree"": 0.8, ""learning_rate"": 0.05, ""max_depth"": 3, ""n_estimators"": 100, ""subsample"": 0.8}",12,none,42,5.1972281295290905,2.2797429963768043,1.713266517607371,0.1468065303231948,0.5580622006881704,46.10454763166159,4.349563507791805,4.193830984794414,2.0478845145159954,1.6110072291268245,-0.0182993921274232,0.6003100940201402,51.1366827172502,2.9965229855299764,7.958,daily,5,origin0,daily|M01AE|B_rich,,5,,,,,,,,,,,,,,
"LR-XGB (residual, tanpa gerbang)",M01AE,B_rich,pacf_train,15,14,1822,180,90,2014-01-16,2019-01-11,2019-01-12,2019-07-10,2019-07-11,2019-10-08,"{""colsample_bytree"": 0.8, ""learning_rate"": 0.05, ""max_depth"": 3, ""n_estimators"": 100, ""subsample"": 0.8}",12,none,42,4.716716606282604,2.1718003145507194,1.6296638155308951,0.2256888274863757,0.5316387263475165,44.32276469346721,4.530472825167214,4.239915585466951,2.0591055304347448,1.6057170921776924,-0.0294891422679097,0.6035993855175067,51.03872366353029,3.093993837788468,7.939,daily,5,origin0,daily|M01AE|B_rich,,5,,,,,,,5.0,,,,,,,
Naive,N02BA,A_lag1,pacf_train,1,1,1835,180,90,2014-01-03,2019-01-11,2019-01-12,2019-07-10,2019-07-11,2019-10-08,{},0,none,42,8.785277777777779,2.96399692607428,2.265,-1.0630399033547313,0.8986347426197916,76.63796921275522,3.963920957307402,4.256611111111112,2.063155619702768,1.6655555555555552,-0.876419159491588,0.7220844089957189,64.5794106315468,5.732745180840975,0.0,daily,5,origin0,daily|N02BA|A_lag1,,5,,,,,,,,,,,,,,
SeasonalNaive(s=7),N02BA,A_lag1,pacf_train,1,1,1835,180,90,2014-01-03,2019-01-11,2019-01-12,2019-07-10,2019-07-11,2019-10-08,{},0,none,42,7.910374999999999,2.812538888620031,2.2202777777777776,-0.8575871689315726,0.8527151759333089,77.77809536022795,3.470010365595604,4.748027777777778,2.1789969659863635,1.7005555555555556,-1.093047746073021,0.7626277539909497,63.21854514450739,7.595450764019993,0.0,daily,5,origin0,daily|N02BA|A_lag1,,5,,,,,,,,,,,,,,
S1 [linear],N02BA,A_lag1,pacf_train,1,1,1835,180,90,2014-01-03,2019-01-11,2019-01-12,2019-07-10,2019-07-11,2019-10-08,{},0,none,42,4.718362605741738,2.1721792296543434,1.7352165098717622,-0.1080093971262288,0.6585687406733733,55.81983879825444,3.041673913887525,3.1790859500262285,1.782999144707094,1.5127658807091355,-0.4014194932509582,0.6240323664150824,52.73035707347471,5.841378983910357,0.005,daily,5,origin0,daily|N02BA|A_lag1,,5,linear,0.0,2.1721792296543434,0.0,,1.782999144707094,,,,,,,,
AR-LRX [linear],N02BA,A_lag1,pacf_train,1,1,1835,180,90,2014-01-03,2019-01-11,2019-01-12,2019-07-10,2019-07-11,2019-10-08,"{""colsample_bytree"": 0.8, ""learning_rate"": 0.05, ""max_depth"": 3, ""n_estimators"": 100, ""subsample"": 0.8}",132,none,42,4.718362605741738,2.1721792296543434,1.7352165098717622,-0.1080093971262288,0.6585687406733733,55.81983879825444,3.041673913887525,3.1790859500262285,1.782999144707094,1.5127658807091355,-0.4014194932509582,0.6240323664150824,52.73035707347471,5.841378983910357,5.516,daily,5,origin0,daily|N02BA|A_lag1,-0.3394629566249592,5,linear,0.0,2.1721792296543434,0.0,-0.1217217749409496,1.782999144707094,5.0,,,,,,,
AR-LRX-g [linear],N02BA,A_lag1,pacf_train,1,1,1835,180,90,2014-01-03,2019-01-11,2019-01-12,2019-07-10,2019-07-11,2019-10-08,"{""colsample_bytree"": 0.8, ""learning_rate"": 0.05, ""max_depth"": 3, ""n_estimators"": 100, ""subsample"": 0.8}",132,none,42,4.718362605741738,2.1721792296543434,1.7352165098717622,-0.1080093971262288,0.6585687406733733,55.81983879825444,3.041673913887525,3.1790859500262285,1.782999144707094,1.5127658807091355,-0.4014194932509582,0.6240323664150824,52.73035707347471,5.841378983910357,5.748,daily,5,origin0,daily|N02BA|A_lag1,-0.3394629566249592,5,linear,0.0,2.1721792296543434,0.0,-0.1217217749409496,1.782999144707094,5.0,False,global,1.0,"{""0"": 0.0}",0.0,0.0,2.1721792296543434
AR-LRX-Aug [linear],N02BA,A_lag1,pacf_train,1,1,1835,180,90,2014-01-03,2019-01-11,2019-01-12,2019-07-10,2019-07-11,2019-10-08,"{""colsample_bytree"": 0.8, ""learning_rate"": 0.05, ""max_depth"": 3, ""n_estimators"": 100, ""subsample"": 0.8}",132,none,42,4.718362605741738,2.1721792296543434,1.7352165098717622,-0.1080093971262288,0.6585687406733733,55.81983879825444,3.041673913887525,3.1790859500262285,1.782999144707094,1.5127658807091355,-0.4014194932509582,0.6240323664150824,52.73035707347471,5.841378983910357,5.952,daily,5,origin0,daily|N02BA|A_lag1,-0.5553626609759432,5,linear,0.0,2.1721792296543434,0.0,-0.2034095326728624,1.782999144707094,5.0,True,global,1.0,"{""0"": 0.0}",0.0,0.0,2.1721792296543434
XGBoost,N02BA,A_lag1,pacf_train,1,1,1835,180,90,2014-01-03,2019-01-11,2019-01-12,2019-07-10,2019-07-11,2019-10-08,"{""colsample_bytree"": 0.8, ""learning_rate"": 0.05, ""max_depth"": 3, ""n_estimators"": 100, ""subsample"": 0.8}",12,none,42,4.91495144095494,2.216968976092119,1.7776200090514287,-0.1541741994076944,0.6721482494468274,56.549202964977766,3.110805141980587,3.087466569920059,1.7571188263518376,1.4925415372848507,-0.3610314108717147,0.6149745065979599,52.310113555811725,5.627598063999111,5.606,daily,5,origin0,daily|N02BA|A_lag1,,5,,,,,,,,,,,,,,
"LR-XGB (residual, tanpa gerbang)",N02BA,A_lag1,pacf_train,1,1,1835,180,90,2014-01-03,2019-01-11,2019-01-12,2019-07-10,2019-07-11,2019-10-08,"{""colsample_bytree"": 0.8, ""learning_rate"": 0.05, ""max_depth"": 3, ""n_estimators"": 100, ""subsample"": 0.8}",12,none,42,4.877174033298117,2.208432483300795,1.770060747684923,-0.1453029603401645,0.6695601263165624,56.46349368690344,3.1139914360148606,3.035929615385146,1.7423919235881309,1.477744218867083,-0.3383126502457494,0.6098202338049067,51.98171392645384,5.56978608269795,6.108,daily,5,origin0,daily|N02BA|A_lag1,,5,,,,,,,5.0,,,,,,,
Naive,N02BA,B_rich,pacf_train,1,1,1835,180,90,2014-01-03,2019-01-11,2019-01-12,2019-07-10,2019-07-11,2019-10-08,{},0,none,42,8.785277777777779,2.96399692607428,2.265,-1.0630399033547313,0.8986347426197916,76.63796921275522,3.963920957307402,4.256611111111112,2.063155619702768,1.6655555555555552,-0.876419159491588,0.7220844089957189,64.5794106315468,5.732745180840975,0.0,daily,5,origin0,daily|N02BA|B_rich,,5,,,,,,,,,,,,,,
SeasonalNaive(s=7),N02BA,B_rich,pacf_train,1,1,1835,180,90,2014-01-03,2019-01-11,2019-01-12,2019-07-10,2019-07-11,2019-10-08,{},0,none,42,7.910374999999999,2.812538888620031,2.2202777777777776,-0.8575871689315726,0.8527151759333089,77.77809536022795,3.470010365595604,4.748027777777778,2.1789969659863635,1.7005555555555556,-1.093047746073021,0.7626277539909497,63.21854514450739,7.595450764019993,0.0,daily,5,origin0,daily|N02BA|B_rich,,5,,,,,,,,,,,,,,
S1 [linear],N02BA,B_rich,pacf_train,1,1,1835,180,90,2014-01-03,2019-01-11,2019-01-12,2019-07-10,2019-07-11,2019-10-08,{},0,none,42,4.718362605741738,2.1721792296543434,1.7352165098717622,-0.1080093971262288,0.6585687406733733,55.81983879825444,3.041673913887525,3.1790859500262285,1.782999144707094,1.5127658807091355,-0.4014194932509582,0.6240323664150824,52.73035707347471,5.841378983910357,0.011,daily,5,origin0,daily|N02BA|B_rich,,5,linear,0.0,2.1721792296543434,0.0,,1.782999144707094,,,,,,,,
AR-LRX [linear],N02BA,B_rich,pacf_train,1,1,1835,180,90,2014-01-03,2019-01-11,2019-01-12,2019-07-10,2019-07-11,2019-10-08,"{""colsample_bytree"": 0.8, ""learning_rate"": 0.05, ""max_depth"": 3, ""n_estimators"": 100, ""subsample"": 0.8}",132,none,42,4.718362605741738,2.1721792296543434,1.7352165098717622,-0.1080093971262288,0.6585687406733733,55.81983879825444,3.041673913887525,3.1790859500262285,1.782999144707094,1.5127658807091355,-0.4014194932509582,0.6240323664150824,52.73035707347471,5.841378983910357,5.768,daily,5,origin0,daily|N02BA|B_rich,-0.3394629566249592,5,linear,0.0,2.1721792296543434,0.0,-0.1217217749409496,1.782999144707094,5.0,,,,,,,
AR-LRX-g [linear],N02BA,B_rich,pacf_train,1,1,1835,180,90,2014-01-03,2019-01-11,2019-01-12,2019-07-10,2019-07-11,2019-10-08,"{""colsample_bytree"": 0.8, ""learning_rate"": 0.05, ""max_depth"": 3, ""n_estimators"": 100, ""subsample"": 0.8}",132,none,42,4.718362605741738,2.1721792296543434,1.7352165098717622,-0.1080093971262288,0.6585687406733733,55.81983879825444,3.041673913887525,3.1790859500262285,1.782999144707094,1.5127658807091355,-0.4014194932509582,0.6240323664150824,52.73035707347471,5.841378983910357,6.754,daily,5,origin0,daily|N02BA|B_rich,-0.3394629566249592,5,linear,0.0,2.1721792296543434,0.0,-0.1217217749409496,1.782999144707094,5.0,False,global,1.0,"{""0"": 0.0}",0.0,0.0,2.1721792296543434
AR-LRX-Aug [linear],N02BA,B_rich,pacf_train,1,1,1835,180,90,2014-01-03,2019-01-11,2019-01-12,2019-07-10,2019-07-11,2019-10-08,"{""colsample_bytree"": 0.8, ""learning_rate"": 0.05, ""max_depth"": 3, ""n_estimators"": 100, ""subsample"": 0.8}",132,none,42,4.718362605741738,2.1721792296543434,1.7352165098717622,-0.1080093971262288,0.6585687406733733,55.81983879825444,3.041673913887525,3.1790859500262285,1.782999144707094,1.5127658807091355,-0.4014194932509582,0.6240323664150824,52.73035707347471,5.841378983910357,6.485,daily,5,origin0,daily|N02BA|B_rich,-0.5553626609759432,5,linear,0.0,2.1721792296543434,0.0,-0.2034095326728624,1.782999144707094,5.0,True,global,1.0,"{""0"": 0.0}",0.0,0.0,2.1721792296543434
XGBoost,N02BA,B_rich,pacf_train,1,1,1835,180,90,2014-01-03,2019-01-11,2019-01-12,2019-07-10,2019-07-11,2019-10-08,"{""colsample_bytree"": 0.8, ""learning_rate"": 0.05, ""max_depth"": 3, ""n_estimators"": 100, ""subsample"": 0.8}",12,none,42,4.91495144095494,2.216968976092119,1.7776200090514287,-0.1541741994076944,0.6721482494468274,56.549202964977766,3.110805141980587,3.087466569920059,1.7571188263518376,1.4925415372848507,-0.3610314108717147,0.6149745065979599,52.310113555811725,5.627598063999111,7.168,daily,5,origin0,daily|N02BA|B_rich,,5,,,,,,,,,,,,,,
"LR-XGB (residual, tanpa gerbang)",N02BA,B_rich,pacf_train,1,1,1835,180,90,2014-01-03,2019-01-11,2019-01-12,2019-07-10,2019-07-11,2019-10-08,"{""colsample_bytree"": 0.8, ""learning_rate"": 0.05, ""max_depth"": 3, ""n_estimators"": 100, ""subsample"": 0.8}",12,none,42,4.877174033298117,2.208432483300795,1.770060747684923,-0.1453029603401645,0.6695601263165624,56.46349368690344,3.1139914360148606,3.035929615385146,1.7423919235881309,1.477744218867083,-0.3383126502457494,0.6098202338049067,51.98171392645384,5.56978608269795,6.166,daily,5,origin0,daily|N02BA|B_rich,,5,,,,,,,5.0,,,,,,,
Naive,N02BE,A_lag1,pacf_train,1,1,1835,180,90,2014-01-03,2019-01-11,2019-01-12,2019-07-10,2019-07-11,2019-10-08,{},0,none,42,246.3650229333333,15.696019334001004,11.940133333333334,0.1395847660279616,0.5331039386333796,43.543759504123,0.6309347355844808,112.97182833333332,10.628820646399737,8.397333333333334,0.3298169007510769,0.4288975782671261,36.77344465324622,0.5788734338307931,0.0,daily,5,origin0,daily|N02BE|A_lag1,,5,,,,,,,,,,,,,,
SeasonalNaive(s=7),N02BE,A_lag1,pacf_train,1,1,1835,180,90,2014-01-03,2019-01-11,2019-01-12,2019-07-10,2019-07-11,2019-10-08,{},0,none,42,224.710373,14.990342657858092,11.117366666666667,0.2152123468717465,0.5091361409740985,40.70303637663572,0.6590438363009334,167.25430055555557,12.932683424392462,9.571666666666667,0.0077968360545717,0.5218637876908928,40.630241193068905,0.6787591231668029,0.0,daily,5,origin0,daily|N02BE|A_lag1,,5,,,,,,,,,,,,,,
S1 [linear],N02BE,A_lag1,pacf_train,1,1,1835,180,90,2014-01-03,2019-01-11,2019-01-12,2019-07-10,2019-07-11,2019-10-08,{},0,none,42,199.28741092667224,14.116919314307646,10.825036218079587,0.3040005344161439,0.4794709491421522,37.98576550624224,0.6043529564848295,112.78445976301263,10.620002813700786,8.950466707627722,0.3309284278548858,0.4285417582551076,36.82976653560336,0.7477941571680172,0.008,daily,5,origin0,daily|N02BE|A_lag1,,5,linear,0.0,14.116919314307646,0.0,,10.620002813700786,,,,,,,,
AR-LRX [linear],N02BE,A_lag1,pacf_train,1,1,1835,180,90,2014-01-03,2019-01-11,2019-01-12,2019-07-10,2019-07-11,2019-10-08,"{""colsample_bytree"": 0.8, ""learning_rate"": 0.05, ""max_depth"": 3, ""n_estimators"": 100, ""subsample"": 0.8}",132,none,42,199.28741092667224,14.116919314307646,10.825036218079587,0.3040005344161439,0.4794709491421522,37.98576550624224,0.6043529564848295,112.78445976301263,10.620002813700786,8.950466707627722,0.3309284278548858,0.4285417582551076,36.82976653560336,0.7477941571680172,5.978,daily,5,origin0,daily|N02BE|A_lag1,-0.0724519440494639,5,linear,0.0,14.116919314307646,0.0,-0.0430523221734198,10.620002813700786,5.0,,,,,,,
AR-LRX-g [linear],N02BE,A_lag1,pacf_train,1,1,1835,180,90,2014-01-03,2019-01-11,2019-01-12,2019-07-10,2019-07-11,2019-10-08,"{""colsample_bytree"": 0.8, ""learning_rate"": 0.1, ""max_depth"": 3, ""n_estimators"": 500, ""subsample"": 0.8}",132,none,42,199.28741092667224,14.116919314307646,10.825036218079587,0.3040005344161439,0.4794709491421522,37.98576550624224,0.6043529564848295,112.78445976301263,10.620002813700786,8.950466707627722,0.3309284278548858,0.4285417582551076,36.82976653560336,0.7477941571680172,6.195,daily,5,origin0,daily|N02BE|A_lag1,-0.1537016421608736,5,linear,0.0,14.116919314307646,0.0,-0.0977938150331785,10.620002813700786,5.0,False,global,1.0,"{""0"": 0.0}",0.0,0.0,14.127657075033644
AR-LRX-Aug [linear],N02BE,A_lag1,pacf_train,1,1,1835,180,90,2014-01-03,2019-01-11,2019-01-12,2019-07-10,2019-07-11,2019-10-08,"{""colsample_bytree"": 0.8, ""learning_rate"": 0.05, ""max_depth"": 3, ""n_estimators"": 100, ""subsample"": 0.8}",132,none,42,198.7473391081641,14.097777807447674,10.7677626423108,0.3058867032178293,0.4788208217129432,37.66161877449668,0.6011143781323246,111.60922645877734,10.56452679767425,8.8660669792749,0.3379002677356127,0.4263031722710879,36.578351623402654,0.7346975163716759,5.89,daily,5,origin0,daily|N02BE|A_lag1,-0.0601595657050977,5,linear,0.2999999999999999,14.116919314307646,0.1356,-0.0173001297888331,10.620002813700786,5.0,True,global,1.0,"{""0"": 0.3}",0.3,0.3,14.138286048596948
XGBoost,N02BE,A_lag1,pacf_train,1,1,1835,180,90,2014-01-03,2019-01-11,2019-01-12,2019-07-10,2019-07-11,2019-10-08,"{""colsample_bytree"": 0.8, ""learning_rate"": 0.1, ""max_depth"": 3, ""n_estimators"": 100, ""subsample"": 0.8}",12,none,42,210.92076301459184,14.523111340707674,10.976319191657172,0.2633717420679905,0.4932669673877625,38.1982056041508,0.5989305600162572,114.96653691237412,10.72224495674176,8.935213958740233,0.3179836853617005,0.4326674659893865,36.58124974959331,0.7014176430775516,5.937,daily,5,origin0,daily|N02BE|A_lag1,,5,,,,,,,,,,,,,,
"LR-XGB (residual, tanpa gerbang)",N02BE,A_lag1,pacf_train,1,1,1835,180,90,2014-01-03,2019-01-11,2019-01-12,2019-07-10,2019-07-11,2019-10-08,"{""colsample_bytree"": 0.8, ""learning_rate"": 0.05, ""max_depth"": 3, ""n_estimators"": 100, ""subsample"": 0.8}",12,none,42,207.54607459783483,14.406459474757662,10.942132681663402,0.2751576412557679,0.4893049711730807,38.113657377092366,0.6013454733325833,111.75119980269272,10.571244004500734,8.784890274336156,0.3370580388628075,0.4265742271544511,36.20457074797992,0.7117896667992274,5.721,daily,5,origin0,daily|N02BE|A_lag1,,5,,,,,,,5.0,,,,,,,
Naive,N02BE,B_rich,pacf_train,1,1,1835,180,90,2014-01-03,2019-01-11,2019-01-12,2019-07-10,2019-07-11,2019-10-08,{},0,none,42,246.3650229333333,15.696019334001004,11.940133333333334,0.1395847660279616,0.5331039386333796,43.543759504123,0.6309347355844808,112.97182833333332,10.628820646399737,8.397333333333334,0.3298169007510769,0.4288975782671261,36.77344465324622,0.5788734338307931,0.0,daily,5,origin0,daily|N02BE|B_rich,,5,,,,,,,,,,,,,,
SeasonalNaive(s=7),N02BE,B_rich,pacf_train,1,1,1835,180,90,2014-01-03,2019-01-11,2019-01-12,2019-07-10,2019-07-11,2019-10-08,{},0,none,42,224.710373,14.990342657858092,11.117366666666667,0.2152123468717465,0.5091361409740985,40.70303637663572,0.6590438363009334,167.25430055555557,12.932683424392462,9.571666666666667,0.0077968360545717,0.5218637876908928,40.630241193068905,0.6787591231668029,0.0,daily,5,origin0,daily|N02BE|B_rich,,5,,,,,,,,,,,,,,
S1 [linear],N02BE,B_rich,pacf_train,1,1,1835,180,90,2014-01-03,2019-01-11,2019-01-12,2019-07-10,2019-07-11,2019-10-08,{},0,none,42,199.28741092667224,14.116919314307646,10.825036218079587,0.3040005344161439,0.4794709491421522,37.98576550624224,0.6043529564848295,112.78445976301263,10.620002813700786,8.950466707627722,0.3309284278548858,0.4285417582551076,36.82976653560336,0.7477941571680172,0.009,daily,5,origin0,daily|N02BE|B_rich,,5,linear,0.0,14.116919314307646,0.0,,10.620002813700786,,,,,,,,
AR-LRX [linear],N02BE,B_rich,pacf_train,1,1,1835,180,90,2014-01-03,2019-01-11,2019-01-12,2019-07-10,2019-07-11,2019-10-08,"{""colsample_bytree"": 0.8, ""learning_rate"": 0.05, ""max_depth"": 3, ""n_estimators"": 100, ""subsample"": 0.8}",132,none,42,199.28741092667224,14.116919314307646,10.825036218079587,0.3040005344161439,0.4794709491421522,37.98576550624224,0.6043529564848295,112.78445976301263,10.620002813700786,8.950466707627722,0.3309284278548858,0.4285417582551076,36.82976653560336,0.7477941571680172,5.959,daily,5,origin0,daily|N02BE|B_rich,-0.0724519440494639,5,linear,0.0,14.116919314307646,0.0,-0.0430523221734198,10.620002813700786,5.0,,,,,,,
AR-LRX-g [linear],N02BE,B_rich,pacf_train,1,1,1835,180,90,2014-01-03,2019-01-11,2019-01-12,2019-07-10,2019-07-11,2019-10-08,"{""colsample_bytree"": 0.8, ""learning_rate"": 0.1, ""max_depth"": 3, ""n_estimators"": 500, ""subsample"": 0.8}",132,none,42,199.28741092667224,14.116919314307646,10.825036218079587,0.3040005344161439,0.4794709491421522,37.98576550624224,0.6043529564848295,112.78445976301263,10.620002813700786,8.950466707627722,0.3309284278548858,0.4285417582551076,36.82976653560336,0.7477941571680172,6.21,daily,5,origin0,daily|N02BE|B_rich,-0.1537016421608736,5,linear,0.0,14.116919314307646,0.0,-0.0977938150331785,10.620002813700786,5.0,False,global,1.0,"{""0"": 0.0}",0.0,0.0,14.127657075033644
AR-LRX-Aug [linear],N02BE,B_rich,pacf_train,1,1,1835,180,90,2014-01-03,2019-01-11,2019-01-12,2019-07-10,2019-07-11,2019-10-08,"{""colsample_bytree"": 0.8, ""learning_rate"": 0.05, ""max_depth"": 3, ""n_estimators"": 100, ""subsample"": 0.8}",132,none,42,198.7473391081641,14.097777807447674,10.7677626423108,0.3058867032178293,0.4788208217129432,37.66161877449668,0.6011143781323246,111.60922645877734,10.56452679767425,8.8660669792749,0.3379002677356127,0.4263031722710879,36.578351623402654,0.7346975163716759,5.958,daily,5,origin0,daily|N02BE|B_rich,-0.0601595657050977,5,linear,0.2999999999999999,14.116919314307646,0.1356,-0.0173001297888331,10.620002813700786,5.0,True,global,1.0,"{""0"": 0.3}",0.3,0.3,14.138286048596948
XGBoost,N02BE,B_rich,pacf_train,1,1,1835,180,90,2014-01-03,2019-01-11,2019-01-12,2019-07-10,2019-07-11,2019-10-08,"{""colsample_bytree"": 0.8, ""learning_rate"": 0.1, ""max_depth"": 3, ""n_estimators"": 100, ""subsample"": 0.8}",12,none,42,210.92076301459184,14.523111340707674,10.976319191657172,0.2633717420679905,0.4932669673877625,38.1982056041508,0.5989305600162572,114.96653691237412,10.72224495674176,8.935213958740233,0.3179836853617005,0.4326674659893865,36.58124974959331,0.7014176430775516,5.552,daily,5,origin0,daily|N02BE|B_rich,,5,,,,,,,,,,,,,,
"LR-XGB (residual, tanpa gerbang)",N02BE,B_rich,pacf_train,1,1,1835,180,90,2014-01-03,2019-01-11,2019-01-12,2019-07-10,2019-07-11,2019-10-08,"{""colsample_bytree"": 0.8, ""learning_rate"": 0.05, ""max_depth"": 3, ""n_estimators"": 100, ""subsample"": 0.8}",12,none,42,207.54607459783483,14.406459474757662,10.942132681663402,0.2751576412557679,0.4893049711730807,38.113657377092366,0.6013454733325833,111.75119980269272,10.571244004500734,8.784890274336156,0.3370580388628075,0.4265742271544511,36.20457074797992,0.7117896667992274,5.652,daily,5,origin0,daily|N02BE|B_rich,,5,,,,,,,5.0,,,,,,,
Naive,N05B,A_lag1,pacf_train,1,1,1835,180,90,2014-01-03,2019-01-11,2019-01-12,2019-07-10,2019-07-11,2019-10-08,{},0,none,42,33.14822222222222,5.757449280907494,4.405555555555556,-0.8140613560797878,0.6527720273137748,55.36493836511818,1.6700471168649995,25.040444444444443,5.004042810013164,3.931111111111112,-0.6968902944055417,0.6229098933626346,49.95469975485596,1.0544557892530002,0.0,daily,5,origin0,daily|N05B|A_lag1,,5,,,,,,,,,,,,,,
SeasonalNaive(s=7),N05B,A_lag1,pacf_train,1,1,1835,180,90,2014-01-03,2019-01-11,2019-01-12,2019-07-10,2019-07-11,2019-10-08,{},0,none,42,33.988,5.829922812525051,4.466666666666667,-0.8600188256583507,0.6609889810119105,55.78792729054979,1.4403828633364333,24.312,4.930720028555667,3.937777777777778,-0.6475265416760787,0.6137825761687553,50.956225672420686,1.1982439472313473,0.0,daily,5,origin0,daily|N05B|A_lag1,,5,,,,,,,,,,,,,,
S1 [linear],N05B,A_lag1,pacf_train,1,1,1835,180,90,2014-01-03,2019-01-11,2019-01-12,2019-07-10,2019-07-11,2019-10-08,{},0,none,42,18.75929038003571,4.331199646753277,3.4115692338186414,-0.0266162546445221,0.4910657195865394,42.94131328045784,1.4469546850761237,15.29015773147088,3.910263128162973,3.221445230318396,-0.0361525456158267,0.4867547462443535,40.859068893040345,1.0705962681236316,0.009,daily,5,origin0,daily|N05B|A_lag1,,5,linear,0.0,4.331199646753277,0.0,,3.910263128162973,,,,,,,,
AR-LRX [linear],N05B,A_lag1,pacf_train,1,1,1835,180,90,2014-01-03,2019-01-11,2019-01-12,2019-07-10,2019-07-11,2019-10-08,"{""colsample_bytree"": 0.8, ""learning_rate"": 0.1, ""max_depth"": 3, ""n_estimators"": 100, ""subsample"": 0.8}",132,none,42,18.73968401510233,4.328935667701974,3.405713910460926,-0.0255432815987761,0.4908090326192714,42.909079337203416,1.4374568494945337,15.420602270652116,3.926907469071829,3.225736869707452,-0.044992247841797,0.4888266559010575,40.84333344651234,1.0710544441197982,5.588,daily,5,origin0,daily|N05B|A_lag1,-0.0997373664800418,5,linear,0.2,4.331199646753277,0.0523,-0.026536714703174,3.910263128162973,5.0,,,,,,,
AR-LRX-g [linear],N05B,A_lag1,pacf_train,1,1,1835,180,90,2014-01-03,2019-01-11,2019-01-12,2019-07-10,2019-07-11,2019-10-08,"{""colsample_bytree"": 0.8, ""learning_rate"": 0.1, ""max_depth"": 5, ""n_estimators"": 300, ""subsample"": 0.8}",132,none,42,18.75929038003571,4.331199646753277,3.4115692338186414,-0.0266162546445221,0.4910657195865394,42.94131328045784,1.4469546850761237,15.29015773147088,3.910263128162973,3.221445230318396,-0.0361525456158267,0.4867547462443535,40.859068893040345,1.0705962681236316,6.437,daily,5,origin0,daily|N05B|A_lag1,-0.1203145099066962,5,linear,0.0,4.331199646753277,0.0,-0.1315597307818186,3.910263128162973,5.0,False,global,1.0,"{""0"": 0.0}",0.0,0.0,4.341284618514403
AR-LRX-Aug [linear],N05B,A_lag1,pacf_train,1,1,1835,180,90,2014-01-03,2019-01-11,2019-01-12,2019-07-10,2019-07-11,2019-10-08,"{""colsample_bytree"": 0.8, ""learning_rate"": 0.1, ""max_depth"": 3, ""n_estimators"": 300, ""subsample"": 0.8}",132,none,42,17.975254256824226,4.239723370318425,3.3860646315258616,0.0162907110248186,0.4806942596732908,43.04068163749393,1.381659338010524,16.75927527774433,4.093809384637288,3.394031720724542,-0.1357087380445671,0.5096028279631478,42.69168540637205,1.1218719575390397,6.57,daily,5,origin0,daily|N05B|A_lag1,-0.3083843333095406,5,linear,0.5,4.331199646753277,2.112,0.0136061743606392,3.910263128162973,5.0,True,global,1.0,"{""0"": 0.5}",0.5,0.5,4.244906074513566
XGBoost,N05B,A_lag1,pacf_train,1,1,1835,180,90,2014-01-03,2019-01-11,2019-01-12,2019-07-10,2019-07-11,2019-10-08,"{""colsample_bytree"": 0.8, ""learning_rate"": 0.05, ""max_depth"": 3, ""n_estimators"": 100, ""subsample"": 0.8}",12,none,42,18.948879720738297,4.353031095769739,3.416239837540521,-0.0369916736998052,0.4935409405634625,43.15832642434477,1.402195368160375,15.979779718396792,3.997471665740333,3.24429680718316,-0.0828854564081857,0.4976105807975518,40.85491700007544,1.0783028689680798,5.888,daily,5,origin0,daily|N05B|A_lag1,,5,,,,,,,,,,,,,,
"LR-XGB (residual, tanpa gerbang)",N05B,A_lag1,pacf_train,1,1,1835,180,90,2014-01-03,2019-01-11,2019-01-12,2019-07-10,2019-07-11,2019-10-08,"{""colsample_bytree"": 0.8, ""learning_rate"": 0.05, ""max_depth"": 3, ""n_estimators"": 100, ""subsample"": 0.8}",12,none,42,19.109165059906147,4.371403099681628,3.431608969426132,-0.0457634092632168,0.4956239342042662,43.261705803866654,1.411851947916288,16.214590248913776,4.0267344398300935,3.259988924149181,-0.0987976224698741,0.501253249771381,40.92802049105383,1.0766124065167582,5.489,daily,5,origin0,daily|N05B|A_lag1,,5,,,,,,,5.0,,,,,,,
Naive,N05B,B_rich,pacf_train,1,1,1835,180,90,2014-01-03,2019-01-11,2019-01-12,2019-07-10,2019-07-11,2019-10-08,{},0,none,42,33.14822222222222,5.757449280907494,4.405555555555556,-0.8140613560797878,0.6527720273137748,55.36493836511818,1.6700471168649995,25.040444444444443,5.004042810013164,3.931111111111112,-0.6968902944055417,0.6229098933626346,49.95469975485596,1.0544557892530002,0.0,daily,5,origin0,daily|N05B|B_rich,,5,,,,,,,,,,,,,,
SeasonalNaive(s=7),N05B,B_rich,pacf_train,1,1,1835,180,90,2014-01-03,2019-01-11,2019-01-12,2019-07-10,2019-07-11,2019-10-08,{},0,none,42,33.988,5.829922812525051,4.466666666666667,-0.8600188256583507,0.6609889810119105,55.78792729054979,1.4403828633364333,24.312,4.930720028555667,3.937777777777778,-0.6475265416760787,0.6137825761687553,50.956225672420686,1.1982439472313473,0.0,daily,5,origin0,daily|N05B|B_rich,,5,,,,,,,,,,,,,,
S1 [linear],N05B,B_rich,pacf_train,1,1,1835,180,90,2014-01-03,2019-01-11,2019-01-12,2019-07-10,2019-07-11,2019-10-08,{},0,none,42,18.75929038003571,4.331199646753277,3.4115692338186414,-0.0266162546445221,0.4910657195865394,42.94131328045784,1.4469546850761237,15.29015773147088,3.910263128162973,3.221445230318396,-0.0361525456158267,0.4867547462443535,40.859068893040345,1.0705962681236316,0.01,daily,5,origin0,daily|N05B|B_rich,,5,linear,0.0,4.331199646753277,0.0,,3.910263128162973,,,,,,,,
AR-LRX [linear],N05B,B_rich,pacf_train,1,1,1835,180,90,2014-01-03,2019-01-11,2019-01-12,2019-07-10,2019-07-11,2019-10-08,"{""colsample_bytree"": 0.8, ""learning_rate"": 0.1, ""max_depth"": 3, ""n_estimators"": 100, ""subsample"": 0.8}",132,none,42,18.73968401510233,4.328935667701974,3.405713910460926,-0.0255432815987761,0.4908090326192714,42.909079337203416,1.4374568494945337,15.420602270652116,3.926907469071829,3.225736869707452,-0.044992247841797,0.4888266559010575,40.84333344651234,1.0710544441197982,5.033,daily,5,origin0,daily|N05B|B_rich,-0.0997373664800418,5,linear,0.2,4.331199646753277,0.0523,-0.026536714703174,3.910263128162973,5.0,,,,,,,
AR-LRX-g [linear],N05B,B_rich,pacf_train,1,1,1835,180,90,2014-01-03,2019-01-11,2019-01-12,2019-07-10,2019-07-11,2019-10-08,"{""colsample_bytree"": 0.8, ""learning_rate"": 0.1, ""max_depth"": 5, ""n_estimators"": 300, ""subsample"": 0.8}",132,none,42,18.75929038003571,4.331199646753277,3.4115692338186414,-0.0266162546445221,0.4910657195865394,42.94131328045784,1.4469546850761237,15.29015773147088,3.910263128162973,3.221445230318396,-0.0361525456158267,0.4867547462443535,40.859068893040345,1.0705962681236316,5.844,daily,5,origin0,daily|N05B|B_rich,-0.1203145099066962,5,linear,0.0,4.331199646753277,0.0,-0.1315597307818186,3.910263128162973,5.0,False,global,1.0,"{""0"": 0.0}",0.0,0.0,4.341284618514403
AR-LRX-Aug [linear],N05B,B_rich,pacf_train,1,1,1835,180,90,2014-01-03,2019-01-11,2019-01-12,2019-07-10,2019-07-11,2019-10-08,"{""colsample_bytree"": 0.8, ""learning_rate"": 0.1, ""max_depth"": 3, ""n_estimators"": 300, ""subsample"": 0.8}",132,none,42,17.975254256824226,4.239723370318425,3.3860646315258616,0.0162907110248186,0.4806942596732908,43.04068163749393,1.381659338010524,16.75927527774433,4.093809384637288,3.394031720724542,-0.1357087380445671,0.5096028279631478,42.69168540637205,1.1218719575390397,6.615,daily,5,origin0,daily|N05B|B_rich,-0.3083843333095406,5,linear,0.5,4.331199646753277,2.112,0.0136061743606392,3.910263128162973,5.0,True,global,1.0,"{""0"": 0.5}",0.5,0.5,4.244906074513566
XGBoost,N05B,B_rich,pacf_train,1,1,1835,180,90,2014-01-03,2019-01-11,2019-01-12,2019-07-10,2019-07-11,2019-10-08,"{""colsample_bytree"": 0.8, ""learning_rate"": 0.05, ""max_depth"": 3, ""n_estimators"": 100, ""subsample"": 0.8}",12,none,42,18.948879720738297,4.353031095769739,3.416239837540521,-0.0369916736998052,0.4935409405634625,43.15832642434477,1.402195368160375,15.979779718396792,3.997471665740333,3.24429680718316,-0.0828854564081857,0.4976105807975518,40.85491700007544,1.0783028689680798,5.449,daily,5,origin0,daily|N05B|B_rich,,5,,,,,,,,,,,,,,
"LR-XGB (residual, tanpa gerbang)",N05B,B_rich,pacf_train,1,1,1835,180,90,2014-01-03,2019-01-11,2019-01-12,2019-07-10,2019-07-11,2019-10-08,"{""colsample_bytree"": 0.8, ""learning_rate"": 0.05, ""max_depth"": 3, ""n_estimators"": 100, ""subsample"": 0.8}",12,none,42,19.109165059906147,4.371403099681628,3.431608969426132,-0.0457634092632168,0.4956239342042662,43.261705803866654,1.411851947916288,16.214590248913776,4.0267344398300935,3.259988924149181,-0.0987976224698741,0.501253249771381,40.92802049105383,1.0766124065167582,6.488,daily,5,origin0,daily|N05B|B_rich,,5,,,,,,,5.0,,,,,,,
Naive,N05C,A_lag1,pacf_train,1,4,1832,180,90,2014-01-06,2019-01-11,2019-01-12,2019-07-10,2019-07-11,2019-10-08,{},0,none,42,2.2333333333333334,1.4944341180973264,1.022222222222222,-1.0323559150657236,2.134905882996181,165.38337368845845,0.9947541247189466,3.2444444444444445,1.8012341448141729,1.1777777777777778,-1.2653219550038792,2.5731916354488185,180.9700176366843,1.1123935251693573,0.0,daily,5,origin0,daily|N05C|A_lag1,,5,,,,,,,,,,,,,,
SeasonalNaive(s=7),N05C,A_lag1,pacf_train,1,4,1832,180,90,2014-01-06,2019-01-11,2019-01-12,2019-07-10,2019-07-11,2019-10-08,{},0,none,42,2.327777777777778,1.5257056655127743,1.038888888888889,-1.11830131445905,2.1795795221611067,163.57546408393867,1.049298526283285,2.966666666666667,1.7224014243685084,1.1222222222222222,-1.0713731574864238,2.460573463383584,172.37196765498655,0.95401434432383,0.0,daily,5,origin0,daily|N05C|A_lag1,,5,,,,,,,,,,,,,,
S1 [linear],N05C,A_lag1,pacf_train,1,4,1832,180,90,2014-01-06,2019-01-11,2019-01-12,2019-07-10,2019-07-11,2019-10-08,{},0,none,42,1.1141021651071807,1.0555103813355795,0.8098834897312396,-0.0138442351834811,1.5078719733365429,152.93660271549265,0.5951598275124722,1.451753679945133,1.204887413804764,0.8865177181755628,-0.0136371698608377,1.721267734006806,163.13268422433828,0.6375969441485315,0.006,daily,5,origin0,daily|N05C|A_lag1,,5,linear,0.0,1.0555103813355795,0.0,,1.204887413804764,,,,,,,,
AR-LRX [linear],N05C,A_lag1,pacf_train,1,4,1832,180,90,2014-01-06,2019-01-11,2019-01-12,2019-07-10,2019-07-11,2019-10-08,"{""colsample_bytree"": 0.8, ""learning_rate"": 0.05, ""max_depth"": 3, ""n_estimators"": 100, ""subsample"": 0.8}",132,none,42,1.1141021651071807,1.0555103813355795,0.8098834897312396,-0.0138442351834811,1.5078719733365429,152.93660271549265,0.5951598275124722,1.451753679945133,1.204887413804764,0.8865177181755628,-0.0136371698608377,1.721267734006806,163.13268422433828,0.6375969441485315,5.067,daily,5,origin0,daily|N05C|A_lag1,-0.0171905448508946,5,linear,0.0,1.0555103813355795,0.0,-0.0156789987708017,1.204887413804764,5.0,,,,,,,
AR-LRX-g [linear],N05C,A_lag1,pacf_train,1,4,1832,180,90,2014-01-06,2019-01-11,2019-01-12,2019-07-10,2019-07-11,2019-10-08,"{""colsample_bytree"": 0.8, ""learning_rate"": 0.05, ""max_depth"": 3, ""n_estimators"": 100, ""subsample"": 0.8}",132,none,42,1.1141021651071807,1.0555103813355795,0.8098834897312396,-0.0138442351834811,1.5078719733365429,152.93660271549265,0.5951598275124722,1.451753679945133,1.204887413804764,0.8865177181755628,-0.0136371698608377,1.721267734006806,163.13268422433828,0.6375969441485315,5.236,daily,5,origin0,daily|N05C|A_lag1,-0.0171905448508946,5,linear,0.0,1.0555103813355795,0.0,-0.0156789987708017,1.204887413804764,5.0,False,global,1.0,"{""0"": 0.0}",0.0,0.0,1.0555103813355795
AR-LRX-Aug [linear],N05C,A_lag1,pacf_train,1,4,1832,180,90,2014-01-06,2019-01-11,2019-01-12,2019-07-10,2019-07-11,2019-10-08,"{""colsample_bytree"": 0.8, ""learning_rate"": 0.1, ""max_depth"": 5, ""n_estimators"": 500, ""subsample"": 0.8}",132,none,42,1.1141021651071807,1.0555103813355795,0.8098834897312396,-0.0138442351834811,1.5078719733365429,152.93660271549265,0.5951598275124722,1.451753679945133,1.204887413804764,0.8865177181755628,-0.0136371698608377,1.721267734006806,163.13268422433828,0.6375969441485315,5.84,daily,5,origin0,daily|N05C|A_lag1,0.0304511945983,5,linear,0.0,1.0555103813355795,0.0,-0.0293619900111341,1.204887413804764,5.0,True,global,1.0,"{""0"": 0.0}",0.0,0.0,1.0558422599532613
XGBoost,N05C,A_lag1,pacf_train,1,4,1832,180,90,2014-01-06,2019-01-11,2019-01-12,2019-07-10,2019-07-11,2019-10-08,"{""colsample_bytree"": 0.8, ""learning_rate"": 0.05, ""max_depth"": 3, ""n_estimators"": 100, ""subsample"": 0.8}",12,none,42,1.1170930095943596,1.056926208206779,0.8099825610717137,-0.0165659339079109,1.5098945831525414,153.58832977471636,0.6025053930664994,1.4629264824945103,1.209514978201804,0.8898886342843374,-0.0214381956905038,1.7278785402882917,163.48415093182115,0.641952023471394,6.856,daily,5,origin0,daily|N05C|A_lag1,,5,,,,,,,,,,,,,,
"LR-XGB (residual, tanpa gerbang)",N05C,A_lag1,pacf_train,1,4,1832,180,90,2014-01-06,2019-01-11,2019-01-12,2019-07-10,2019-07-11,2019-10-08,"{""colsample_bytree"": 0.8, ""learning_rate"": 0.05, ""max_depth"": 3, ""n_estimators"": 100, ""subsample"": 0.8}",12,none,42,1.1173354178297636,1.0570408780315752,0.8104572928897166,-0.0167865278531724,1.5100583971879646,153.52314058633775,0.6018077480214954,1.464750240104419,1.2102686644313398,0.8907095984968999,-0.0227115718339621,1.7289552349019142,163.5179738659133,0.6424003002283591,5.433,daily,5,origin0,daily|N05C|A_lag1,,5,,,,,,,5.0,,,,,,,
Naive,N05C,B_rich,pacf_train,5,4,1832,180,90,2014-01-06,2019-01-11,2019-01-12,2019-07-10,2019-07-11,2019-10-08,{},0,none,42,2.2333333333333334,1.4944341180973264,1.022222222222222,-1.0323559150657236,2.134905882996181,165.38337368845845,0.9947541247189466,3.2444444444444445,1.8012341448141729,1.1777777777777778,-1.2653219550038792,2.5731916354488185,180.9700176366843,1.1123935251693573,0.0,daily,5,origin0,daily|N05C|B_rich,,5,,,,,,,,,,,,,,
SeasonalNaive(s=7),N05C,B_rich,pacf_train,5,4,1832,180,90,2014-01-06,2019-01-11,2019-01-12,2019-07-10,2019-07-11,2019-10-08,{},0,none,42,2.327777777777778,1.5257056655127743,1.038888888888889,-1.11830131445905,2.1795795221611067,163.57546408393867,1.049298526283285,2.966666666666667,1.7224014243685084,1.1222222222222222,-1.0713731574864238,2.460573463383584,172.37196765498655,0.95401434432383,0.0,daily,5,origin0,daily|N05C|B_rich,,5,,,,,,,,,,,,,,
S1 [linear],N05C,B_rich,pacf_train,5,4,1832,180,90,2014-01-06,2019-01-11,2019-01-12,2019-07-10,2019-07-11,2019-10-08,{},0,none,42,1.1112482644806587,1.05415760893742,0.8051089652322447,-0.0112471567569192,1.5059394413391716,151.82302252535445,0.5849598948228341,1.4381808650096457,1.1992417875514705,0.8936505598519844,-0.0041604177724445,1.7132025536449575,163.0283974026322,0.6365204006466114,0.007,daily,5,origin0,daily|N05C|B_rich,,5,linear,0.0,1.05415760893742,0.0,,1.1992417875514705,,,,,,,,
AR-LRX [linear],N05C,B_rich,pacf_train,5,4,1832,180,90,2014-01-06,2019-01-11,2019-01-12,2019-07-10,2019-07-11,2019-10-08,"{""colsample_bytree"": 0.8, ""learning_rate"": 0.05, ""max_depth"": 3, ""n_estimators"": 500, ""subsample"": 0.8}",132,none,42,1.074630092237726,1.0366436669549115,0.7779437085803766,0.0220757502386715,1.4809195242213025,152.26111218343118,0.5943352705620384,1.5089075893382216,1.2283759967282906,0.9110999637011044,-0.0535429250615979,1.7548228524689866,166.1299828918309,0.6747478689400513,6.698,daily,5,origin0,daily|N05C|B_rich,-0.0783876585433753,5,linear,0.8,1.05415760893742,1.6614,0.0215218851501268,1.1992417875514705,5.0,,,,,,,
AR-LRX-g [linear],N05C,B_rich,pacf_train,5,4,1832,180,90,2014-01-06,2019-01-11,2019-01-12,2019-07-10,2019-07-11,2019-10-08,"{""colsample_bytree"": 0.8, ""learning_rate"": 0.05, ""max_depth"": 5, ""n_estimators"": 100, ""subsample"": 0.8}",132,none,42,1.0753036059351084,1.036968469113265,0.7815874950612671,0.0214628459640062,1.4813835273046645,152.3531716010138,0.5937920465929111,1.508736293124908,1.2283062700828764,0.9059356131021056,-0.0534233233610685,1.754723242975538,165.4944897060531,0.6674818714920124,6.233,daily,5,origin0,daily|N05C|B_rich,-0.0553522628439739,5,linear,1.0,1.05415760893742,1.6306,0.0227334471626385,1.1992417875514705,5.0,False,global,1.0,"{""0"": 1.0}",1.0,1.0,1.0376086428871432
AR-LRX-Aug [linear],N05C,B_rich,pacf_train,5,4,1832,180,90,2014-01-06,2019-01-11,2019-01-12,2019-07-10,2019-07-11,2019-10-08,"{""colsample_bytree"": 0.8, ""learning_rate"": 0.1, ""max_depth"": 3, ""n_estimators"": 100, ""subsample"": 0.8}",132,none,42,1.0985671307077003,1.0481255319415228,0.7973140558538303,0.0002928031982502,1.4973221884878898,152.52947353129136,0.5935682385509444,1.4737759501302363,1.2139917422001834,0.8777905180108966,-0.0290134640164569,1.7342739174288335,162.69032538926965,0.6412853892740092,6.543,daily,5,origin0,daily|N05C|B_rich,-0.0538377855974718,5,linear,0.7000000000000002,1.05415760893742,0.5722,-0.0009832293122782,1.1992417875514705,5.0,True,global,1.0,"{""0"": 0.7}",0.7,0.7,1.0497362417318028
XGBoost,N05C,B_rich,pacf_train,5,4,1832,180,90,2014-01-06,2019-01-11,2019-01-12,2019-07-10,2019-07-11,2019-10-08,"{""colsample_bytree"": 0.8, ""learning_rate"": 0.05, ""max_depth"": 5, ""n_estimators"": 100, ""subsample"": 0.8}",12,none,42,1.0709163361288814,1.0348508762758435,0.7842397994465298,0.0254553058483382,1.478358394679777,152.66833713544702,0.5951260171982293,1.5118283386867275,1.2295642881471174,0.9119821536872122,-0.0555822380279713,1.7565204116387392,165.52443347486005,0.6679857347439672,6.013,daily,5,origin0,daily|N05C|B_rich,,5,,,,,,,,,,,,,,
"LR-XGB (residual, tanpa gerbang)",N05C,B_rich,pacf_train,5,4,1832,180,90,2014-01-06,2019-01-11,2019-01-12,2019-07-10,2019-07-11,2019-10-08,"{""colsample_bytree"": 0.8, ""learning_rate"": 0.05, ""max_depth"": 5, ""n_estimators"": 100, ""subsample"": 0.8}",12,none,42,1.0753036059351084,1.036968469113265,0.7815874950612671,0.0214628459640062,1.4813835273046645,152.3531716010138,0.5937920465929111,1.508736293124908,1.2283062700828764,0.9059356131021056,-0.0534233233610685,1.754723242975538,165.4944897060531,0.6674818714920124,6.172,daily,5,origin0,daily|N05C|B_rich,,5,,,,,,,5.0,,,,,,,
Naive,R03,A_lag1,pacf_train,1,1,1835,180,90,2014-01-03,2019-01-11,2019-01-12,2019-07-10,2019-07-11,2019-10-08,{},0,none,42,129.21437114284876,11.367249937555204,8.042129629666666,-0.8584699461097396,1.3954283689047438,109.79431092321896,4.469087077263941,72.44830246891975,8.511656858034149,5.122222222222222,-0.8355458149616428,1.947169965403324,127.3202540170521,4.352596065757715,0.0,daily,5,origin0,daily|R03|A_lag1,,5,,,,,,,,,,,,,,
SeasonalNaive(s=7),R03,A_lag1,pacf_train,1,1,1835,180,90,2014-01-03,2019-01-11,2019-01-12,2019-07-10,2019-07-11,2019-10-08,{},0,none,42,125.53844521573764,11.204394013766994,8.233333333333333,-0.8055996825373608,1.3754363939462753,112.49978182815926,2.537880020749113,75.21496913580864,8.672656405958248,5.322222222222222,-0.9056419145076656,1.984001041818888,126.88155378257284,2.957457944417735,0.0,daily,5,origin0,daily|R03|A_lag1,,5,,,,,,,,,,,,,,
S1 [linear],R03,A_lag1,pacf_train,1,1,1835,180,90,2014-01-03,2019-01-11,2019-01-12,2019-07-10,2019-07-11,2019-10-08,{},0,none,42,75.4358075836595,8.685378954522335,5.923353283358216,-0.0849813377163759,1.066205481044903,86.71709569581137,1.836626336788319,40.3995370900954,6.356063018102904,4.322919923703917,-0.0235602312963065,1.4540453419922303,97.6999019777558,2.3089307775195174,0.006,daily,5,origin0,daily|R03|A_lag1,,5,linear,0.0,8.685378954522335,0.0,,6.356063018102904,,,,,,,,
AR-LRX [linear],R03,A_lag1,pacf_train,1,1,1835,180,90,2014-01-03,2019-01-11,2019-01-12,2019-07-10,2019-07-11,2019-10-08,"{""colsample_bytree"": 0.8, ""learning_rate"": 0.05, ""max_depth"": 3, ""n_estimators"": 100, ""subsample"": 0.8}",132,none,42,75.4358075836595,8.685378954522335,5.923353283358216,-0.0849813377163759,1.066205481044903,86.71709569581137,1.836626336788319,40.3995370900954,6.356063018102904,4.322919923703917,-0.0235602312963065,1.4540453419922303,97.6999019777558,2.3089307775195174,5.375,daily,5,origin0,daily|R03|A_lag1,-0.0632330575548099,5,linear,0.0,8.685378954522335,0.0,-0.135275823812812,6.356063018102904,5.0,,,,,,,
AR-LRX-g [linear],R03,A_lag1,pacf_train,1,1,1835,180,90,2014-01-03,2019-01-11,2019-01-12,2019-07-10,2019-07-11,2019-10-08,"{""colsample_bytree"": 0.8, ""learning_rate"": 0.05, ""max_depth"": 3, ""n_estimators"": 100, ""subsample"": 0.8}",132,none,42,75.4358075836595,8.685378954522335,5.923353283358216,-0.0849813377163759,1.066205481044903,86.71709569581137,1.836626336788319,40.3995370900954,6.356063018102904,4.322919923703917,-0.0235602312963065,1.4540453419922303,97.6999019777558,2.3089307775195174,5.983,daily,5,origin0,daily|R03|A_lag1,-0.0632330575548099,5,linear,0.0,8.685378954522335,0.0,-0.135275823812812,6.356063018102904,5.0,False,global,1.0,"{""0"": 0.0}",0.0,0.0,8.685378954522335
AR-LRX-Aug [linear],R03,A_lag1,pacf_train,1,1,1835,180,90,2014-01-03,2019-01-11,2019-01-12,2019-07-10,2019-07-11,2019-10-08,"{""colsample_bytree"": 0.8, ""learning_rate"": 0.05, ""max_depth"": 3, ""n_estimators"": 100, ""subsample"": 0.8}",132,none,42,75.4358075836595,8.685378954522335,5.923353283358216,-0.0849813377163759,1.066205481044903,86.71709569581137,1.836626336788319,40.3995370900954,6.356063018102904,4.322919923703917,-0.0235602312963065,1.4540453419922303,97.6999019777558,2.3089307775195174,5.688,daily,5,origin0,daily|R03|A_lag1,-0.1023292834193698,5,linear,0.0,8.685378954522335,0.0,-0.1147822588122831,6.356063018102904,5.0,True,global,1.0,"{""0"": 0.0}",0.0,0.0,8.685378954522335
XGBoost,R03,A_lag1,pacf_train,1,1,1835,180,90,2014-01-03,2019-01-11,2019-01-12,2019-07-10,2019-07-11,2019-10-08,"{""colsample_bytree"": 0.8, ""learning_rate"": 0.05, ""max_depth"": 3, ""n_estimators"": 100, ""subsample"": 0.8}",12,none,42,78.88896442444249,8.881945981846686,5.985920154625373,-0.1346475486110117,1.090335785896691,86.49346790598412,2.187199450203715,41.34325935495217,6.429872421358931,4.3833941865813335,-0.0474703215912046,1.4709303569289898,97.92878379521296,2.5010253005980467,6.272,daily,5,origin0,daily|R03|A_lag1,,5,,,,,,,,,,,,,,
"LR-XGB (residual, tanpa gerbang)",R03,A_lag1,pacf_train,1,1,1835,180,90,2014-01-03,2019-01-11,2019-01-12,2019-07-10,2019-07-11,2019-10-08,"{""colsample_bytree"": 0.8, ""learning_rate"": 0.05, ""max_depth"": 3, ""n_estimators"": 100, ""subsample"": 0.8}",12,none,42,79.02575228908293,8.889642978718713,6.0163279713330216,-0.1366149469211095,1.0912806589178352,86.77856352819076,2.238345678761124,41.857187174533365,6.469713067403636,4.400631296997838,-0.0604911657832314,1.4800445059923757,98.03609483588065,2.518713825997746,5.751,daily,5,origin0,daily|R03|A_lag1,,5,,,,,,,5.0,,,,,,,
Naive,R03,B_rich,pacf_train,1,1,1835,180,90,2014-01-03,2019-01-11,2019-01-12,2019-07-10,2019-07-11,2019-10-08,{},0,none,42,129.21437114284876,11.367249937555204,8.042129629666666,-0.8584699461097396,1.3954283689047438,109.79431092321896,4.469087077263941,72.44830246891975,8.511656858034149,5.122222222222222,-0.8355458149616428,1.947169965403324,127.3202540170521,4.352596065757715,0.0,daily,5,origin0,daily|R03|B_rich,,5,,,,,,,,,,,,,,
SeasonalNaive(s=7),R03,B_rich,pacf_train,1,1,1835,180,90,2014-01-03,2019-01-11,2019-01-12,2019-07-10,2019-07-11,2019-10-08,{},0,none,42,125.53844521573764,11.204394013766994,8.233333333333333,-0.8055996825373608,1.3754363939462753,112.49978182815926,2.537880020749113,75.21496913580864,8.672656405958248,5.322222222222222,-0.9056419145076656,1.984001041818888,126.88155378257284,2.957457944417735,0.0,daily,5,origin0,daily|R03|B_rich,,5,,,,,,,,,,,,,,
S1 [linear],R03,B_rich,pacf_train,1,1,1835,180,90,2014-01-03,2019-01-11,2019-01-12,2019-07-10,2019-07-11,2019-10-08,{},0,none,42,75.4358075836595,8.685378954522335,5.923353283358216,-0.0849813377163759,1.066205481044903,86.71709569581137,1.836626336788319,40.3995370900954,6.356063018102904,4.322919923703917,-0.0235602312963065,1.4540453419922303,97.6999019777558,2.3089307775195174,0.009,daily,5,origin0,daily|R03|B_rich,,5,linear,0.0,8.685378954522335,0.0,,6.356063018102904,,,,,,,,
AR-LRX [linear],R03,B_rich,pacf_train,1,1,1835,180,90,2014-01-03,2019-01-11,2019-01-12,2019-07-10,2019-07-11,2019-10-08,"{""colsample_bytree"": 0.8, ""learning_rate"": 0.05, ""max_depth"": 3, ""n_estimators"": 100, ""subsample"": 0.8}",132,none,42,75.4358075836595,8.685378954522335,5.923353283358216,-0.0849813377163759,1.066205481044903,86.71709569581137,1.836626336788319,40.3995370900954,6.356063018102904,4.322919923703917,-0.0235602312963065,1.4540453419922303,97.6999019777558,2.3089307775195174,5.499,daily,5,origin0,daily|R03|B_rich,-0.0632330575548099,5,linear,0.0,8.685378954522335,0.0,-0.135275823812812,6.356063018102904,5.0,,,,,,,
AR-LRX-g [linear],R03,B_rich,pacf_train,1,1,1835,180,90,2014-01-03,2019-01-11,2019-01-12,2019-07-10,2019-07-11,2019-10-08,"{""colsample_bytree"": 0.8, ""learning_rate"": 0.05, ""max_depth"": 3, ""n_estimators"": 100, ""subsample"": 0.8}",132,none,42,75.4358075836595,8.685378954522335,5.923353283358216,-0.0849813377163759,1.066205481044903,86.71709569581137,1.836626336788319,40.3995370900954,6.356063018102904,4.322919923703917,-0.0235602312963065,1.4540453419922303,97.6999019777558,2.3089307775195174,5.443,daily,5,origin0,daily|R03|B_rich,-0.0632330575548099,5,linear,0.0,8.685378954522335,0.0,-0.135275823812812,6.356063018102904,5.0,False,global,1.0,"{""0"": 0.0}",0.0,0.0,8.685378954522335
AR-LRX-Aug [linear],R03,B_rich,pacf_train,1,1,1835,180,90,2014-01-03,2019-01-11,2019-01-12,2019-07-10,2019-07-11,2019-10-08,"{""colsample_bytree"": 0.8, ""learning_rate"": 0.05, ""max_depth"": 3, ""n_estimators"": 100, ""subsample"": 0.8}",132,none,42,75.4358075836595,8.685378954522335,5.923353283358216,-0.0849813377163759,1.066205481044903,86.71709569581137,1.836626336788319,40.3995370900954,6.356063018102904,4.322919923703917,-0.0235602312963065,1.4540453419922303,97.6999019777558,2.3089307775195174,5.462,daily,5,origin0,daily|R03|B_rich,-0.1023292834193698,5,linear,0.0,8.685378954522335,0.0,-0.1147822588122831,6.356063018102904,5.0,True,global,1.0,"{""0"": 0.0}",0.0,0.0,8.685378954522335
XGBoost,R03,B_rich,pacf_train,1,1,1835,180,90,2014-01-03,2019-01-11,2019-01-12,2019-07-10,2019-07-11,2019-10-08,"{""colsample_bytree"": 0.8, ""learning_rate"": 0.05, ""max_depth"": 3, ""n_estimators"": 100, ""subsample"": 0.8}",12,none,42,78.88896442444249,8.881945981846686,5.985920154625373,-0.1346475486110117,1.090335785896691,86.49346790598412,2.187199450203715,41.34325935495217,6.429872421358931,4.3833941865813335,-0.0474703215912046,1.4709303569289898,97.92878379521296,2.5010253005980467,5.438,daily,5,origin0,daily|R03|B_rich,,5,,,,,,,,,,,,,,
"LR-XGB (residual, tanpa gerbang)",R03,B_rich,pacf_train,1,1,1835,180,90,2014-01-03,2019-01-11,2019-01-12,2019-07-10,2019-07-11,2019-10-08,"{""colsample_bytree"": 0.8, ""learning_rate"": 0.05, ""max_depth"": 3, ""n_estimators"": 100, ""subsample"": 0.8}",12,none,42,79.02575228908293,8.889642978718713,6.0163279713330216,-0.1366149469211095,1.0912806589178352,86.77856352819076,2.238345678761124,41.857187174533365,6.469713067403636,4.400631296997838,-0.0604911657832314,1.4800445059923757,98.03609483588065,2.518713825997746,5.609,daily,5,origin0,daily|R03|B_rich,,5,,,,,,,5.0,,,,,,,
Naive,R06,A_lag1,pacf_train,1,1,1835,180,90,2014-01-03,2019-01-11,2019-01-12,2019-07-10,2019-07-11,2019-10-08,{},0,none,42,10.56512888888889,3.250404419282144,2.5462222222222217,-0.2839920622707028,0.7514034669048416,71.27004162636923,1.5018429761879883,7.850731111111111,2.8019156145592805,2.174888888888889,-0.9579356238684512,0.888149914804125,72.75197917430903,1.2515469787683202,0.0,daily,5,origin0,daily|R06|A_lag1,,5,,,,,,,,,,,,,,
SeasonalNaive(s=7),R06,A_lag1,pacf_train,1,1,1835,180,90,2014-01-03,2019-01-11,2019-01-12,2019-07-10,2019-07-11,2019-10-08,{},0,none,42,12.50622888888889,3.5364146941342853,2.639,-0.51989614051577,0.8175211200865244,71.51354302991858,1.271565872997106,8.295654444444445,2.8802177772599844,2.3296666666666663,-1.0688974224442194,0.9129700980995265,78.6017956871701,1.5962968465280378,0.0,daily,5,origin0,daily|R06|A_lag1,,5,,,,,,,,,,,,,,
S1 [linear],R06,A_lag1,pacf_train,1,1,1835,180,90,2014-01-03,2019-01-11,2019-01-12,2019-07-10,2019-07-11,2019-10-08,{},0,none,42,8.259325546500792,2.873904234051788,2.1423693937170145,-0.0037651743718525,0.6643670529761145,58.28576830960702,0.9749336192546928,4.525150719111458,2.127240164887702,1.6288211444179233,-0.1285514267305376,0.6742916030003633,56.31426425075347,1.0809238995721064,0.009,daily,5,origin0,daily|R06|A_lag1,,5,linear,0.0,2.873904234051788,0.0,,2.127240164887702,,,,,,,,
AR-LRX [linear],R06,A_lag1,pacf_train,1,1,1835,180,90,2014-01-03,2019-01-11,2019-01-12,2019-07-10,2019-07-11,2019-10-08,"{""colsample_bytree"": 0.8, ""learning_rate"": 0.1, ""max_depth"": 3, ""n_estimators"": 500, ""subsample"": 0.8}",132,none,42,7.895742370511477,2.809936364139138,2.1194789688095668,0.0404215001926588,0.6495794533353602,58.13557678244046,1.0068265382355712,4.887511621924646,2.210771725421837,1.7130144307329225,-0.2189225412514452,0.7007693984008921,58.95975038017269,1.1160088759787212,5.935,daily,5,origin0,daily|R06|A_lag1,-0.1151585964126278,5,linear,0.8,2.873904234051788,2.2258,-0.108109772737192,2.127240164887702,5.0,,,,,,,
AR-LRX-g [linear],R06,A_lag1,pacf_train,1,1,1835,180,90,2014-01-03,2019-01-11,2019-01-12,2019-07-10,2019-07-11,2019-10-08,"{""colsample_bytree"": 0.8, ""learning_rate"": 0.05, ""max_depth"": 3, ""n_estimators"": 100, ""subsample"": 0.8}",132,none,42,8.221709434803028,2.867352338796721,2.1442188021921003,0.0008063542239047,0.6628524362778817,58.362150945479776,0.9857125347388976,4.62022219155446,2.149470211832316,1.64849954270766,-0.152261807340355,0.6813380729930207,56.81920157270576,1.094775018087243,6.474,daily,5,origin0,daily|R06|A_lag1,-0.0428675076628262,5,linear,0.5999999999999999,2.873904234051788,0.228,-0.1508786598581417,2.127240164887702,5.0,False,global,1.0,"{""0"": 0.6}",0.6,0.6,2.893914462958
AR-LRX-Aug [linear],R06,A_lag1,pacf_train,1,1,1835,180,90,2014-01-03,2019-01-11,2019-01-12,2019-07-10,2019-07-11,2019-10-08,"{""colsample_bytree"": 0.8, ""learning_rate"": 0.05, ""max_depth"": 3, ""n_estimators"": 100, ""subsample"": 0.8}",132,none,42,8.258573606440986,2.873773409028796,2.141731755203613,-0.003673790245994,0.6643368098545968,58.26578877010154,0.9754585212344168,4.546047183356484,2.1321461449338983,1.63457578551786,-0.1337629071874753,0.6758466982849675,56.457074459786114,1.0814083786467192,6.354,daily,5,origin0,daily|R06|A_lag1,-0.0574064895615293,5,linear,0.0999999999999999,2.873904234051788,0.0046,-0.1670192277832622,2.127240164887702,5.0,True,global,1.0,"{""0"": 0.1}",0.1,0.1,2.8939314686489235
XGBoost,R06,A_lag1,pacf_train,1,1,1835,180,90,2014-01-03,2019-01-11,2019-01-12,2019-07-10,2019-07-11,2019-10-08,"{""colsample_bytree"": 0.8, ""learning_rate"": 0.1, ""max_depth"": 3, ""n_estimators"": 500, ""subsample"": 0.8}",12,none,42,7.97387233876402,2.8238045857962657,2.130532669146856,0.0309262767915294,0.6527854020385901,58.49513392405874,1.0140324408848642,4.955367939304219,2.226065573900333,1.728668449931675,-0.2358455894646181,0.7056172354137638,59.6723324389901,1.1181185760781007,5.87,daily,5,origin0,daily|R06|A_lag1,,5,,,,,,,,,,,,,,
"LR-XGB (residual, tanpa gerbang)",R06,A_lag1,pacf_train,1,1,1835,180,90,2014-01-03,2019-01-11,2019-01-12,2019-07-10,2019-07-11,2019-10-08,"{""colsample_bytree"": 0.8, ""learning_rate"": 0.1, ""max_depth"": 3, ""n_estimators"": 500, ""subsample"": 0.8}",12,none,42,7.927087250292296,2.815508346691996,2.1270018318316244,0.0366121215040821,0.6508675413600113,58.3696420468278,1.018073849748234,5.020342717291874,2.2406121300421176,1.7412733555535538,-0.2520499952294424,0.710228196047584,59.90138722672158,1.134652032845766,6.235,daily,5,origin0,daily|R06|A_lag1,,5,,,,,,,5.0,,,,,,,
Naive,R06,B_rich,pacf_train,1,1,1835,180,90,2014-01-03,2019-01-11,2019-01-12,2019-07-10,2019-07-11,2019-10-08,{},0,none,42,10.56512888888889,3.250404419282144,2.5462222222222217,-0.2839920622707028,0.7514034669048416,71.27004162636923,1.5018429761879883,7.850731111111111,2.8019156145592805,2.174888888888889,-0.9579356238684512,0.888149914804125,72.75197917430903,1.2515469787683202,0.0,daily,5,origin0,daily|R06|B_rich,,5,,,,,,,,,,,,,,
SeasonalNaive(s=7),R06,B_rich,pacf_train,1,1,1835,180,90,2014-01-03,2019-01-11,2019-01-12,2019-07-10,2019-07-11,2019-10-08,{},0,none,42,12.50622888888889,3.5364146941342853,2.639,-0.51989614051577,0.8175211200865244,71.51354302991858,1.271565872997106,8.295654444444445,2.8802177772599844,2.3296666666666663,-1.0688974224442194,0.9129700980995265,78.6017956871701,1.5962968465280378,0.0,daily,5,origin0,daily|R06|B_rich,,5,,,,,,,,,,,,,,
S1 [linear],R06,B_rich,pacf_train,1,1,1835,180,90,2014-01-03,2019-01-11,2019-01-12,2019-07-10,2019-07-11,2019-10-08,{},0,none,42,8.259325546500792,2.873904234051788,2.1423693937170145,-0.0037651743718525,0.6643670529761145,58.28576830960702,0.9749336192546928,4.525150719111458,2.127240164887702,1.6288211444179233,-0.1285514267305376,0.6742916030003633,56.31426425075347,1.0809238995721064,0.006,daily,5,origin0,daily|R06|B_rich,,5,linear,0.0,2.873904234051788,0.0,,2.127240164887702,,,,,,,,
AR-LRX [linear],R06,B_rich,pacf_train,1,1,1835,180,90,2014-01-03,2019-01-11,2019-01-12,2019-07-10,2019-07-11,2019-10-08,"{""colsample_bytree"": 0.8, ""learning_rate"": 0.1, ""max_depth"": 3, ""n_estimators"": 500, ""subsample"": 0.8}",132,none,42,7.895742370511477,2.809936364139138,2.1194789688095668,0.0404215001926588,0.6495794533353602,58.13557678244046,1.0068265382355712,4.887511621924646,2.210771725421837,1.7130144307329225,-0.2189225412514452,0.7007693984008921,58.95975038017269,1.1160088759787212,6.344,daily,5,origin0,daily|R06|B_rich,-0.1151585964126278,5,linear,0.8,2.873904234051788,2.2258,-0.108109772737192,2.127240164887702,5.0,,,,,,,
AR-LRX-g [linear],R06,B_rich,pacf_train,1,1,1835,180,90,2014-01-03,2019-01-11,2019-01-12,2019-07-10,2019-07-11,2019-10-08,"{""colsample_bytree"": 0.8, ""learning_rate"": 0.05, ""max_depth"": 3, ""n_estimators"": 100, ""subsample"": 0.8}",132,none,42,8.221709434803028,2.867352338796721,2.1442188021921003,0.0008063542239047,0.6628524362778817,58.362150945479776,0.9857125347388976,4.62022219155446,2.149470211832316,1.64849954270766,-0.152261807340355,0.6813380729930207,56.81920157270576,1.094775018087243,5.765,daily,5,origin0,daily|R06|B_rich,-0.0428675076628262,5,linear,0.5999999999999999,2.873904234051788,0.228,-0.1508786598581417,2.127240164887702,5.0,False,global,1.0,"{""0"": 0.6}",0.6,0.6,2.893914462958
AR-LRX-Aug [linear],R06,B_rich,pacf_train,1,1,1835,180,90,2014-01-03,2019-01-11,2019-01-12,2019-07-10,2019-07-11,2019-10-08,"{""colsample_bytree"": 0.8, ""learning_rate"": 0.05, ""max_depth"": 3, ""n_estimators"": 100, ""subsample"": 0.8}",132,none,42,8.258573606440986,2.873773409028796,2.141731755203613,-0.003673790245994,0.6643368098545968,58.26578877010154,0.9754585212344168,4.546047183356484,2.1321461449338983,1.63457578551786,-0.1337629071874753,0.6758466982849675,56.457074459786114,1.0814083786467192,8.806,daily,5,origin0,daily|R06|B_rich,-0.0574064895615293,5,linear,0.0999999999999999,2.873904234051788,0.0046,-0.1670192277832622,2.127240164887702,5.0,True,global,1.0,"{""0"": 0.1}",0.1,0.1,2.8939314686489235
XGBoost,R06,B_rich,pacf_train,1,1,1835,180,90,2014-01-03,2019-01-11,2019-01-12,2019-07-10,2019-07-11,2019-10-08,"{""colsample_bytree"": 0.8, ""learning_rate"": 0.1, ""max_depth"": 3, ""n_estimators"": 500, ""subsample"": 0.8}",12,none,42,7.97387233876402,2.8238045857962657,2.130532669146856,0.0309262767915294,0.6527854020385901,58.49513392405874,1.0140324408848642,4.955367939304219,2.226065573900333,1.728668449931675,-0.2358455894646181,0.7056172354137638,59.6723324389901,1.1181185760781007,5.587,daily,5,origin0,daily|R06|B_rich,,5,,,,,,,,,,,,,,
"LR-XGB (residual, tanpa gerbang)",R06,B_rich,pacf_train,1,1,1835,180,90,2014-01-03,2019-01-11,2019-01-12,2019-07-10,2019-07-11,2019-10-08,"{""colsample_bytree"": 0.8, ""learning_rate"": 0.1, ""max_depth"": 3, ""n_estimators"": 500, ""subsample"": 0.8}",12,none,42,7.927087250292296,2.815508346691996,2.1270018318316244,0.0366121215040821,0.6508675413600113,58.3696420468278,1.018073849748234,5.020342717291874,2.2406121300421176,1.7412733555535538,-0.2520499952294424,0.710228196047584,59.90138722672158,1.134652032845766,5.854,daily,5,origin0,daily|R06|B_rich,,5,,,,,,,5.0,,,,,,,
Naive,M01AB,A_lag1,pacf_train,1,2,261,26,13,2014-01-19,2019-01-13,2019-01-20,2019-07-14,2019-07-21,2019-10-13,{},0,none,42,124.0948,11.139784558060358,8.297692307692307,-1.0441243413594623,0.3020454458808119,21.40394640864301,0.3011850353754099,135.85808461538463,11.655817629638198,9.160769230769231,-0.373600755901053,0.3094254220651349,27.442055957527373,1.142004621151962,0.0,weekly,2,origin0,weekly|M01AB|A_lag1,,5,,,,,,,,,,,,,,
SeasonalNaive(s=52),M01AB,A_lag1,pacf_train,1,2,261,26,13,2014-01-19,2019-01-13,2019-01-20,2019-07-14,2019-07-21,2019-10-13,{},0,none,42,111.47712307692306,10.558272731698262,9.106153846153846,-0.8362824291288846,0.286278264930134,25.27532422722777,0.2757401383107624,130.89584615384612,11.440972255619103,9.264615384615386,-0.3234297666586603,0.3037219508332619,29.16228842663257,0.9271137306796924,0.0,weekly,2,origin0,weekly|M01AB|A_lag1,,5,,,,,,,,,,,,,,
S1 [linear],M01AB,A_lag1,pacf_train,1,2,261,26,13,2014-01-19,2019-01-13,2019-01-20,2019-07-14,2019-07-21,2019-10-13,{},0,none,42,67.36145815940753,8.207402643918936,5.822869908755494,-0.1095968267253093,0.2225364932495149,15.498971051662608,0.2034096906159276,102.98197614769472,10.148003554773457,7.571270039134081,-0.0412050242068491,0.2693976847295383,23.82484672105741,1.0304237836771126,0.006,weekly,2,origin0,weekly|M01AB|A_lag1,,5,linear,0.0,8.207402643918936,0.0,,10.148003554773457,,,,,,,,
AR-LRX [linear],M01AB,A_lag1,pacf_train,1,2,261,26,13,2014-01-19,2019-01-13,2019-01-20,2019-07-14,2019-07-21,2019-10-13,"{""colsample_bytree"": 0.8, ""learning_rate"": 0.1, ""max_depth"": 5, ""n_estimators"": 300, ""subsample"": 0.8}",132,none,42,62.24922449238041,7.889817773078184,5.679418919682344,-0.0253866803091218,0.2139254592193561,14.993974925688336,0.1982130004636881,109.70905937258212,10.474209248080838,7.515770182317128,-0.1092195750440265,0.2780574233715558,23.637331289658544,1.08233437731147,5.214,weekly,2,origin0,weekly|M01AB|A_lag1,-0.396062662104073,5,linear,0.3,8.207402643918936,3.8695,-0.3182705649606141,10.148003554773457,5.0,,,,,,,
AR-LRX-g [linear],M01AB,A_lag1,pacf_train,1,2,261,26,13,2014-01-19,2019-01-13,2019-01-20,2019-07-14,2019-07-21,2019-10-13,"{""colsample_bytree"": 0.8, ""learning_rate"": 0.1, ""max_depth"": 3, ""n_estimators"": 300, ""subsample"": 0.8}",132,none,42,64.76763978055489,8.047834477706092,5.758821889807802,-0.0668707230910052,0.2182099429772954,15.204213118088816,0.2018239197213517,101.54674423421436,10.077040450162656,7.237429314409407,-0.0266940317485711,0.2675138367410956,22.951725575046552,1.0465991590529993,5.108,weekly,2,origin0,weekly|M01AB|A_lag1,-0.0903226947794262,5,linear,0.2999999999999999,8.207402643918936,1.9442,-0.1651114223535756,10.148003554773457,5.0,False,global,1.0,"{""0"": 0.3}",0.3,0.3,8.098699197318245
AR-LRX-Aug [linear],M01AB,A_lag1,pacf_train,1,2,261,26,13,2014-01-19,2019-01-13,2019-01-20,2019-07-14,2019-07-21,2019-10-13,"{""colsample_bytree"": 0.8, ""learning_rate"": 0.05, ""max_depth"": 5, ""n_estimators"": 500, ""subsample"": 0.8}",132,none,42,67.36145815940753,8.207402643918936,5.822869908755494,-0.1095968267253093,0.2225364932495149,15.498971051662608,0.2034096906159276,102.98197614769472,10.148003554773457,7.571270039134081,-0.0412050242068491,0.2693976847295383,23.82484672105741,1.0304237836771126,4.666,weekly,2,origin0,weekly|M01AB|A_lag1,-0.8449194346187783,5,linear,0.0,8.207402643918936,0.0,-0.7357888644644546,10.148003554773457,5.0,True,global,1.0,"{""0"": 0.0}",0.0,0.0,8.207402643918936
XGBoost,M01AB,A_lag1,pacf_train,1,2,261,26,13,2014-01-19,2019-01-13,2019-01-20,2019-07-14,2019-07-21,2019-10-13,"{""colsample_bytree"": 0.8, ""learning_rate"": 0.1, ""max_depth"": 3, ""n_estimators"": 100, ""subsample"": 0.8}",12,none,42,71.2076550535547,8.438462837125888,6.408254561791053,-0.1729524604262169,0.2288014868603655,16.98052552729643,0.2127543611971607,102.02050527742372,10.100520049850092,7.06050277709961,-0.0314840192484768,0.2681371465142969,22.784900729784365,1.0414343779622706,4.015,weekly,2,origin0,weekly|M01AB|A_lag1,,5,,,,,,,,,,,,,,
"LR-XGB (residual, tanpa gerbang)",M01AB,A_lag1,pacf_train,1,2,261,26,13,2014-01-19,2019-01-13,2019-01-20,2019-07-14,2019-07-21,2019-10-13,"{""colsample_bytree"": 0.8, ""learning_rate"": 0.05, ""max_depth"": 5, ""n_estimators"": 100, ""subsample"": 0.8}",12,none,42,72.31793026715324,8.503994959261984,6.222193114968755,-0.1912412250620023,0.2305783326285173,16.356288049826688,0.2163504531247867,104.06845987321503,10.201394996431372,7.073840597555653,-0.0521899786236133,0.2708150601462279,22.72523516308153,1.0673663464489498,4.408,weekly,2,origin0,weekly|M01AB|A_lag1,,5,,,,,,,5.0,,,,,,,
Naive,M01AB,B_rich,pacf_train,3,2,261,26,13,2014-01-19,2019-01-13,2019-01-20,2019-07-14,2019-07-21,2019-10-13,{},0,none,42,124.0948,11.139784558060358,8.297692307692307,-1.0441243413594623,0.3020454458808119,21.40394640864301,0.3011850353754099,135.85808461538463,11.655817629638198,9.160769230769231,-0.373600755901053,0.3094254220651349,27.442055957527373,1.142004621151962,0.0,weekly,2,origin0,weekly|M01AB|B_rich,,5,,,,,,,,,,,,,,
SeasonalNaive(s=52),M01AB,B_rich,pacf_train,3,2,261,26,13,2014-01-19,2019-01-13,2019-01-20,2019-07-14,2019-07-21,2019-10-13,{},0,none,42,111.47712307692306,10.558272731698262,9.106153846153846,-0.8362824291288846,0.286278264930134,25.27532422722777,0.2757401383107624,130.89584615384612,11.440972255619103,9.264615384615386,-0.3234297666586603,0.3037219508332619,29.16228842663257,0.9271137306796924,0.0,weekly,2,origin0,weekly|M01AB|B_rich,,5,,,,,,,,,,,,,,
S1 [linear],M01AB,B_rich,pacf_train,3,2,261,26,13,2014-01-19,2019-01-13,2019-01-20,2019-07-14,2019-07-21,2019-10-13,{},0,none,42,64.28768137282677,8.017959925868098,5.830361775363732,-0.0589647136202042,0.2173999208190242,15.521667313752982,0.1992024850348806,93.14443554878062,9.651136490008865,6.871272204598342,0.0582579797147115,0.2562074216257203,21.927499953833003,1.013028920303581,0.006,weekly,2,origin0,weekly|M01AB|B_rich,,5,linear,0.0,8.017959925868098,0.0,,9.651136490008865,,,,,,,,
AR-LRX [linear],M01AB,B_rich,pacf_train,3,2,261,26,13,2014-01-19,2019-01-13,2019-01-20,2019-07-14,2019-07-21,2019-10-13,"{""colsample_bytree"": 0.8, ""learning_rate"": 0.05, ""max_depth"": 3, ""n_estimators"": 100, ""subsample"": 0.8}",132,none,42,64.28768137282677,8.017959925868098,5.830361775363732,-0.0589647136202042,0.2173999208190242,15.521667313752982,0.1992024850348806,93.14443554878062,9.651136490008865,6.871272204598342,0.0582579797147115,0.2562074216257203,21.927499953833003,1.013028920303581,4.363,weekly,2,origin0,weekly|M01AB|B_rich,-0.0262904912917374,5,linear,0.0,8.017959925868098,0.0,-0.2568344234023496,9.651136490008865,5.0,,,,,,,
AR-LRX-g [linear],M01AB,B_rich,pacf_train,3,2,261,26,13,2014-01-19,2019-01-13,2019-01-20,2019-07-14,2019-07-21,2019-10-13,"{""colsample_bytree"": 0.8, ""learning_rate"": 0.05, ""max_depth"": 3, ""n_estimators"": 100, ""subsample"": 0.8}",132,none,42,64.28768137282677,8.017959925868098,5.830361775363732,-0.0589647136202042,0.2173999208190242,15.521667313752982,0.1992024850348806,93.14443554878062,9.651136490008865,6.871272204598342,0.0582579797147115,0.2562074216257203,21.927499953833003,1.013028920303581,4.583,weekly,2,origin0,weekly|M01AB|B_rich,-0.0262904912917374,5,linear,0.0,8.017959925868098,0.0,-0.2568344234023496,9.651136490008865,5.0,False,global,1.0,"{""0"": 0.0}",0.0,0.0,8.0179599258681
AR-LRX-Aug [linear],M01AB,B_rich,pacf_train,3,2,261,26,13,2014-01-19,2019-01-13,2019-01-20,2019-07-14,2019-07-21,2019-10-13,"{""colsample_bytree"": 0.8, ""learning_rate"": 0.05, ""max_depth"": 3, ""n_estimators"": 100, ""subsample"": 0.8}",132,none,42,64.28768137282677,8.017959925868098,5.830361775363732,-0.0589647136202042,0.2173999208190242,15.521667313752982,0.1992024850348806,93.14443554878062,9.651136490008865,6.871272204598342,0.0582579797147115,0.2562074216257203,21.927499953833003,1.013028920303581,4.585,weekly,2,origin0,weekly|M01AB|B_rich,0.1064431016284334,5,linear,0.0,8.017959925868098,0.0,-0.1909335713842745,9.651136490008865,5.0,True,global,1.0,"{""0"": 0.0}",0.0,0.0,8.108354456239866
XGBoost,M01AB,B_rich,pacf_train,3,2,261,26,13,2014-01-19,2019-01-13,2019-01-20,2019-07-14,2019-07-21,2019-10-13,"{""colsample_bytree"": 0.8, ""learning_rate"": 0.05, ""max_depth"": 3, ""n_estimators"": 100, ""subsample"": 0.8}",12,none,42,76.75319117335661,8.760889861957894,6.206643037062425,-0.2643000863410434,0.2375438116308154,16.524781180182394,0.2151162056009376,93.4159372434404,9.665192043795114,6.789769768348108,0.0555129466600438,0.2565805525205972,21.759312738137947,1.0416274584085077,4.367,weekly,2,origin0,weekly|M01AB|B_rich,,5,,,,,,,,,,,,,,
"LR-XGB (residual, tanpa gerbang)",M01AB,B_rich,pacf_train,3,2,261,26,13,2014-01-19,2019-01-13,2019-01-20,2019-07-14,2019-07-21,2019-10-13,"{""colsample_bytree"": 0.8, ""learning_rate"": 0.05, ""max_depth"": 3, ""n_estimators"": 100, ""subsample"": 0.8}",12,none,42,79.07818360802061,8.892591501245326,6.405752814042892,-0.3025980136447923,0.2411147855715119,17.13720464503727,0.2154321295609152,95.41956384125454,9.768293803999477,6.66234541840376,0.035255167985389,0.259317581074113,21.33784687281891,1.047692436915432,4.456,weekly,2,origin0,weekly|M01AB|B_rich,,5,,,,,,,5.0,,,,,,,
Naive,M01AE,A_lag1,pacf_train,1,1,262,26,13,2014-01-12,2019-01-13,2019-01-20,2019-07-14,2019-07-21,2019-10-13,{},0,none,42,105.69590573076924,10.28085141079129,8.136115384615383,0.2454318936434821,0.3607033952545866,30.17838024765868,0.3880440253437859,101.77267984615384,10.088244636514018,7.652,-1.337556990990913,0.4546601685370556,33.91285768112992,1.2114920832933422,0.0,weekly,2,origin0,weekly|M01AE|A_lag1,,5,,,,,,,,,,,,,,
SeasonalNaive(s=52),M01AE,A_lag1,pacf_train,1,1,262,26,13,2014-01-12,2019-01-13,2019-01-20,2019-07-14,2019-07-21,2019-10-13,{},0,none,42,131.25105934615385,11.456485470952854,8.535269230769233,0.0629924345377626,0.4019504846378747,29.177574087610125,0.3725093026296552,103.77372492307693,10.186938937829996,8.05569230769231,-1.3835178216963675,0.4591081542161058,34.45774294702613,1.064787463863544,0.0,weekly,2,origin0,weekly|M01AE|A_lag1,,5,,,,,,,,,,,,,,
S1 [linear],M01AE,A_lag1,pacf_train,1,1,262,26,13,2014-01-12,2019-01-13,2019-01-20,2019-07-14,2019-07-21,2019-10-13,{},0,none,42,104.86628300141554,10.24042396590178,8.14576729899444,0.2513546098314994,0.3592849994378932,28.19934792513236,0.3720638705549193,73.6342877013428,8.581042343523471,6.655361826461166,-0.6912627657354049,0.3867331035975092,30.23316316133024,1.065187722833589,0.004,weekly,2,origin0,weekly|M01AE|A_lag1,,5,linear,0.0,10.24042396590178,0.0,,8.581042343523471,,,,,,,,
AR-LRX [linear],M01AE,A_lag1,pacf_train,1,1,262,26,13,2014-01-12,2019-01-13,2019-01-20,2019-07-14,2019-07-21,2019-10-13,"{""colsample_bytree"": 0.8, ""learning_rate"": 0.05, ""max_depth"": 3, ""n_estimators"": 100, ""subsample"": 0.8}",132,none,42,104.86628300141554,10.24042396590178,8.14576729899444,0.2513546098314994,0.3592849994378932,28.19934792513236,0.3720638705549193,73.6342877013428,8.581042343523471,6.655361826461166,-0.6912627657354049,0.3867331035975092,30.23316316133024,1.065187722833589,3.942,weekly,2,origin0,weekly|M01AE|A_lag1,-0.2281688262888033,5,linear,0.0,10.24042396590178,0.0,-0.0635568476948738,8.581042343523471,5.0,,,,,,,
AR-LRX-g [linear],M01AE,A_lag1,pacf_train,1,1,262,26,13,2014-01-12,2019-01-13,2019-01-20,2019-07-14,2019-07-21,2019-10-13,"{""colsample_bytree"": 0.8, ""learning_rate"": 0.05, ""max_depth"": 3, ""n_estimators"": 300, ""subsample"": 0.8}",132,none,42,104.86628300141554,10.24042396590178,8.14576729899444,0.2513546098314994,0.3592849994378932,28.19934792513236,0.3720638705549193,73.6342877013428,8.581042343523471,6.655361826461166,-0.6912627657354049,0.3867331035975092,30.23316316133024,1.065187722833589,4.503,weekly,2,origin0,weekly|M01AE|A_lag1,-0.2457800633023916,5,linear,0.0,10.24042396590178,0.0,-0.3068931908493728,8.581042343523471,5.0,False,global,1.0,"{""0"": 0.0}",0.0,0.0,10.24042396590178
AR-LRX-Aug [linear],M01AE,A_lag1,pacf_train,1,1,262,26,13,2014-01-12,2019-01-13,2019-01-20,2019-07-14,2019-07-21,2019-10-13,"{""colsample_bytree"": 0.8, ""learning_rate"": 0.05, ""max_depth"": 3, ""n_estimators"": 300, ""subsample"": 0.8}",132,none,42,104.86628300141554,10.24042396590178,8.14576729899444,0.2513546098314994,0.3592849994378932,28.19934792513236,0.3720638705549193,73.6342877013428,8.581042343523471,6.655361826461166,-0.6912627657354049,0.3867331035975092,30.23316316133024,1.065187722833589,4.957,weekly,2,origin0,weekly|M01AE|A_lag1,-0.1235005686988506,5,linear,0.0,10.24042396590178,0.0,-0.2059811269517935,8.581042343523471,5.0,True,global,1.0,"{""0"": 0.0}",0.0,0.0,10.24042396590178
XGBoost,M01AE,A_lag1,pacf_train,1,1,262,26,13,2014-01-12,2019-01-13,2019-01-20,2019-07-14,2019-07-21,2019-10-13,"{""colsample_bytree"": 0.8, ""learning_rate"": 0.05, ""max_depth"": 3, ""n_estimators"": 100, ""subsample"": 0.8}",12,none,42,129.9066014971715,11.39765771977609,8.89324059354342,0.0725905831715127,0.3998865145699504,30.538519667968124,0.4151415099402831,70.08825562673707,8.371872886441663,6.43015304330679,-0.6098160348563233,0.3773061890017424,29.51075445444878,1.015297695622611,4.786,weekly,2,origin0,weekly|M01AE|A_lag1,,5,,,,,,,,,,,,,,
"LR-XGB (residual, tanpa gerbang)",M01AE,A_lag1,pacf_train,1,1,262,26,13,2014-01-12,2019-01-13,2019-01-20,2019-07-14,2019-07-21,2019-10-13,"{""colsample_bytree"": 0.8, ""learning_rate"": 0.05, ""max_depth"": 3, ""n_estimators"": 100, ""subsample"": 0.8}",12,none,42,110.72605831929818,10.522645024864149,8.523948027195441,0.2095213946779043,0.36918671770154,29.47943119403208,0.4076829960585857,69.84381485671598,8.357261205485681,6.362002321591816,-0.6042016181807506,0.3766476651885895,29.22221547936407,1.0137006648473703,4.462,weekly,2,origin0,weekly|M01AE|A_lag1,,5,,,,,,,5.0,,,,,,,
Naive,M01AE,B_rich,pacf_train,1,1,262,26,13,2014-01-12,2019-01-13,2019-01-20,2019-07-14,2019-07-21,2019-10-13,{},0,none,42,105.69590573076924,10.28085141079129,8.136115384615383,0.2454318936434821,0.3607033952545866,30.17838024765868,0.3880440253437859,101.77267984615384,10.088244636514018,7.652,-1.337556990990913,0.4546601685370556,33.91285768112992,1.2114920832933422,0.0,weekly,2,origin0,weekly|M01AE|B_rich,,5,,,,,,,,,,,,,,
SeasonalNaive(s=52),M01AE,B_rich,pacf_train,1,1,262,26,13,2014-01-12,2019-01-13,2019-01-20,2019-07-14,2019-07-21,2019-10-13,{},0,none,42,131.25105934615385,11.456485470952854,8.535269230769233,0.0629924345377626,0.4019504846378747,29.177574087610125,0.3725093026296552,103.77372492307693,10.186938937829996,8.05569230769231,-1.3835178216963675,0.4591081542161058,34.45774294702613,1.064787463863544,0.0,weekly,2,origin0,weekly|M01AE|B_rich,,5,,,,,,,,,,,,,,
S1 [linear],M01AE,B_rich,pacf_train,1,1,262,26,13,2014-01-12,2019-01-13,2019-01-20,2019-07-14,2019-07-21,2019-10-13,{},0,none,42,104.86628300141554,10.24042396590178,8.14576729899444,0.2513546098314994,0.3592849994378932,28.19934792513236,0.3720638705549193,73.6342877013428,8.581042343523471,6.655361826461166,-0.6912627657354049,0.3867331035975092,30.23316316133024,1.065187722833589,0.006,weekly,2,origin0,weekly|M01AE|B_rich,,5,linear,0.0,10.24042396590178,0.0,,8.581042343523471,,,,,,,,
AR-LRX [linear],M01AE,B_rich,pacf_train,1,1,262,26,13,2014-01-12,2019-01-13,2019-01-20,2019-07-14,2019-07-21,2019-10-13,"{""colsample_bytree"": 0.8, ""learning_rate"": 0.05, ""max_depth"": 3, ""n_estimators"": 100, ""subsample"": 0.8}",132,none,42,104.86628300141554,10.24042396590178,8.14576729899444,0.2513546098314994,0.3592849994378932,28.19934792513236,0.3720638705549193,73.6342877013428,8.581042343523471,6.655361826461166,-0.6912627657354049,0.3867331035975092,30.23316316133024,1.065187722833589,5.254,weekly,2,origin0,weekly|M01AE|B_rich,-0.2281688262888033,5,linear,0.0,10.24042396590178,0.0,-0.0635568476948738,8.581042343523471,5.0,,,,,,,
AR-LRX-g [linear],M01AE,B_rich,pacf_train,1,1,262,26,13,2014-01-12,2019-01-13,2019-01-20,2019-07-14,2019-07-21,2019-10-13,"{""colsample_bytree"": 0.8, ""learning_rate"": 0.05, ""max_depth"": 3, ""n_estimators"": 300, ""subsample"": 0.8}",132,none,42,104.86628300141554,10.24042396590178,8.14576729899444,0.2513546098314994,0.3592849994378932,28.19934792513236,0.3720638705549193,73.6342877013428,8.581042343523471,6.655361826461166,-0.6912627657354049,0.3867331035975092,30.23316316133024,1.065187722833589,4.651,weekly,2,origin0,weekly|M01AE|B_rich,-0.2457800633023916,5,linear,0.0,10.24042396590178,0.0,-0.3068931908493728,8.581042343523471,5.0,False,global,1.0,"{""0"": 0.0}",0.0,0.0,10.24042396590178
AR-LRX-Aug [linear],M01AE,B_rich,pacf_train,1,1,262,26,13,2014-01-12,2019-01-13,2019-01-20,2019-07-14,2019-07-21,2019-10-13,"{""colsample_bytree"": 0.8, ""learning_rate"": 0.05, ""max_depth"": 3, ""n_estimators"": 300, ""subsample"": 0.8}",132,none,42,104.86628300141554,10.24042396590178,8.14576729899444,0.2513546098314994,0.3592849994378932,28.19934792513236,0.3720638705549193,73.6342877013428,8.581042343523471,6.655361826461166,-0.6912627657354049,0.3867331035975092,30.23316316133024,1.065187722833589,5.092,weekly,2,origin0,weekly|M01AE|B_rich,-0.1235005686988506,5,linear,0.0,10.24042396590178,0.0,-0.2059811269517935,8.581042343523471,5.0,True,global,1.0,"{""0"": 0.0}",0.0,0.0,10.24042396590178
XGBoost,M01AE,B_rich,pacf_train,1,1,262,26,13,2014-01-12,2019-01-13,2019-01-20,2019-07-14,2019-07-21,2019-10-13,"{""colsample_bytree"": 0.8, ""learning_rate"": 0.05, ""max_depth"": 3, ""n_estimators"": 100, ""subsample"": 0.8}",12,none,42,129.9066014971715,11.39765771977609,8.89324059354342,0.0725905831715127,0.3998865145699504,30.538519667968124,0.4151415099402831,70.08825562673707,8.371872886441663,6.43015304330679,-0.6098160348563233,0.3773061890017424,29.51075445444878,1.015297695622611,5.034,weekly,2,origin0,weekly|M01AE|B_rich,,5,,,,,,,,,,,,,,
"LR-XGB (residual, tanpa gerbang)",M01AE,B_rich,pacf_train,1,1,262,26,13,2014-01-12,2019-01-13,2019-01-20,2019-07-14,2019-07-21,2019-10-13,"{""colsample_bytree"": 0.8, ""learning_rate"": 0.05, ""max_depth"": 3, ""n_estimators"": 100, ""subsample"": 0.8}",12,none,42,110.72605831929818,10.522645024864149,8.523948027195441,0.2095213946779043,0.36918671770154,29.47943119403208,0.4076829960585857,69.84381485671598,8.357261205485681,6.362002321591816,-0.6042016181807506,0.3766476651885895,29.22221547936407,1.0137006648473703,5.0,weekly,2,origin0,weekly|M01AE|B_rich,,5,,,,,,,5.0,,,,,,,
Naive,N02BA,A_lag1,pacf_train,1,1,262,26,13,2014-01-12,2019-01-13,2019-01-20,2019-07-14,2019-07-21,2019-10-13,{},0,none,42,37.12644230769232,6.093147159530313,4.8173076923076925,-0.5337855604006394,0.2652965354563981,21.42324540990485,0.3187261192219902,52.73519230769232,7.261900048037863,5.911538461538462,-0.6317044814785999,0.3867460082937002,33.83285033483413,1.2914581592798742,0.0,weekly,2,origin0,weekly|N02BA|A_lag1,,5,,,,,,,,,,,,,,
SeasonalNaive(s=52),N02BA,A_lag1,pacf_train,1,1,262,26,13,2014-01-12,2019-01-13,2019-01-20,2019-07-14,2019-07-21,2019-10-13,{},0,none,42,46.65173076923077,6.830207227400262,5.484615384615386,-0.9272988892533608,0.2973882406638312,24.15878521535051,0.3488971799905256,36.655,6.054337288258724,4.192307692307692,-0.1341596598268923,0.3224350051100508,25.24330172962873,1.370319587097616,0.0,weekly,2,origin0,weekly|N02BA|A_lag1,,5,,,,,,,,,,,,,,
S1 [linear],N02BA,A_lag1,pacf_train,1,1,262,26,13,2014-01-12,2019-01-13,2019-01-20,2019-07-14,2019-07-21,2019-10-13,{},0,none,42,31.50847812673766,5.613241320906991,4.515646470471,-0.3016935040656072,0.2444013637169585,19.68043180526764,0.3345697623377496,68.89884129394588,8.30053259098149,6.209390913226678,-1.131831575621571,0.4420603182415378,33.17145888723989,1.6660533968893787,0.004,weekly,2,origin0,weekly|N02BA|A_lag1,,5,linear,0.0,5.613241320906991,0.0,,8.30053259098149,,,,,,,,
AR-LRX [linear],N02BA,A_lag1,pacf_train,1,1,262,26,13,2014-01-12,2019-01-13,2019-01-20,2019-07-14,2019-07-21,2019-10-13,"{""colsample_bytree"": 0.8, ""learning_rate"": 0.05, ""max_depth"": 5, ""n_estimators"": 100, ""subsample"": 0.8}",132,none,42,31.192071272866045,5.584986237482242,4.476784036212173,-0.2886219509214069,0.2431711331734711,19.466755020143147,0.330725243821259,69.49729645753538,8.336503850987858,6.2856582141167205,-1.1503486593689,0.4439760346695705,33.47817938271685,1.6203194667273522,4.821,weekly,2,origin0,weekly|N02BA|A_lag1,-1.3121613716940177,5,linear,0.2,5.613241320906991,0.5034,-0.4529831882029975,8.30053259098149,5.0,,,,,,,
AR-LRX-g [linear],N02BA,A_lag1,pacf_train,1,1,262,26,13,2014-01-12,2019-01-13,2019-01-20,2019-07-14,2019-07-21,2019-10-13,"{""colsample_bytree"": 0.8, ""learning_rate"": 0.1, ""max_depth"": 3, ""n_estimators"": 100, ""subsample"": 0.8}",132,none,42,31.50847812673766,5.613241320906991,4.515646470471,-0.3016935040656072,0.2444013637169585,19.68043180526764,0.3345697623377496,68.89884129394588,8.30053259098149,6.209390913226678,-1.131831575621571,0.4420603182415378,33.17145888723989,1.6660533968893787,4.507,weekly,2,origin0,weekly|N02BA|A_lag1,-1.2897398889459626,5,linear,0.0,5.613241320906991,0.0,-0.5156868126428231,8.30053259098149,5.0,False,global,1.0,"{""0"": 0.0}",0.0,0.0,5.613241320906991
AR-LRX-Aug [linear],N02BA,A_lag1,pacf_train,1,1,262,26,13,2014-01-12,2019-01-13,2019-01-20,2019-07-14,2019-07-21,2019-10-13,"{""colsample_bytree"": 0.8, ""learning_rate"": 0.1, ""max_depth"": 3, ""n_estimators"": 100, ""subsample"": 0.8}",132,none,42,30.790500684563987,5.548918875291293,4.244933221550445,-0.2720320723460587,0.2416007548481514,18.61791400278148,0.3364895920144553,73.65122653722942,8.582029278511547,6.401180871679303,-1.2788773710352617,0.4570519484664077,33.7354367502889,1.7404118788199514,4.724,weekly,2,origin0,weekly|N02BA|A_lag1,-1.5015255411933808,5,linear,0.2999999999999999,5.613241320906991,1.1459,-0.4064605792959868,8.30053259098149,5.0,True,global,1.0,"{""0"": 0.3}",0.3,0.3,5.569451592754217
XGBoost,N02BA,A_lag1,pacf_train,1,1,262,26,13,2014-01-12,2019-01-13,2019-01-20,2019-07-14,2019-07-21,2019-10-13,"{""colsample_bytree"": 0.8, ""learning_rate"": 0.05, ""max_depth"": 5, ""n_estimators"": 100, ""subsample"": 0.8}",12,none,42,33.854446288779386,5.818457380507258,4.553468645535983,-0.3986112766406997,0.2533365015376183,19.6073403476514,0.3405599761773122,81.66289686315288,9.036752561797456,6.781058678260217,-1.5267702448995246,0.4812690835860997,35.03172826912675,1.4725024384014984,5.281,weekly,2,origin0,weekly|N02BA|A_lag1,,5,,,,,,,,,,,,,,
"LR-XGB (residual, tanpa gerbang)",N02BA,A_lag1,pacf_train,1,1,262,26,13,2014-01-12,2019-01-13,2019-01-20,2019-07-14,2019-07-21,2019-10-13,"{""colsample_bytree"": 0.8, ""learning_rate"": 0.05, ""max_depth"": 3, ""n_estimators"": 100, ""subsample"": 0.8}",12,none,42,34.55606909411544,5.878441042837416,4.6528382849264815,-0.4275970576846666,0.2559481991355151,19.96749248901111,0.3384703139327802,70.42377067153222,8.391887193684877,6.218646547131062,-1.179015135412688,0.4469255777054625,33.052913890444884,1.4756676014690606,4.768,weekly,2,origin0,weekly|N02BA|A_lag1,,5,,,,,,,5.0,,,,,,,
Naive,N02BA,B_rich,pacf_train,1,1,262,26,13,2014-01-12,2019-01-13,2019-01-20,2019-07-14,2019-07-21,2019-10-13,{},0,none,42,37.12644230769232,6.093147159530313,4.8173076923076925,-0.5337855604006394,0.2652965354563981,21.42324540990485,0.3187261192219902,52.73519230769232,7.261900048037863,5.911538461538462,-0.6317044814785999,0.3867460082937002,33.83285033483413,1.2914581592798742,0.0,weekly,2,origin0,weekly|N02BA|B_rich,,5,,,,,,,,,,,,,,
SeasonalNaive(s=52),N02BA,B_rich,pacf_train,1,1,262,26,13,2014-01-12,2019-01-13,2019-01-20,2019-07-14,2019-07-21,2019-10-13,{},0,none,42,46.65173076923077,6.830207227400262,5.484615384615386,-0.9272988892533608,0.2973882406638312,24.15878521535051,0.3488971799905256,36.655,6.054337288258724,4.192307692307692,-0.1341596598268923,0.3224350051100508,25.24330172962873,1.370319587097616,0.0,weekly,2,origin0,weekly|N02BA|B_rich,,5,,,,,,,,,,,,,,
S1 [linear],N02BA,B_rich,pacf_train,1,1,262,26,13,2014-01-12,2019-01-13,2019-01-20,2019-07-14,2019-07-21,2019-10-13,{},0,none,42,31.50847812673766,5.613241320906991,4.515646470471,-0.3016935040656072,0.2444013637169585,19.68043180526764,0.3345697623377496,68.89884129394588,8.30053259098149,6.209390913226678,-1.131831575621571,0.4420603182415378,33.17145888723989,1.6660533968893787,0.005,weekly,2,origin0,weekly|N02BA|B_rich,,5,linear,0.0,5.613241320906991,0.0,,8.30053259098149,,,,,,,,
AR-LRX [linear],N02BA,B_rich,pacf_train,1,1,262,26,13,2014-01-12,2019-01-13,2019-01-20,2019-07-14,2019-07-21,2019-10-13,"{""colsample_bytree"": 0.8, ""learning_rate"": 0.05, ""max_depth"": 5, ""n_estimators"": 100, ""subsample"": 0.8}",132,none,42,31.192071272866045,5.584986237482242,4.476784036212173,-0.2886219509214069,0.2431711331734711,19.466755020143147,0.330725243821259,69.49729645753538,8.336503850987858,6.2856582141167205,-1.1503486593689,0.4439760346695705,33.47817938271685,1.6203194667273522,4.884,weekly,2,origin0,weekly|N02BA|B_rich,-1.3121613716940177,5,linear,0.2,5.613241320906991,0.5034,-0.4529831882029975,8.30053259098149,5.0,,,,,,,
AR-LRX-g [linear],N02BA,B_rich,pacf_train,1,1,262,26,13,2014-01-12,2019-01-13,2019-01-20,2019-07-14,2019-07-21,2019-10-13,"{""colsample_bytree"": 0.8, ""learning_rate"": 0.1, ""max_depth"": 3, ""n_estimators"": 100, ""subsample"": 0.8}",132,none,42,31.50847812673766,5.613241320906991,4.515646470471,-0.3016935040656072,0.2444013637169585,19.68043180526764,0.3345697623377496,68.89884129394588,8.30053259098149,6.209390913226678,-1.131831575621571,0.4420603182415378,33.17145888723989,1.6660533968893787,4.682,weekly,2,origin0,weekly|N02BA|B_rich,-1.2897398889459626,5,linear,0.0,5.613241320906991,0.0,-0.5156868126428231,8.30053259098149,5.0,False,global,1.0,"{""0"": 0.0}",0.0,0.0,5.613241320906991
AR-LRX-Aug [linear],N02BA,B_rich,pacf_train,1,1,262,26,13,2014-01-12,2019-01-13,2019-01-20,2019-07-14,2019-07-21,2019-10-13,"{""colsample_bytree"": 0.8, ""learning_rate"": 0.1, ""max_depth"": 3, ""n_estimators"": 100, ""subsample"": 0.8}",132,none,42,30.790500684563987,5.548918875291293,4.244933221550445,-0.2720320723460587,0.2416007548481514,18.61791400278148,0.3364895920144553,73.65122653722942,8.582029278511547,6.401180871679303,-1.2788773710352617,0.4570519484664077,33.7354367502889,1.7404118788199514,4.722,weekly,2,origin0,weekly|N02BA|B_rich,-1.5015255411933808,5,linear,0.2999999999999999,5.613241320906991,1.1459,-0.4064605792959868,8.30053259098149,5.0,True,global,1.0,"{""0"": 0.3}",0.3,0.3,5.569451592754217
XGBoost,N02BA,B_rich,pacf_train,1,1,262,26,13,2014-01-12,2019-01-13,2019-01-20,2019-07-14,2019-07-21,2019-10-13,"{""colsample_bytree"": 0.8, ""learning_rate"": 0.05, ""max_depth"": 5, ""n_estimators"": 100, ""subsample"": 0.8}",12,none,42,33.854446288779386,5.818457380507258,4.553468645535983,-0.3986112766406997,0.2533365015376183,19.6073403476514,0.3405599761773122,81.66289686315288,9.036752561797456,6.781058678260217,-1.5267702448995246,0.4812690835860997,35.03172826912675,1.4725024384014984,4.799,weekly,2,origin0,weekly|N02BA|B_rich,,5,,,,,,,,,,,,,,
"LR-XGB (residual, tanpa gerbang)",N02BA,B_rich,pacf_train,1,1,262,26,13,2014-01-12,2019-01-13,2019-01-20,2019-07-14,2019-07-21,2019-10-13,"{""colsample_bytree"": 0.8, ""learning_rate"": 0.05, ""max_depth"": 3, ""n_estimators"": 100, ""subsample"": 0.8}",12,none,42,34.55606909411544,5.878441042837416,4.6528382849264815,-0.4275970576846666,0.2559481991355151,19.96749248901111,0.3384703139327802,70.42377067153222,8.391887193684877,6.218646547131062,-1.179015135412688,0.4469255777054625,33.052913890444884,1.4756676014690606,4.642,weekly,2,origin0,weekly|N02BA|B_rich,,5,,,,,,,5.0,,,,,,,
Naive,N02BE,A_lag1,pacf_train,1,1,262,26,13,2014-01-12,2019-01-13,2019-01-20,2019-07-14,2019-07-21,2019-10-13,{},0,none,42,2056.602510153846,45.34977960424776,35.27984615384615,0.7256384671331715,0.2247697999328302,16.419403920276256,0.2024535833151343,4174.273638461537,64.6086189177693,49.12692307692308,0.1414159175253962,0.393078310770772,28.416172587406223,0.542653459440023,0.0,weekly,2,origin0,weekly|N02BE|A_lag1,,5,,,,,,,,,,,,,,
SeasonalNaive(s=52),N02BE,A_lag1,pacf_train,1,1,262,26,13,2014-01-12,2019-01-13,2019-01-20,2019-07-14,2019-07-21,2019-10-13,{},0,none,42,3809.408850653846,61.72040870452695,43.65942307692307,0.491804932444788,0.3059085190127276,19.20479703881726,0.2673231010780746,4215.408727923077,64.92617906455821,51.92853846153847,0.1329550603555575,0.395010344114911,31.53284512237474,0.587294975015872,0.0,weekly,2,origin0,weekly|N02BE|A_lag1,,5,,,,,,,,,,,,,,
S1 [linear],N02BE,A_lag1,pacf_train,1,1,262,26,13,2014-01-12,2019-01-13,2019-01-20,2019-07-14,2019-07-21,2019-10-13,{},0,none,42,1850.140328427068,43.01325758910929,33.81338863305073,0.7531816021716244,0.2131891574145116,15.860531864072522,0.2024139107595239,3749.393201996797,61.23228888418917,46.49755330925326,0.2288073085310747,0.3725367463721667,26.696096717724792,0.5315286799421083,0.008,weekly,2,origin0,weekly|N02BE|A_lag1,,5,linear,0.0,43.01325758910929,0.0,,61.23228888418917,,,,,,,,
AR-LRX [linear],N02BE,A_lag1,pacf_train,1,1,262,26,13,2014-01-12,2019-01-13,2019-01-20,2019-07-14,2019-07-21,2019-10-13,"{""colsample_bytree"": 0.8, ""learning_rate"": 0.05, ""max_depth"": 5, ""n_estimators"": 100, ""subsample"": 0.8}",132,none,42,1293.0619270987586,35.95917027823026,28.202939115828585,0.8274987749655076,0.1782265664733534,14.27796053576972,0.1835325350923357,4733.43899304038,68.79999268197912,53.037515325872434,0.0264041778806509,0.4185785945818442,29.296062228584663,0.5356848309088864,4.807,weekly,2,origin0,weekly|N02BE|A_lag1,-0.3124725299533621,5,linear,1.0,43.01325758910929,16.3998,0.2706967551666006,61.23228888418917,5.0,,,,,,,
AR-LRX-g [linear],N02BE,A_lag1,pacf_train,1,1,262,26,13,2014-01-12,2019-01-13,2019-01-20,2019-07-14,2019-07-21,2019-10-13,"{""colsample_bytree"": 0.8, ""learning_rate"": 0.05, ""max_depth"": 3, ""n_estimators"": 100, ""subsample"": 0.8}",132,none,42,1505.0074594139628,38.7944256229418,29.886937033179304,0.7992241322753528,0.1922791105463483,14.626184743685751,0.185528372530098,3915.703836416752,62.575584986612405,47.97201927547793,0.1945997611044875,0.3807093489080223,27.16174568800721,0.5171398164210594,5.14,weekly,2,origin0,weekly|N02BE|A_lag1,-0.085733592064094,5,linear,1.0,43.01325758910929,9.8082,0.1511568002688217,61.23228888418917,5.0,False,global,1.0,"{""0"": 1.0}",1.0,1.0,39.795964780399935
AR-LRX-Aug [linear],N02BE,A_lag1,pacf_train,1,1,262,26,13,2014-01-12,2019-01-13,2019-01-20,2019-07-14,2019-07-21,2019-10-13,"{""colsample_bytree"": 0.8, ""learning_rate"": 0.05, ""max_depth"": 3, ""n_estimators"": 100, ""subsample"": 0.8}",132,none,42,1524.2608357482209,39.04178320400108,30.17812141956104,0.7966556311586572,0.1935051035829574,14.691905004342953,0.1885363356949314,3901.391496185256,62.46111987616982,47.867792103983525,0.1975435900361845,0.380012944109272,27.07418459405408,0.5097457469638457,4.696,weekly,2,origin0,weekly|N02BE|A_lag1,-0.0817651130320826,5,linear,1.0,43.01325758910929,9.2331,0.1402976530460138,61.23228888418917,5.0,True,global,1.0,"{""0"": 1.0}",1.0,1.0,39.32597733033212
XGBoost,N02BE,A_lag1,pacf_train,1,1,262,26,13,2014-01-12,2019-01-13,2019-01-20,2019-07-14,2019-07-21,2019-10-13,"{""colsample_bytree"": 0.8, ""learning_rate"": 0.1, ""max_depth"": 5, ""n_estimators"": 100, ""subsample"": 0.8}",12,none,42,1215.512497752631,34.86420080473136,27.57423134906476,0.8378442744985019,0.1727995043875246,14.654976479335875,0.1868855418242516,5635.850877813824,75.0723043326487,57.73091463529146,-0.1592081099587112,0.4567392875291893,31.425072778972364,0.5571655848012055,4.539,weekly,2,origin0,weekly|N02BE|A_lag1,,5,,,,,,,,,,,,,,
"LR-XGB (residual, tanpa gerbang)",N02BE,A_lag1,pacf_train,1,1,262,26,13,2014-01-12,2019-01-13,2019-01-20,2019-07-14,2019-07-21,2019-10-13,"{""colsample_bytree"": 0.8, ""learning_rate"": 0.05, ""max_depth"": 5, ""n_estimators"": 100, ""subsample"": 0.8}",12,none,42,1293.0619270987586,35.95917027823026,28.202939115828585,0.8274987749655076,0.1782265664733534,14.27796053576972,0.1835325350923357,4733.43899304038,68.79999268197912,53.037515325872434,0.0264041778806509,0.4185785945818442,29.296062228584663,0.5356848309088864,4.532,weekly,2,origin0,weekly|N02BE|A_lag1,,5,,,,,,,5.0,,,,,,,
Naive,N02BE,B_rich,pacf_train,1,1,262,26,13,2014-01-12,2019-01-13,2019-01-20,2019-07-14,2019-07-21,2019-10-13,{},0,none,42,2056.602510153846,45.34977960424776,35.27984615384615,0.7256384671331715,0.2247697999328302,16.419403920276256,0.2024535833151343,4174.273638461537,64.6086189177693,49.12692307692308,0.1414159175253962,0.393078310770772,28.416172587406223,0.542653459440023,0.0,weekly,2,origin0,weekly|N02BE|B_rich,,5,,,,,,,,,,,,,,
SeasonalNaive(s=52),N02BE,B_rich,pacf_train,1,1,262,26,13,2014-01-12,2019-01-13,2019-01-20,2019-07-14,2019-07-21,2019-10-13,{},0,none,42,3809.408850653846,61.72040870452695,43.65942307692307,0.491804932444788,0.3059085190127276,19.20479703881726,0.2673231010780746,4215.408727923077,64.92617906455821,51.92853846153847,0.1329550603555575,0.395010344114911,31.53284512237474,0.587294975015872,0.0,weekly,2,origin0,weekly|N02BE|B_rich,,5,,,,,,,,,,,,,,
S1 [linear],N02BE,B_rich,pacf_train,1,1,262,26,13,2014-01-12,2019-01-13,2019-01-20,2019-07-14,2019-07-21,2019-10-13,{},0,none,42,1850.140328427068,43.01325758910929,33.81338863305073,0.7531816021716244,0.2131891574145116,15.860531864072522,0.2024139107595239,3749.393201996797,61.23228888418917,46.49755330925326,0.2288073085310747,0.3725367463721667,26.696096717724792,0.5315286799421083,0.004,weekly,2,origin0,weekly|N02BE|B_rich,,5,linear,0.0,43.01325758910929,0.0,,61.23228888418917,,,,,,,,
AR-LRX [linear],N02BE,B_rich,pacf_train,1,1,262,26,13,2014-01-12,2019-01-13,2019-01-20,2019-07-14,2019-07-21,2019-10-13,"{""colsample_bytree"": 0.8, ""learning_rate"": 0.05, ""max_depth"": 5, ""n_estimators"": 100, ""subsample"": 0.8}",132,none,42,1293.0619270987586,35.95917027823026,28.202939115828585,0.8274987749655076,0.1782265664733534,14.27796053576972,0.1835325350923357,4733.43899304038,68.79999268197912,53.037515325872434,0.0264041778806509,0.4185785945818442,29.296062228584663,0.5356848309088864,4.535,weekly,2,origin0,weekly|N02BE|B_rich,-0.3124725299533621,5,linear,1.0,43.01325758910929,16.3998,0.2706967551666006,61.23228888418917,5.0,,,,,,,
AR-LRX-g [linear],N02BE,B_rich,pacf_train,1,1,262,26,13,2014-01-12,2019-01-13,2019-01-20,2019-07-14,2019-07-21,2019-10-13,"{""colsample_bytree"": 0.8, ""learning_rate"": 0.05, ""max_depth"": 3, ""n_estimators"": 100, ""subsample"": 0.8}",132,none,42,1505.0074594139628,38.7944256229418,29.886937033179304,0.7992241322753528,0.1922791105463483,14.626184743685751,0.185528372530098,3915.703836416752,62.575584986612405,47.97201927547793,0.1945997611044875,0.3807093489080223,27.16174568800721,0.5171398164210594,4.434,weekly,2,origin0,weekly|N02BE|B_rich,-0.085733592064094,5,linear,1.0,43.01325758910929,9.8082,0.1511568002688217,61.23228888418917,5.0,False,global,1.0,"{""0"": 1.0}",1.0,1.0,39.795964780399935
AR-LRX-Aug [linear],N02BE,B_rich,pacf_train,1,1,262,26,13,2014-01-12,2019-01-13,2019-01-20,2019-07-14,2019-07-21,2019-10-13,"{""colsample_bytree"": 0.8, ""learning_rate"": 0.05, ""max_depth"": 3, ""n_estimators"": 100, ""subsample"": 0.8}",132,none,42,1524.2608357482209,39.04178320400108,30.17812141956104,0.7966556311586572,0.1935051035829574,14.691905004342953,0.1885363356949314,3901.391496185256,62.46111987616982,47.867792103983525,0.1975435900361845,0.380012944109272,27.07418459405408,0.5097457469638457,4.261,weekly,2,origin0,weekly|N02BE|B_rich,-0.0817651130320826,5,linear,1.0,43.01325758910929,9.2331,0.1402976530460138,61.23228888418917,5.0,True,global,1.0,"{""0"": 1.0}",1.0,1.0,39.32597733033212
XGBoost,N02BE,B_rich,pacf_train,1,1,262,26,13,2014-01-12,2019-01-13,2019-01-20,2019-07-14,2019-07-21,2019-10-13,"{""colsample_bytree"": 0.8, ""learning_rate"": 0.1, ""max_depth"": 5, ""n_estimators"": 100, ""subsample"": 0.8}",12,none,42,1215.512497752631,34.86420080473136,27.57423134906476,0.8378442744985019,0.1727995043875246,14.654976479335875,0.1868855418242516,5635.850877813824,75.0723043326487,57.73091463529146,-0.1592081099587112,0.4567392875291893,31.425072778972364,0.5571655848012055,5.18,weekly,2,origin0,weekly|N02BE|B_rich,,5,,,,,,,,,,,,,,
"LR-XGB (residual, tanpa gerbang)",N02BE,B_rich,pacf_train,1,1,262,26,13,2014-01-12,2019-01-13,2019-01-20,2019-07-14,2019-07-21,2019-10-13,"{""colsample_bytree"": 0.8, ""learning_rate"": 0.05, ""max_depth"": 5, ""n_estimators"": 100, ""subsample"": 0.8}",12,none,42,1293.0619270987586,35.95917027823026,28.202939115828585,0.8274987749655076,0.1782265664733534,14.27796053576972,0.1835325350923357,4733.43899304038,68.79999268197912,53.037515325872434,0.0264041778806509,0.4185785945818442,29.296062228584663,0.5356848309088864,4.847,weekly,2,origin0,weekly|N02BE|B_rich,,5,,,,,,,5.0,,,,,,,
Naive,N05B,A_lag1,pacf_train,1,1,262,26,13,2014-01-12,2019-01-13,2019-01-20,2019-07-14,2019-07-21,2019-10-13,{},0,none,42,171.54769230769233,13.097621627902232,10.753846153846156,-0.1994391610086994,0.2149048102520876,17.882412614219902,0.2152828355356753,401.8092307692308,20.045179739010344,15.538461538461538,-1.4213799339900102,0.3718426606836963,29.918167585977034,0.5995448265107881,0.0,weekly,2,origin0,weekly|N05B|A_lag1,,5,,,,,,,,,,,,,,
SeasonalNaive(s=52),N05B,A_lag1,pacf_train,1,1,262,26,13,2014-01-12,2019-01-13,2019-01-20,2019-07-14,2019-07-21,2019-10-13,{},0,none,42,512.5646153846154,22.63988991547033,17.607692307692307,-2.583785150178334,0.3714736449591245,26.49263048216301,0.4148978504946057,448.4276923076922,21.17611135944681,14.66153846153846,-1.702311775965403,0.3928217004463591,26.49393440567817,0.7293721105318306,0.0,weekly,2,origin0,weekly|N05B|A_lag1,,5,,,,,,,,,,,,,,
S1 [linear],N05B,A_lag1,pacf_train,1,1,262,26,13,2014-01-12,2019-01-13,2019-01-20,2019-07-14,2019-07-21,2019-10-13,{},0,none,42,120.12386963562844,10.960103541282283,8.576731541633148,0.1601095212959863,0.1798325710421175,14.400016153491862,0.1961584365380387,282.9795060139134,16.821994709721952,12.462608203836208,-0.7052890902499538,0.3120518425034037,23.814579783285144,0.5403001509037397,0.005,weekly,2,origin0,weekly|N05B|A_lag1,,5,linear,0.0,10.960103541282283,0.0,,16.821994709721952,,,,,,,,
AR-LRX [linear],N05B,A_lag1,pacf_train,1,1,262,26,13,2014-01-12,2019-01-13,2019-01-20,2019-07-14,2019-07-21,2019-10-13,"{""colsample_bytree"": 0.8, ""learning_rate"": 0.05, ""max_depth"": 5, ""n_estimators"": 300, ""subsample"": 0.8}",132,none,42,119.96675306758078,10.952933537074932,8.860379773927987,0.1612080599124173,0.1797149261415803,14.85396147201664,0.1967065698409101,282.97741624349067,16.821932595379483,12.478961198920093,-0.7052764968902678,0.3120506902681695,23.833785644172305,0.5385254143191747,4.688,weekly,2,origin0,weekly|N05B|A_lag1,-0.3557935887983512,5,linear,0.1,10.960103541282283,0.0654,-1.1776290998854502,16.821994709721952,5.0,,,,,,,
AR-LRX-g [linear],N05B,A_lag1,pacf_train,1,1,262,26,13,2014-01-12,2019-01-13,2019-01-20,2019-07-14,2019-07-21,2019-10-13,"{""colsample_bytree"": 0.8, ""learning_rate"": 0.05, ""max_depth"": 5, ""n_estimators"": 500, ""subsample"": 0.8}",132,none,42,120.12386963562844,10.960103541282283,8.576731541633148,0.1601095212959863,0.1798325710421175,14.400016153491862,0.1961584365380387,282.9795060139134,16.821994709721952,12.462608203836208,-0.7052890902499538,0.3120518425034037,23.814579783285144,0.5403001509037397,5.179,weekly,2,origin0,weekly|N05B|A_lag1,-0.3736322515478567,5,linear,0.0,10.960103541282283,0.0,-1.5071819909234885,16.821994709721952,5.0,False,global,1.0,"{""0"": 0.0}",0.0,0.0,11.399356381245068
AR-LRX-Aug [linear],N05B,A_lag1,pacf_train,1,1,262,26,13,2014-01-12,2019-01-13,2019-01-20,2019-07-14,2019-07-21,2019-10-13,"{""colsample_bytree"": 0.8, ""learning_rate"": 0.1, ""max_depth"": 5, ""n_estimators"": 500, ""subsample"": 0.8}",132,none,42,113.4677959810693,10.652126359608644,8.54442227093679,0.206647922905709,0.1747793041460461,14.357479491673573,0.1933477695771361,278.7273199219755,16.695128628494466,12.57554917367017,-0.6796645966092807,0.3096984477317751,24.02995449893313,0.5347835860773833,4.924,weekly,2,origin0,weekly|N05B|A_lag1,-0.372864518818502,5,linear,0.1,10.960103541282283,2.81,-2.0817406356719967,16.821994709721952,5.0,True,global,1.0,"{""0"": 0.1}",0.1,0.1,10.688845149881695
XGBoost,N05B,A_lag1,pacf_train,1,1,262,26,13,2014-01-12,2019-01-13,2019-01-20,2019-07-14,2019-07-21,2019-10-13,"{""colsample_bytree"": 0.8, ""learning_rate"": 0.05, ""max_depth"": 3, ""n_estimators"": 100, ""subsample"": 0.8}",12,none,42,140.2394057255193,11.842271983260614,9.68969788184533,0.0194643082573668,0.1943071258139442,16.01463265539785,0.2087437423134805,261.50051148648885,16.170977443756726,11.934754885160006,-0.5758525259096561,0.2999753235856698,23.07671128131131,0.5137488457202024,4.528,weekly,2,origin0,weekly|N05B|A_lag1,,5,,,,,,,,,,,,,,
"LR-XGB (residual, tanpa gerbang)",N05B,A_lag1,pacf_train,1,1,262,26,13,2014-01-12,2019-01-13,2019-01-20,2019-07-14,2019-07-21,2019-10-13,"{""colsample_bytree"": 0.8, ""learning_rate"": 0.05, ""max_depth"": 3, ""n_estimators"": 100, ""subsample"": 0.8}",12,none,42,140.7017047490962,11.861774940922468,9.926688432979423,0.0162319735898761,0.1946271289057075,16.346454419831026,0.2078231322359302,277.70272174922906,16.66441483368765,12.510874595192591,-0.6734901703743696,0.3091286998258268,24.050534589034527,0.5255577248855534,4.234,weekly,2,origin0,weekly|N05B|A_lag1,,5,,,,,,,5.0,,,,,,,
Naive,N05B,B_rich,pacf_train,1,1,262,26,13,2014-01-12,2019-01-13,2019-01-20,2019-07-14,2019-07-21,2019-10-13,{},0,none,42,171.54769230769233,13.097621627902232,10.753846153846156,-0.1994391610086994,0.2149048102520876,17.882412614219902,0.2152828355356753,401.8092307692308,20.045179739010344,15.538461538461538,-1.4213799339900102,0.3718426606836963,29.918167585977034,0.5995448265107881,0.0,weekly,2,origin0,weekly|N05B|B_rich,,5,,,,,,,,,,,,,,
SeasonalNaive(s=52),N05B,B_rich,pacf_train,1,1,262,26,13,2014-01-12,2019-01-13,2019-01-20,2019-07-14,2019-07-21,2019-10-13,{},0,none,42,512.5646153846154,22.63988991547033,17.607692307692307,-2.583785150178334,0.3714736449591245,26.49263048216301,0.4148978504946057,448.4276923076922,21.17611135944681,14.66153846153846,-1.702311775965403,0.3928217004463591,26.49393440567817,0.7293721105318306,0.0,weekly,2,origin0,weekly|N05B|B_rich,,5,,,,,,,,,,,,,,
S1 [linear],N05B,B_rich,pacf_train,1,1,262,26,13,2014-01-12,2019-01-13,2019-01-20,2019-07-14,2019-07-21,2019-10-13,{},0,none,42,120.12386963562844,10.960103541282283,8.576731541633148,0.1601095212959863,0.1798325710421175,14.400016153491862,0.1961584365380387,282.9795060139134,16.821994709721952,12.462608203836208,-0.7052890902499538,0.3120518425034037,23.814579783285144,0.5403001509037397,0.007,weekly,2,origin0,weekly|N05B|B_rich,,5,linear,0.0,10.960103541282283,0.0,,16.821994709721952,,,,,,,,
AR-LRX [linear],N05B,B_rich,pacf_train,1,1,262,26,13,2014-01-12,2019-01-13,2019-01-20,2019-07-14,2019-07-21,2019-10-13,"{""colsample_bytree"": 0.8, ""learning_rate"": 0.05, ""max_depth"": 5, ""n_estimators"": 300, ""subsample"": 0.8}",132,none,42,119.96675306758078,10.952933537074932,8.860379773927987,0.1612080599124173,0.1797149261415803,14.85396147201664,0.1967065698409101,282.97741624349067,16.821932595379483,12.478961198920093,-0.7052764968902678,0.3120506902681695,23.833785644172305,0.5385254143191747,4.451,weekly,2,origin0,weekly|N05B|B_rich,-0.3557935887983512,5,linear,0.1,10.960103541282283,0.0654,-1.1776290998854502,16.821994709721952,5.0,,,,,,,
AR-LRX-g [linear],N05B,B_rich,pacf_train,1,1,262,26,13,2014-01-12,2019-01-13,2019-01-20,2019-07-14,2019-07-21,2019-10-13,"{""colsample_bytree"": 0.8, ""learning_rate"": 0.05, ""max_depth"": 5, ""n_estimators"": 500, ""subsample"": 0.8}",132,none,42,120.12386963562844,10.960103541282283,8.576731541633148,0.1601095212959863,0.1798325710421175,14.400016153491862,0.1961584365380387,282.9795060139134,16.821994709721952,12.462608203836208,-0.7052890902499538,0.3120518425034037,23.814579783285144,0.5403001509037397,5.24,weekly,2,origin0,weekly|N05B|B_rich,-0.3736322515478567,5,linear,0.0,10.960103541282283,0.0,-1.5071819909234885,16.821994709721952,5.0,False,global,1.0,"{""0"": 0.0}",0.0,0.0,11.399356381245068
AR-LRX-Aug [linear],N05B,B_rich,pacf_train,1,1,262,26,13,2014-01-12,2019-01-13,2019-01-20,2019-07-14,2019-07-21,2019-10-13,"{""colsample_bytree"": 0.8, ""learning_rate"": 0.1, ""max_depth"": 5, ""n_estimators"": 500, ""subsample"": 0.8}",132,none,42,113.4677959810693,10.652126359608644,8.54442227093679,0.206647922905709,0.1747793041460461,14.357479491673573,0.1933477695771361,278.7273199219755,16.695128628494466,12.57554917367017,-0.6796645966092807,0.3096984477317751,24.02995449893313,0.5347835860773833,5.388,weekly,2,origin0,weekly|N05B|B_rich,-0.372864518818502,5,linear,0.1,10.960103541282283,2.81,-2.0817406356719967,16.821994709721952,5.0,True,global,1.0,"{""0"": 0.1}",0.1,0.1,10.688845149881695
XGBoost,N05B,B_rich,pacf_train,1,1,262,26,13,2014-01-12,2019-01-13,2019-01-20,2019-07-14,2019-07-21,2019-10-13,"{""colsample_bytree"": 0.8, ""learning_rate"": 0.05, ""max_depth"": 3, ""n_estimators"": 100, ""subsample"": 0.8}",12,none,42,140.2394057255193,11.842271983260614,9.68969788184533,0.0194643082573668,0.1943071258139442,16.01463265539785,0.2087437423134805,261.50051148648885,16.170977443756726,11.934754885160006,-0.5758525259096561,0.2999753235856698,23.07671128131131,0.5137488457202024,4.922,weekly,2,origin0,weekly|N05B|B_rich,,5,,,,,,,,,,,,,,
"LR-XGB (residual, tanpa gerbang)",N05B,B_rich,pacf_train,1,1,262,26,13,2014-01-12,2019-01-13,2019-01-20,2019-07-14,2019-07-21,2019-10-13,"{""colsample_bytree"": 0.8, ""learning_rate"": 0.05, ""max_depth"": 3, ""n_estimators"": 100, ""subsample"": 0.8}",12,none,42,140.7017047490962,11.861774940922468,9.926688432979423,0.0162319735898761,0.1946271289057075,16.346454419831026,0.2078231322359302,277.70272174922906,16.66441483368765,12.510874595192591,-0.6734901703743696,0.3091286998258268,24.050534589034527,0.5255577248855534,5.122,weekly,2,origin0,weekly|N05B|B_rich,,5,,,,,,,5.0,,,,,,,
Naive,N05C,A_lag1,pacf_train,1,10,253,26,13,2014-03-16,2019-01-13,2019-01-20,2019-07-14,2019-07-21,2019-10-13,{},0,none,42,15.0,3.872983346207417,3.230769230769231,-1.168520102651839,0.7866997421983816,78.99510745664593,1.7857252027884982,14.153846153846152,3.762159772503841,3.3846153846153846,-0.976859504132231,0.8151346173758323,76.88635925478032,1.4405700170193587,0.0,weekly,2,origin0,weekly|N05C|A_lag1,,5,,,,,,,,,,,,,,
SeasonalNaive(s=52),N05C,A_lag1,pacf_train,1,10,253,26,13,2014-03-16,2019-01-13,2019-01-20,2019-07-14,2019-07-21,2019-10-13,{},0,none,42,29.692307692307693,5.449064845669181,4.076923076923077,-3.2925577416595377,1.1068412967765522,100.75731206952923,1.6254870018542993,12.076923076923077,3.4751867686389284,2.6923076923076925,-0.6867768595041319,0.7529571332051013,66.04997341839447,1.107364320903597,0.0,weekly,2,origin0,weekly|N05C|A_lag1,,5,,,,,,,,,,,,,,
S1 [linear],N05C,A_lag1,pacf_train,1,10,253,26,13,2014-03-16,2019-01-13,2019-01-20,2019-07-14,2019-07-21,2019-10-13,{},0,none,42,7.961017677995612,2.821527543370012,2.198082834166651,-0.150908458153343,0.5731227822470335,52.87979678779299,1.1585325869962373,7.409862409713707,2.722106245118604,2.2237093355586,-0.0349311960674514,0.5897896864423643,52.17481476022153,1.0320144581862185,0.008,weekly,2,origin0,weekly|N05C|A_lag1,,5,linear,0.0,2.821527543370012,0.0,,2.722106245118604,,,,,,,,
AR-LRX [linear],N05C,A_lag1,pacf_train,1,10,253,26,13,2014-03-16,2019-01-13,2019-01-20,2019-07-14,2019-07-21,2019-10-13,"{""colsample_bytree"": 0.8, ""learning_rate"": 0.05, ""max_depth"": 3, ""n_estimators"": 100, ""subsample"": 0.8}",132,none,42,7.961017677995612,2.821527543370012,2.198082834166651,-0.150908458153343,0.5731227822470335,52.87979678779299,1.1585325869962373,7.409862409713707,2.722106245118604,2.2237093355586,-0.0349311960674514,0.5897896864423643,52.17481476022153,1.0320144581862185,4.132,weekly,2,origin0,weekly|N05C|A_lag1,-0.1952383406543325,5,linear,0.0,2.821527543370012,0.0,-0.2640211264990717,2.722106245118604,5.0,,,,,,,
AR-LRX-g [linear],N05C,A_lag1,pacf_train,1,10,253,26,13,2014-03-16,2019-01-13,2019-01-20,2019-07-14,2019-07-21,2019-10-13,"{""colsample_bytree"": 0.8, ""learning_rate"": 0.1, ""max_depth"": 3, ""n_estimators"": 500, ""subsample"": 0.8}",132,none,42,7.961017677995612,2.821527543370012,2.198082834166651,-0.150908458153343,0.5731227822470335,52.87979678779299,1.1585325869962373,7.409862409713707,2.722106245118604,2.2237093355586,-0.0349311960674514,0.5897896864423643,52.17481476022153,1.0320144581862185,5.05,weekly,2,origin0,weekly|N05C|A_lag1,-0.3856131742731417,5,linear,0.0,2.821527543370012,0.0,-0.3123258345258337,2.722106245118604,5.0,False,global,1.0,"{""0"": 0.0}",0.0,0.0,3.038941575844922
AR-LRX-Aug [linear],N05C,A_lag1,pacf_train,1,10,253,26,13,2014-03-16,2019-01-13,2019-01-20,2019-07-14,2019-07-21,2019-10-13,"{""colsample_bytree"": 0.8, ""learning_rate"": 0.1, ""max_depth"": 5, ""n_estimators"": 500, ""subsample"": 0.8}",132,none,42,7.237557102234693,2.690270823213658,2.306331858491691,-0.0463192046857681,0.5464612609652743,56.86351117519089,1.109125158782854,7.369291532991996,2.714643905375435,2.1011262984775696,-0.0292646851864852,0.5881728461646777,52.98138398756051,1.0941031364102345,4.99,weekly,2,origin0,weekly|N05C|A_lag1,-0.4277117762607012,5,linear,0.5999999999999999,2.821527543370012,4.652,-0.0560512586102506,2.722106245118604,5.0,True,global,1.0,"{""0"": 0.6}",0.6,0.6,2.6929004866961828
XGBoost,N05C,A_lag1,pacf_train,1,10,253,26,13,2014-03-16,2019-01-13,2019-01-20,2019-07-14,2019-07-21,2019-10-13,"{""colsample_bytree"": 0.8, ""learning_rate"": 0.05, ""max_depth"": 3, ""n_estimators"": 100, ""subsample"": 0.8}",12,none,42,9.073903877160934,3.012292130116356,2.439440296246455,-0.311796197810263,0.6118718389298847,59.88564850862661,1.1499364217834769,8.530031142249724,2.920621704748789,2.3030617970686693,-0.1913845149092587,0.6328013693622377,54.086181495978536,1.0593278993165862,4.725,weekly,2,origin0,weekly|N05C|A_lag1,,5,,,,,,,,,,,,,,
"LR-XGB (residual, tanpa gerbang)",N05C,A_lag1,pacf_train,1,10,253,26,13,2014-03-16,2019-01-13,2019-01-20,2019-07-14,2019-07-21,2019-10-13,"{""colsample_bytree"": 0.8, ""learning_rate"": 0.05, ""max_depth"": 3, ""n_estimators"": 100, ""subsample"": 0.8}",12,none,42,9.111345259636977,3.018500498531841,2.433191632486386,-0.3172090238482881,0.6131329137642803,59.71128564217575,1.1675025572602604,8.60467414661796,2.933372486851604,2.322205463145698,-0.2018098601474669,0.6355640388178474,54.62440394866784,1.055916783072115,4.692,weekly,2,origin0,weekly|N05C|A_lag1,,5,,,,,,,5.0,,,,,,,
Naive,N05C,B_rich,pacf_train,11,10,253,26,13,2014-03-16,2019-01-13,2019-01-20,2019-07-14,2019-07-21,2019-10-13,{},0,none,42,15.0,3.872983346207417,3.230769230769231,-1.168520102651839,0.7866997421983816,78.99510745664593,1.7857252027884982,14.153846153846152,3.762159772503841,3.3846153846153846,-0.976859504132231,0.8151346173758323,76.88635925478032,1.4405700170193587,0.0,weekly,2,origin0,weekly|N05C|B_rich,,5,,,,,,,,,,,,,,
SeasonalNaive(s=52),N05C,B_rich,pacf_train,11,10,253,26,13,2014-03-16,2019-01-13,2019-01-20,2019-07-14,2019-07-21,2019-10-13,{},0,none,42,29.692307692307693,5.449064845669181,4.076923076923077,-3.2925577416595377,1.1068412967765522,100.75731206952923,1.6254870018542993,12.076923076923077,3.4751867686389284,2.6923076923076925,-0.6867768595041319,0.7529571332051013,66.04997341839447,1.107364320903597,0.0,weekly,2,origin0,weekly|N05C|B_rich,,5,,,,,,,,,,,,,,
S1 [linear],N05C,B_rich,pacf_train,11,10,253,26,13,2014-03-16,2019-01-13,2019-01-20,2019-07-14,2019-07-21,2019-10-13,{},0,none,42,7.751551606688137,2.784160844255974,2.123416045895425,-0.1206263657230923,0.5655326714894947,51.62920436177062,1.2422378911241274,8.853587315267966,2.9754978264599634,2.5405681616989875,-0.2365754184134594,0.6446911957329922,57.59038910440461,1.0940480112231294,0.005,weekly,2,origin0,weekly|N05C|B_rich,,5,linear,0.0,2.784160844255974,0.0,,2.9754978264599634,,,,,,,,
AR-LRX [linear],N05C,B_rich,pacf_train,11,10,253,26,13,2014-03-16,2019-01-13,2019-01-20,2019-07-14,2019-07-21,2019-10-13,"{""colsample_bytree"": 0.8, ""learning_rate"": 0.1, ""max_depth"": 3, ""n_estimators"": 100, ""subsample"": 0.8}",132,none,42,6.587463537512435,2.5666054503005395,2.029434772722859,0.0476635262278858,0.5213417320922971,50.62320859420486,1.2979381567860904,10.779816765737024,3.283263127703448,2.503543809511408,-0.5056107714128568,0.7113736776690804,54.385102077599626,1.165943357782562,4.285,weekly,2,origin0,weekly|N05C|B_rich,-0.2178011716558778,5,linear,1.0,2.784160844255974,7.814,0.1087561096296159,2.9754978264599634,5.0,,,,,,,
AR-LRX-g [linear],N05C,B_rich,pacf_train,11,10,253,26,13,2014-03-16,2019-01-13,2019-01-20,2019-07-14,2019-07-21,2019-10-13,"{""colsample_bytree"": 0.8, ""learning_rate"": 0.1, ""max_depth"": 3, ""n_estimators"": 100, ""subsample"": 0.8}",132,none,42,6.587463537512435,2.5666054503005395,2.029434772722859,0.0476635262278858,0.5213417320922971,50.62320859420486,1.2979381567860904,10.779816765737024,3.283263127703448,2.503543809511408,-0.5056107714128568,0.7113736776690804,54.385102077599626,1.165943357782562,4.826,weekly,2,origin0,weekly|N05C|B_rich,-0.2178011716558778,5,linear,1.0,2.784160844255974,7.814,0.1087561096296159,2.9754978264599634,5.0,False,global,1.0,"{""0"": 1.0}",1.0,1.0,2.6022384233685014
AR-LRX-Aug [linear],N05C,B_rich,pacf_train,11,10,253,26,13,2014-03-16,2019-01-13,2019-01-20,2019-07-14,2019-07-21,2019-10-13,"{""colsample_bytree"": 0.8, ""learning_rate"": 0.05, ""max_depth"": 3, ""n_estimators"": 100, ""subsample"": 0.8}",132,none,42,7.132686250871466,2.670708941624202,2.129228620862329,-0.03115823472821,0.542487753767416,51.37723725136338,1.310082238114069,8.673006055069965,2.9449967835415314,2.4396693390727453,-0.2113537382701023,0.6380826364339985,53.86235576235698,1.1173339530770643,4.808,weekly,2,origin0,weekly|N05C|B_rich,0.0202062646172822,5,linear,1.0,2.784160844255974,4.0749,0.0349907810770884,2.9754978264599634,5.0,True,global,1.0,"{""0"": 1.0}",1.0,1.0,2.693875737271901
XGBoost,N05C,B_rich,pacf_train,11,10,253,26,13,2014-03-16,2019-01-13,2019-01-20,2019-07-14,2019-07-21,2019-10-13,"{""colsample_bytree"": 0.8, ""learning_rate"": 0.05, ""max_depth"": 3, ""n_estimators"": 100, ""subsample"": 0.8}",12,none,42,7.116175120350503,2.6676159994179267,2.0614995589623084,-0.0287712534980622,0.5418594998817663,49.87922357020157,1.3290717105683485,9.364620443152258,3.0601667345346164,2.355734293277447,-0.3079511197460589,0.6630361258158336,51.742489869617934,1.1367007714407564,5.003,weekly,2,origin0,weekly|N05C|B_rich,,5,,,,,,,,,,,,,,
"LR-XGB (residual, tanpa gerbang)",N05C,B_rich,pacf_train,11,10,253,26,13,2014-03-16,2019-01-13,2019-01-20,2019-07-14,2019-07-21,2019-10-13,"{""colsample_bytree"": 0.8, ""learning_rate"": 0.1, ""max_depth"": 3, ""n_estimators"": 100, ""subsample"": 0.8}",12,none,42,6.587463537512435,2.5666054503005395,2.029434772722859,0.0476635262278858,0.5213417320922971,50.62320859420486,1.2979381567860904,10.779816765737024,3.283263127703448,2.503543809511408,-0.5056107714128568,0.7113736776690804,54.385102077599626,1.165943357782562,4.856,weekly,2,origin0,weekly|N05C|B_rich,,5,,,,,,,5.0,,,,,,,
Naive,R03,A_lag1,pacf_train,1,1,262,26,13,2014-01-12,2019-01-13,2019-01-20,2019-07-14,2019-07-21,2019-10-13,{},0,none,42,1133.4873130174146,33.667303322621706,25.55448717923077,-0.1117030960472365,0.5986151096528866,42.72599890175305,0.6132822416000391,224.4113247990598,14.980364641725508,12.60256410307692,-0.0406018229855831,0.5039760371121458,40.68406492626877,0.5942695543457759,0.0,weekly,2,origin0,weekly|R03|A_lag1,,5,,,,,,,,,,,,,,
SeasonalNaive(s=52),R03,A_lag1,pacf_train,1,1,262,26,13,2014-01-12,2019-01-13,2019-01-20,2019-07-14,2019-07-21,2019-10-13,{},0,none,42,1203.3390090848611,34.68917711743622,24.55929487192308,-0.1802123293580269,0.6167843431038854,45.30730824158863,0.6111563867891366,1054.0518162256838,32.4661641748095,28.81410256384616,-3.887668848565644,1.0922410203205934,86.06001282982294,1.4949074636141193,0.0,weekly,2,origin0,weekly|R03|A_lag1,,5,,,,,,,,,,,,,,
S1 [linear],R03,A_lag1,pacf_train,1,1,262,26,13,2014-01-12,2019-01-13,2019-01-20,2019-07-14,2019-07-21,2019-10-13,{},0,none,42,928.4228369014488,30.47003178372889,21.61315461820766,0.0894202957801948,0.5417666286651514,39.23992163796924,0.4807619101612851,190.7116949973316,13.809840513102662,12.40420394706603,0.1156643379892151,0.4645967479028319,41.2585304054636,0.7373362633072268,0.011,weekly,2,origin0,weekly|R03|A_lag1,,5,linear,0.0,30.47003178372889,0.0,,13.809840513102662,,,,,,,,
AR-LRX [linear],R03,A_lag1,pacf_train,1,1,262,26,13,2014-01-12,2019-01-13,2019-01-20,2019-07-14,2019-07-21,2019-10-13,"{""colsample_bytree"": 0.8, ""learning_rate"": 0.1, ""max_depth"": 3, ""n_estimators"": 100, ""subsample"": 0.8}",132,none,42,894.3222449552927,29.905221031707704,21.938331527950066,0.1228655167440423,0.5317241180721775,40.35603470146481,0.569899327793951,156.82281944651274,12.522891816450096,10.644407896187358,0.27280803699233,0.4213006520054696,36.56114602695029,0.7233027201448359,4.181,weekly,2,origin0,weekly|R03|A_lag1,0.1149746967850515,5,linear,0.6,30.47003178372889,1.8537,-0.0928584948401181,13.809840513102662,5.0,,,,,,,
AR-LRX-g [linear],R03,A_lag1,pacf_train,1,1,262,26,13,2014-01-12,2019-01-13,2019-01-20,2019-07-14,2019-07-21,2019-10-13,"{""colsample_bytree"": 0.8, ""learning_rate"": 0.05, ""max_depth"": 3, ""n_estimators"": 100, ""subsample"": 0.8}",132,none,42,908.0025351215068,30.13308041209041,21.936921275724306,0.1094481447470686,0.5357755286252046,40.152536463823765,0.5426451391140128,170.61254336942892,13.061873654626618,11.493992501330975,0.2088646871390937,0.439433316822121,38.76190663762337,0.7321017677265703,4.474,weekly,2,origin0,weekly|R03|A_lag1,0.0120784121868374,5,linear,0.7,30.47003178372889,1.1058,-0.0935888324703004,13.809840513102662,5.0,False,global,1.0,"{""0"": 0.7}",0.7,0.7,30.2823204663923
AR-LRX-Aug [linear],R03,A_lag1,pacf_train,1,1,262,26,13,2014-01-12,2019-01-13,2019-01-20,2019-07-14,2019-07-21,2019-10-13,"{""colsample_bytree"": 0.8, ""learning_rate"": 0.05, ""max_depth"": 3, ""n_estimators"": 100, ""subsample"": 0.8}",132,none,42,928.4228369014488,30.47003178372889,21.61315461820766,0.0894202957801948,0.5417666286651514,39.23992163796924,0.4807619101612851,190.7116949973316,13.809840513102662,12.40420394706603,0.1156643379892151,0.4645967479028319,41.2585304054636,0.7373362633072268,4.428,weekly,2,origin0,weekly|R03|A_lag1,0.0657551584801042,5,linear,0.0,30.47003178372889,0.0,-0.3167687390605445,13.809840513102662,5.0,True,global,1.0,"{""0"": 0.0}",0.0,0.0,30.470031783728885
XGBoost,R03,A_lag1,pacf_train,1,1,262,26,13,2014-01-12,2019-01-13,2019-01-20,2019-07-14,2019-07-21,2019-10-13,"{""colsample_bytree"": 0.8, ""learning_rate"": 0.05, ""max_depth"": 3, ""n_estimators"": 100, ""subsample"": 0.8}",12,none,42,970.0162337126442,31.14508362025449,23.21440999948656,0.0486262723455304,0.5537692599798973,42.70192219959876,0.595351887458545,163.0200664976621,12.76793117531819,10.663711498688778,0.2440712226417509,0.4295443742360267,36.1679004701027,0.7505360317440463,4.232,weekly,2,origin0,weekly|R03|A_lag1,,5,,,,,,,,,,,,,,
"LR-XGB (residual, tanpa gerbang)",R03,A_lag1,pacf_train,1,1,262,26,13,2014-01-12,2019-01-13,2019-01-20,2019-07-14,2019-07-21,2019-10-13,"{""colsample_bytree"": 0.8, ""learning_rate"": 0.1, ""max_depth"": 3, ""n_estimators"": 100, ""subsample"": 0.8}",12,none,42,911.6040107057426,30.19278077133245,22.379237862013795,0.1059158850460976,0.5368370195545947,41.43622695480425,0.6504122510132475,148.593381900334,12.189888510578513,9.798469313489695,0.3109681776196691,0.4100976078572017,33.7926735943615,0.732049484151952,4.34,weekly,2,origin0,weekly|R03|A_lag1,,5,,,,,,,5.0,,,,,,,
Naive,R03,B_rich,pacf_train,1,1,262,26,13,2014-01-12,2019-01-13,2019-01-20,2019-07-14,2019-07-21,2019-10-13,{},0,none,42,1133.4873130174146,33.667303322621706,25.55448717923077,-0.1117030960472365,0.5986151096528866,42.72599890175305,0.6132822416000391,224.4113247990598,14.980364641725508,12.60256410307692,-0.0406018229855831,0.5039760371121458,40.68406492626877,0.5942695543457759,0.0,weekly,2,origin0,weekly|R03|B_rich,,5,,,,,,,,,,,,,,
SeasonalNaive(s=52),R03,B_rich,pacf_train,1,1,262,26,13,2014-01-12,2019-01-13,2019-01-20,2019-07-14,2019-07-21,2019-10-13,{},0,none,42,1203.3390090848611,34.68917711743622,24.55929487192308,-0.1802123293580269,0.6167843431038854,45.30730824158863,0.6111563867891366,1054.0518162256838,32.4661641748095,28.81410256384616,-3.887668848565644,1.0922410203205934,86.06001282982294,1.4949074636141193,0.0,weekly,2,origin0,weekly|R03|B_rich,,5,,,,,,,,,,,,,,
S1 [linear],R03,B_rich,pacf_train,1,1,262,26,13,2014-01-12,2019-01-13,2019-01-20,2019-07-14,2019-07-21,2019-10-13,{},0,none,42,928.4228369014488,30.47003178372889,21.61315461820766,0.0894202957801948,0.5417666286651514,39.23992163796924,0.4807619101612851,190.7116949973316,13.809840513102662,12.40420394706603,0.1156643379892151,0.4645967479028319,41.2585304054636,0.7373362633072268,0.005,weekly,2,origin0,weekly|R03|B_rich,,5,linear,0.0,30.47003178372889,0.0,,13.809840513102662,,,,,,,,
AR-LRX [linear],R03,B_rich,pacf_train,1,1,262,26,13,2014-01-12,2019-01-13,2019-01-20,2019-07-14,2019-07-21,2019-10-13,"{""colsample_bytree"": 0.8, ""learning_rate"": 0.1, ""max_depth"": 3, ""n_estimators"": 100, ""subsample"": 0.8}",132,none,42,894.3222449552927,29.905221031707704,21.938331527950066,0.1228655167440423,0.5317241180721775,40.35603470146481,0.569899327793951,156.82281944651274,12.522891816450096,10.644407896187358,0.27280803699233,0.4213006520054696,36.56114602695029,0.7233027201448359,4.692,weekly,2,origin0,weekly|R03|B_rich,0.1149746967850515,5,linear,0.6,30.47003178372889,1.8537,-0.0928584948401181,13.809840513102662,5.0,,,,,,,
AR-LRX-g [linear],R03,B_rich,pacf_train,1,1,262,26,13,2014-01-12,2019-01-13,2019-01-20,2019-07-14,2019-07-21,2019-10-13,"{""colsample_bytree"": 0.8, ""learning_rate"": 0.05, ""max_depth"": 3, ""n_estimators"": 100, ""subsample"": 0.8}",132,none,42,908.0025351215068,30.13308041209041,21.936921275724306,0.1094481447470686,0.5357755286252046,40.152536463823765,0.5426451391140128,170.61254336942892,13.061873654626618,11.493992501330975,0.2088646871390937,0.439433316822121,38.76190663762337,0.7321017677265703,4.712,weekly,2,origin0,weekly|R03|B_rich,0.0120784121868374,5,linear,0.7,30.47003178372889,1.1058,-0.0935888324703004,13.809840513102662,5.0,False,global,1.0,"{""0"": 0.7}",0.7,0.7,30.2823204663923
AR-LRX-Aug [linear],R03,B_rich,pacf_train,1,1,262,26,13,2014-01-12,2019-01-13,2019-01-20,2019-07-14,2019-07-21,2019-10-13,"{""colsample_bytree"": 0.8, ""learning_rate"": 0.05, ""max_depth"": 3, ""n_estimators"": 100, ""subsample"": 0.8}",132,none,42,928.4228369014488,30.47003178372889,21.61315461820766,0.0894202957801948,0.5417666286651514,39.23992163796924,0.4807619101612851,190.7116949973316,13.809840513102662,12.40420394706603,0.1156643379892151,0.4645967479028319,41.2585304054636,0.7373362633072268,5.065,weekly,2,origin0,weekly|R03|B_rich,0.0657551584801042,5,linear,0.0,30.47003178372889,0.0,-0.3167687390605445,13.809840513102662,5.0,True,global,1.0,"{""0"": 0.0}",0.0,0.0,30.470031783728885
XGBoost,R03,B_rich,pacf_train,1,1,262,26,13,2014-01-12,2019-01-13,2019-01-20,2019-07-14,2019-07-21,2019-10-13,"{""colsample_bytree"": 0.8, ""learning_rate"": 0.05, ""max_depth"": 3, ""n_estimators"": 100, ""subsample"": 0.8}",12,none,42,970.0162337126442,31.14508362025449,23.21440999948656,0.0486262723455304,0.5537692599798973,42.70192219959876,0.595351887458545,163.0200664976621,12.76793117531819,10.663711498688778,0.2440712226417509,0.4295443742360267,36.1679004701027,0.7505360317440463,4.767,weekly,2,origin0,weekly|R03|B_rich,,5,,,,,,,,,,,,,,
"LR-XGB (residual, tanpa gerbang)",R03,B_rich,pacf_train,1,1,262,26,13,2014-01-12,2019-01-13,2019-01-20,2019-07-14,2019-07-21,2019-10-13,"{""colsample_bytree"": 0.8, ""learning_rate"": 0.1, ""max_depth"": 3, ""n_estimators"": 100, ""subsample"": 0.8}",12,none,42,911.6040107057426,30.19278077133245,22.379237862013795,0.1059158850460976,0.5368370195545947,41.43622695480425,0.6504122510132475,148.593381900334,12.189888510578513,9.798469313489695,0.3109681776196691,0.4100976078572017,33.7926735943615,0.732049484151952,4.981,weekly,2,origin0,weekly|R03|B_rich,,5,,,,,,,5.0,,,,,,,
Naive,R06,A_lag1,pacf_train,1,1,262,26,13,2014-01-12,2019-01-13,2019-01-20,2019-07-14,2019-07-21,2019-10-13,{},0,none,42,118.51643076923077,10.886525192605342,8.123076923076924,0.3194530447438234,0.3593642463660288,27.95004361742513,0.3480945120465939,42.0452153846154,6.484228202694242,5.184615384615385,0.2507328236540969,0.3088519643682451,32.42381417222225,3.10514336938984,0.0,weekly,2,origin0,weekly|R06|A_lag1,,5,,,,,,,,,,,,,,
SeasonalNaive(s=52),R06,A_lag1,pacf_train,1,1,262,26,13,2014-01-12,2019-01-13,2019-01-20,2019-07-14,2019-07-21,2019-10-13,{},0,none,42,222.10795384615383,14.903286679325264,11.877692307692309,-0.2753918654747593,0.4919575614017278,40.92262240573096,0.4532628714255626,79.50083846153848,8.916324268527838,7.302307692307693,-0.4167454776080128,0.4246957662802252,39.91580015150353,5.83152196075032,0.0,weekly,2,origin0,weekly|R06|A_lag1,,5,,,,,,,,,,,,,,
S1 [linear],R06,A_lag1,pacf_train,1,1,262,26,13,2014-01-12,2019-01-13,2019-01-20,2019-07-14,2019-07-21,2019-10-13,{},0,none,42,106.03159364332409,10.297164349631606,7.666847457900341,0.3911436773232762,0.3399094422457236,25.45525693802905,0.2963972202918285,40.47823024544557,6.362250407320163,5.1534227870262646,0.2786572978151063,0.3030420081895069,32.0352503392182,3.644848598446528,0.009,weekly,2,origin0,weekly|R06|A_lag1,,5,linear,0.0,10.297164349631606,0.0,,6.362250407320163,,,,,,,,
AR-LRX [linear],R06,A_lag1,pacf_train,1,1,262,26,13,2014-01-12,2019-01-13,2019-01-20,2019-07-14,2019-07-21,2019-10-13,"{""colsample_bytree"": 0.8, ""learning_rate"": 0.05, ""max_depth"": 3, ""n_estimators"": 100, ""subsample"": 0.8}",132,none,42,106.03159364332409,10.297164349631606,7.666847457900341,0.3911436773232762,0.3399094422457236,25.45525693802905,0.2963972202918285,40.47823024544557,6.362250407320163,5.1534227870262646,0.2786572978151063,0.3030420081895069,32.0352503392182,3.644848598446528,4.394,weekly,2,origin0,weekly|R06|A_lag1,-0.1387663774116418,5,linear,0.0,10.297164349631606,0.0,-0.4357693281847621,6.362250407320163,5.0,,,,,,,
AR-LRX-g [linear],R06,A_lag1,pacf_train,1,1,262,26,13,2014-01-12,2019-01-13,2019-01-20,2019-07-14,2019-07-21,2019-10-13,"{""colsample_bytree"": 0.8, ""learning_rate"": 0.05, ""max_depth"": 3, ""n_estimators"": 300, ""subsample"": 0.8}",132,none,42,106.03159364332409,10.297164349631606,7.666847457900341,0.3911436773232762,0.3399094422457236,25.45525693802905,0.2963972202918285,40.47823024544557,6.362250407320163,5.1534227870262646,0.2786572978151063,0.3030420081895069,32.0352503392182,3.644848598446528,4.813,weekly,2,origin0,weekly|R06|A_lag1,-0.0748587434596468,5,linear,0.0,10.297164349631606,0.0,-0.785062709190897,6.362250407320163,5.0,False,global,1.0,"{""0"": 0.0}",0.0,0.0,10.297164349631604
AR-LRX-Aug [linear],R06,A_lag1,pacf_train,1,1,262,26,13,2014-01-12,2019-01-13,2019-01-20,2019-07-14,2019-07-21,2019-10-13,"{""colsample_bytree"": 0.8, ""learning_rate"": 0.05, ""max_depth"": 5, ""n_estimators"": 300, ""subsample"": 0.8}",132,none,42,106.03159364332409,10.297164349631606,7.666847457900341,0.3911436773232762,0.3399094422457236,25.45525693802905,0.2963972202918285,40.47823024544557,6.362250407320163,5.1534227870262646,0.2786572978151063,0.3030420081895069,32.0352503392182,3.644848598446528,5.261,weekly,2,origin0,weekly|R06|A_lag1,0.045135478068601,5,linear,0.0,10.297164349631606,0.0,-0.8684350819244715,6.362250407320163,5.0,True,global,1.0,"{""0"": 0.0}",0.0,0.0,10.297164349631604
XGBoost,R06,A_lag1,pacf_train,1,1,262,26,13,2014-01-12,2019-01-13,2019-01-20,2019-07-14,2019-07-21,2019-10-13,"{""colsample_bytree"": 0.8, ""learning_rate"": 0.05, ""max_depth"": 3, ""n_estimators"": 100, ""subsample"": 0.8}",12,none,42,137.76143483012714,11.73718172433771,8.526919209406925,0.2089440728440719,0.3874444223665386,26.658884740798623,0.3047615124736565,41.31007289164938,6.427291256170781,5.077189967815693,0.2638334377163116,0.3061399858213466,31.865008621123145,3.086188373020274,4.569,weekly,2,origin0,weekly|R06|A_lag1,,5,,,,,,,,,,,,,,
"LR-XGB (residual, tanpa gerbang)",R06,A_lag1,pacf_train,1,1,262,26,13,2014-01-12,2019-01-13,2019-01-20,2019-07-14,2019-07-21,2019-10-13,"{""colsample_bytree"": 0.8, ""learning_rate"": 0.05, ""max_depth"": 3, ""n_estimators"": 100, ""subsample"": 0.8}",12,none,42,138.14980294496038,11.75371443182794,8.48146005588236,0.2067139792076631,0.3879901671163557,26.13846802214891,0.3068336527494967,44.889771499661215,6.699982947714211,5.385506780496661,0.2000413832896905,0.3191286348891098,33.07346455762056,3.215863250056361,4.639,weekly,2,origin0,weekly|R06|A_lag1,,5,,,,,,,5.0,,,,,,,
Naive,R06,B_rich,pacf_train,1,1,262,26,13,2014-01-12,2019-01-13,2019-01-20,2019-07-14,2019-07-21,2019-10-13,{},0,none,42,118.51643076923077,10.886525192605342,8.123076923076924,0.3194530447438234,0.3593642463660288,27.95004361742513,0.3480945120465939,42.0452153846154,6.484228202694242,5.184615384615385,0.2507328236540969,0.3088519643682451,32.42381417222225,3.10514336938984,0.0,weekly,2,origin0,weekly|R06|B_rich,,5,,,,,,,,,,,,,,
SeasonalNaive(s=52),R06,B_rich,pacf_train,1,1,262,26,13,2014-01-12,2019-01-13,2019-01-20,2019-07-14,2019-07-21,2019-10-13,{},0,none,42,222.10795384615383,14.903286679325264,11.877692307692309,-0.2753918654747593,0.4919575614017278,40.92262240573096,0.4532628714255626,79.50083846153848,8.916324268527838,7.302307692307693,-0.4167454776080128,0.4246957662802252,39.91580015150353,5.83152196075032,0.0,weekly,2,origin0,weekly|R06|B_rich,,5,,,,,,,,,,,,,,
S1 [linear],R06,B_rich,pacf_train,1,1,262,26,13,2014-01-12,2019-01-13,2019-01-20,2019-07-14,2019-07-21,2019-10-13,{},0,none,42,106.03159364332409,10.297164349631606,7.666847457900341,0.3911436773232762,0.3399094422457236,25.45525693802905,0.2963972202918285,40.47823024544557,6.362250407320163,5.1534227870262646,0.2786572978151063,0.3030420081895069,32.0352503392182,3.644848598446528,0.008,weekly,2,origin0,weekly|R06|B_rich,,5,linear,0.0,10.297164349631606,0.0,,6.362250407320163,,,,,,,,
AR-LRX [linear],R06,B_rich,pacf_train,1,1,262,26,13,2014-01-12,2019-01-13,2019-01-20,2019-07-14,2019-07-21,2019-10-13,"{""colsample_bytree"": 0.8, ""learning_rate"": 0.05, ""max_depth"": 3, ""n_estimators"": 100, ""subsample"": 0.8}",132,none,42,106.03159364332409,10.297164349631606,7.666847457900341,0.3911436773232762,0.3399094422457236,25.45525693802905,0.2963972202918285,40.47823024544557,6.362250407320163,5.1534227870262646,0.2786572978151063,0.3030420081895069,32.0352503392182,3.644848598446528,4.281,weekly,2,origin0,weekly|R06|B_rich,-0.1387663774116418,5,linear,0.0,10.297164349631606,0.0,-0.4357693281847621,6.362250407320163,5.0,,,,,,,
AR-LRX-g [linear],R06,B_rich,pacf_train,1,1,262,26,13,2014-01-12,2019-01-13,2019-01-20,2019-07-14,2019-07-21,2019-10-13,"{""colsample_bytree"": 0.8, ""learning_rate"": 0.05, ""max_depth"": 3, ""n_estimators"": 300, ""subsample"": 0.8}",132,none,42,106.03159364332409,10.297164349631606,7.666847457900341,0.3911436773232762,0.3399094422457236,25.45525693802905,0.2963972202918285,40.47823024544557,6.362250407320163,5.1534227870262646,0.2786572978151063,0.3030420081895069,32.0352503392182,3.644848598446528,4.472,weekly,2,origin0,weekly|R06|B_rich,-0.0748587434596468,5,linear,0.0,10.297164349631606,0.0,-0.785062709190897,6.362250407320163,5.0,False,global,1.0,"{""0"": 0.0}",0.0,0.0,10.297164349631604
AR-LRX-Aug [linear],R06,B_rich,pacf_train,1,1,262,26,13,2014-01-12,2019-01-13,2019-01-20,2019-07-14,2019-07-21,2019-10-13,"{""colsample_bytree"": 0.8, ""learning_rate"": 0.05, ""max_depth"": 5, ""n_estimators"": 300, ""subsample"": 0.8}",132,none,42,106.03159364332409,10.297164349631606,7.666847457900341,0.3911436773232762,0.3399094422457236,25.45525693802905,0.2963972202918285,40.47823024544557,6.362250407320163,5.1534227870262646,0.2786572978151063,0.3030420081895069,32.0352503392182,3.644848598446528,4.762,weekly,2,origin0,weekly|R06|B_rich,0.045135478068601,5,linear,0.0,10.297164349631606,0.0,-0.8684350819244715,6.362250407320163,5.0,True,global,1.0,"{""0"": 0.0}",0.0,0.0,10.297164349631604
XGBoost,R06,B_rich,pacf_train,1,1,262,26,13,2014-01-12,2019-01-13,2019-01-20,2019-07-14,2019-07-21,2019-10-13,"{""colsample_bytree"": 0.8, ""learning_rate"": 0.05, ""max_depth"": 3, ""n_estimators"": 100, ""subsample"": 0.8}",12,none,42,137.76143483012714,11.73718172433771,8.526919209406925,0.2089440728440719,0.3874444223665386,26.658884740798623,0.3047615124736565,41.31007289164938,6.427291256170781,5.077189967815693,0.2638334377163116,0.3061399858213466,31.865008621123145,3.086188373020274,4.478,weekly,2,origin0,weekly|R06|B_rich,,5,,,,,,,,,,,,,,
"LR-XGB (residual, tanpa gerbang)",R06,B_rich,pacf_train,1,1,262,26,13,2014-01-12,2019-01-13,2019-01-20,2019-07-14,2019-07-21,2019-10-13,"{""colsample_bytree"": 0.8, ""learning_rate"": 0.05, ""max_depth"": 3, ""n_estimators"": 100, ""subsample"": 0.8}",12,none,42,138.14980294496038,11.75371443182794,8.48146005588236,0.2067139792076631,0.3879901671163557,26.13846802214891,0.3068336527494967,44.889771499661215,6.699982947714211,5.385506780496661,0.2000413832896905,0.3191286348891098,33.07346455762056,3.215863250056361,4.486,weekly,2,origin0,weekly|R06|B_rich,,5,,,,,,,5.0,,,,,,,
Naive,M01AB,A_lag1,pacf_train,1,7,1739,180,90,2014-01-09,2018-10-13,2018-10-14,2019-04-11,2019-04-12,2019-07-10,{},0,none,42,14.736242222222224,3.838781345977161,3.065444444444444,-0.927382867260974,0.7465944638911401,66.28327566649546,1.925086892500662,19.87764777777778,4.458435575151645,3.332333333333333,-1.2805556943642755,0.8349130290546152,64.49335313361964,1.870305694918984,0.0,daily,5,origin1,daily|M01AB|A_lag1,,5,,,,,,,,,,,,,,
SeasonalNaive(s=7),M01AB,A_lag1,pacf_train,1,7,1739,180,90,2014-01-09,2018-10-13,2018-10-14,2019-04-11,2019-04-12,2019-07-10,{},0,none,42,14.64809777777778,3.827283341716129,3.021444444444445,-0.9158542774410898,0.7443582473543272,65.09745357744107,1.6797030323973097,17.49067888888889,4.182185898413518,3.263666666666667,-1.006699574531444,0.7831808798527188,64.09129078562236,2.1040494076719094,0.0,daily,5,origin1,daily|M01AB|A_lag1,,5,,,,,,,,,,,,,,
S1 [linear],M01AB,A_lag1,pacf_train,1,7,1739,180,90,2014-01-09,2018-10-13,2018-10-14,2019-04-11,2019-04-12,2019-07-10,{},0,none,42,7.6722809056902435,2.769888247870344,2.1559373455781445,-0.0034731071494928,0.5387082631377964,46.435835809539725,1.7511161160698665,9.062582354274335,3.0104123229674595,2.17753872616334,-0.0397469572225255,0.5637476260238689,43.64713211485608,1.7674595959488335,0.008,daily,5,origin1,daily|M01AB|A_lag1,,5,linear,0.0,2.769888247870344,0.0,,3.0104123229674595,,,,,,,,
AR-LRX [linear],M01AB,A_lag1,pacf_train,1,7,1739,180,90,2014-01-09,2018-10-13,2018-10-14,2019-04-11,2019-04-12,2019-07-10,"{""colsample_bytree"": 0.8, ""learning_rate"": 0.05, ""max_depth"": 3, ""n_estimators"": 100, ""subsample"": 0.8}",132,none,42,7.6722809056902435,2.769888247870344,2.1559373455781445,-0.0034731071494928,0.5387082631377964,46.435835809539725,1.7511161160698665,9.062582354274335,3.0104123229674595,2.17753872616334,-0.0397469572225255,0.5637476260238689,43.64713211485608,1.7674595959488335,5.502,daily,5,origin1,daily|M01AB|A_lag1,-0.0108509994821226,5,linear,0.0,2.769888247870344,0.0,-0.0289596759465116,3.0104123229674595,5.0,,,,,,,
AR-LRX-g [linear],M01AB,A_lag1,pacf_train,1,7,1739,180,90,2014-01-09,2018-10-13,2018-10-14,2019-04-11,2019-04-12,2019-07-10,"{""colsample_bytree"": 0.8, ""learning_rate"": 0.05, ""max_depth"": 3, ""n_estimators"": 500, ""subsample"": 0.8}",132,none,42,7.6722809056902435,2.769888247870344,2.1559373455781445,-0.0034731071494928,0.5387082631377964,46.435835809539725,1.7511161160698665,9.062582354274335,3.0104123229674595,2.17753872616334,-0.0397469572225255,0.5637476260238689,43.64713211485608,1.7674595959488335,5.615,daily,5,origin1,daily|M01AB|A_lag1,-0.0556138860904062,5,linear,0.0,2.769888247870344,0.0,-0.1219030046131306,3.0104123229674595,5.0,False,global,1.0,"{""0"": 0.0}",0.0,0.0,2.769888247870344
AR-LRX-Aug [linear],M01AB,A_lag1,pacf_train,1,7,1739,180,90,2014-01-09,2018-10-13,2018-10-14,2019-04-11,2019-04-12,2019-07-10,"{""colsample_bytree"": 0.8, ""learning_rate"": 0.1, ""max_depth"": 5, ""n_estimators"": 500, ""subsample"": 0.8}",132,none,42,7.640249020017639,2.7641000379902385,2.1729567853446605,0.0007164078381435,0.5375825294575347,46.77943178655003,1.725860035802823,8.825134447703242,2.9707127844514423,2.170909982125332,-0.0125046405510844,0.5563132555152513,43.68886181879256,1.6897411865073837,5.569,daily,5,origin1,daily|M01AB|A_lag1,-0.0278907273630326,5,linear,0.1999999999999999,2.769888247870344,0.209,-0.1230326745948633,3.0104123229674595,5.0,True,global,1.0,"{""0"": 0.2}",0.2,0.2,2.7769849890688048
XGBoost,M01AB,A_lag1,pacf_train,1,7,1739,180,90,2014-01-09,2018-10-13,2018-10-14,2019-04-11,2019-04-12,2019-07-10,"{""colsample_bytree"": 0.8, ""learning_rate"": 0.05, ""max_depth"": 3, ""n_estimators"": 100, ""subsample"": 0.8}",12,none,42,7.824642106046213,2.7972561745478752,2.198009577062395,-0.0234007361048975,0.5440309790478953,47.35830211201363,1.7195928452901432,9.01013685037922,3.001688999609923,2.191879730436537,-0.0337299025946875,0.5621140448707721,44.328914575165015,1.6664805567707617,4.916,daily,5,origin1,daily|M01AB|A_lag1,,5,,,,,,,,,,,,,,
"LR-XGB (residual, tanpa gerbang)",M01AB,A_lag1,pacf_train,1,7,1739,180,90,2014-01-09,2018-10-13,2018-10-14,2019-04-11,2019-04-12,2019-07-10,"{""colsample_bytree"": 0.8, ""learning_rate"": 0.05, ""max_depth"": 3, ""n_estimators"": 100, ""subsample"": 0.8}",12,none,42,7.870769372027959,2.8054891502246018,2.208105289705229,-0.02943381433652,0.5456321887828639,47.52529969720338,1.7214265418841916,9.054953986706876,3.009145059100155,2.1981471321917505,-0.0388717572346211,0.563510310692913,44.40115465025634,1.6615040750770014,4.939,daily,5,origin1,daily|M01AB|A_lag1,,5,,,,,,,5.0,,,,,,,
Naive,M01AB,B_rich,pacf_train,8,7,1739,180,90,2014-01-09,2018-10-13,2018-10-14,2019-04-11,2019-04-12,2019-07-10,{},0,none,42,14.736242222222224,3.838781345977161,3.065444444444444,-0.927382867260974,0.7465944638911401,66.28327566649546,1.925086892500662,19.87764777777778,4.458435575151645,3.332333333333333,-1.2805556943642755,0.8349130290546152,64.49335313361964,1.870305694918984,0.0,daily,5,origin1,daily|M01AB|B_rich,,5,,,,,,,,,,,,,,
SeasonalNaive(s=7),M01AB,B_rich,pacf_train,8,7,1739,180,90,2014-01-09,2018-10-13,2018-10-14,2019-04-11,2019-04-12,2019-07-10,{},0,none,42,14.64809777777778,3.827283341716129,3.021444444444445,-0.9158542774410898,0.7443582473543272,65.09745357744107,1.6797030323973097,17.49067888888889,4.182185898413518,3.263666666666667,-1.006699574531444,0.7831808798527188,64.09129078562236,2.1040494076719094,0.0,daily,5,origin1,daily|M01AB|B_rich,,5,,,,,,,,,,,,,,
S1 [linear],M01AB,B_rich,pacf_train,8,7,1739,180,90,2014-01-09,2018-10-13,2018-10-14,2019-04-11,2019-04-12,2019-07-10,{},0,none,42,7.503833880545214,2.739312665714744,2.124241936473737,0.018558419301397,0.5327616987700337,45.94890460106179,1.6395934005943835,9.182146387540856,3.030205667531637,2.196098700322031,-0.0534644976455906,0.5674542448561118,43.78191217495531,1.7956199741703058,0.008,daily,5,origin1,daily|M01AB|B_rich,,5,linear,0.0,2.739312665714744,0.0,,3.030205667531637,,,,,,,,
AR-LRX [linear],M01AB,B_rich,pacf_train,8,7,1739,180,90,2014-01-09,2018-10-13,2018-10-14,2019-04-11,2019-04-12,2019-07-10,"{""colsample_bytree"": 0.8, ""learning_rate"": 0.05, ""max_depth"": 3, ""n_estimators"": 100, ""subsample"": 0.8}",132,none,42,7.497877610337955,2.7382252665436337,2.1260583397043864,0.0193374519053084,0.5325502133719291,46.00894190774519,1.6247271165609107,9.19509030721367,3.0323407307249743,2.203586931529189,-0.0549495490987224,0.5678540694241525,43.97918284016962,1.7773339262441925,6.688,daily,5,origin1,daily|M01AB|B_rich,-0.0240618087095296,5,linear,0.2,2.739312665714744,0.0397,-0.0129846246122593,3.030205667531637,5.0,,,,,,,
AR-LRX-g [linear],M01AB,B_rich,pacf_train,8,7,1739,180,90,2014-01-09,2018-10-13,2018-10-14,2019-04-11,2019-04-12,2019-07-10,"{""colsample_bytree"": 0.8, ""learning_rate"": 0.1, ""max_depth"": 3, ""n_estimators"": 300, ""subsample"": 0.8}",132,none,42,7.503833880545214,2.739312665714744,2.124241936473737,0.018558419301397,0.5327616987700337,45.94890460106179,1.6395934005943835,9.182146387540856,3.030205667531637,2.196098700322031,-0.0534644976455906,0.5674542448561118,43.78191217495531,1.7956199741703058,6.591,daily,5,origin1,daily|M01AB|B_rich,-0.1615124459214862,5,linear,0.0,2.739312665714744,0.0,-0.1789746404603527,3.030205667531637,5.0,False,global,1.0,"{""0"": 0.0}",0.0,0.0,2.739312665714744
AR-LRX-Aug [linear],M01AB,B_rich,pacf_train,8,7,1739,180,90,2014-01-09,2018-10-13,2018-10-14,2019-04-11,2019-04-12,2019-07-10,"{""colsample_bytree"": 0.8, ""learning_rate"": 0.05, ""max_depth"": 3, ""n_estimators"": 300, ""subsample"": 0.8}",132,none,42,7.503833880545214,2.739312665714744,2.124241936473737,0.018558419301397,0.5327616987700337,45.94890460106179,1.6395934005943835,9.182146387540856,3.030205667531637,2.196098700322031,-0.0534644976455906,0.5674542448561118,43.78191217495531,1.7956199741703058,7.01,daily,5,origin1,daily|M01AB|B_rich,-0.0309320158118389,5,linear,0.0,2.739312665714744,0.0,-0.0992385552959798,3.030205667531637,5.0,True,global,1.0,"{""0"": 0.0}",0.0,0.0,2.739312665714744
XGBoost,M01AB,B_rich,pacf_train,8,7,1739,180,90,2014-01-09,2018-10-13,2018-10-14,2019-04-11,2019-04-12,2019-07-10,"{""colsample_bytree"": 0.8, ""learning_rate"": 0.05, ""max_depth"": 3, ""n_estimators"": 100, ""subsample"": 0.8}",12,none,42,7.711920568874746,2.777034491841026,2.1703665761947635,-0.008657658715196,0.5400981172881814,46.670734143365706,1.6214401839682662,9.207414871508366,3.034372236807536,2.225504120084975,-0.0563635421222958,0.5682345012748194,44.792349098227376,1.686032651767813,6.257,daily,5,origin1,daily|M01AB|B_rich,,5,,,,,,,,,,,,,,
"LR-XGB (residual, tanpa gerbang)",M01AB,B_rich,pacf_train,8,7,1739,180,90,2014-01-09,2018-10-13,2018-10-14,2019-04-11,2019-04-12,2019-07-10,"{""colsample_bytree"": 0.8, ""learning_rate"": 0.05, ""max_depth"": 3, ""n_estimators"": 100, ""subsample"": 0.8}",12,none,42,7.590219697177089,2.755035335014252,2.1584903735268592,0.007259843963137,0.5358195592727959,46.64912959579426,1.569741042760193,9.339634878120329,3.056081621639109,2.245697252727004,-0.0715330980153672,0.5722999291459006,44.98956868094061,1.7080330260655563,6.25,daily,5,origin1,daily|M01AB|B_rich,,5,,,,,,,5.0,,,,,,,
Naive,M01AE,A_lag1,pacf_train,1,14,1732,180,90,2014-01-16,2018-10-13,2018-10-14,2019-04-11,2019-04-12,2019-07-10,{},0,none,42,9.375875294444445,3.062005110127095,2.359561111111111,-0.4067645563848587,0.7070081376132386,62.297019120416365,6.9697856168240175,5.683724044444444,2.3840562167122745,1.8956444444444445,-1.0883099352773096,0.7357289892335126,66.93524120443271,4.076216246986255,0.0,daily,5,origin1,daily|M01AE|A_lag1,,5,,,,,,,,,,,,,,
SeasonalNaive(s=7),M01AE,A_lag1,pacf_train,1,14,1732,180,90,2014-01-16,2018-10-13,2018-10-14,2019-04-11,2019-04-12,2019-07-10,{},0,none,42,9.11972316111111,3.019887938502208,2.395905555555556,-0.3683312655294202,0.6972834043090498,64.16029059748764,2.3826879193249018,5.515430233333333,2.3484953126062087,1.8016111111111108,-1.0264755402502428,0.7247547563900162,65.02237810824214,10.420309742140958,0.0,daily,5,origin1,daily|M01AE|A_lag1,,5,,,,,,,,,,,,,,
S1 [linear],M01AE,A_lag1,pacf_train,1,14,1732,180,90,2014-01-16,2018-10-13,2018-10-14,2019-04-11,2019-04-12,2019-07-10,{},0,none,42,6.59446214248615,2.5679684854931826,1.9360964896294857,0.0105611135881727,0.5929365076411203,49.40893429206853,4.735205371912532,3.190541593185241,1.7862087204985986,1.461483760811515,-0.1722665730889638,0.5512309346064062,48.90330500783474,6.40332814445011,0.009,daily,5,origin1,daily|M01AE|A_lag1,,5,linear,0.0,2.5679684854931826,0.0,,1.7862087204985986,,,,,,,,
AR-LRX [linear],M01AE,A_lag1,pacf_train,1,14,1732,180,90,2014-01-16,2018-10-13,2018-10-14,2019-04-11,2019-04-12,2019-07-10,"{""colsample_bytree"": 0.8, ""learning_rate"": 0.05, ""max_depth"": 3, ""n_estimators"": 100, ""subsample"": 0.8}",132,none,42,6.539485707902046,2.557241816469856,1.957793835395812,0.018809826074265,0.5904597507396071,50.02234524886708,5.00754492201559,3.1486676384450094,1.7744485448851453,1.4408163292757823,-0.1568812737623979,0.5476016988288931,48.45115849773095,5.8983678844489535,5.15,daily,5,origin1,daily|M01AE|A_lag1,-0.1380294638209043,5,linear,0.8,2.5679684854931826,0.4177,-0.0148875283405627,1.7862087204985986,5.0,,,,,,,
AR-LRX-g [linear],M01AE,A_lag1,pacf_train,1,14,1732,180,90,2014-01-16,2018-10-13,2018-10-14,2019-04-11,2019-04-12,2019-07-10,"{""colsample_bytree"": 0.8, ""learning_rate"": 0.1, ""max_depth"": 5, ""n_estimators"": 500, ""subsample"": 0.8}",132,none,42,6.586949293674211,2.5665052685849314,1.938854947943572,0.0116883480163414,0.5925986550824145,49.47577544146553,4.798924361878002,3.195927374447441,1.7877156861334078,1.4645172054321836,-0.1742454130944135,0.5516959900424045,48.96596118251382,6.303799281002517,5.667,daily,5,origin1,daily|M01AE|A_lag1,-0.3027378234762459,5,linear,0.0999999999999999,2.5679684854931826,0.057,-0.0776296033954719,1.7862087204985986,5.0,False,global,1.0,"{""0"": 0.1}",0.1,0.1,2.580267382914312
AR-LRX-Aug [linear],M01AE,A_lag1,pacf_train,1,14,1732,180,90,2014-01-16,2018-10-13,2018-10-14,2019-04-11,2019-04-12,2019-07-10,"{""colsample_bytree"": 0.8, ""learning_rate"": 0.05, ""max_depth"": 3, ""n_estimators"": 100, ""subsample"": 0.8}",132,none,42,6.59446214248615,2.5679684854931826,1.9360964896294857,0.0105611135881727,0.5929365076411203,49.40893429206853,4.735205371912532,3.190541593185241,1.7862087204985986,1.461483760811515,-0.1722665730889638,0.5512309346064062,48.90330500783474,6.40332814445011,5.382,daily,5,origin1,daily|M01AE|A_lag1,-0.1319352412717902,5,linear,0.0,2.5679684854931826,0.0,-0.0574665185476754,1.7862087204985986,5.0,True,global,1.0,"{""0"": 0.0}",0.0,0.0,2.5679684854931826
XGBoost,M01AE,A_lag1,pacf_train,1,14,1732,180,90,2014-01-16,2018-10-13,2018-10-14,2019-04-11,2019-04-12,2019-07-10,"{""colsample_bytree"": 0.8, ""learning_rate"": 0.05, ""max_depth"": 3, ""n_estimators"": 100, ""subsample"": 0.8}",12,none,42,6.528064607318629,2.555007750931224,1.9701275171279908,0.0205234580276655,0.5899439114581669,50.344980591602,5.039743319253302,3.1591900198258607,1.777411044138598,1.4421114242341782,-0.1607473998108444,0.5485159375813473,48.469137135867385,5.848735722317632,5.154,daily,5,origin1,daily|M01AE|A_lag1,,5,,,,,,,,,,,,,,
"LR-XGB (residual, tanpa gerbang)",M01AE,A_lag1,pacf_train,1,14,1732,180,90,2014-01-16,2018-10-13,2018-10-14,2019-04-11,2019-04-12,2019-07-10,"{""colsample_bytree"": 0.8, ""learning_rate"": 0.05, ""max_depth"": 3, ""n_estimators"": 100, ""subsample"": 0.8}",12,none,42,6.542037315113855,2.55774066611802,1.9646198973403235,0.0184269806892038,0.5905749336828137,50.21144304962724,5.075864546446412,3.149909961189599,1.7747985691873878,1.4366784569642337,-0.1573377271211571,0.547709717685282,48.35716503332397,5.773521248920104,5.981,daily,5,origin1,daily|M01AE|A_lag1,,5,,,,,,,5.0,,,,,,,
Naive,M01AE,B_rich,pacf_train,15,14,1732,180,90,2014-01-16,2018-10-13,2018-10-14,2019-04-11,2019-04-12,2019-07-10,{},0,none,42,9.375875294444445,3.062005110127095,2.359561111111111,-0.4067645563848587,0.7070081376132386,62.297019120416365,6.9697856168240175,5.683724044444444,2.3840562167122745,1.8956444444444445,-1.0883099352773096,0.7357289892335126,66.93524120443271,4.076216246986255,0.0,daily,5,origin1,daily|M01AE|B_rich,,5,,,,,,,,,,,,,,
SeasonalNaive(s=7),M01AE,B_rich,pacf_train,15,14,1732,180,90,2014-01-16,2018-10-13,2018-10-14,2019-04-11,2019-04-12,2019-07-10,{},0,none,42,9.11972316111111,3.019887938502208,2.395905555555556,-0.3683312655294202,0.6972834043090498,64.16029059748764,2.3826879193249018,5.515430233333333,2.3484953126062087,1.8016111111111108,-1.0264755402502428,0.7247547563900162,65.02237810824214,10.420309742140958,0.0,daily,5,origin1,daily|M01AE|B_rich,,5,,,,,,,,,,,,,,
S1 [linear],M01AE,B_rich,pacf_train,15,14,1732,180,90,2014-01-16,2018-10-13,2018-10-14,2019-04-11,2019-04-12,2019-07-10,{},0,none,42,5.723769032576369,2.3924399747070706,1.811026092416555,0.1412006718207105,0.5524074813836287,46.75919018602895,4.745109142397928,2.95125477284,1.7179216433935511,1.3889380544865273,-0.0843479759860097,0.5301572779266606,47.52542163004762,5.862420145256724,0.012,daily,5,origin1,daily|M01AE|B_rich,,5,linear,0.0,2.3924399747070706,0.0,,1.7179216433935511,,,,,,,,
AR-LRX [linear],M01AE,B_rich,pacf_train,15,14,1732,180,90,2014-01-16,2018-10-13,2018-10-14,2019-04-11,2019-04-12,2019-07-10,"{""colsample_bytree"": 0.8, ""learning_rate"": 0.05, ""max_depth"": 3, ""n_estimators"": 100, ""subsample"": 0.8}",132,none,42,5.583590742850051,2.362962281300751,1.7873205749354677,0.1622331454158402,0.5456011671004136,46.46127699781131,4.4061294653318175,2.9735280398246933,1.724392078335056,1.39846173603289,-0.0925316042500674,0.5321540792294334,47.64619527862355,5.920787027907661,7.41,daily,5,origin1,daily|M01AE|B_rich,-0.0626673417177838,5,linear,0.8,2.3924399747070706,1.2321,0.0127837212842737,1.7179216433935511,5.0,,,,,,,
AR-LRX-g [linear],M01AE,B_rich,pacf_train,15,14,1732,180,90,2014-01-16,2018-10-13,2018-10-14,2019-04-11,2019-04-12,2019-07-10,"{""colsample_bytree"": 0.8, ""learning_rate"": 0.05, ""max_depth"": 3, ""n_estimators"": 100, ""subsample"": 0.8}",132,none,42,5.583590742850051,2.362962281300751,1.7873205749354677,0.1622331454158402,0.5456011671004136,46.46127699781131,4.4061294653318175,2.9735280409568734,1.7243920786633398,1.3984617363966882,-0.0925316046660522,0.532154079330743,47.64619529013131,5.920787028370662,7.494,daily,5,origin1,daily|M01AE|B_rich,-0.0626673417177838,5,linear,0.7999999999999998,2.3924399747070706,1.2321,0.0127837212842737,1.7179216433935511,5.0,False,global,1.0,"{""0"": 0.8}",0.8,0.8,2.3694023329237286
AR-LRX-Aug [linear],M01AE,B_rich,pacf_train,15,14,1732,180,90,2014-01-16,2018-10-13,2018-10-14,2019-04-11,2019-04-12,2019-07-10,"{""colsample_bytree"": 0.8, ""learning_rate"": 0.05, ""max_depth"": 3, ""n_estimators"": 500, ""subsample"": 0.8}",132,none,42,5.581013316470638,2.362416838000999,1.805029927470668,0.1626198647314648,0.5454752258176064,46.97636826993038,4.3746432842530725,2.9890228340912754,1.7288790686717437,1.4168740252099472,-0.0982246907825865,0.5335387818392,48.14966765116797,5.8876742584672925,8.195,daily,5,origin1,daily|M01AE|B_rich,-0.167589826010545,5,linear,0.3999999999999999,2.3924399747070706,1.2549,-0.0281041940983941,1.7179216433935511,5.0,True,global,1.0,"{""0"": 0.4}",0.4,0.4,2.3736778037407427
XGBoost,M01AE,B_rich,pacf_train,15,14,1732,180,90,2014-01-16,2018-10-13,2018-10-14,2019-04-11,2019-04-12,2019-07-10,"{""colsample_bytree"": 0.8, ""learning_rate"": 0.05, ""max_depth"": 3, ""n_estimators"": 100, ""subsample"": 0.8}",12,none,42,5.843603012958446,2.4173545484596266,1.8497998216629024,0.1232206762514527,0.5581601845159534,48.0400627927311,4.199735919628077,3.106511244378769,1.7625297853876878,1.4428098679648504,-0.1413922007751111,0.543923523450095,48.51473490080831,6.275393875850918,8.005,daily,5,origin1,daily|M01AE|B_rich,,5,,,,,,,,,,,,,,
"LR-XGB (residual, tanpa gerbang)",M01AE,B_rich,pacf_train,15,14,1732,180,90,2014-01-16,2018-10-13,2018-10-14,2019-04-11,2019-04-12,2019-07-10,"{""colsample_bytree"": 0.8, ""learning_rate"": 0.05, ""max_depth"": 3, ""n_estimators"": 100, ""subsample"": 0.8}",12,none,42,5.588466412972827,2.363993742160251,1.787806125390858,0.1615015955922829,0.5458393284342676,46.53206558723089,4.322530926937926,2.989550786291643,1.7290317482023407,1.405015719822461,-0.0984186706128451,0.5335858993341379,47.784559199929134,5.935668839946127,7.923,daily,5,origin1,daily|M01AE|B_rich,,5,,,,,,,5.0,,,,,,,
Naive,N02BA,A_lag1,pacf_train,1,1,1745,180,90,2014-01-03,2018-10-13,2018-10-14,2019-04-11,2019-04-12,2019-07-10,{},0,none,42,9.099486111111112,3.0165354483432,2.3575,-0.9237351305477648,0.968303844318816,86.1091732840388,4.294000884036372,9.282000000000002,3.0466374907428686,2.3144444444444443,-1.3245615255543717,0.9307446509397764,78.158609634509,1.6319044269069318,0.0,daily,5,origin1,daily|N02BA|A_lag1,,5,,,,,,,,,,,,,,
SeasonalNaive(s=7),N02BA,A_lag1,pacf_train,1,1,1745,180,90,2014-01-03,2018-10-13,2018-10-14,2019-04-11,2019-04-12,2019-07-10,{},0,none,42,8.821819444444445,2.970154784593632,2.3169444444444447,-0.8650332308221838,0.953415713289084,87.41495435011215,3.534080001973519,7.410499999999999,2.722223356008834,2.1944444444444446,-0.8558676131351721,0.831636463139155,76.36419571500211,2.9603155719960346,0.0,daily,5,origin1,daily|N02BA|A_lag1,,5,,,,,,,,,,,,,,
S1 [linear],N02BA,A_lag1,pacf_train,1,1,1745,180,90,2014-01-03,2018-10-13,2018-10-14,2019-04-11,2019-04-12,2019-07-10,{},0,none,42,5.43080331369416,2.330408400622981,1.913934860635982,-0.1481337510798137,0.7480579796917282,64.29737298524014,3.638419839785773,4.560822884455573,2.1356083171910463,1.7292389591029298,-0.1422014007835956,0.6524261661479774,56.14088153339506,1.8439261382652807,0.006,daily,5,origin1,daily|N02BA|A_lag1,,5,linear,0.0,2.330408400622981,0.0,,2.1356083171910463,,,,,,,,
AR-LRX [linear],N02BA,A_lag1,pacf_train,1,1,1745,180,90,2014-01-03,2018-10-13,2018-10-14,2019-04-11,2019-04-12,2019-07-10,"{""colsample_bytree"": 0.8, ""learning_rate"": 0.1, ""max_depth"": 5, ""n_estimators"": 500, ""subsample"": 0.8}",132,none,42,5.389619905242037,2.3215554926044817,1.895214330571788,-0.1394271088950089,0.7452162080585051,63.88506026851062,3.5609222767879563,4.699518629486804,2.1678373161948303,1.7533526058097124,-0.1769360261507255,0.6622720925238789,56.55871941521751,1.8249964668805108,5.757,daily,5,origin1,daily|N02BA|A_lag1,-0.2587355099478481,5,linear,0.3,2.330408400622981,0.3799,-0.1877856431207583,2.1356083171910463,5.0,,,,,,,
AR-LRX-g [linear],N02BA,A_lag1,pacf_train,1,1,1745,180,90,2014-01-03,2018-10-13,2018-10-14,2019-04-11,2019-04-12,2019-07-10,"{""colsample_bytree"": 0.8, ""learning_rate"": 0.05, ""max_depth"": 3, ""n_estimators"": 100, ""subsample"": 0.8}",132,none,42,5.415823513914816,2.327192195310653,1.9118309670151945,-0.1449668505832124,0.7470255820881276,64.25592941344132,3.668905895094922,4.633019515527784,2.1524450087116707,1.733990617997486,-0.1602821496378412,0.6575697582622212,56.11054668772693,1.8247879724313607,5.177,daily,5,origin1,daily|N02BA|A_lag1,-0.1275760758542068,5,linear,0.5,2.330408400622981,0.138,-0.1439778145021,2.1356083171910463,5.0,False,global,1.0,"{""0"": 0.5}",0.5,0.5,2.354005191303627
AR-LRX-Aug [linear],N02BA,A_lag1,pacf_train,1,1,1745,180,90,2014-01-03,2018-10-13,2018-10-14,2019-04-11,2019-04-12,2019-07-10,"{""colsample_bytree"": 0.8, ""learning_rate"": 0.05, ""max_depth"": 3, ""n_estimators"": 100, ""subsample"": 0.8}",132,none,42,5.43080331369416,2.330408400622981,1.913934860635982,-0.1481337510798137,0.7480579796917282,64.29737298524014,3.638419839785773,4.560822884455573,2.1356083171910463,1.7292389591029298,-0.1422014007835956,0.6524261661479774,56.14088153339506,1.8439261382652807,5.719,daily,5,origin1,daily|N02BA|A_lag1,-0.1629591380338908,5,linear,0.0,2.330408400622981,0.0,-0.2711598193771556,2.1356083171910463,5.0,True,global,1.0,"{""0"": 0.0}",0.0,0.0,2.330408400622981
XGBoost,N02BA,A_lag1,pacf_train,1,1,1745,180,90,2014-01-03,2018-10-13,2018-10-14,2019-04-11,2019-04-12,2019-07-10,"{""colsample_bytree"": 0.8, ""learning_rate"": 0.05, ""max_depth"": 3, ""n_estimators"": 100, ""subsample"": 0.8}",12,none,42,5.478792296394617,2.340682015224327,1.9237275452084008,-0.158279169268583,0.751355796237858,64.37717790151518,3.7108544040047087,4.699728834275584,2.167885798254969,1.7455236413743762,-0.1769886693272484,0.6622869037438804,56.28803085538787,1.825598708481524,5.171,daily,5,origin1,daily|N02BA|A_lag1,,5,,,,,,,,,,,,,,
"LR-XGB (residual, tanpa gerbang)",N02BA,A_lag1,pacf_train,1,1,1745,180,90,2014-01-03,2018-10-13,2018-10-14,2019-04-11,2019-04-12,2019-07-10,"{""colsample_bytree"": 0.8, ""learning_rate"": 0.05, ""max_depth"": 3, ""n_estimators"": 100, ""subsample"": 0.8}",12,none,42,5.433507056962364,2.3309884291781384,1.9161432038769333,-0.1487053532390474,0.7482441680821488,64.32130197834147,3.701220125498464,4.737572384990833,2.1765965140537262,1.7548390052867704,-0.1864661162118672,0.6649480185500182,56.58151215211635,1.806703431242173,5.233,daily,5,origin1,daily|N02BA|A_lag1,,5,,,,,,,5.0,,,,,,,
Naive,N02BA,B_rich,pacf_train,1,1,1745,180,90,2014-01-03,2018-10-13,2018-10-14,2019-04-11,2019-04-12,2019-07-10,{},0,none,42,9.099486111111112,3.0165354483432,2.3575,-0.9237351305477648,0.968303844318816,86.1091732840388,4.294000884036372,9.282000000000002,3.0466374907428686,2.3144444444444443,-1.3245615255543717,0.9307446509397764,78.158609634509,1.6319044269069318,0.0,daily,5,origin1,daily|N02BA|B_rich,,5,,,,,,,,,,,,,,
SeasonalNaive(s=7),N02BA,B_rich,pacf_train,1,1,1745,180,90,2014-01-03,2018-10-13,2018-10-14,2019-04-11,2019-04-12,2019-07-10,{},0,none,42,8.821819444444445,2.970154784593632,2.3169444444444447,-0.8650332308221838,0.953415713289084,87.41495435011215,3.534080001973519,7.410499999999999,2.722223356008834,2.1944444444444446,-0.8558676131351721,0.831636463139155,76.36419571500211,2.9603155719960346,0.0,daily,5,origin1,daily|N02BA|B_rich,,5,,,,,,,,,,,,,,
S1 [linear],N02BA,B_rich,pacf_train,1,1,1745,180,90,2014-01-03,2018-10-13,2018-10-14,2019-04-11,2019-04-12,2019-07-10,{},0,none,42,5.43080331369416,2.330408400622981,1.913934860635982,-0.1481337510798137,0.7480579796917282,64.29737298524014,3.638419839785773,4.560822884455573,2.1356083171910463,1.7292389591029298,-0.1422014007835956,0.6524261661479774,56.14088153339506,1.8439261382652807,0.008,daily,5,origin1,daily|N02BA|B_rich,,5,linear,0.0,2.330408400622981,0.0,,2.1356083171910463,,,,,,,,
AR-LRX [linear],N02BA,B_rich,pacf_train,1,1,1745,180,90,2014-01-03,2018-10-13,2018-10-14,2019-04-11,2019-04-12,2019-07-10,"{""colsample_bytree"": 0.8, ""learning_rate"": 0.1, ""max_depth"": 5, ""n_estimators"": 500, ""subsample"": 0.8}",132,none,42,5.389619905242037,2.3215554926044817,1.895214330571788,-0.1394271088950089,0.7452162080585051,63.88506026851062,3.5609222767879563,4.699518629486804,2.1678373161948303,1.7533526058097124,-0.1769360261507255,0.6622720925238789,56.55871941521751,1.8249964668805108,6.01,daily,5,origin1,daily|N02BA|B_rich,-0.2587355099478481,5,linear,0.3,2.330408400622981,0.3799,-0.1877856431207583,2.1356083171910463,5.0,,,,,,,
AR-LRX-g [linear],N02BA,B_rich,pacf_train,1,1,1745,180,90,2014-01-03,2018-10-13,2018-10-14,2019-04-11,2019-04-12,2019-07-10,"{""colsample_bytree"": 0.8, ""learning_rate"": 0.05, ""max_depth"": 3, ""n_estimators"": 100, ""subsample"": 0.8}",132,none,42,5.415823513914816,2.327192195310653,1.9118309670151945,-0.1449668505832124,0.7470255820881276,64.25592941344132,3.668905895094922,4.633019515527784,2.1524450087116707,1.733990617997486,-0.1602821496378412,0.6575697582622212,56.11054668772693,1.8247879724313607,4.956,daily,5,origin1,daily|N02BA|B_rich,-0.1275760758542068,5,linear,0.5,2.330408400622981,0.138,-0.1439778145021,2.1356083171910463,5.0,False,global,1.0,"{""0"": 0.5}",0.5,0.5,2.354005191303627
AR-LRX-Aug [linear],N02BA,B_rich,pacf_train,1,1,1745,180,90,2014-01-03,2018-10-13,2018-10-14,2019-04-11,2019-04-12,2019-07-10,"{""colsample_bytree"": 0.8, ""learning_rate"": 0.05, ""max_depth"": 3, ""n_estimators"": 100, ""subsample"": 0.8}",132,none,42,5.43080331369416,2.330408400622981,1.913934860635982,-0.1481337510798137,0.7480579796917282,64.29737298524014,3.638419839785773,4.560822884455573,2.1356083171910463,1.7292389591029298,-0.1422014007835956,0.6524261661479774,56.14088153339506,1.8439261382652807,5.133,daily,5,origin1,daily|N02BA|B_rich,-0.1629591380338908,5,linear,0.0,2.330408400622981,0.0,-0.2711598193771556,2.1356083171910463,5.0,True,global,1.0,"{""0"": 0.0}",0.0,0.0,2.330408400622981
XGBoost,N02BA,B_rich,pacf_train,1,1,1745,180,90,2014-01-03,2018-10-13,2018-10-14,2019-04-11,2019-04-12,2019-07-10,"{""colsample_bytree"": 0.8, ""learning_rate"": 0.05, ""max_depth"": 3, ""n_estimators"": 100, ""subsample"": 0.8}",12,none,42,5.478792296394617,2.340682015224327,1.9237275452084008,-0.158279169268583,0.751355796237858,64.37717790151518,3.7108544040047087,4.699728834275584,2.167885798254969,1.7455236413743762,-0.1769886693272484,0.6622869037438804,56.28803085538787,1.825598708481524,5.072,daily,5,origin1,daily|N02BA|B_rich,,5,,,,,,,,,,,,,,
"LR-XGB (residual, tanpa gerbang)",N02BA,B_rich,pacf_train,1,1,1745,180,90,2014-01-03,2018-10-13,2018-10-14,2019-04-11,2019-04-12,2019-07-10,"{""colsample_bytree"": 0.8, ""learning_rate"": 0.05, ""max_depth"": 3, ""n_estimators"": 100, ""subsample"": 0.8}",12,none,42,5.433507056962364,2.3309884291781384,1.9161432038769333,-0.1487053532390474,0.7482441680821488,64.32130197834147,3.701220125498464,4.737572384990833,2.1765965140537262,1.7548390052867704,-0.1864661162118672,0.6649480185500182,56.58151215211635,1.806703431242173,5.562,daily,5,origin1,daily|N02BA|B_rich,,5,,,,,,,5.0,,,,,,,
Naive,N02BE,A_lag1,pacf_train,1,1,1745,180,90,2014-01-03,2018-10-13,2018-10-14,2019-04-11,2019-04-12,2019-07-10,{},0,none,42,405.61323216666665,20.139841910170663,16.019444444444446,-0.3414294057056908,0.5381987279856657,48.96442393094506,0.6336525089068439,138.26445653333334,11.758590754564654,8.714711111111113,-1.0268185782984225,0.5558122364306627,43.244013327100575,0.6173470350784405,0.0,daily,5,origin1,daily|N02BE|A_lag1,,5,,,,,,,,,,,,,,
SeasonalNaive(s=7),N02BE,A_lag1,pacf_train,1,1,1745,180,90,2014-01-03,2018-10-13,2018-10-14,2019-04-11,2019-04-12,2019-07-10,{},0,none,42,374.2353344555556,19.34516307647872,14.856255555555556,-0.2376575576965154,0.5169624571471072,45.38454310911499,0.626946690578662,137.9045632,11.743277361963312,8.784444444444444,-1.0215429021594151,0.5550883936533478,43.63697311032615,0.6368634360907485,0.0,daily,5,origin1,daily|N02BE|A_lag1,,5,,,,,,,,,,,,,,
S1 [linear],N02BE,A_lag1,pacf_train,1,1,1745,180,90,2014-01-03,2018-10-13,2018-10-14,2019-04-11,2019-04-12,2019-07-10,{},0,none,42,291.5172235376817,17.073875469198015,13.407201410091536,0.0359047858615154,0.4562666430200476,40.137184434454014,0.4916673015264778,110.17596440960216,10.49647390363079,8.66460063716125,-0.6150693905450086,0.4961537276691381,39.79239012085889,0.6662609676341963,0.005,daily,5,origin1,daily|N02BE|A_lag1,,5,linear,0.0,17.073875469198015,0.0,,10.49647390363079,,,,,,,,
AR-LRX [linear],N02BE,A_lag1,pacf_train,1,1,1745,180,90,2014-01-03,2018-10-13,2018-10-14,2019-04-11,2019-04-12,2019-07-10,"{""colsample_bytree"": 0.8, ""learning_rate"": 0.05, ""max_depth"": 3, ""n_estimators"": 300, ""subsample"": 0.8}",132,none,42,288.1034888749163,16.97361154483383,13.338517132639543,0.0471945656239977,0.45358728154361,39.61245665248234,0.4893709820170792,107.8239102075066,10.383829265136566,8.493492382846638,-0.5805906295279071,0.4908291722228068,39.01456284259386,0.6581156198409557,5.158,daily,5,origin1,daily|N02BE|A_lag1,-0.3478779307869182,5,linear,0.4,17.073875469198015,0.5872,-0.0747562053419399,10.49647390363079,5.0,,,,,,,
AR-LRX-g [linear],N02BE,A_lag1,pacf_train,1,1,1745,180,90,2014-01-03,2018-10-13,2018-10-14,2019-04-11,2019-04-12,2019-07-10,"{""colsample_bytree"": 0.8, ""learning_rate"": 0.05, ""max_depth"": 3, ""n_estimators"": 300, ""subsample"": 0.8}",132,none,42,288.1034888749163,16.97361154483383,13.338517132639543,0.0471945656239977,0.45358728154361,39.61245665248234,0.4893709820170792,107.82391026986394,10.383829268139184,8.493492384796205,-0.5805906304420037,0.4908291723647364,39.01456285144738,0.6581156202396509,5.783,daily,5,origin1,daily|N02BE|A_lag1,-0.3478779307869182,5,linear,0.3999999999999999,17.073875469198015,0.5872,-0.0747562053419399,10.49647390363079,5.0,False,global,1.0,"{""0"": 0.4}",0.4,0.4,17.001609766476896
AR-LRX-Aug [linear],N02BE,A_lag1,pacf_train,1,1,1745,180,90,2014-01-03,2018-10-13,2018-10-14,2019-04-11,2019-04-12,2019-07-10,"{""colsample_bytree"": 0.8, ""learning_rate"": 0.05, ""max_depth"": 3, ""n_estimators"": 300, ""subsample"": 0.8}",132,none,42,289.42161248867995,17.012395847989193,13.32956030187758,0.0428353149003155,0.4546237178134243,39.67386230968103,0.4941651414723223,108.76417057865687,10.429006212418177,8.490839387756948,-0.5943739056963977,0.492964623709113,38.968831705930775,0.6624613536669857,4.942,daily,5,origin1,daily|N02BE|A_lag1,-0.4116402340961673,5,linear,0.2999999999999999,17.073875469198015,0.3601,-0.0913351862246267,10.49647390363079,5.0,True,global,1.0,"{""0"": 0.3}",0.3,0.3,17.04630841072806
XGBoost,N02BE,A_lag1,pacf_train,1,1,1745,180,90,2014-01-03,2018-10-13,2018-10-14,2019-04-11,2019-04-12,2019-07-10,"{""colsample_bytree"": 0.8, ""learning_rate"": 0.05, ""max_depth"": 3, ""n_estimators"": 100, ""subsample"": 0.8}",12,none,42,290.7709378878788,17.05200685807623,13.366571884155272,0.0383728747607711,0.4556822462436949,39.5226543554324,0.495507294789613,108.54747415787206,10.418611911280315,8.52388967183431,-0.5911973530052035,0.4924732995460261,39.02783446494171,0.6517352486279399,5.182,daily,5,origin1,daily|N02BE|A_lag1,,5,,,,,,,,,,,,,,
"LR-XGB (residual, tanpa gerbang)",N02BE,A_lag1,pacf_train,1,1,1745,180,90,2014-01-03,2018-10-13,2018-10-14,2019-04-11,2019-04-12,2019-07-10,"{""colsample_bytree"": 0.8, ""learning_rate"": 0.05, ""max_depth"": 3, ""n_estimators"": 100, ""subsample"": 0.8}",12,none,42,290.0214873843822,17.030017245569137,13.388322562075595,0.0408514303496532,0.4550946159369129,39.56513710394992,0.4999026804367473,108.309274468829,10.407174182689026,8.521359118792434,-0.5877055839186125,0.4919326540179433,39.04169488916574,0.650818450228966,5.273,daily,5,origin1,daily|N02BE|A_lag1,,5,,,,,,,5.0,,,,,,,
Naive,N02BE,B_rich,pacf_train,1,1,1745,180,90,2014-01-03,2018-10-13,2018-10-14,2019-04-11,2019-04-12,2019-07-10,{},0,none,42,405.61323216666665,20.139841910170663,16.019444444444446,-0.3414294057056908,0.5381987279856657,48.96442393094506,0.6336525089068439,138.26445653333334,11.758590754564654,8.714711111111113,-1.0268185782984225,0.5558122364306627,43.244013327100575,0.6173470350784405,0.0,daily,5,origin1,daily|N02BE|B_rich,,5,,,,,,,,,,,,,,
SeasonalNaive(s=7),N02BE,B_rich,pacf_train,1,1,1745,180,90,2014-01-03,2018-10-13,2018-10-14,2019-04-11,2019-04-12,2019-07-10,{},0,none,42,374.2353344555556,19.34516307647872,14.856255555555556,-0.2376575576965154,0.5169624571471072,45.38454310911499,0.626946690578662,137.9045632,11.743277361963312,8.784444444444444,-1.0215429021594151,0.5550883936533478,43.63697311032615,0.6368634360907485,0.0,daily,5,origin1,daily|N02BE|B_rich,,5,,,,,,,,,,,,,,
S1 [linear],N02BE,B_rich,pacf_train,1,1,1745,180,90,2014-01-03,2018-10-13,2018-10-14,2019-04-11,2019-04-12,2019-07-10,{},0,none,42,291.5172235376817,17.073875469198015,13.407201410091536,0.0359047858615154,0.4562666430200476,40.137184434454014,0.4916673015264778,110.17596440960216,10.49647390363079,8.66460063716125,-0.6150693905450086,0.4961537276691381,39.79239012085889,0.6662609676341963,0.008,daily,5,origin1,daily|N02BE|B_rich,,5,linear,0.0,17.073875469198015,0.0,,10.49647390363079,,,,,,,,
AR-LRX [linear],N02BE,B_rich,pacf_train,1,1,1745,180,90,2014-01-03,2018-10-13,2018-10-14,2019-04-11,2019-04-12,2019-07-10,"{""colsample_bytree"": 0.8, ""learning_rate"": 0.05, ""max_depth"": 3, ""n_estimators"": 300, ""subsample"": 0.8}",132,none,42,288.1034888749163,16.97361154483383,13.338517132639543,0.0471945656239977,0.45358728154361,39.61245665248234,0.4893709820170792,107.8239102075066,10.383829265136566,8.493492382846638,-0.5805906295279071,0.4908291722228068,39.01456284259386,0.6581156198409557,7.154,daily,5,origin1,daily|N02BE|B_rich,-0.3478779307869182,5,linear,0.4,17.073875469198015,0.5872,-0.0747562053419399,10.49647390363079,5.0,,,,,,,
AR-LRX-g [linear],N02BE,B_rich,pacf_train,1,1,1745,180,90,2014-01-03,2018-10-13,2018-10-14,2019-04-11,2019-04-12,2019-07-10,"{""colsample_bytree"": 0.8, ""learning_rate"": 0.05, ""max_depth"": 3, ""n_estimators"": 300, ""subsample"": 0.8}",132,none,42,288.1034888749163,16.97361154483383,13.338517132639543,0.0471945656239977,0.45358728154361,39.61245665248234,0.4893709820170792,107.82391026986394,10.383829268139184,8.493492384796205,-0.5805906304420037,0.4908291723647364,39.01456285144738,0.6581156202396509,6.451,daily,5,origin1,daily|N02BE|B_rich,-0.3478779307869182,5,linear,0.3999999999999999,17.073875469198015,0.5872,-0.0747562053419399,10.49647390363079,5.0,False,global,1.0,"{""0"": 0.4}",0.4,0.4,17.001609766476896
AR-LRX-Aug [linear],N02BE,B_rich,pacf_train,1,1,1745,180,90,2014-01-03,2018-10-13,2018-10-14,2019-04-11,2019-04-12,2019-07-10,"{""colsample_bytree"": 0.8, ""learning_rate"": 0.05, ""max_depth"": 3, ""n_estimators"": 300, ""subsample"": 0.8}",132,none,42,289.42161248867995,17.012395847989193,13.32956030187758,0.0428353149003155,0.4546237178134243,39.67386230968103,0.4941651414723223,108.76417057865687,10.429006212418177,8.490839387756948,-0.5943739056963977,0.492964623709113,38.968831705930775,0.6624613536669857,6.103,daily,5,origin1,daily|N02BE|B_rich,-0.4116402340961673,5,linear,0.2999999999999999,17.073875469198015,0.3601,-0.0913351862246267,10.49647390363079,5.0,True,global,1.0,"{""0"": 0.3}",0.3,0.3,17.04630841072806
XGBoost,N02BE,B_rich,pacf_train,1,1,1745,180,90,2014-01-03,2018-10-13,2018-10-14,2019-04-11,2019-04-12,2019-07-10,"{""colsample_bytree"": 0.8, ""learning_rate"": 0.05, ""max_depth"": 3, ""n_estimators"": 100, ""subsample"": 0.8}",12,none,42,290.7709378878788,17.05200685807623,13.366571884155272,0.0383728747607711,0.4556822462436949,39.5226543554324,0.495507294789613,108.54747415787206,10.418611911280315,8.52388967183431,-0.5911973530052035,0.4924732995460261,39.02783446494171,0.6517352486279399,4.849,daily,5,origin1,daily|N02BE|B_rich,,5,,,,,,,,,,,,,,
"LR-XGB (residual, tanpa gerbang)",N02BE,B_rich,pacf_train,1,1,1745,180,90,2014-01-03,2018-10-13,2018-10-14,2019-04-11,2019-04-12,2019-07-10,"{""colsample_bytree"": 0.8, ""learning_rate"": 0.05, ""max_depth"": 3, ""n_estimators"": 100, ""subsample"": 0.8}",12,none,42,290.0214873843822,17.030017245569137,13.388322562075595,0.0408514303496532,0.4550946159369129,39.56513710394992,0.4999026804367473,108.309274468829,10.407174182689026,8.521359118792434,-0.5877055839186125,0.4919326540179433,39.04169488916574,0.650818450228966,5.134,daily,5,origin1,daily|N02BE|B_rich,,5,,,,,,,5.0,,,,,,,
Naive,N05B,A_lag1,pacf_train,1,1,1745,180,90,2014-01-03,2018-10-13,2018-10-14,2019-04-11,2019-04-12,2019-07-10,{},0,none,42,34.782444444444444,5.897664321105809,4.496666666666666,-0.9026347719720952,0.6583030992180613,56.27505963456466,1.1370074600390698,36.412444444444446,6.034272486757989,4.622222222222222,-0.826935751302526,0.7488755154553489,63.86148541511998,2.052040793598546,0.0,daily,5,origin1,daily|N05B|A_lag1,,5,,,,,,,,,,,,,,
SeasonalNaive(s=7),N05B,A_lag1,pacf_train,1,1,1745,180,90,2014-01-03,2018-10-13,2018-10-14,2019-04-11,2019-04-12,2019-07-10,{},0,none,42,37.78088888888889,6.146616051852344,4.802222222222222,-1.066652705528739,0.6860913365579944,59.36086670726214,1.179626133665447,34.71511111111111,5.891953081204153,4.562222222222222,-0.7417747851587857,0.7312131512801624,63.81025220707114,1.6895310301635542,0.0,daily,5,origin1,daily|N05B|A_lag1,,5,,,,,,,,,,,,,,
S1 [linear],N05B,A_lag1,pacf_train,1,1,1745,180,90,2014-01-03,2018-10-13,2018-10-14,2019-04-11,2019-04-12,2019-07-10,{},0,none,42,19.336524939724864,4.397331570364562,3.3937175366987606,-0.0577274055073611,0.4908344801349504,41.17887167438432,0.8791545819231036,20.82203574088319,4.563116888803441,3.633541570385702,-0.0447121057186381,0.5662996690462074,50.44076855329697,1.869836267964089,0.009,daily,5,origin1,daily|N05B|A_lag1,,5,linear,0.0,4.397331570364562,0.0,,4.563116888803441,,,,,,,,
AR-LRX [linear],N05B,A_lag1,pacf_train,1,1,1745,180,90,2014-01-03,2018-10-13,2018-10-14,2019-04-11,2019-04-12,2019-07-10,"{""colsample_bytree"": 0.8, ""learning_rate"": 0.05, ""max_depth"": 3, ""n_estimators"": 100, ""subsample"": 0.8}",132,none,42,19.336524939724864,4.397331570364562,3.3937175366987606,-0.0577274055073611,0.4908344801349504,41.17887167438432,0.8791545819231036,20.82203574088319,4.563116888803441,3.633541570385702,-0.0447121057186381,0.5662996690462074,50.44076855329697,1.869836267964089,5.3,daily,5,origin1,daily|N05B|A_lag1,0.0079755888939154,5,linear,0.0,4.397331570364562,0.0,-0.0296940770731688,4.563116888803441,5.0,,,,,,,
AR-LRX-g [linear],N05B,A_lag1,pacf_train,1,1,1745,180,90,2014-01-03,2018-10-13,2018-10-14,2019-04-11,2019-04-12,2019-07-10,"{""colsample_bytree"": 0.8, ""learning_rate"": 0.05, ""max_depth"": 3, ""n_estimators"": 100, ""subsample"": 0.8}",132,none,42,19.336524939724864,4.397331570364562,3.3937175366987606,-0.0577274055073611,0.4908344801349504,41.17887167438432,0.8791545819231036,20.82203574088319,4.563116888803441,3.633541570385702,-0.0447121057186381,0.5662996690462074,50.44076855329697,1.869836267964089,5.363,daily,5,origin1,daily|N05B|A_lag1,0.0079755888939154,5,linear,0.0,4.397331570364562,0.0,-0.0296940770731688,4.563116888803441,5.0,False,global,1.0,"{""0"": 0.0}",0.0,0.0,4.397331570364562
AR-LRX-Aug [linear],N05B,A_lag1,pacf_train,1,1,1745,180,90,2014-01-03,2018-10-13,2018-10-14,2019-04-11,2019-04-12,2019-07-10,"{""colsample_bytree"": 0.8, ""learning_rate"": 0.1, ""max_depth"": 3, ""n_estimators"": 100, ""subsample"": 0.8}",132,none,42,19.13545002852056,4.3744085347073565,3.403923401914697,-0.0467284051800673,0.4882757883215454,41.43321254510348,0.8859405673778381,19.294613044336906,4.392563379660777,3.50270527789146,0.0319238678955166,0.5451333482756066,49.49130585424766,1.7544859300912077,5.113,daily,5,origin1,daily|N05B|A_lag1,0.0747373562243757,5,linear,0.5999999999999999,4.397331570364562,0.5213,0.0057381972434934,4.563116888803441,5.0,True,global,1.0,"{""0"": 0.6}",0.6,0.6,4.390303756539778
XGBoost,N05B,A_lag1,pacf_train,1,1,1745,180,90,2014-01-03,2018-10-13,2018-10-14,2019-04-11,2019-04-12,2019-07-10,"{""colsample_bytree"": 0.8, ""learning_rate"": 0.1, ""max_depth"": 5, ""n_estimators"": 100, ""subsample"": 0.8}",12,none,42,19.68955270124311,4.437291144520845,3.450687616666158,-0.0770383799159859,0.4952948071522709,41.83637337225765,0.9012474789942608,20.354197993416125,4.511562699710171,3.5937997023264567,-0.0212391002751148,0.5599016036595634,50.51628193747756,1.7572236313631364,5.231,daily,5,origin1,daily|N05B|A_lag1,,5,,,,,,,,,,,,,,
"LR-XGB (residual, tanpa gerbang)",N05B,A_lag1,pacf_train,1,1,1745,180,90,2014-01-03,2018-10-13,2018-10-14,2019-04-11,2019-04-12,2019-07-10,"{""colsample_bytree"": 0.8, ""learning_rate"": 0.05, ""max_depth"": 3, ""n_estimators"": 100, ""subsample"": 0.8}",12,none,42,19.90954162432615,4.462010939512155,3.4589303635295594,-0.0890719957584555,0.4980540550118987,41.750706481770834,0.9107878830741832,20.240556300677707,4.498950577710063,3.5509480532153948,-0.0155373113820589,0.5583363927108461,49.94052228868014,1.7840661534587574,5.283,daily,5,origin1,daily|N05B|A_lag1,,5,,,,,,,5.0,,,,,,,
Naive,N05B,B_rich,pacf_train,1,1,1745,180,90,2014-01-03,2018-10-13,2018-10-14,2019-04-11,2019-04-12,2019-07-10,{},0,none,42,34.782444444444444,5.897664321105809,4.496666666666666,-0.9026347719720952,0.6583030992180613,56.27505963456466,1.1370074600390698,36.412444444444446,6.034272486757989,4.622222222222222,-0.826935751302526,0.7488755154553489,63.86148541511998,2.052040793598546,0.0,daily,5,origin1,daily|N05B|B_rich,,5,,,,,,,,,,,,,,
SeasonalNaive(s=7),N05B,B_rich,pacf_train,1,1,1745,180,90,2014-01-03,2018-10-13,2018-10-14,2019-04-11,2019-04-12,2019-07-10,{},0,none,42,37.78088888888889,6.146616051852344,4.802222222222222,-1.066652705528739,0.6860913365579944,59.36086670726214,1.179626133665447,34.71511111111111,5.891953081204153,4.562222222222222,-0.7417747851587857,0.7312131512801624,63.81025220707114,1.6895310301635542,0.0,daily,5,origin1,daily|N05B|B_rich,,5,,,,,,,,,,,,,,
S1 [linear],N05B,B_rich,pacf_train,1,1,1745,180,90,2014-01-03,2018-10-13,2018-10-14,2019-04-11,2019-04-12,2019-07-10,{},0,none,42,19.336524939724864,4.397331570364562,3.3937175366987606,-0.0577274055073611,0.4908344801349504,41.17887167438432,0.8791545819231036,20.82203574088319,4.563116888803441,3.633541570385702,-0.0447121057186381,0.5662996690462074,50.44076855329697,1.869836267964089,0.008,daily,5,origin1,daily|N05B|B_rich,,5,linear,0.0,4.397331570364562,0.0,,4.563116888803441,,,,,,,,
AR-LRX [linear],N05B,B_rich,pacf_train,1,1,1745,180,90,2014-01-03,2018-10-13,2018-10-14,2019-04-11,2019-04-12,2019-07-10,"{""colsample_bytree"": 0.8, ""learning_rate"": 0.05, ""max_depth"": 3, ""n_estimators"": 100, ""subsample"": 0.8}",132,none,42,19.336524939724864,4.397331570364562,3.3937175366987606,-0.0577274055073611,0.4908344801349504,41.17887167438432,0.8791545819231036,20.82203574088319,4.563116888803441,3.633541570385702,-0.0447121057186381,0.5662996690462074,50.44076855329697,1.869836267964089,5.304,daily,5,origin1,daily|N05B|B_rich,0.0079755888939154,5,linear,0.0,4.397331570364562,0.0,-0.0296940770731688,4.563116888803441,5.0,,,,,,,
AR-LRX-g [linear],N05B,B_rich,pacf_train,1,1,1745,180,90,2014-01-03,2018-10-13,2018-10-14,2019-04-11,2019-04-12,2019-07-10,"{""colsample_bytree"": 0.8, ""learning_rate"": 0.05, ""max_depth"": 3, ""n_estimators"": 100, ""subsample"": 0.8}",132,none,42,19.336524939724864,4.397331570364562,3.3937175366987606,-0.0577274055073611,0.4908344801349504,41.17887167438432,0.8791545819231036,20.82203574088319,4.563116888803441,3.633541570385702,-0.0447121057186381,0.5662996690462074,50.44076855329697,1.869836267964089,5.056,daily,5,origin1,daily|N05B|B_rich,0.0079755888939154,5,linear,0.0,4.397331570364562,0.0,-0.0296940770731688,4.563116888803441,5.0,False,global,1.0,"{""0"": 0.0}",0.0,0.0,4.397331570364562
AR-LRX-Aug [linear],N05B,B_rich,pacf_train,1,1,1745,180,90,2014-01-03,2018-10-13,2018-10-14,2019-04-11,2019-04-12,2019-07-10,"{""colsample_bytree"": 0.8, ""learning_rate"": 0.1, ""max_depth"": 3, ""n_estimators"": 100, ""subsample"": 0.8}",132,none,42,19.13545002852056,4.3744085347073565,3.403923401914697,-0.0467284051800673,0.4882757883215454,41.43321254510348,0.8859405673778381,19.294613044336906,4.392563379660777,3.50270527789146,0.0319238678955166,0.5451333482756066,49.49130585424766,1.7544859300912077,5.534,daily,5,origin1,daily|N05B|B_rich,0.0747373562243757,5,linear,0.5999999999999999,4.397331570364562,0.5213,0.0057381972434934,4.563116888803441,5.0,True,global,1.0,"{""0"": 0.6}",0.6,0.6,4.390303756539778
XGBoost,N05B,B_rich,pacf_train,1,1,1745,180,90,2014-01-03,2018-10-13,2018-10-14,2019-04-11,2019-04-12,2019-07-10,"{""colsample_bytree"": 0.8, ""learning_rate"": 0.1, ""max_depth"": 5, ""n_estimators"": 100, ""subsample"": 0.8}",12,none,42,19.68955270124311,4.437291144520845,3.450687616666158,-0.0770383799159859,0.4952948071522709,41.83637337225765,0.9012474789942608,20.354197993416125,4.511562699710171,3.5937997023264567,-0.0212391002751148,0.5599016036595634,50.51628193747756,1.7572236313631364,5.175,daily,5,origin1,daily|N05B|B_rich,,5,,,,,,,,,,,,,,
"LR-XGB (residual, tanpa gerbang)",N05B,B_rich,pacf_train,1,1,1745,180,90,2014-01-03,2018-10-13,2018-10-14,2019-04-11,2019-04-12,2019-07-10,"{""colsample_bytree"": 0.8, ""learning_rate"": 0.05, ""max_depth"": 3, ""n_estimators"": 100, ""subsample"": 0.8}",12,none,42,19.90954162432615,4.462010939512155,3.4589303635295594,-0.0890719957584555,0.4980540550118987,41.750706481770834,0.9107878830741832,20.240556300677707,4.498950577710063,3.5509480532153948,-0.0155373113820589,0.5583363927108461,49.94052228868014,1.7840661534587574,5.256,daily,5,origin1,daily|N05B|B_rich,,5,,,,,,,5.0,,,,,,,
Naive,N05C,A_lag1,pacf_train,1,4,1742,180,90,2014-01-06,2018-10-13,2018-10-14,2019-04-11,2019-04-12,2019-07-10,{},0,none,42,2.7111111111111112,1.6465452046971292,1.1111111111111112,-1.3174335162515831,2.390146264882929,171.0344827586207,0.9874412679491136,2.511111111111111,1.5846485765339615,1.1333333333333333,-0.9399141630901292,1.901578291840754,160.0302343159486,1.0269076372259356,0.0,daily,5,origin1,daily|N05C|A_lag1,,5,,,,,,,,,,,,,,
SeasonalNaive(s=7),N05C,A_lag1,pacf_train,1,4,1742,180,90,2014-01-06,2018-10-13,2018-10-14,2019-04-11,2019-04-12,2019-07-10,{},0,none,42,2.411111111111111,1.552775293180282,1.022222222222222,-1.060996200928662,2.254028651390732,169.064039408867,0.9878998201996002,2.8777777777777778,1.6964014199999298,1.1888888888888889,-1.223175965665236,2.0356817039999155,157.74193548387098,1.0814555332794338,0.0,daily,5,origin1,daily|N05C|A_lag1,,5,,,,,,,,,,,,,,
S1 [linear],N05C,A_lag1,pacf_train,1,4,1742,180,90,2014-01-06,2018-10-13,2018-10-14,2019-04-11,2019-04-12,2019-07-10,{},0,none,42,1.1969557768511072,1.0940547412497728,0.8262720926248944,-0.0231470865865313,1.588143979233541,157.2473852233145,0.6163818458529718,1.3564697904277454,1.164675830618866,0.8844786978244722,-0.0479165762961124,1.3976109967426391,148.99758175339915,0.6146429883274059,0.006,daily,5,origin1,daily|N05C|A_lag1,,5,linear,0.0,1.0940547412497728,0.0,,1.164675830618866,,,,,,,,
AR-LRX [linear],N05C,A_lag1,pacf_train,1,4,1742,180,90,2014-01-06,2018-10-13,2018-10-14,2019-04-11,2019-04-12,2019-07-10,"{""colsample_bytree"": 0.8, ""learning_rate"": 0.1, ""max_depth"": 5, ""n_estimators"": 300, ""subsample"": 0.8}",132,none,42,1.1941612051310038,1.092776832263113,0.8207852766267708,-0.0207583116885954,1.5862889500593578,157.71948890855134,0.621855355149528,1.3602812100022252,1.1663109405309655,0.8882551551197079,-0.0508610206025776,1.3995731286371589,149.92571778100904,0.6235306974402316,5.11,daily,5,origin1,daily|N05C|A_lag1,-0.0525452431300865,5,linear,0.8,1.0940547412497728,0.1168,-0.0096149938885969,1.164675830618866,5.0,,,,,,,
AR-LRX-g [linear],N05C,A_lag1,pacf_train,1,4,1742,180,90,2014-01-06,2018-10-13,2018-10-14,2019-04-11,2019-04-12,2019-07-10,"{""colsample_bytree"": 0.8, ""learning_rate"": 0.05, ""max_depth"": 3, ""n_estimators"": 100, ""subsample"": 0.8}",132,none,42,1.1946629828175586,1.0930063965126455,0.8214540155706058,-0.0211872267646924,1.5866221884860985,157.67133136524313,0.6212576369803448,1.359512076152158,1.1659811645786384,0.887521547689697,-0.0502668399458732,1.399177397494366,149.77608604065838,0.6220408976921569,5.015,daily,5,origin1,daily|N05C|A_lag1,-0.0517096495629847,5,linear,0.7999999999999998,1.0940547412497728,0.0958,-0.0098581438004086,1.164675830618866,5.0,False,global,1.0,"{""0"": 0.8}",0.8,0.8,1.0937671867642564
AR-LRX-Aug [linear],N05C,A_lag1,pacf_train,1,4,1742,180,90,2014-01-06,2018-10-13,2018-10-14,2019-04-11,2019-04-12,2019-07-10,"{""colsample_bytree"": 0.8, ""learning_rate"": 0.1, ""max_depth"": 3, ""n_estimators"": 500, ""subsample"": 0.8}",132,none,42,1.194005397813607,1.092705540305167,0.8236594597807112,-0.0206251289879926,1.586185461733307,157.38128047809462,0.6179497426070371,1.414628221823595,1.1893814450476328,0.8747342357019525,-0.0928458366019189,1.4272577340571593,157.5068654109705,0.695903126240126,5.935,daily,5,origin1,daily|N05C|A_lag1,-0.0936019254411719,5,linear,1.0,1.0940547412497728,0.1233,-0.0092398430390752,1.164675830618866,5.0,True,global,1.0,"{""0"": 1.0}",1.0,1.0,1.0937359197539156
XGBoost,N05C,A_lag1,pacf_train,1,4,1742,180,90,2014-01-06,2018-10-13,2018-10-14,2019-04-11,2019-04-12,2019-07-10,"{""colsample_bytree"": 0.8, ""learning_rate"": 0.1, ""max_depth"": 5, ""n_estimators"": 300, ""subsample"": 0.8}",12,none,42,1.1926742153931076,1.092096248227741,0.8185140820013153,-0.0194872461675994,1.585301005491882,157.64927529629145,0.6237701598171076,1.3626571454724408,1.167329064776698,0.8889493438932631,-0.0526965072319285,1.4007948777320376,150.2114355243558,0.6263740524545504,5.272,daily,5,origin1,daily|N05C|A_lag1,,5,,,,,,,,,,,,,,
"LR-XGB (residual, tanpa gerbang)",N05C,A_lag1,pacf_train,1,4,1742,180,90,2014-01-06,2018-10-13,2018-10-14,2019-04-11,2019-04-12,2019-07-10,"{""colsample_bytree"": 0.8, ""learning_rate"": 0.1, ""max_depth"": 5, ""n_estimators"": 300, ""subsample"": 0.8}",12,none,42,1.1944491419980137,1.0929085698254972,0.8194355605296192,-0.0210044375457907,1.586480182004754,157.6123539590746,0.6233991242962792,1.3615193710246385,1.1668416220827222,0.8891992692443174,-0.0518175398473601,1.4002099464992666,150.1769382335183,0.6260224518897739,5.058,daily,5,origin1,daily|N05C|A_lag1,,5,,,,,,,5.0,,,,,,,
Naive,N05C,B_rich,pacf_train,5,4,1742,180,90,2014-01-06,2018-10-13,2018-10-14,2019-04-11,2019-04-12,2019-07-10,{},0,none,42,2.7111111111111112,1.6465452046971292,1.1111111111111112,-1.3174335162515831,2.390146264882929,171.0344827586207,0.9874412679491136,2.511111111111111,1.5846485765339615,1.1333333333333333,-0.9399141630901292,1.901578291840754,160.0302343159486,1.0269076372259356,0.0,daily,5,origin1,daily|N05C|B_rich,,5,,,,,,,,,,,,,,
SeasonalNaive(s=7),N05C,B_rich,pacf_train,5,4,1742,180,90,2014-01-06,2018-10-13,2018-10-14,2019-04-11,2019-04-12,2019-07-10,{},0,none,42,2.411111111111111,1.552775293180282,1.022222222222222,-1.060996200928662,2.254028651390732,169.064039408867,0.9878998201996002,2.8777777777777778,1.6964014199999298,1.1888888888888889,-1.223175965665236,2.0356817039999155,157.74193548387098,1.0814555332794338,0.0,daily,5,origin1,daily|N05C|B_rich,,5,,,,,,,,,,,,,,
S1 [linear],N05C,B_rich,pacf_train,5,4,1742,180,90,2014-01-06,2018-10-13,2018-10-14,2019-04-11,2019-04-12,2019-07-10,{},0,none,42,1.2107698435899652,1.1003498732630297,0.8272475466955429,-0.0349552272138791,1.5972820740914944,156.501835474057,0.6101354498565915,1.3462399908442346,1.1602758253295786,0.8835446908201605,-0.040013726832456,1.3923309903954944,147.5594825214887,0.6026727724363495,0.007,daily,5,origin1,daily|N05C|B_rich,,5,linear,0.0,1.1003498732630297,0.0,,1.1602758253295786,,,,,,,,
AR-LRX [linear],N05C,B_rich,pacf_train,5,4,1742,180,90,2014-01-06,2018-10-13,2018-10-14,2019-04-11,2019-04-12,2019-07-10,"{""colsample_bytree"": 0.8, ""learning_rate"": 0.1, ""max_depth"": 3, ""n_estimators"": 300, ""subsample"": 0.8}",132,none,42,1.1851755816451808,1.088657697187312,0.8052104234037422,-0.0130774811445721,1.5803095604331947,157.16503919072744,0.6224181003377669,1.2697545755709092,1.1268338722149371,0.8413078543068379,0.0190737184430743,1.3522006466579246,147.726050704176,0.6050048322755469,4.952,daily,5,origin1,daily|N05C|B_rich,0.0265398162796737,5,linear,0.7,1.1003498732630297,1.0626,0.0082840282850306,1.1602758253295786,5.0,,,,,,,
AR-LRX-g [linear],N05C,B_rich,pacf_train,5,4,1742,180,90,2014-01-06,2018-10-13,2018-10-14,2019-04-11,2019-04-12,2019-07-10,"{""colsample_bytree"": 0.8, ""learning_rate"": 0.1, ""max_depth"": 3, ""n_estimators"": 300, ""subsample"": 0.8}",132,none,42,1.1851755816451808,1.088657697187312,0.8052104234037422,-0.0130774811445721,1.5803095604331947,157.16503919072744,0.6224181003377669,1.2697545739414668,1.126833871491919,0.8413078537625315,0.0190737197018708,1.3522006457903029,147.72605075257442,0.6050048327406238,5.594,daily,5,origin1,daily|N05C|B_rich,0.0265398162796737,5,linear,0.7000000000000002,1.1003498732630297,1.0626,0.0082840282850306,1.1602758253295786,5.0,False,global,1.0,"{""0"": 0.7}",0.7,0.7,1.0972273401301913
AR-LRX-Aug [linear],N05C,B_rich,pacf_train,5,4,1742,180,90,2014-01-06,2018-10-13,2018-10-14,2019-04-11,2019-04-12,2019-07-10,"{""colsample_bytree"": 0.8, ""learning_rate"": 0.05, ""max_depth"": 5, ""n_estimators"": 100, ""subsample"": 0.8}",132,none,42,1.180506715720658,1.0865112589019306,0.7850157614465303,-0.0090865763336145,1.5771937629221573,158.0280774225739,0.6297940259072855,1.3332274413750245,1.1546546849058483,0.8558852180772798,-0.0299611135086026,1.3855856218870182,150.04863389914726,0.6274479785809045,5.499,daily,5,origin1,daily|N05C|B_rich,-0.0306913422398775,5,linear,0.9000000000000004,1.1003498732630297,1.2577,0.0159189847952161,1.1602758253295786,5.0,True,global,1.0,"{""0"": 0.9}",0.9,0.9,1.0919537820718834
XGBoost,N05C,B_rich,pacf_train,5,4,1742,180,90,2014-01-06,2018-10-13,2018-10-14,2019-04-11,2019-04-12,2019-07-10,"{""colsample_bytree"": 0.8, ""learning_rate"": 0.05, ""max_depth"": 5, ""n_estimators"": 100, ""subsample"": 0.8}",12,none,42,1.1888335410530109,1.0903364348002915,0.804382016013066,-0.016204272111586,1.582746437613327,158.03687780700437,0.6319853231959144,1.2547435917822924,1.1201533786862816,0.847021737198035,0.0306701866059541,1.344184054423538,147.3143900900777,0.6013751829248232,5.885,daily,5,origin1,daily|N05C|B_rich,,5,,,,,,,,,,,,,,
"LR-XGB (residual, tanpa gerbang)",N05C,B_rich,pacf_train,5,4,1742,180,90,2014-01-06,2018-10-13,2018-10-14,2019-04-11,2019-04-12,2019-07-10,"{""colsample_bytree"": 0.8, ""learning_rate"": 0.1, ""max_depth"": 3, ""n_estimators"": 300, ""subsample"": 0.8}",12,none,42,1.1896808072721958,1.0907248999047356,0.8012339164950256,-0.0169285076936245,1.5833103385713905,158.120212545171,0.6380261567913225,1.2603844464435063,1.1226684490282544,0.8301659800834249,0.0263124448075916,1.3472021388339053,147.95105132869114,0.6177946482863619,5.628,daily,5,origin1,daily|N05C|B_rich,,5,,,,,,,5.0,,,,,,,
Naive,R03,A_lag1,pacf_train,1,1,1745,180,90,2014-01-03,2018-10-13,2018-10-14,2019-04-11,2019-04-12,2019-07-10,{},0,none,42,167.70555555555555,12.9501179745806,9.86111111111111,-1.098858804479494,1.2836020018857424,108.48424634151004,3.698094722963128,85.95096450791975,9.270974301977098,6.495370370444444,-0.6660681961678412,1.3671949540630268,112.01700952478583,4.040408116465428,0.0,daily,5,origin1,daily|R03|A_lag1,,5,,,,,,,,,,,,,,
SeasonalNaive(s=7),R03,A_lag1,pacf_train,1,1,1745,180,90,2014-01-03,2018-10-13,2018-10-14,2019-04-11,2019-04-12,2019-07-10,{},0,none,42,165.18333333333334,12.852366837798138,9.983333333333333,-1.0672928357766187,1.2739130125570843,110.78871852307896,3.0840874890436525,97.24355709814198,9.861214788155769,7.233333333333333,-0.8849631146200512,1.4542379970164618,118.1716747223662,2.3282491845392377,0.0,daily,5,origin1,daily|R03|A_lag1,,5,,,,,,,,,,,,,,
S1 [linear],R03,A_lag1,pacf_train,1,1,1745,180,90,2014-01-03,2018-10-13,2018-10-14,2019-04-11,2019-04-12,2019-07-10,{},0,none,42,101.54433011579243,10.076920666344082,7.0336471237940525,-0.270841687995845,0.998813722434986,86.70860108508886,1.4265189456069702,51.37761289781996,7.167817861652175,5.149910874580046,0.0040995196023282,1.0570414816060718,90.07582538864588,1.953478284175092,0.006,daily,5,origin1,daily|R03|A_lag1,,5,linear,0.0,10.076920666344082,0.0,,7.167817861652175,,,,,,,,
AR-LRX [linear],R03,A_lag1,pacf_train,1,1,1745,180,90,2014-01-03,2018-10-13,2018-10-14,2019-04-11,2019-04-12,2019-07-10,"{""colsample_bytree"": 0.8, ""learning_rate"": 0.05, ""max_depth"": 3, ""n_estimators"": 100, ""subsample"": 0.8}",132,none,42,100.45884758979729,10.022916122057357,6.993886994669088,-0.2572567202871345,0.9934608491026016,85.8200817044812,1.5674041751611194,53.43068545257258,7.309629638536592,5.262336708552156,-0.0356971122037432,1.0779545312454974,91.0651852349739,2.166938148199655,4.61,daily,5,origin1,daily|R03|A_lag1,-0.0995695296536938,5,linear,0.6,10.076920666344082,0.5359,-0.2248652142398184,7.167817861652175,5.0,,,,,,,
AR-LRX-g [linear],R03,A_lag1,pacf_train,1,1,1745,180,90,2014-01-03,2018-10-13,2018-10-14,2019-04-11,2019-04-12,2019-07-10,"{""colsample_bytree"": 0.8, ""learning_rate"": 0.05, ""max_depth"": 3, ""n_estimators"": 100, ""subsample"": 0.8}",132,none,42,100.45884758979729,10.022916122057357,6.993886994669088,-0.2572567202871345,0.9934608491026016,85.8200817044812,1.5674041751611194,53.43068539320018,7.309629634475346,5.262336705174559,-0.0356971110528723,1.0779545306465836,91.06518519191935,2.166938147343852,5.224,daily,5,origin1,daily|R03|A_lag1,-0.0995695296536938,5,linear,0.5999999999999999,10.076920666344082,0.5359,-0.2248652142398184,7.167817861652175,5.0,False,global,1.0,"{""0"": 0.6}",0.6,0.6,10.059627349349608
AR-LRX-Aug [linear],R03,A_lag1,pacf_train,1,1,1745,180,90,2014-01-03,2018-10-13,2018-10-14,2019-04-11,2019-04-12,2019-07-10,"{""colsample_bytree"": 0.8, ""learning_rate"": 0.1, ""max_depth"": 5, ""n_estimators"": 500, ""subsample"": 0.8}",132,none,42,99.99664988357044,9.999832492775589,7.085467172163793,-0.251472250464946,0.9911728241737916,87.83137767685157,1.6184191047854697,54.360534163360434,7.372959661042533,5.372244272462918,-0.0537212422779156,1.0872938395415366,92.06390388290367,2.199931103657197,5.815,daily,5,origin1,daily|R03|A_lag1,-0.2187619865544716,5,linear,0.5,10.076920666344082,0.765,-0.2392255939659118,7.167817861652175,5.0,True,global,1.0,"{""0"": 0.5}",0.5,0.5,10.01504788047596
XGBoost,R03,A_lag1,pacf_train,1,1,1745,180,90,2014-01-03,2018-10-13,2018-10-14,2019-04-11,2019-04-12,2019-07-10,"{""colsample_bytree"": 0.8, ""learning_rate"": 0.05, ""max_depth"": 3, ""n_estimators"": 100, ""subsample"": 0.8}",12,none,42,101.21232682369956,10.060433729402504,7.023056611749861,-0.2666866197250479,0.9971795546764596,85.99476580229867,1.6635364051672528,55.143364142497525,7.425857805162817,5.3320217283054125,-0.068895570323145,1.0950947538106148,91.88763334062932,2.306050185523312,5.278,daily,5,origin1,daily|R03|A_lag1,,5,,,,,,,,,,,,,,
"LR-XGB (residual, tanpa gerbang)",R03,A_lag1,pacf_train,1,1,1745,180,90,2014-01-03,2018-10-13,2018-10-14,2019-04-11,2019-04-12,2019-07-10,"{""colsample_bytree"": 0.8, ""learning_rate"": 0.05, ""max_depth"": 3, ""n_estimators"": 100, ""subsample"": 0.8}",12,none,42,100.89966358458734,10.044882457479895,7.037609710354015,-0.262773594959268,0.995638129045364,86.14656904494214,1.703420923765979,55.220220367921634,7.431030908825615,5.3494092664253525,-0.0703853466577062,1.0958576338482733,91.98036536924651,2.334313126426414,5.062,daily,5,origin1,daily|R03|A_lag1,,5,,,,,,,5.0,,,,,,,
Naive,R03,B_rich,pacf_train,1,1,1745,180,90,2014-01-03,2018-10-13,2018-10-14,2019-04-11,2019-04-12,2019-07-10,{},0,none,42,167.70555555555555,12.9501179745806,9.86111111111111,-1.098858804479494,1.2836020018857424,108.48424634151004,3.698094722963128,85.95096450791975,9.270974301977098,6.495370370444444,-0.6660681961678412,1.3671949540630268,112.01700952478583,4.040408116465428,0.0,daily,5,origin1,daily|R03|B_rich,,5,,,,,,,,,,,,,,
SeasonalNaive(s=7),R03,B_rich,pacf_train,1,1,1745,180,90,2014-01-03,2018-10-13,2018-10-14,2019-04-11,2019-04-12,2019-07-10,{},0,none,42,165.18333333333334,12.852366837798138,9.983333333333333,-1.0672928357766187,1.2739130125570843,110.78871852307896,3.0840874890436525,97.24355709814198,9.861214788155769,7.233333333333333,-0.8849631146200512,1.4542379970164618,118.1716747223662,2.3282491845392377,0.0,daily,5,origin1,daily|R03|B_rich,,5,,,,,,,,,,,,,,
S1 [linear],R03,B_rich,pacf_train,1,1,1745,180,90,2014-01-03,2018-10-13,2018-10-14,2019-04-11,2019-04-12,2019-07-10,{},0,none,42,101.54433011579243,10.076920666344082,7.0336471237940525,-0.270841687995845,0.998813722434986,86.70860108508886,1.4265189456069702,51.37761289781996,7.167817861652175,5.149910874580046,0.0040995196023282,1.0570414816060718,90.07582538864588,1.953478284175092,0.006,daily,5,origin1,daily|R03|B_rich,,5,linear,0.0,10.076920666344082,0.0,,7.167817861652175,,,,,,,,
AR-LRX [linear],R03,B_rich,pacf_train,1,1,1745,180,90,2014-01-03,2018-10-13,2018-10-14,2019-04-11,2019-04-12,2019-07-10,"{""colsample_bytree"": 0.8, ""learning_rate"": 0.05, ""max_depth"": 3, ""n_estimators"": 100, ""subsample"": 0.8}",132,none,42,100.45884758979729,10.022916122057357,6.993886994669088,-0.2572567202871345,0.9934608491026016,85.8200817044812,1.5674041751611194,53.43068545257258,7.309629638536592,5.262336708552156,-0.0356971122037432,1.0779545312454974,91.0651852349739,2.166938148199655,4.893,daily,5,origin1,daily|R03|B_rich,-0.0995695296536938,5,linear,0.6,10.076920666344082,0.5359,-0.2248652142398184,7.167817861652175,5.0,,,,,,,
AR-LRX-g [linear],R03,B_rich,pacf_train,1,1,1745,180,90,2014-01-03,2018-10-13,2018-10-14,2019-04-11,2019-04-12,2019-07-10,"{""colsample_bytree"": 0.8, ""learning_rate"": 0.05, ""max_depth"": 3, ""n_estimators"": 100, ""subsample"": 0.8}",132,none,42,100.45884758979729,10.022916122057357,6.993886994669088,-0.2572567202871345,0.9934608491026016,85.8200817044812,1.5674041751611194,53.43068539320018,7.309629634475346,5.262336705174559,-0.0356971110528723,1.0779545306465836,91.06518519191935,2.166938147343852,5.045,daily,5,origin1,daily|R03|B_rich,-0.0995695296536938,5,linear,0.5999999999999999,10.076920666344082,0.5359,-0.2248652142398184,7.167817861652175,5.0,False,global,1.0,"{""0"": 0.6}",0.6,0.6,10.059627349349608
AR-LRX-Aug [linear],R03,B_rich,pacf_train,1,1,1745,180,90,2014-01-03,2018-10-13,2018-10-14,2019-04-11,2019-04-12,2019-07-10,"{""colsample_bytree"": 0.8, ""learning_rate"": 0.1, ""max_depth"": 5, ""n_estimators"": 500, ""subsample"": 0.8}",132,none,42,99.99664988357044,9.999832492775589,7.085467172163793,-0.251472250464946,0.9911728241737916,87.83137767685157,1.6184191047854697,54.360534163360434,7.372959661042533,5.372244272462918,-0.0537212422779156,1.0872938395415366,92.06390388290367,2.199931103657197,5.968,daily,5,origin1,daily|R03|B_rich,-0.2187619865544716,5,linear,0.5,10.076920666344082,0.765,-0.2392255939659118,7.167817861652175,5.0,True,global,1.0,"{""0"": 0.5}",0.5,0.5,10.01504788047596
XGBoost,R03,B_rich,pacf_train,1,1,1745,180,90,2014-01-03,2018-10-13,2018-10-14,2019-04-11,2019-04-12,2019-07-10,"{""colsample_bytree"": 0.8, ""learning_rate"": 0.05, ""max_depth"": 3, ""n_estimators"": 100, ""subsample"": 0.8}",12,none,42,101.21232682369956,10.060433729402504,7.023056611749861,-0.2666866197250479,0.9971795546764596,85.99476580229867,1.6635364051672528,55.143364142497525,7.425857805162817,5.3320217283054125,-0.068895570323145,1.0950947538106148,91.88763334062932,2.306050185523312,5.056,daily,5,origin1,daily|R03|B_rich,,5,,,,,,,,,,,,,,
"LR-XGB (residual, tanpa gerbang)",R03,B_rich,pacf_train,1,1,1745,180,90,2014-01-03,2018-10-13,2018-10-14,2019-04-11,2019-04-12,2019-07-10,"{""colsample_bytree"": 0.8, ""learning_rate"": 0.05, ""max_depth"": 3, ""n_estimators"": 100, ""subsample"": 0.8}",12,none,42,100.89966358458734,10.044882457479895,7.037609710354015,-0.262773594959268,0.995638129045364,86.14656904494214,1.703420923765979,55.220220367921634,7.431030908825615,5.3494092664253525,-0.0703853466577062,1.0958576338482733,91.98036536924651,2.334313126426414,5.315,daily,5,origin1,daily|R03|B_rich,,5,,,,,,,5.0,,,,,,,
Naive,R06,A_lag1,pacf_train,1,1,1745,180,90,2014-01-03,2018-10-13,2018-10-14,2019-04-11,2019-04-12,2019-07-10,{},0,none,42,6.9863333333333335,2.6431672919687346,1.978888888888889,-0.0193709904215046,0.9234668333741696,93.55047405549674,1.8076341346127096,12.032257777777778,3.468754499496581,2.810222222222222,-0.6694209178424106,0.7298543623572552,66.95880597483222,0.9702788222122744,0.0,daily,5,origin1,daily|R06|A_lag1,,5,,,,,,,,,,,,,,
SeasonalNaive(s=7),R06,A_lag1,pacf_train,1,1,1745,180,90,2014-01-03,2018-10-13,2018-10-14,2019-04-11,2019-04-12,2019-07-10,{},0,none,42,7.113722222222224,2.6671562050660294,1.9683333333333333,-0.0379582137387475,0.9318480530121996,93.57122328011384,1.3130128471429916,15.94968,3.9937050466953616,3.0946666666666665,-1.2129453936790906,0.8403082578262089,67.56279087085649,1.291955953598754,0.0,daily,5,origin1,daily|R06|A_lag1,,5,,,,,,,,,,,,,,
S1 [linear],R06,A_lag1,pacf_train,1,1,1745,180,90,2014-01-03,2018-10-13,2018-10-14,2019-04-11,2019-04-12,2019-07-10,{},0,none,42,5.397894217762584,2.323336871347456,1.7412440555732744,0.2123970454290052,0.8117248385918906,72.56713109960306,1.363217525949391,8.782683438339074,2.963559251700407,2.2259742551687185,-0.2185572913697384,0.6235571437158943,53.79942152566155,0.561149903210467,0.008,daily,5,origin1,daily|R06|A_lag1,,5,linear,0.0,2.323336871347456,0.0,,2.963559251700407,,,,,,,,
AR-LRX [linear],R06,A_lag1,pacf_train,1,1,1745,180,90,2014-01-03,2018-10-13,2018-10-14,2019-04-11,2019-04-12,2019-07-10,"{""colsample_bytree"": 0.8, ""learning_rate"": 0.1, ""max_depth"": 3, ""n_estimators"": 500, ""subsample"": 0.8}",132,none,42,5.143042346039718,2.2678276711513417,1.7278923955523258,0.2495823030589845,0.7923310962873475,72.47387146082076,1.408616831131056,8.592339859412219,2.931269325635605,2.223184060535302,-0.1921479874713167,0.6167630787562643,54.186869386056856,0.6177128325018895,5.407,daily,5,origin1,daily|R06|A_lag1,-0.1913710054946771,5,linear,0.9,2.323336871347456,2.3892,0.0457535039937564,2.963559251700407,5.0,,,,,,,
AR-LRX-g [linear],R06,A_lag1,pacf_train,1,1,1745,180,90,2014-01-03,2018-10-13,2018-10-14,2019-04-11,2019-04-12,2019-07-10,"{""colsample_bytree"": 0.8, ""learning_rate"": 0.05, ""max_depth"": 3, ""n_estimators"": 500, ""subsample"": 0.8}",132,none,42,5.1443617895693565,2.2681185572119804,1.7212552349631929,0.2493897839801717,0.7924327257339993,72.28889653922263,1.4105288246805865,8.680252209959916,2.9462267750395448,2.24020781494492,-0.2043454253629879,0.6199102486406673,54.6238200065563,0.6237514395246809,5.396,daily,5,origin1,daily|R06|A_lag1,-0.1977860303003962,5,linear,1.0,2.323336871347456,2.3767,0.0464723162299355,2.963559251700407,5.0,False,global,1.0,"{""0"": 1.0}",1.0,1.0,2.281998367892425
AR-LRX-Aug [linear],R06,A_lag1,pacf_train,1,1,1745,180,90,2014-01-03,2018-10-13,2018-10-14,2019-04-11,2019-04-12,2019-07-10,"{""colsample_bytree"": 0.8, ""learning_rate"": 0.1, ""max_depth"": 3, ""n_estimators"": 500, ""subsample"": 0.8}",132,none,42,5.337471627489722,2.310296869990894,1.7475732060173703,0.2212132631431538,0.8071689374968185,73.01924570138826,1.336459950147694,8.762747092771518,2.960193759329196,2.243995256979817,-0.2157912143017022,0.6228490165512406,53.63101171602869,0.5833241017127682,5.947,daily,5,origin1,daily|R06|A_lag1,-0.2870876199956853,5,linear,0.2999999999999999,2.323336871347456,0.5613,-0.043552435063233,2.963559251700407,5.0,True,global,1.0,"{""0"": 0.3}",0.3,0.3,2.314029789340355
XGBoost,R06,A_lag1,pacf_train,1,1,1745,180,90,2014-01-03,2018-10-13,2018-10-14,2019-04-11,2019-04-12,2019-07-10,"{""colsample_bytree"": 0.8, ""learning_rate"": 0.05, ""max_depth"": 3, ""n_estimators"": 500, ""subsample"": 0.8}",12,none,42,5.154456435310778,2.2703428012771063,1.7231253347131943,0.2479168813091395,0.7932098296387405,72.36309098326115,1.407671560023546,8.755101536253798,2.958902082910788,2.2397179832458494,-0.2147304281869964,0.6225772372515335,54.622528332457534,0.6181417062020812,5.382,daily,5,origin1,daily|R06|A_lag1,,5,,,,,,,,,,,,,,
"LR-XGB (residual, tanpa gerbang)",R06,A_lag1,pacf_train,1,1,1745,180,90,2014-01-03,2018-10-13,2018-10-14,2019-04-11,2019-04-12,2019-07-10,"{""colsample_bytree"": 0.8, ""learning_rate"": 0.05, ""max_depth"": 3, ""n_estimators"": 500, ""subsample"": 0.8}",12,none,42,5.1443617895693565,2.2681185572119804,1.7212552349631929,0.2493897839801717,0.7924327257339993,72.28889653922263,1.4105288246805865,8.680252209959916,2.9462267750395448,2.24020781494492,-0.2043454253629879,0.6199102486406673,54.6238200065563,0.6237514395246809,5.593,daily,5,origin1,daily|R06|A_lag1,,5,,,,,,,5.0,,,,,,,
Naive,R06,B_rich,pacf_train,1,1,1745,180,90,2014-01-03,2018-10-13,2018-10-14,2019-04-11,2019-04-12,2019-07-10,{},0,none,42,6.9863333333333335,2.6431672919687346,1.978888888888889,-0.0193709904215046,0.9234668333741696,93.55047405549674,1.8076341346127096,12.032257777777778,3.468754499496581,2.810222222222222,-0.6694209178424106,0.7298543623572552,66.95880597483222,0.9702788222122744,0.0,daily,5,origin1,daily|R06|B_rich,,5,,,,,,,,,,,,,,
SeasonalNaive(s=7),R06,B_rich,pacf_train,1,1,1745,180,90,2014-01-03,2018-10-13,2018-10-14,2019-04-11,2019-04-12,2019-07-10,{},0,none,42,7.113722222222224,2.6671562050660294,1.9683333333333333,-0.0379582137387475,0.9318480530121996,93.57122328011384,1.3130128471429916,15.94968,3.9937050466953616,3.0946666666666665,-1.2129453936790906,0.8403082578262089,67.56279087085649,1.291955953598754,0.0,daily,5,origin1,daily|R06|B_rich,,5,,,,,,,,,,,,,,
S1 [linear],R06,B_rich,pacf_train,1,1,1745,180,90,2014-01-03,2018-10-13,2018-10-14,2019-04-11,2019-04-12,2019-07-10,{},0,none,42,5.397894217762584,2.323336871347456,1.7412440555732744,0.2123970454290052,0.8117248385918906,72.56713109960306,1.363217525949391,8.782683438339074,2.963559251700407,2.2259742551687185,-0.2185572913697384,0.6235571437158943,53.79942152566155,0.561149903210467,0.007,daily,5,origin1,daily|R06|B_rich,,5,linear,0.0,2.323336871347456,0.0,,2.963559251700407,,,,,,,,
AR-LRX [linear],R06,B_rich,pacf_train,1,1,1745,180,90,2014-01-03,2018-10-13,2018-10-14,2019-04-11,2019-04-12,2019-07-10,"{""colsample_bytree"": 0.8, ""learning_rate"": 0.1, ""max_depth"": 3, ""n_estimators"": 500, ""subsample"": 0.8}",132,none,42,5.143042346039718,2.2678276711513417,1.7278923955523258,0.2495823030589845,0.7923310962873475,72.47387146082076,1.408616831131056,8.592339859412219,2.931269325635605,2.223184060535302,-0.1921479874713167,0.6167630787562643,54.186869386056856,0.6177128325018895,5.545,daily,5,origin1,daily|R06|B_rich,-0.1913710054946771,5,linear,0.9,2.323336871347456,2.3892,0.0457535039937564,2.963559251700407,5.0,,,,,,,
AR-LRX-g [linear],R06,B_rich,pacf_train,1,1,1745,180,90,2014-01-03,2018-10-13,2018-10-14,2019-04-11,2019-04-12,2019-07-10,"{""colsample_bytree"": 0.8, ""learning_rate"": 0.05, ""max_depth"": 3, ""n_estimators"": 500, ""subsample"": 0.8}",132,none,42,5.1443617895693565,2.2681185572119804,1.7212552349631929,0.2493897839801717,0.7924327257339993,72.28889653922263,1.4105288246805865,8.680252209959916,2.9462267750395448,2.24020781494492,-0.2043454253629879,0.6199102486406673,54.6238200065563,0.6237514395246809,5.679,daily,5,origin1,daily|R06|B_rich,-0.1977860303003962,5,linear,1.0,2.323336871347456,2.3767,0.0464723162299355,2.963559251700407,5.0,False,global,1.0,"{""0"": 1.0}",1.0,1.0,2.281998367892425
AR-LRX-Aug [linear],R06,B_rich,pacf_train,1,1,1745,180,90,2014-01-03,2018-10-13,2018-10-14,2019-04-11,2019-04-12,2019-07-10,"{""colsample_bytree"": 0.8, ""learning_rate"": 0.1, ""max_depth"": 3, ""n_estimators"": 500, ""subsample"": 0.8}",132,none,42,5.337471627489722,2.310296869990894,1.7475732060173703,0.2212132631431538,0.8071689374968185,73.01924570138826,1.336459950147694,8.762747092771518,2.960193759329196,2.243995256979817,-0.2157912143017022,0.6228490165512406,53.63101171602869,0.5833241017127682,5.984,daily,5,origin1,daily|R06|B_rich,-0.2870876199956853,5,linear,0.2999999999999999,2.323336871347456,0.5613,-0.043552435063233,2.963559251700407,5.0,True,global,1.0,"{""0"": 0.3}",0.3,0.3,2.314029789340355
XGBoost,R06,B_rich,pacf_train,1,1,1745,180,90,2014-01-03,2018-10-13,2018-10-14,2019-04-11,2019-04-12,2019-07-10,"{""colsample_bytree"": 0.8, ""learning_rate"": 0.05, ""max_depth"": 3, ""n_estimators"": 500, ""subsample"": 0.8}",12,none,42,5.154456435310778,2.2703428012771063,1.7231253347131943,0.2479168813091395,0.7932098296387405,72.36309098326115,1.407671560023546,8.755101536253798,2.958902082910788,2.2397179832458494,-0.2147304281869964,0.6225772372515335,54.622528332457534,0.6181417062020812,4.999,daily,5,origin1,daily|R06|B_rich,,5,,,,,,,,,,,,,,
"LR-XGB (residual, tanpa gerbang)",R06,B_rich,pacf_train,1,1,1745,180,90,2014-01-03,2018-10-13,2018-10-14,2019-04-11,2019-04-12,2019-07-10,"{""colsample_bytree"": 0.8, ""learning_rate"": 0.05, ""max_depth"": 3, ""n_estimators"": 500, ""subsample"": 0.8}",12,none,42,5.1443617895693565,2.2681185572119804,1.7212552349631929,0.2493897839801717,0.7924327257339993,72.28889653922263,1.4105288246805865,8.680252209959916,2.9462267750395448,2.24020781494492,-0.2043454253629879,0.6199102486406673,54.6238200065563,0.6237514395246809,5.683,daily,5,origin1,daily|R06|B_rich,,5,,,,,,,5.0,,,,,,,
Naive,M01AB,A_lag1,pacf_train,1,2,248,26,13,2014-01-19,2018-10-14,2018-10-21,2019-04-14,2019-04-21,2019-07-14,{},0,none,42,88.78915769230767,9.422799886037463,7.837307692307691,-0.4592164678983108,0.2617444412788184,21.266702035048084,0.2662932185460407,132.83297692307696,11.525318951034585,7.231538461538463,-1.7738371198341127,0.3038514426352659,17.736159748518894,0.2943374312501859,0.0,weekly,2,origin1,weekly|M01AB|A_lag1,,5,,,,,,,,,,,,,,
SeasonalNaive(s=52),M01AB,A_lag1,pacf_train,1,2,248,26,13,2014-01-19,2018-10-14,2018-10-21,2019-04-14,2019-04-21,2019-07-14,{},0,none,42,102.01366923076924,10.100181643454205,8.173076923076923,-0.6765563494602935,0.2805606012070611,23.656370496687536,0.2750611260649227,93.4073,9.66474521133382,8.27153846153846,-0.9505445259539936,0.2547996101142561,22.007443640032616,0.260771901265142,0.0,weekly,2,origin1,weekly|M01AB|A_lag1,,5,,,,,,,,,,,,,,
S1 [linear],M01AB,A_lag1,pacf_train,1,2,248,26,13,2014-01-19,2018-10-14,2018-10-21,2019-04-14,2019-04-21,2019-07-14,{},0,none,42,57.46334634895517,7.580458188589604,5.914013203622064,0.0556114792357782,0.2105682830163778,16.62977251156372,0.2206642464869005,64.90010950156794,8.056060420675104,5.328127908687454,-0.3552533187673568,0.2123885326886562,13.57461935632591,0.1700657715338673,0.005,weekly,2,origin1,weekly|M01AB|A_lag1,,5,linear,0.0,7.580458188589604,0.0,,8.056060420675104,,,,,,,,
AR-LRX [linear],M01AB,A_lag1,pacf_train,1,2,248,26,13,2014-01-19,2018-10-14,2018-10-21,2019-04-14,2019-04-21,2019-07-14,"{""colsample_bytree"": 0.8, ""learning_rate"": 0.1, ""max_depth"": 5, ""n_estimators"": 500, ""subsample"": 0.8}",132,none,42,56.65337954789375,7.526843930087414,5.911609561986388,0.0689229794828646,0.2090789980579836,16.5945084584971,0.213593554352848,60.27781994514324,7.76387918151379,5.270736975645004,-0.2587300107212134,0.2046855188799012,13.385630932444831,0.1693687794542038,5.937,weekly,2,origin1,weekly|M01AB|A_lag1,-0.5695531493595112,5,linear,0.1,7.580458188589604,0.7073,-0.842119469610237,8.056060420675104,5.0,,,,,,,
AR-LRX-g [linear],M01AB,A_lag1,pacf_train,1,2,248,26,13,2014-01-19,2018-10-14,2018-10-21,2019-04-14,2019-04-21,2019-07-14,"{""colsample_bytree"": 0.8, ""learning_rate"": 0.1, ""max_depth"": 5, ""n_estimators"": 500, ""subsample"": 0.8}",132,none,42,56.65337954789375,7.526843930087414,5.911609561986388,0.0689229794828646,0.2090789980579836,16.5945084584971,0.213593554352848,60.277820031405206,7.763879187069129,5.27073696704818,-0.258730012522548,0.2046855190263612,13.385630910024387,0.1693687792204,6.945,weekly,2,origin1,weekly|M01AB|A_lag1,-0.5695531493595112,5,linear,0.1,7.580458188589604,0.7073,-0.842119469610237,8.056060420675104,5.0,False,global,1.0,"{""0"": 0.1}",0.1,0.1,7.526843930087415
AR-LRX-Aug [linear],M01AB,A_lag1,pacf_train,1,2,248,26,13,2014-01-19,2018-10-14,2018-10-21,2019-04-14,2019-04-21,2019-07-14,"{""colsample_bytree"": 0.8, ""learning_rate"": 0.05, ""max_depth"": 3, ""n_estimators"": 100, ""subsample"": 0.8}",132,none,42,57.46334634895517,7.580458188589604,5.914013203622064,0.0556114792357782,0.2105682830163778,16.62977251156372,0.2206642464869005,64.90010950156794,8.056060420675104,5.328127908687454,-0.3552533187673568,0.2123885326886562,13.57461935632591,0.1700657715338673,5.096,weekly,2,origin1,weekly|M01AB|A_lag1,-0.1239833224103965,5,linear,0.0,7.580458188589604,0.0,-0.2746773721234528,8.056060420675104,5.0,True,global,1.0,"{""0"": 0.0}",0.0,0.0,7.580458188589603
XGBoost,M01AB,A_lag1,pacf_train,1,2,248,26,13,2014-01-19,2018-10-14,2018-10-21,2019-04-14,2019-04-21,2019-07-14,"{""colsample_bytree"": 0.8, ""learning_rate"": 0.05, ""max_depth"": 3, ""n_estimators"": 100, ""subsample"": 0.8}",12,none,42,71.14195918492024,8.434569294571018,7.046478873032789,-0.1691913866435848,0.2342935915158615,19.74809787120664,0.2257901949201867,71.57042322587664,8.459930450416046,5.914618888268104,-0.4945437588223216,0.2230360897493583,15.12243845590073,0.1889810355799302,4.525,weekly,2,origin1,weekly|M01AB|A_lag1,,5,,,,,,,,,,,,,,
"LR-XGB (residual, tanpa gerbang)",M01AB,A_lag1,pacf_train,1,2,248,26,13,2014-01-19,2018-10-14,2018-10-21,2019-04-14,2019-04-21,2019-07-14,"{""colsample_bytree"": 0.8, ""learning_rate"": 0.05, ""max_depth"": 3, ""n_estimators"": 100, ""subsample"": 0.8}",12,none,42,69.9724439311913,8.364953313150725,6.795056582804578,-0.149970842581059,0.2323598142541867,18.96451676270889,0.2247646460675682,73.17647075925062,8.554324681659601,5.878168606223097,-0.5280814718773457,0.2255246823394338,14.952265700644611,0.1947541807255628,5.28,weekly,2,origin1,weekly|M01AB|A_lag1,,5,,,,,,,5.0,,,,,,,
Naive,M01AB,B_rich,pacf_train,3,2,248,26,13,2014-01-19,2018-10-14,2018-10-21,2019-04-14,2019-04-21,2019-07-14,{},0,none,42,88.78915769230767,9.422799886037463,7.837307692307691,-0.4592164678983108,0.2617444412788184,21.266702035048084,0.2662932185460407,132.83297692307696,11.525318951034585,7.231538461538463,-1.7738371198341127,0.3038514426352659,17.736159748518894,0.2943374312501859,0.0,weekly,2,origin1,weekly|M01AB|B_rich,,5,,,,,,,,,,,,,,
SeasonalNaive(s=52),M01AB,B_rich,pacf_train,3,2,248,26,13,2014-01-19,2018-10-14,2018-10-21,2019-04-14,2019-04-21,2019-07-14,{},0,none,42,102.01366923076924,10.100181643454205,8.173076923076923,-0.6765563494602935,0.2805606012070611,23.656370496687536,0.2750611260649227,93.4073,9.66474521133382,8.27153846153846,-0.9505445259539936,0.2547996101142561,22.007443640032616,0.260771901265142,0.0,weekly,2,origin1,weekly|M01AB|B_rich,,5,,,,,,,,,,,,,,
S1 [linear],M01AB,B_rich,pacf_train,3,2,248,26,13,2014-01-19,2018-10-14,2018-10-21,2019-04-14,2019-04-21,2019-07-14,{},0,none,42,59.682755191837565,7.725461487305309,6.269172487458412,0.0191363282521834,0.2145961524251474,17.643392285477447,0.2320105258993227,67.78800901202102,8.233347375886737,5.516050706260496,-0.4155588471534621,0.2170624941929174,14.088849407256616,0.1701241232477731,0.005,weekly,2,origin1,weekly|M01AB|B_rich,,5,linear,0.0,7.725461487305309,0.0,,8.233347375886737,,,,,,,,
AR-LRX [linear],M01AB,B_rich,pacf_train,3,2,248,26,13,2014-01-19,2018-10-14,2018-10-21,2019-04-14,2019-04-21,2019-07-14,"{""colsample_bytree"": 0.8, ""learning_rate"": 0.05, ""max_depth"": 3, ""n_estimators"": 100, ""subsample"": 0.8}",132,none,42,59.682755191837565,7.725461487305309,6.269172487458412,0.0191363282521834,0.2145961524251474,17.643392285477447,0.2320105258993227,67.78800901202102,8.233347375886737,5.516050706260496,-0.4155588471534621,0.2170624941929174,14.088849407256616,0.1701241232477731,5.252,weekly,2,origin1,weekly|M01AB|B_rich,-0.5093391733716905,5,linear,0.0,7.725461487305309,0.0,-0.3363263860161654,8.233347375886737,5.0,,,,,,,
AR-LRX-g [linear],M01AB,B_rich,pacf_train,3,2,248,26,13,2014-01-19,2018-10-14,2018-10-21,2019-04-14,2019-04-21,2019-07-14,"{""colsample_bytree"": 0.8, ""learning_rate"": 0.05, ""max_depth"": 3, ""n_estimators"": 100, ""subsample"": 0.8}",132,none,42,59.682755191837565,7.725461487305309,6.269172487458412,0.0191363282521834,0.2145961524251474,17.643392285477447,0.2320105258993227,67.78800901202102,8.233347375886737,5.516050706260496,-0.4155588471534621,0.2170624941929174,14.088849407256616,0.1701241232477731,5.213,weekly,2,origin1,weekly|M01AB|B_rich,-0.5093391733716905,5,linear,0.0,7.725461487305309,0.0,-0.3363263860161654,8.233347375886737,5.0,False,global,1.0,"{""0"": 0.0}",0.0,0.0,7.725461487305309
AR-LRX-Aug [linear],M01AB,B_rich,pacf_train,3,2,248,26,13,2014-01-19,2018-10-14,2018-10-21,2019-04-14,2019-04-21,2019-07-14,"{""colsample_bytree"": 0.8, ""learning_rate"": 0.1, ""max_depth"": 3, ""n_estimators"": 100, ""subsample"": 0.8}",132,none,42,57.85507445547535,7.606252326571565,6.092295627184786,0.0491735748921673,0.2112847868492101,17.128011825643668,0.2324076675148413,65.26104827778664,8.078431052982172,5.5388967970541065,-0.3627904936365362,0.2129783080283274,14.162220227140338,0.1699461687811231,4.845,weekly,2,origin1,weekly|M01AB|B_rich,-0.0092336931060885,5,linear,0.2999999999999999,7.725461487305309,1.5431,-0.0928464513833935,8.233347375886737,5.0,True,global,1.0,"{""0"": 0.3}",0.3,0.3,7.79071049956128
XGBoost,M01AB,B_rich,pacf_train,3,2,248,26,13,2014-01-19,2018-10-14,2018-10-21,2019-04-14,2019-04-21,2019-07-14,"{""colsample_bytree"": 0.8, ""learning_rate"": 0.05, ""max_depth"": 3, ""n_estimators"": 100, ""subsample"": 0.8}",12,none,42,74.59561089240626,8.636875065230841,6.88326176570012,-0.2259508556703455,0.2399131962564122,19.323967309594984,0.2470493081889613,84.90398060021593,9.214335602755954,6.557473907470705,-0.7729770006354457,0.2429250919404328,17.07860420225829,0.1948882071957643,5.068,weekly,2,origin1,weekly|M01AB|B_rich,,5,,,,,,,,,,,,,,
"LR-XGB (residual, tanpa gerbang)",M01AB,B_rich,pacf_train,3,2,248,26,13,2014-01-19,2018-10-14,2018-10-21,2019-04-14,2019-04-21,2019-07-14,"{""colsample_bytree"": 0.8, ""learning_rate"": 0.05, ""max_depth"": 3, ""n_estimators"": 100, ""subsample"": 0.8}",12,none,42,79.1892750290639,8.89883559961998,7.068346455529525,-0.3014460009158266,0.2471898777672216,20.176083373748984,0.2495929010564197,95.66383848076836,9.780789256535916,7.024728608557406,-0.997665883505997,0.2578589745182862,18.298773807793843,0.2097292820522288,5.022,weekly,2,origin1,weekly|M01AB|B_rich,,5,,,,,,,5.0,,,,,,,
Naive,M01AE,A_lag1,pacf_train,1,1,249,26,13,2014-01-12,2018-10-14,2018-10-21,2019-04-14,2019-04-21,2019-07-14,{},0,none,42,94.2768955,9.709629009390628,7.072961538461538,0.2227079827874305,0.3209913070464852,23.88664511332708,0.3123308996749486,71.83309061538462,8.475440437840657,7.462461538461539,-1.2188340762302723,0.3706095127143605,33.12819530546923,0.4267395670334703,0.0,weekly,2,origin1,weekly|M01AE|A_lag1,,5,,,,,,,,,,,,,,
SeasonalNaive(s=52),M01AE,A_lag1,pacf_train,1,1,249,26,13,2014-01-12,2018-10-14,2018-10-21,2019-04-14,2019-04-21,2019-07-14,{},0,none,42,134.64527476923078,11.603675054448516,8.466538461538462,-0.110120318222783,0.3836067082138584,28.11956528380502,0.3268406738552705,50.4452690769231,7.102483303530048,6.065076923076924,-0.5581910934583958,0.3105735796845252,26.14121374107593,0.3777114344589246,0.0,weekly,2,origin1,weekly|M01AE|A_lag1,,5,,,,,,,,,,,,,,
S1 [linear],M01AE,A_lag1,pacf_train,1,1,249,26,13,2014-01-12,2018-10-14,2018-10-21,2019-04-14,2019-04-21,2019-07-14,{},0,none,42,94.80403347670364,9.73673628464403,7.396447640114124,0.2183618475112503,0.3218874483620436,23.93078585078958,0.2857916406418789,48.89152655635154,6.992247604050613,5.991460617255898,-0.5101979356978452,0.3057532521549497,25.99738911741803,0.4135186229840349,0.006,weekly,2,origin1,weekly|M01AE|A_lag1,,5,linear,0.0,9.73673628464403,0.0,,6.992247604050613,,,,,,,,
AR-LRX [linear],M01AE,A_lag1,pacf_train,1,1,249,26,13,2014-01-12,2018-10-14,2018-10-21,2019-04-14,2019-04-21,2019-07-14,"{""colsample_bytree"": 0.8, ""learning_rate"": 0.05, ""max_depth"": 3, ""n_estimators"": 100, ""subsample"": 0.8}",132,none,42,84.9290758533034,9.215697252693548,7.145245072326398,0.2997786749351169,0.3046623824273651,23.02285640658724,0.2718678492785547,63.98628902343655,7.999143018063656,6.812901992548161,-0.9764562164935308,0.3497822346578074,28.774905038674326,0.471221702027469,5.231,weekly,2,origin1,weekly|M01AE|A_lag1,-0.6070384207652917,5,linear,1.0,9.73673628464403,5.3513,0.0614788095801682,6.992247604050613,5.0,,,,,,,
AR-LRX-g [linear],M01AE,A_lag1,pacf_train,1,1,249,26,13,2014-01-12,2018-10-14,2018-10-21,2019-04-14,2019-04-21,2019-07-14,"{""colsample_bytree"": 0.8, ""learning_rate"": 0.05, ""max_depth"": 3, ""n_estimators"": 100, ""subsample"": 0.8}",132,none,42,84.9290758533034,9.215697252693548,7.145245072326398,0.2997786749351169,0.3046623824273651,23.02285640658724,0.2718678492785547,63.98628902343655,7.999143018063656,6.812901992548161,-0.9764562164935308,0.3497822346578074,28.774905038674326,0.471221702027469,4.895,weekly,2,origin1,weekly|M01AE|A_lag1,-0.6070384207652917,5,linear,1.0,9.73673628464403,5.3513,0.0614788095801682,6.992247604050613,5.0,False,global,1.0,"{""0"": 1.0}",1.0,1.0,9.215697252693548
AR-LRX-Aug [linear],M01AE,A_lag1,pacf_train,1,1,249,26,13,2014-01-12,2018-10-14,2018-10-21,2019-04-14,2019-04-21,2019-07-14,"{""colsample_bytree"": 0.8, ""learning_rate"": 0.1, ""max_depth"": 3, ""n_estimators"": 300, ""subsample"": 0.8}",132,none,42,79.73553412087206,8.929475579275193,6.8294205596342685,0.342598270428471,0.2952001600327985,21.840779340901875,0.2614624610097413,71.94483413060826,8.482030071310067,7.11220149457703,-1.2222856932670991,0.370897660671623,30.05653187210173,0.4970656549704139,5.021,weekly,2,origin1,weekly|M01AE|A_lag1,-0.806920113481274,5,linear,1.0,9.73673628464403,8.2909,0.1188708030787873,6.992247604050613,5.0,True,global,1.0,"{""0"": 1.0}",1.0,1.0,8.929475579275193
XGBoost,M01AE,A_lag1,pacf_train,1,1,249,26,13,2014-01-12,2018-10-14,2018-10-21,2019-04-14,2019-04-21,2019-07-14,"{""colsample_bytree"": 0.8, ""learning_rate"": 0.05, ""max_depth"": 3, ""n_estimators"": 100, ""subsample"": 0.8}",12,none,42,99.6544121800758,9.982705654284104,7.443040764441855,0.1783715548038601,0.3300189670202547,23.887740425163827,0.2819989158382294,62.07964926043246,7.879063983775767,6.629610918485202,-0.9175625055170606,0.3445314830643027,28.133462667369024,0.4675929985573616,5.096,weekly,2,origin1,weekly|M01AE|A_lag1,,5,,,,,,,,,,,,,,
"LR-XGB (residual, tanpa gerbang)",M01AE,A_lag1,pacf_train,1,1,249,26,13,2014-01-12,2018-10-14,2018-10-21,2019-04-14,2019-04-21,2019-07-14,"{""colsample_bytree"": 0.8, ""learning_rate"": 0.05, ""max_depth"": 3, ""n_estimators"": 100, ""subsample"": 0.8}",12,none,42,84.9290758533034,9.215697252693548,7.145245072326398,0.2997786749351169,0.3046623824273651,23.02285640658724,0.2718678492785547,63.98628902343655,7.999143018063656,6.812901992548161,-0.9764562164935308,0.3497822346578074,28.774905038674326,0.471221702027469,4.771,weekly,2,origin1,weekly|M01AE|A_lag1,,5,,,,,,,5.0,,,,,,,
Naive,M01AE,B_rich,pacf_train,1,1,249,26,13,2014-01-12,2018-10-14,2018-10-21,2019-04-14,2019-04-21,2019-07-14,{},0,none,42,94.2768955,9.709629009390628,7.072961538461538,0.2227079827874305,0.3209913070464852,23.88664511332708,0.3123308996749486,71.83309061538462,8.475440437840657,7.462461538461539,-1.2188340762302723,0.3706095127143605,33.12819530546923,0.4267395670334703,0.0,weekly,2,origin1,weekly|M01AE|B_rich,,5,,,,,,,,,,,,,,
SeasonalNaive(s=52),M01AE,B_rich,pacf_train,1,1,249,26,13,2014-01-12,2018-10-14,2018-10-21,2019-04-14,2019-04-21,2019-07-14,{},0,none,42,134.64527476923078,11.603675054448516,8.466538461538462,-0.110120318222783,0.3836067082138584,28.11956528380502,0.3268406738552705,50.4452690769231,7.102483303530048,6.065076923076924,-0.5581910934583958,0.3105735796845252,26.14121374107593,0.3777114344589246,0.0,weekly,2,origin1,weekly|M01AE|B_rich,,5,,,,,,,,,,,,,,
S1 [linear],M01AE,B_rich,pacf_train,1,1,249,26,13,2014-01-12,2018-10-14,2018-10-21,2019-04-14,2019-04-21,2019-07-14,{},0,none,42,94.80403347670364,9.73673628464403,7.396447640114124,0.2183618475112503,0.3218874483620436,23.93078585078958,0.2857916406418789,48.89152655635154,6.992247604050613,5.991460617255898,-0.5101979356978452,0.3057532521549497,25.99738911741803,0.4135186229840349,0.006,weekly,2,origin1,weekly|M01AE|B_rich,,5,linear,0.0,9.73673628464403,0.0,,6.992247604050613,,,,,,,,
AR-LRX [linear],M01AE,B_rich,pacf_train,1,1,249,26,13,2014-01-12,2018-10-14,2018-10-21,2019-04-14,2019-04-21,2019-07-14,"{""colsample_bytree"": 0.8, ""learning_rate"": 0.05, ""max_depth"": 3, ""n_estimators"": 100, ""subsample"": 0.8}",132,none,42,84.9290758533034,9.215697252693548,7.145245072326398,0.2997786749351169,0.3046623824273651,23.02285640658724,0.2718678492785547,63.98628902343655,7.999143018063656,6.812901992548161,-0.9764562164935308,0.3497822346578074,28.774905038674326,0.471221702027469,4.737,weekly,2,origin1,weekly|M01AE|B_rich,-0.6070384207652917,5,linear,1.0,9.73673628464403,5.3513,0.0614788095801682,6.992247604050613,5.0,,,,,,,
AR-LRX-g [linear],M01AE,B_rich,pacf_train,1,1,249,26,13,2014-01-12,2018-10-14,2018-10-21,2019-04-14,2019-04-21,2019-07-14,"{""colsample_bytree"": 0.8, ""learning_rate"": 0.05, ""max_depth"": 3, ""n_estimators"": 100, ""subsample"": 0.8}",132,none,42,84.9290758533034,9.215697252693548,7.145245072326398,0.2997786749351169,0.3046623824273651,23.02285640658724,0.2718678492785547,63.98628902343655,7.999143018063656,6.812901992548161,-0.9764562164935308,0.3497822346578074,28.774905038674326,0.471221702027469,4.675,weekly,2,origin1,weekly|M01AE|B_rich,-0.6070384207652917,5,linear,1.0,9.73673628464403,5.3513,0.0614788095801682,6.992247604050613,5.0,False,global,1.0,"{""0"": 1.0}",1.0,1.0,9.215697252693548
AR-LRX-Aug [linear],M01AE,B_rich,pacf_train,1,1,249,26,13,2014-01-12,2018-10-14,2018-10-21,2019-04-14,2019-04-21,2019-07-14,"{""colsample_bytree"": 0.8, ""learning_rate"": 0.1, ""max_depth"": 3, ""n_estimators"": 300, ""subsample"": 0.8}",132,none,42,79.73553412087206,8.929475579275193,6.8294205596342685,0.342598270428471,0.2952001600327985,21.840779340901875,0.2614624610097413,71.94483413060826,8.482030071310067,7.11220149457703,-1.2222856932670991,0.370897660671623,30.05653187210173,0.4970656549704139,5.153,weekly,2,origin1,weekly|M01AE|B_rich,-0.806920113481274,5,linear,1.0,9.73673628464403,8.2909,0.1188708030787873,6.992247604050613,5.0,True,global,1.0,"{""0"": 1.0}",1.0,1.0,8.929475579275193
XGBoost,M01AE,B_rich,pacf_train,1,1,249,26,13,2014-01-12,2018-10-14,2018-10-21,2019-04-14,2019-04-21,2019-07-14,"{""colsample_bytree"": 0.8, ""learning_rate"": 0.05, ""max_depth"": 3, ""n_estimators"": 100, ""subsample"": 0.8}",12,none,42,99.6544121800758,9.982705654284104,7.443040764441855,0.1783715548038601,0.3300189670202547,23.887740425163827,0.2819989158382294,62.07964926043246,7.879063983775767,6.629610918485202,-0.9175625055170606,0.3445314830643027,28.133462667369024,0.4675929985573616,4.905,weekly,2,origin1,weekly|M01AE|B_rich,,5,,,,,,,,,,,,,,
"LR-XGB (residual, tanpa gerbang)",M01AE,B_rich,pacf_train,1,1,249,26,13,2014-01-12,2018-10-14,2018-10-21,2019-04-14,2019-04-21,2019-07-14,"{""colsample_bytree"": 0.8, ""learning_rate"": 0.05, ""max_depth"": 3, ""n_estimators"": 100, ""subsample"": 0.8}",12,none,42,84.9290758533034,9.215697252693548,7.145245072326398,0.2997786749351169,0.3046623824273651,23.02285640658724,0.2718678492785547,63.98628902343655,7.999143018063656,6.812901992548161,-0.9764562164935308,0.3497822346578074,28.774905038674326,0.471221702027469,6.177,weekly,2,origin1,weekly|M01AE|B_rich,,5,,,,,,,5.0,,,,,,,
Naive,N02BA,A_lag1,pacf_train,1,1,249,26,13,2014-01-12,2018-10-14,2018-10-21,2019-04-14,2019-04-21,2019-07-14,{},0,none,42,53.24490384615384,7.296910568600511,6.132692307692308,-0.5593153336627978,0.3383320103140674,28.946772633945784,0.3715495232518131,21.06442307692308,4.589599446239626,3.5269230769230777,-0.35164471123818,0.1979260003354292,15.23346446342938,0.1858860857472229,0.0,weekly,2,origin1,weekly|N02BA|A_lag1,,5,,,,,,,,,,,,,,
SeasonalNaive(s=52),N02BA,A_lag1,pacf_train,1,1,249,26,13,2014-01-12,2018-10-14,2018-10-21,2019-04-14,2019-04-21,2019-07-14,{},0,none,42,68.98740384615385,8.30586562894885,7.336538461538462,-1.0203457772732207,0.3851136983551851,32.47936674791471,0.4707337467854601,33.6375,5.799784478754361,4.596153846153846,-1.1584236514924564,0.25011510440805,21.66776679990759,0.2297536970248403,0.0,weekly,2,origin1,weekly|N02BA|A_lag1,,5,,,,,,,,,,,,,,
S1 [linear],N02BA,A_lag1,pacf_train,1,1,249,26,13,2014-01-12,2018-10-14,2018-10-21,2019-04-14,2019-04-21,2019-07-14,{},0,none,42,51.50287861792109,7.1765506072152165,5.998112976806539,-0.5082988709819853,0.3327513433572815,26.93428573786294,0.4426536775271092,17.58103612217961,4.192974615017317,3.629652204643615,-0.1281255796018043,0.1808215956053246,15.657275218241203,0.2204415854545485,0.017,weekly,2,origin1,weekly|N02BA|A_lag1,,5,linear,0.0,7.1765506072152165,0.0,,4.192974615017317,,,,,,,,
AR-LRX [linear],N02BA,A_lag1,pacf_train,1,1,249,26,13,2014-01-12,2018-10-14,2018-10-21,2019-04-14,2019-04-21,2019-07-14,"{""colsample_bytree"": 0.8, ""learning_rate"": 0.05, ""max_depth"": 5, ""n_estimators"": 500, ""subsample"": 0.8}",132,none,42,51.11440369101372,7.14943380212823,5.9209077608389205,-0.4969221031316673,0.3314940327335425,26.592494155859065,0.4440145783367654,18.51148989483117,4.302498099340797,3.6820415088688767,-0.1878301780265241,0.1855447845129552,15.840241956321854,0.2255848415478799,5.964,weekly,2,origin1,weekly|N02BA|A_lag1,-1.9304498534981125,5,linear,0.1,7.1765506072152165,0.3779,-1.053606796960774,4.192974615017317,5.0,,,,,,,
AR-LRX-g [linear],N02BA,A_lag1,pacf_train,1,1,249,26,13,2014-01-12,2018-10-14,2018-10-21,2019-04-14,2019-04-21,2019-07-14,"{""colsample_bytree"": 0.8, ""learning_rate"": 0.1, ""max_depth"": 5, ""n_estimators"": 300, ""subsample"": 0.8}",132,none,42,51.1395168931573,7.151189893518231,5.920574435159434,-0.4976575613323808,0.3315754564983932,26.586468502193057,0.4441969239568998,18.615245121803703,4.314538807544059,3.686396212065989,-0.1944878587656839,0.1860640388060135,15.85867388944907,0.2260777702775672,7.088,weekly,2,origin1,weekly|N02BA|A_lag1,-2.094928694707684,5,linear,0.1,7.1765506072152165,0.3534,-1.1570864726838557,4.192974615017317,5.0,False,global,1.0,"{""0"": 0.1}",0.1,0.1,7.151189893518231
AR-LRX-Aug [linear],N02BA,A_lag1,pacf_train,1,1,249,26,13,2014-01-12,2018-10-14,2018-10-21,2019-04-14,2019-04-21,2019-07-14,"{""colsample_bytree"": 0.8, ""learning_rate"": 0.05, ""max_depth"": 3, ""n_estimators"": 300, ""subsample"": 0.8}",132,none,42,51.50287861792109,7.1765506072152165,5.998112976806539,-0.5082988709819853,0.3327513433572815,26.93428573786294,0.4426536775271092,17.58103612217961,4.192974615017317,3.629652204643615,-0.1281255796018043,0.1808215956053246,15.657275218241203,0.2204415854545485,6.732,weekly,2,origin1,weekly|N02BA|A_lag1,-0.8391570656710405,5,linear,0.0,7.1765506072152165,0.0,-1.2395406682668928,4.192974615017317,5.0,True,global,1.0,"{""0"": 0.0}",0.0,0.0,7.767774184885683
XGBoost,N02BA,A_lag1,pacf_train,1,1,249,26,13,2014-01-12,2018-10-14,2018-10-21,2019-04-14,2019-04-21,2019-07-14,"{""colsample_bytree"": 0.8, ""learning_rate"": 0.05, ""max_depth"": 3, ""n_estimators"": 100, ""subsample"": 0.8}",12,none,42,61.0857272522976,7.815735874010687,6.05363649221567,-0.7889394907665261,0.3623881100745035,26.75152814807556,0.4982565182009567,22.29155771365916,4.721393619860471,3.9391876220703135,-0.4303864852551775,0.2036096104103039,16.745988412178942,0.2447867988139748,5.703,weekly,2,origin1,weekly|N02BA|A_lag1,,5,,,,,,,,,,,,,,
"LR-XGB (residual, tanpa gerbang)",N02BA,A_lag1,pacf_train,1,1,249,26,13,2014-01-12,2018-10-14,2018-10-21,2019-04-14,2019-04-21,2019-07-14,"{""colsample_bytree"": 0.8, ""learning_rate"": 0.05, ""max_depth"": 3, ""n_estimators"": 100, ""subsample"": 0.8}",12,none,42,58.39009676128075,7.6413412933385425,5.713958261846504,-0.7099960115806738,0.3543020483759288,25.247675762311182,0.4831442087627429,18.574071111060725,4.309764623626298,3.689262738182442,-0.1918458384426975,0.1858581526194787,15.775353643311083,0.2099506178889803,5.648,weekly,2,origin1,weekly|N02BA|A_lag1,,5,,,,,,,5.0,,,,,,,
Naive,N02BA,B_rich,pacf_train,1,1,249,26,13,2014-01-12,2018-10-14,2018-10-21,2019-04-14,2019-04-21,2019-07-14,{},0,none,42,53.24490384615384,7.296910568600511,6.132692307692308,-0.5593153336627978,0.3383320103140674,28.946772633945784,0.3715495232518131,21.06442307692308,4.589599446239626,3.5269230769230777,-0.35164471123818,0.1979260003354292,15.23346446342938,0.1858860857472229,0.0,weekly,2,origin1,weekly|N02BA|B_rich,,5,,,,,,,,,,,,,,
SeasonalNaive(s=52),N02BA,B_rich,pacf_train,1,1,249,26,13,2014-01-12,2018-10-14,2018-10-21,2019-04-14,2019-04-21,2019-07-14,{},0,none,42,68.98740384615385,8.30586562894885,7.336538461538462,-1.0203457772732207,0.3851136983551851,32.47936674791471,0.4707337467854601,33.6375,5.799784478754361,4.596153846153846,-1.1584236514924564,0.25011510440805,21.66776679990759,0.2297536970248403,0.0,weekly,2,origin1,weekly|N02BA|B_rich,,5,,,,,,,,,,,,,,
S1 [linear],N02BA,B_rich,pacf_train,1,1,249,26,13,2014-01-12,2018-10-14,2018-10-21,2019-04-14,2019-04-21,2019-07-14,{},0,none,42,51.50287861792109,7.1765506072152165,5.998112976806539,-0.5082988709819853,0.3327513433572815,26.93428573786294,0.4426536775271092,17.58103612217961,4.192974615017317,3.629652204643615,-0.1281255796018043,0.1808215956053246,15.657275218241203,0.2204415854545485,0.009,weekly,2,origin1,weekly|N02BA|B_rich,,5,linear,0.0,7.1765506072152165,0.0,,4.192974615017317,,,,,,,,
AR-LRX [linear],N02BA,B_rich,pacf_train,1,1,249,26,13,2014-01-12,2018-10-14,2018-10-21,2019-04-14,2019-04-21,2019-07-14,"{""colsample_bytree"": 0.8, ""learning_rate"": 0.05, ""max_depth"": 5, ""n_estimators"": 500, ""subsample"": 0.8}",132,none,42,51.11440369101372,7.14943380212823,5.9209077608389205,-0.4969221031316673,0.3314940327335425,26.592494155859065,0.4440145783367654,18.51148989483117,4.302498099340797,3.6820415088688767,-0.1878301780265241,0.1855447845129552,15.840241956321854,0.2255848415478799,6.121,weekly,2,origin1,weekly|N02BA|B_rich,-1.9304498534981125,5,linear,0.1,7.1765506072152165,0.3779,-1.053606796960774,4.192974615017317,5.0,,,,,,,
AR-LRX-g [linear],N02BA,B_rich,pacf_train,1,1,249,26,13,2014-01-12,2018-10-14,2018-10-21,2019-04-14,2019-04-21,2019-07-14,"{""colsample_bytree"": 0.8, ""learning_rate"": 0.1, ""max_depth"": 5, ""n_estimators"": 300, ""subsample"": 0.8}",132,none,42,51.1395168931573,7.151189893518231,5.920574435159434,-0.4976575613323808,0.3315754564983932,26.586468502193057,0.4441969239568998,18.615245121803703,4.314538807544059,3.686396212065989,-0.1944878587656839,0.1860640388060135,15.85867388944907,0.2260777702775672,5.6,weekly,2,origin1,weekly|N02BA|B_rich,-2.094928694707684,5,linear,0.1,7.1765506072152165,0.3534,-1.1570864726838557,4.192974615017317,5.0,False,global,1.0,"{""0"": 0.1}",0.1,0.1,7.151189893518231
AR-LRX-Aug [linear],N02BA,B_rich,pacf_train,1,1,249,26,13,2014-01-12,2018-10-14,2018-10-21,2019-04-14,2019-04-21,2019-07-14,"{""colsample_bytree"": 0.8, ""learning_rate"": 0.05, ""max_depth"": 3, ""n_estimators"": 300, ""subsample"": 0.8}",132,none,42,51.50287861792109,7.1765506072152165,5.998112976806539,-0.5082988709819853,0.3327513433572815,26.93428573786294,0.4426536775271092,17.58103612217961,4.192974615017317,3.629652204643615,-0.1281255796018043,0.1808215956053246,15.657275218241203,0.2204415854545485,4.944,weekly,2,origin1,weekly|N02BA|B_rich,-0.8391570656710405,5,linear,0.0,7.1765506072152165,0.0,-1.2395406682668928,4.192974615017317,5.0,True,global,1.0,"{""0"": 0.0}",0.0,0.0,7.767774184885683
XGBoost,N02BA,B_rich,pacf_train,1,1,249,26,13,2014-01-12,2018-10-14,2018-10-21,2019-04-14,2019-04-21,2019-07-14,"{""colsample_bytree"": 0.8, ""learning_rate"": 0.05, ""max_depth"": 3, ""n_estimators"": 100, ""subsample"": 0.8}",12,none,42,61.0857272522976,7.815735874010687,6.05363649221567,-0.7889394907665261,0.3623881100745035,26.75152814807556,0.4982565182009567,22.29155771365916,4.721393619860471,3.9391876220703135,-0.4303864852551775,0.2036096104103039,16.745988412178942,0.2447867988139748,4.939,weekly,2,origin1,weekly|N02BA|B_rich,,5,,,,,,,,,,,,,,
"LR-XGB (residual, tanpa gerbang)",N02BA,B_rich,pacf_train,1,1,249,26,13,2014-01-12,2018-10-14,2018-10-21,2019-04-14,2019-04-21,2019-07-14,"{""colsample_bytree"": 0.8, ""learning_rate"": 0.05, ""max_depth"": 3, ""n_estimators"": 100, ""subsample"": 0.8}",12,none,42,58.39009676128075,7.6413412933385425,5.713958261846504,-0.7099960115806738,0.3543020483759288,25.247675762311182,0.4831442087627429,18.574071111060725,4.309764623626298,3.689262738182442,-0.1918458384426975,0.1858581526194787,15.775353643311083,0.2099506178889803,4.925,weekly,2,origin1,weekly|N02BA|B_rich,,5,,,,,,,5.0,,,,,,,
Naive,N02BE,A_lag1,pacf_train,1,1,249,26,13,2014-01-12,2018-10-14,2018-10-21,2019-04-14,2019-04-21,2019-07-14,{},0,none,42,2904.406524076924,53.89254609013128,44.30576923076923,0.4796768800899872,0.2079666361876988,16.335338736034444,0.194790383932901,882.4147606153849,29.705466847288985,24.059692307692305,-1.028786585566162,0.1986464430336627,15.796562189133928,0.1910474884710669,0.0,weekly,2,origin1,weekly|N02BE|A_lag1,,5,,,,,,,,,,,,,,
SeasonalNaive(s=52),N02BE,A_lag1,pacf_train,1,1,249,26,13,2014-01-12,2018-10-14,2018-10-21,2019-04-14,2019-04-21,2019-07-14,{},0,none,42,4511.7070900384615,67.16924214280269,53.74965384615385,0.191729708032166,0.2592002485901045,20.7944222677364,0.2344019161279279,1181.796032846154,34.37726040344335,22.251769230769234,-1.7171031643232264,0.2298876680003845,13.859952419069463,0.2554257446434938,0.0,weekly,2,origin1,weekly|N02BE|A_lag1,,5,,,,,,,,,,,,,,
S1 [linear],N02BE,A_lag1,pacf_train,1,1,249,26,13,2014-01-12,2018-10-14,2018-10-21,2019-04-14,2019-04-21,2019-07-14,{},0,none,42,2679.2079402215068,51.7610658721544,41.72489981644571,0.5200211049013566,0.19974143988148,15.72379064275379,0.1830226702123845,830.686604958772,28.82163432143937,23.19466350831121,-0.9098568112964898,0.192736076823966,14.896485220876556,0.2012529902104936,0.009,weekly,2,origin1,weekly|N02BE|A_lag1,,5,linear,0.0,51.7610658721544,0.0,,28.82163432143937,,,,,,,,
AR-LRX [linear],N02BE,A_lag1,pacf_train,1,1,249,26,13,2014-01-12,2018-10-14,2018-10-21,2019-04-14,2019-04-21,2019-07-14,"{""colsample_bytree"": 0.8, ""learning_rate"": 0.05, ""max_depth"": 5, ""n_estimators"": 100, ""subsample"": 0.8}",132,none,42,2013.2877089362387,44.86967471395618,34.240061928047744,0.6393204142374249,0.1731481622985792,13.175401938283423,0.1666969301664713,889.9461154993497,29.83196466039992,23.872505262568,-1.0461021523967422,0.1994923594016903,15.621538693636394,0.1952803586782238,5.331,weekly,2,origin1,weekly|N02BE|A_lag1,-0.2322596539060517,5,linear,1.0,51.7610658721544,13.3139,0.2387094628289597,28.82163432143937,5.0,,,,,,,
AR-LRX-g [linear],N02BE,A_lag1,pacf_train,1,1,249,26,13,2014-01-12,2018-10-14,2018-10-21,2019-04-14,2019-04-21,2019-07-14,"{""colsample_bytree"": 0.8, ""learning_rate"": 0.05, ""max_depth"": 5, ""n_estimators"": 100, ""subsample"": 0.8}",132,none,42,2013.2877089362387,44.86967471395618,34.240061928047744,0.6393204142374249,0.1731481622985792,13.175401938283423,0.1666969301664713,889.9461154993497,29.83196466039992,23.872505262568,-1.0461021523967422,0.1994923594016903,15.621538693636394,0.1952803586782238,6.995,weekly,2,origin1,weekly|N02BE|A_lag1,-0.2322596539060517,5,linear,1.0,51.7610658721544,13.3139,0.2387094628289597,28.82163432143937,5.0,False,global,1.0,"{""0"": 1.0}",1.0,1.0,44.86967471395619
AR-LRX-Aug [linear],N02BE,A_lag1,pacf_train,1,1,249,26,13,2014-01-12,2018-10-14,2018-10-21,2019-04-14,2019-04-21,2019-07-14,"{""colsample_bytree"": 0.8, ""learning_rate"": 0.05, ""max_depth"": 3, ""n_estimators"": 100, ""subsample"": 0.8}",132,none,42,2385.2494774271645,48.83901593426268,37.80142159822039,0.5726836310378158,0.1884655039600355,14.27091467158554,0.1736215575045481,790.633484166634,28.118205564484978,22.94852643389809,-0.8177694643934514,0.1880321069717186,14.867731993344218,0.1873854583780868,6.067,weekly,2,origin1,weekly|N02BE|A_lag1,-0.0947468915228095,5,linear,1.0,51.7610658721544,5.6453,0.0980584404814552,28.82163432143937,5.0,True,global,1.0,"{""0"": 1.0}",1.0,1.0,48.83901593426268
XGBoost,N02BE,A_lag1,pacf_train,1,1,249,26,13,2014-01-12,2018-10-14,2018-10-21,2019-04-14,2019-04-21,2019-07-14,"{""colsample_bytree"": 0.8, ""learning_rate"": 0.1, ""max_depth"": 3, ""n_estimators"": 100, ""subsample"": 0.8}",12,none,42,2066.126984158408,45.45466955284581,33.33842288442759,0.6298542818935303,0.1754056063730822,13.156524952912129,0.1693636664790397,927.5207025601284,30.455224552777945,24.77787964806189,-1.1324910270954534,0.2036602239009395,16.32895759068923,0.1979287681687121,7.867,weekly,2,origin1,weekly|N02BE|A_lag1,,5,,,,,,,,,,,,,,
"LR-XGB (residual, tanpa gerbang)",N02BE,A_lag1,pacf_train,1,1,249,26,13,2014-01-12,2018-10-14,2018-10-21,2019-04-14,2019-04-21,2019-07-14,"{""colsample_bytree"": 0.8, ""learning_rate"": 0.05, ""max_depth"": 5, ""n_estimators"": 100, ""subsample"": 0.8}",12,none,42,2013.2877089362387,44.86967471395618,34.240061928047744,0.6393204142374249,0.1731481622985792,13.175401938283423,0.1666969301664713,889.9461154993497,29.83196466039992,23.872505262568,-1.0461021523967422,0.1994923594016903,15.621538693636394,0.1952803586782238,5.283,weekly,2,origin1,weekly|N02BE|A_lag1,,5,,,,,,,5.0,,,,,,,
Naive,N02BE,B_rich,pacf_train,1,1,249,26,13,2014-01-12,2018-10-14,2018-10-21,2019-04-14,2019-04-21,2019-07-14,{},0,none,42,2904.406524076924,53.89254609013128,44.30576923076923,0.4796768800899872,0.2079666361876988,16.335338736034444,0.194790383932901,882.4147606153849,29.705466847288985,24.059692307692305,-1.028786585566162,0.1986464430336627,15.796562189133928,0.1910474884710669,0.0,weekly,2,origin1,weekly|N02BE|B_rich,,5,,,,,,,,,,,,,,
SeasonalNaive(s=52),N02BE,B_rich,pacf_train,1,1,249,26,13,2014-01-12,2018-10-14,2018-10-21,2019-04-14,2019-04-21,2019-07-14,{},0,none,42,4511.7070900384615,67.16924214280269,53.74965384615385,0.191729708032166,0.2592002485901045,20.7944222677364,0.2344019161279279,1181.796032846154,34.37726040344335,22.251769230769234,-1.7171031643232264,0.2298876680003845,13.859952419069463,0.2554257446434938,0.0,weekly,2,origin1,weekly|N02BE|B_rich,,5,,,,,,,,,,,,,,
S1 [linear],N02BE,B_rich,pacf_train,1,1,249,26,13,2014-01-12,2018-10-14,2018-10-21,2019-04-14,2019-04-21,2019-07-14,{},0,none,42,2679.2079402215068,51.7610658721544,41.72489981644571,0.5200211049013566,0.19974143988148,15.72379064275379,0.1830226702123845,830.686604958772,28.82163432143937,23.19466350831121,-0.9098568112964898,0.192736076823966,14.896485220876556,0.2012529902104936,0.008,weekly,2,origin1,weekly|N02BE|B_rich,,5,linear,0.0,51.7610658721544,0.0,,28.82163432143937,,,,,,,,
AR-LRX [linear],N02BE,B_rich,pacf_train,1,1,249,26,13,2014-01-12,2018-10-14,2018-10-21,2019-04-14,2019-04-21,2019-07-14,"{""colsample_bytree"": 0.8, ""learning_rate"": 0.05, ""max_depth"": 5, ""n_estimators"": 100, ""subsample"": 0.8}",132,none,42,2013.2877089362387,44.86967471395618,34.240061928047744,0.6393204142374249,0.1731481622985792,13.175401938283423,0.1666969301664713,889.9461154993497,29.83196466039992,23.872505262568,-1.0461021523967422,0.1994923594016903,15.621538693636394,0.1952803586782238,5.518,weekly,2,origin1,weekly|N02BE|B_rich,-0.2322596539060517,5,linear,1.0,51.7610658721544,13.3139,0.2387094628289597,28.82163432143937,5.0,,,,,,,
AR-LRX-g [linear],N02BE,B_rich,pacf_train,1,1,249,26,13,2014-01-12,2018-10-14,2018-10-21,2019-04-14,2019-04-21,2019-07-14,"{""colsample_bytree"": 0.8, ""learning_rate"": 0.05, ""max_depth"": 5, ""n_estimators"": 100, ""subsample"": 0.8}",132,none,42,2013.2877089362387,44.86967471395618,34.240061928047744,0.6393204142374249,0.1731481622985792,13.175401938283423,0.1666969301664713,889.9461154993497,29.83196466039992,23.872505262568,-1.0461021523967422,0.1994923594016903,15.621538693636394,0.1952803586782238,5.423,weekly,2,origin1,weekly|N02BE|B_rich,-0.2322596539060517,5,linear,1.0,51.7610658721544,13.3139,0.2387094628289597,28.82163432143937,5.0,False,global,1.0,"{""0"": 1.0}",1.0,1.0,44.86967471395619
AR-LRX-Aug [linear],N02BE,B_rich,pacf_train,1,1,249,26,13,2014-01-12,2018-10-14,2018-10-21,2019-04-14,2019-04-21,2019-07-14,"{""colsample_bytree"": 0.8, ""learning_rate"": 0.05, ""max_depth"": 3, ""n_estimators"": 100, ""subsample"": 0.8}",132,none,42,2385.2494774271645,48.83901593426268,37.80142159822039,0.5726836310378158,0.1884655039600355,14.27091467158554,0.1736215575045481,790.633484166634,28.118205564484978,22.94852643389809,-0.8177694643934514,0.1880321069717186,14.867731993344218,0.1873854583780868,5.427,weekly,2,origin1,weekly|N02BE|B_rich,-0.0947468915228095,5,linear,1.0,51.7610658721544,5.6453,0.0980584404814552,28.82163432143937,5.0,True,global,1.0,"{""0"": 1.0}",1.0,1.0,48.83901593426268
XGBoost,N02BE,B_rich,pacf_train,1,1,249,26,13,2014-01-12,2018-10-14,2018-10-21,2019-04-14,2019-04-21,2019-07-14,"{""colsample_bytree"": 0.8, ""learning_rate"": 0.1, ""max_depth"": 3, ""n_estimators"": 100, ""subsample"": 0.8}",12,none,42,2066.126984158408,45.45466955284581,33.33842288442759,0.6298542818935303,0.1754056063730822,13.156524952912129,0.1693636664790397,927.5207025601284,30.455224552777945,24.77787964806189,-1.1324910270954534,0.2036602239009395,16.32895759068923,0.1979287681687121,4.93,weekly,2,origin1,weekly|N02BE|B_rich,,5,,,,,,,,,,,,,,
"LR-XGB (residual, tanpa gerbang)",N02BE,B_rich,pacf_train,1,1,249,26,13,2014-01-12,2018-10-14,2018-10-21,2019-04-14,2019-04-21,2019-07-14,"{""colsample_bytree"": 0.8, ""learning_rate"": 0.05, ""max_depth"": 5, ""n_estimators"": 100, ""subsample"": 0.8}",12,none,42,2013.2877089362387,44.86967471395618,34.240061928047744,0.6393204142374249,0.1731481622985792,13.175401938283423,0.1666969301664713,889.9461154993497,29.83196466039992,23.872505262568,-1.0461021523967422,0.1994923594016903,15.621538693636394,0.1952803586782238,5.03,weekly,2,origin1,weekly|N02BE|B_rich,,5,,,,,,,5.0,,,,,,,
Naive,N05B,A_lag1,pacf_train,1,1,249,26,13,2014-01-12,2018-10-14,2018-10-21,2019-04-14,2019-04-21,2019-07-14,{},0,none,42,280.7369230769231,16.755205850031302,13.161538461538465,-1.9036803564379463,0.267819594307644,21.28508285086635,0.2910467005383385,158.58461538461538,12.59303836985401,11.015384615384615,0.0438748455261813,0.2259932341359775,19.30518778181688,0.216616240262036,0.0,weekly,2,origin1,weekly|N05B|A_lag1,,5,,,,,,,,,,,,,,
SeasonalNaive(s=52),N05B,A_lag1,pacf_train,1,1,249,26,13,2014-01-12,2018-10-14,2018-10-21,2019-04-14,2019-04-21,2019-07-14,{},0,none,42,543.4907692307693,23.31288847892447,18.79230769230769,-4.62136057211228,0.3726393092659758,29.960455970728667,0.4047965684155009,267.73846153846154,16.362715591809984,13.584615384615384,-0.6142264322184581,0.2936434327630173,23.302418336280304,0.325820592945822,0.0,weekly,2,origin1,weekly|N05B|A_lag1,,5,,,,,,,,,,,,,,
S1 [linear],N05B,A_lag1,pacf_train,1,1,249,26,13,2014-01-12,2018-10-14,2018-10-21,2019-04-14,2019-04-21,2019-07-14,{},0,none,42,161.94235875590087,12.725657497980247,9.960133201999705,-0.6749804081378041,0.2034102391168612,16.214856047583854,0.2259694449653009,132.49156090192722,11.510497856388628,9.5350982725879,0.2011929163078081,0.206566085219564,16.749730131987796,0.2223791823614769,0.008,weekly,2,origin1,weekly|N05B|A_lag1,,5,linear,0.0,12.725657497980247,0.0,,11.510497856388628,,,,,,,,
AR-LRX [linear],N05B,A_lag1,pacf_train,1,1,249,26,13,2014-01-12,2018-10-14,2018-10-21,2019-04-14,2019-04-21,2019-07-14,"{""colsample_bytree"": 0.8, ""learning_rate"": 0.1, ""max_depth"": 3, ""n_estimators"": 300, ""subsample"": 0.8}",132,none,42,155.82289713804408,12.482904194859628,10.44882550870771,-0.6116864163928069,0.199530006803363,16.875902743080644,0.2192972647854562,158.62241199680142,12.594538975159091,10.441356425528996,0.0436469653400908,0.2260201638280897,18.31503066519072,0.247366693562563,8.57,weekly,2,origin1,weekly|N05B|A_lag1,-1.7129094596970118,5,linear,0.3,12.725657497980247,1.9076,-0.2844183833190925,11.510497856388628,5.0,,,,,,,
AR-LRX-g [linear],N05B,A_lag1,pacf_train,1,1,249,26,13,2014-01-12,2018-10-14,2018-10-21,2019-04-14,2019-04-21,2019-07-14,"{""colsample_bytree"": 0.8, ""learning_rate"": 0.1, ""max_depth"": 3, ""n_estimators"": 500, ""subsample"": 0.8}",132,none,42,156.25737816820822,12.50029512324442,10.436465134422084,-0.6161802821041824,0.1998079879530031,16.869074640197063,0.2199587457081709,149.57871754060753,12.230237836632922,10.281181335016592,0.0981724547009033,0.2194824570351021,18.038963468006283,0.2366411529757578,7.514,weekly,2,origin1,weekly|N05B|A_lag1,-2.0630245618603538,5,linear,0.2,12.725657497980247,1.7709,-0.5064028620137717,11.510497856388628,5.0,False,global,1.0,"{""0"": 0.2}",0.2,0.2,12.50029512324442
AR-LRX-Aug [linear],N05B,A_lag1,pacf_train,1,1,249,26,13,2014-01-12,2018-10-14,2018-10-21,2019-04-14,2019-04-21,2019-07-14,"{""colsample_bytree"": 0.8, ""learning_rate"": 0.05, ""max_depth"": 3, ""n_estimators"": 100, ""subsample"": 0.8}",132,none,42,161.94235875590087,12.725657497980247,9.960133201999705,-0.6749804081378041,0.2034102391168612,16.214856047583854,0.2259694449653009,132.49156090192722,11.510497856388628,9.5350982725879,0.2011929163078081,0.206566085219564,16.749730131987796,0.2223791823614769,5.757,weekly,2,origin1,weekly|N05B|A_lag1,-0.3271523849915088,5,linear,0.0,12.725657497980247,0.0,-0.1065825804697591,11.510497856388628,5.0,True,global,1.0,"{""0"": 0.0}",0.0,0.0,12.725657497980244
XGBoost,N05B,A_lag1,pacf_train,1,1,249,26,13,2014-01-12,2018-10-14,2018-10-21,2019-04-14,2019-04-21,2019-07-14,"{""colsample_bytree"": 0.8, ""learning_rate"": 0.05, ""max_depth"": 3, ""n_estimators"": 100, ""subsample"": 0.8}",12,none,42,166.5074756165436,12.903777571569636,10.892480967595027,-0.7221977104000357,0.2062573569782433,17.566617794584072,0.2212957355672227,178.30297170764533,13.353013581497075,10.27910625751202,-0.0750094260634812,0.2396316628374682,18.082698090947485,0.255752486345669,5.48,weekly,2,origin1,weekly|N05B|A_lag1,,5,,,,,,,,,,,,,,
"LR-XGB (residual, tanpa gerbang)",N05B,A_lag1,pacf_train,1,1,249,26,13,2014-01-12,2018-10-14,2018-10-21,2019-04-14,2019-04-21,2019-07-14,"{""colsample_bytree"": 0.8, ""learning_rate"": 0.05, ""max_depth"": 3, ""n_estimators"": 100, ""subsample"": 0.8}",12,none,42,167.62691528120226,12.947081342186827,10.79624860499279,-0.733776148066378,0.2069495357782229,17.392609004214123,0.224161005507251,175.84880521408851,13.260799569184677,10.428816882765094,-0.0602129698494562,0.2379768006617901,18.343450912680385,0.2532249708457367,5.325,weekly,2,origin1,weekly|N05B|A_lag1,,5,,,,,,,5.0,,,,,,,
Naive,N05B,B_rich,pacf_train,1,1,249,26,13,2014-01-12,2018-10-14,2018-10-21,2019-04-14,2019-04-21,2019-07-14,{},0,none,42,280.7369230769231,16.755205850031302,13.161538461538465,-1.9036803564379463,0.267819594307644,21.28508285086635,0.2910467005383385,158.58461538461538,12.59303836985401,11.015384615384615,0.0438748455261813,0.2259932341359775,19.30518778181688,0.216616240262036,0.0,weekly,2,origin1,weekly|N05B|B_rich,,5,,,,,,,,,,,,,,
SeasonalNaive(s=52),N05B,B_rich,pacf_train,1,1,249,26,13,2014-01-12,2018-10-14,2018-10-21,2019-04-14,2019-04-21,2019-07-14,{},0,none,42,543.4907692307693,23.31288847892447,18.79230769230769,-4.62136057211228,0.3726393092659758,29.960455970728667,0.4047965684155009,267.73846153846154,16.362715591809984,13.584615384615384,-0.6142264322184581,0.2936434327630173,23.302418336280304,0.325820592945822,0.0,weekly,2,origin1,weekly|N05B|B_rich,,5,,,,,,,,,,,,,,
S1 [linear],N05B,B_rich,pacf_train,1,1,249,26,13,2014-01-12,2018-10-14,2018-10-21,2019-04-14,2019-04-21,2019-07-14,{},0,none,42,161.94235875590087,12.725657497980247,9.960133201999705,-0.6749804081378041,0.2034102391168612,16.214856047583854,0.2259694449653009,132.49156090192722,11.510497856388628,9.5350982725879,0.2011929163078081,0.206566085219564,16.749730131987796,0.2223791823614769,0.006,weekly,2,origin1,weekly|N05B|B_rich,,5,linear,0.0,12.725657497980247,0.0,,11.510497856388628,,,,,,,,
AR-LRX [linear],N05B,B_rich,pacf_train,1,1,249,26,13,2014-01-12,2018-10-14,2018-10-21,2019-04-14,2019-04-21,2019-07-14,"{""colsample_bytree"": 0.8, ""learning_rate"": 0.1, ""max_depth"": 3, ""n_estimators"": 300, ""subsample"": 0.8}",132,none,42,155.82289713804408,12.482904194859628,10.44882550870771,-0.6116864163928069,0.199530006803363,16.875902743080644,0.2192972647854562,158.62241199680142,12.594538975159091,10.441356425528996,0.0436469653400908,0.2260201638280897,18.31503066519072,0.247366693562563,5.688,weekly,2,origin1,weekly|N05B|B_rich,-1.7129094596970118,5,linear,0.3,12.725657497980247,1.9076,-0.2844183833190925,11.510497856388628,5.0,,,,,,,
AR-LRX-g [linear],N05B,B_rich,pacf_train,1,1,249,26,13,2014-01-12,2018-10-14,2018-10-21,2019-04-14,2019-04-21,2019-07-14,"{""colsample_bytree"": 0.8, ""learning_rate"": 0.1, ""max_depth"": 3, ""n_estimators"": 500, ""subsample"": 0.8}",132,none,42,156.25737816820822,12.50029512324442,10.436465134422084,-0.6161802821041824,0.1998079879530031,16.869074640197063,0.2199587457081709,149.57871754060753,12.230237836632922,10.281181335016592,0.0981724547009033,0.2194824570351021,18.038963468006283,0.2366411529757578,7.898,weekly,2,origin1,weekly|N05B|B_rich,-2.0630245618603538,5,linear,0.2,12.725657497980247,1.7709,-0.5064028620137717,11.510497856388628,5.0,False,global,1.0,"{""0"": 0.2}",0.2,0.2,12.50029512324442
AR-LRX-Aug [linear],N05B,B_rich,pacf_train,1,1,249,26,13,2014-01-12,2018-10-14,2018-10-21,2019-04-14,2019-04-21,2019-07-14,"{""colsample_bytree"": 0.8, ""learning_rate"": 0.05, ""max_depth"": 3, ""n_estimators"": 100, ""subsample"": 0.8}",132,none,42,161.94235875590087,12.725657497980247,9.960133201999705,-0.6749804081378041,0.2034102391168612,16.214856047583854,0.2259694449653009,132.49156090192722,11.510497856388628,9.5350982725879,0.2011929163078081,0.206566085219564,16.749730131987796,0.2223791823614769,5.903,weekly,2,origin1,weekly|N05B|B_rich,-0.3271523849915088,5,linear,0.0,12.725657497980247,0.0,-0.1065825804697591,11.510497856388628,5.0,True,global,1.0,"{""0"": 0.0}",0.0,0.0,12.725657497980244
XGBoost,N05B,B_rich,pacf_train,1,1,249,26,13,2014-01-12,2018-10-14,2018-10-21,2019-04-14,2019-04-21,2019-07-14,"{""colsample_bytree"": 0.8, ""learning_rate"": 0.05, ""max_depth"": 3, ""n_estimators"": 100, ""subsample"": 0.8}",12,none,42,166.5074756165436,12.903777571569636,10.892480967595027,-0.7221977104000357,0.2062573569782433,17.566617794584072,0.2212957355672227,178.30297170764533,13.353013581497075,10.27910625751202,-0.0750094260634812,0.2396316628374682,18.082698090947485,0.255752486345669,6.032,weekly,2,origin1,weekly|N05B|B_rich,,5,,,,,,,,,,,,,,
"LR-XGB (residual, tanpa gerbang)",N05B,B_rich,pacf_train,1,1,249,26,13,2014-01-12,2018-10-14,2018-10-21,2019-04-14,2019-04-21,2019-07-14,"{""colsample_bytree"": 0.8, ""learning_rate"": 0.05, ""max_depth"": 3, ""n_estimators"": 100, ""subsample"": 0.8}",12,none,42,167.62691528120226,12.947081342186827,10.79624860499279,-0.733776148066378,0.2069495357782229,17.392609004214123,0.224161005507251,175.84880521408851,13.260799569184677,10.428816882765094,-0.0602129698494562,0.2379768006617901,18.343450912680385,0.2532249708457367,7.474,weekly,2,origin1,weekly|N05B|B_rich,,5,,,,,,,5.0,,,,,,,
Naive,N05C,A_lag1,pacf_train,1,10,240,26,13,2014-03-16,2018-10-14,2018-10-21,2019-04-14,2019-04-21,2019-07-14,{},0,none,42,12.038461538461538,3.4696486188750493,2.8846153846153846,-0.7873929277399514,0.7334216592744006,77.85046824520508,1.2013634657982288,20.15384615384616,4.489303526589191,3.692307692307693,-1.88155668358714,0.7579343616319414,71.58550850858543,2.222626963621169,0.0,weekly,2,origin1,weekly|N05C|A_lag1,,5,,,,,,,,,,,,,,
SeasonalNaive(s=52),N05C,A_lag1,pacf_train,1,10,240,26,13,2014-03-16,2018-10-14,2018-10-21,2019-04-14,2019-04-21,2019-07-14,{},0,none,42,28.807692307692307,5.367279786604413,4.038461538461538,-3.27717988139688,1.1345469467619085,103.77571146801914,1.6045944996261368,17.307692307692307,4.160251471689218,3.1538461538461537,-1.4746192893401011,0.702380118596881,85.03110765554204,0.8121107797226779,0.0,weekly,2,origin1,weekly|N05C|A_lag1,,5,,,,,,,,,,,,,,
S1 [linear],N05C,A_lag1,pacf_train,1,10,240,26,13,2014-03-16,2018-10-14,2018-10-21,2019-04-14,2019-04-21,2019-07-14,{},0,none,42,7.220063172059286,2.6870175235861944,2.146728817393884,-0.0719882943799861,0.5679874440100898,54.35485743494336,0.7443386110062996,11.020252888072196,3.31967662402111,2.789627693586452,-0.5756537547243663,0.5604648845749926,57.57893156196718,1.328242719051466,0.01,weekly,2,origin1,weekly|N05C|A_lag1,,5,linear,0.0,2.6870175235861944,0.0,,3.31967662402111,,,,,,,,
AR-LRX [linear],N05C,A_lag1,pacf_train,1,10,240,26,13,2014-03-16,2018-10-14,2018-10-21,2019-04-14,2019-04-21,2019-07-14,"{""colsample_bytree"": 0.8, ""learning_rate"": 0.05, ""max_depth"": 3, ""n_estimators"": 300, ""subsample"": 0.8}",132,none,42,6.887113607567717,2.624331078116425,2.1550672139761424,-0.0225540959182464,0.5547366506587565,56.02472848747635,0.6681055008694359,13.455682358537937,3.668198789397589,3.11471704827305,-0.923866597794341,0.6193062891190734,65.64429839655533,1.426556192829129,8.183,weekly,2,origin1,weekly|N05C|A_lag1,-0.8077895466160796,5,linear,0.8,2.6870175235861944,2.3329,-0.0386850207008964,3.31967662402111,5.0,,,,,,,
AR-LRX-g [linear],N05C,A_lag1,pacf_train,1,10,240,26,13,2014-03-16,2018-10-14,2018-10-21,2019-04-14,2019-04-21,2019-07-14,"{""colsample_bytree"": 0.8, ""learning_rate"": 0.05, ""max_depth"": 3, ""n_estimators"": 300, ""subsample"": 0.8}",132,none,42,6.887113607567717,2.624331078116425,2.1550672139761424,-0.0225540959182464,0.5547366506587565,56.02472848747635,0.6681055008694359,13.455682230635071,3.668198771963574,3.1147170290161657,-0.9238665795070446,0.6193062861756683,65.64429789119315,1.4265561948765917,10.216,weekly,2,origin1,weekly|N05C|A_lag1,-0.8077895466160796,5,linear,0.8000000000000002,2.6870175235861944,2.3329,-0.0386850207008964,3.31967662402111,5.0,False,global,1.0,"{""0"": 0.8}",0.8,0.8,2.6314211310703035
AR-LRX-Aug [linear],N05C,A_lag1,pacf_train,1,10,240,26,13,2014-03-16,2018-10-14,2018-10-21,2019-04-14,2019-04-21,2019-07-14,"{""colsample_bytree"": 0.8, ""learning_rate"": 0.05, ""max_depth"": 3, ""n_estimators"": 100, ""subsample"": 0.8}",132,none,42,7.220063172059286,2.6870175235861944,2.146728817393884,-0.0719882943799861,0.5679874440100898,54.35485743494336,0.7443386110062996,11.020252888072196,3.31967662402111,2.789627693586452,-0.5756537547243663,0.5604648845749926,57.57893156196718,1.328242719051466,4.99,weekly,2,origin1,weekly|N05C|A_lag1,-0.3295219310727761,5,linear,0.0,2.6870175235861944,0.0,-0.2190765555100033,3.31967662402111,5.0,True,global,1.0,"{""0"": 0.0}",0.0,0.0,2.6870175235861944
XGBoost,N05C,A_lag1,pacf_train,1,10,240,26,13,2014-03-16,2018-10-14,2018-10-21,2019-04-14,2019-04-21,2019-07-14,"{""colsample_bytree"": 0.8, ""learning_rate"": 0.1, ""max_depth"": 5, ""n_estimators"": 300, ""subsample"": 0.8}",12,none,42,6.9457643615224445,2.63548180823212,2.179655441871056,-0.0312621806257789,0.5570937155612611,57.14251823174862,0.6620941487623524,14.317868864354836,3.783895990160781,3.2242624943072977,-1.0471403029407504,0.6388395827544175,68.84683647023155,1.4510982753051531,6.742,weekly,2,origin1,weekly|N05C|A_lag1,,5,,,,,,,,,,,,,,
"LR-XGB (residual, tanpa gerbang)",N05C,A_lag1,pacf_train,1,10,240,26,13,2014-03-16,2018-10-14,2018-10-21,2019-04-14,2019-04-21,2019-07-14,"{""colsample_bytree"": 0.8, ""learning_rate"": 0.05, ""max_depth"": 3, ""n_estimators"": 300, ""subsample"": 0.8}",12,none,42,6.898274206160807,2.626456587526397,2.167731777213617,-0.0242111494321777,0.5551859453307831,56.79548227959012,0.6536077758288753,14.209816944853724,3.7695910845678906,3.1986775539053047,-1.0316912552286626,0.6364244688231503,68.03066125986157,1.454177367923406,7.622,weekly,2,origin1,weekly|N05C|A_lag1,,5,,,,,,,5.0,,,,,,,
Naive,N05C,B_rich,pacf_train,11,10,240,26,13,2014-03-16,2018-10-14,2018-10-21,2019-04-14,2019-04-21,2019-07-14,{},0,none,42,12.038461538461538,3.4696486188750493,2.8846153846153846,-0.7873929277399514,0.7334216592744006,77.85046824520508,1.2013634657982288,20.15384615384616,4.489303526589191,3.692307692307693,-1.88155668358714,0.7579343616319414,71.58550850858543,2.222626963621169,0.0,weekly,2,origin1,weekly|N05C|B_rich,,5,,,,,,,,,,,,,,
SeasonalNaive(s=52),N05C,B_rich,pacf_train,11,10,240,26,13,2014-03-16,2018-10-14,2018-10-21,2019-04-14,2019-04-21,2019-07-14,{},0,none,42,28.807692307692307,5.367279786604413,4.038461538461538,-3.27717988139688,1.1345469467619085,103.77571146801914,1.6045944996261368,17.307692307692307,4.160251471689218,3.1538461538461537,-1.4746192893401011,0.702380118596881,85.03110765554204,0.8121107797226779,0.0,weekly,2,origin1,weekly|N05C|B_rich,,5,,,,,,,,,,,,,,
S1 [linear],N05C,B_rich,pacf_train,11,10,240,26,13,2014-03-16,2018-10-14,2018-10-21,2019-04-14,2019-04-21,2019-07-14,{},0,none,42,6.595965946412164,2.5682612691103226,2.0401092155531875,0.0206736262300412,0.542884495909499,52.48377151488432,0.9397202586732896,10.648907900375402,3.2632664464268624,2.6738518675902045,-0.5225595898167874,0.5509410883577819,55.76920941377135,1.2045248448584291,0.006,weekly,2,origin1,weekly|N05C|B_rich,,5,linear,0.0,2.5682612691103226,0.0,,3.2632664464268624,,,,,,,,
AR-LRX [linear],N05C,B_rich,pacf_train,11,10,240,26,13,2014-03-16,2018-10-14,2018-10-21,2019-04-14,2019-04-21,2019-07-14,"{""colsample_bytree"": 0.8, ""learning_rate"": 0.05, ""max_depth"": 5, ""n_estimators"": 100, ""subsample"": 0.8}",132,none,42,6.2600618038662414,2.5020115515053565,1.9845784403228417,0.0705465013367936,0.5288804905621078,50.82960907193088,0.9546521670321576,10.244473545096298,3.2006989150959355,2.5810236623885467,-0.4647343731990474,0.5403777389123008,53.684127026404816,1.2220745140208196,5.131,weekly,2,origin1,weekly|N05C|B_rich,-0.2926626583247484,5,linear,0.6,2.5682612691103226,2.5796,-0.0270862306299171,3.2632664464268624,5.0,,,,,,,
AR-LRX-g [linear],N05C,B_rich,pacf_train,11,10,240,26,13,2014-03-16,2018-10-14,2018-10-21,2019-04-14,2019-04-21,2019-07-14,"{""colsample_bytree"": 0.8, ""learning_rate"": 0.1, ""max_depth"": 3, ""n_estimators"": 500, ""subsample"": 0.8}",132,none,42,6.358320824444391,2.5215711023971523,2.000105649642649,0.0559576373106945,0.5330150297750078,51.20838468915168,0.9559017517707388,10.460001327749156,3.234192531026741,2.621827750232006,-0.4955501052365543,0.546032505238281,54.62529656473569,1.163082255313752,6.252,weekly,2,origin1,weekly|N05C|B_rich,-0.4849560887902657,5,linear,0.2999999999999999,2.5682612691103226,1.818,-0.223571256702491,3.2632664464268624,5.0,False,global,1.0,"{""0"": 0.3}",0.3,0.3,2.536521394861599
AR-LRX-Aug [linear],N05C,B_rich,pacf_train,11,10,240,26,13,2014-03-16,2018-10-14,2018-10-21,2019-04-14,2019-04-21,2019-07-14,"{""colsample_bytree"": 0.8, ""learning_rate"": 0.1, ""max_depth"": 5, ""n_estimators"": 500, ""subsample"": 0.8}",132,none,42,5.959387896585311,2.44118575626381,1.8495224785672888,0.115188618912438,0.5160230053890981,47.73030674855743,1.0114208436571612,9.964493114188,3.1566585362037496,2.5437283981337724,-0.4247033302011602,0.5329423502681655,52.552778384071615,1.2542810479221689,7.497,weekly,2,origin1,weekly|N05C|B_rich,-0.2557073362775373,5,linear,0.5,2.5682612691103226,4.9479,-0.0473124511325995,3.2632664464268624,5.0,True,global,1.0,"{""0"": 0.5}",0.5,0.5,2.454246902442478
XGBoost,N05C,B_rich,pacf_train,11,10,240,26,13,2014-03-16,2018-10-14,2018-10-21,2019-04-14,2019-04-21,2019-07-14,"{""colsample_bytree"": 0.8, ""learning_rate"": 0.05, ""max_depth"": 3, ""n_estimators"": 100, ""subsample"": 0.8}",12,none,42,5.949015844062639,2.4390604428883345,1.8709637110049908,0.1167285942046247,0.5155737521552577,48.73354892620215,1.0081236781267469,9.707299647563222,3.115653967879492,2.571423548918504,-0.3879303218597161,0.5260195010705635,53.32183671902458,1.1148256755864616,5.61,weekly,2,origin1,weekly|N05C|B_rich,,5,,,,,,,,,,,,,,
"LR-XGB (residual, tanpa gerbang)",N05C,B_rich,pacf_train,11,10,240,26,13,2014-03-16,2018-10-14,2018-10-21,2019-04-14,2019-04-21,2019-07-14,"{""colsample_bytree"": 0.8, ""learning_rate"": 0.05, ""max_depth"": 3, ""n_estimators"": 100, ""subsample"": 0.8}",12,none,42,6.3918251547473455,2.5282059162076465,2.0031806014536526,0.050983130988534,0.5344175107430797,51.685439987713046,1.019071658553127,9.509723225871024,3.0837839136150613,2.535752904925431,-0.3596812395703916,0.520638842558387,53.04621903115937,1.145703334009284,6.74,weekly,2,origin1,weekly|N05C|B_rich,,5,,,,,,,5.0,,,,,,,
Naive,R03,A_lag1,pacf_train,1,1,249,26,13,2014-01-12,2018-10-14,2018-10-21,2019-04-14,2019-04-21,2019-07-14,{},0,none,42,1405.3846153846157,37.4884597627672,30.846153846153847,-0.8155307337301854,0.5311716369656387,42.9338429125588,0.5965066874065185,807.1284721886752,28.41000655031032,20.18589743538461,-0.0072806816894923,0.617307754275885,39.40976082667819,0.622853239900392,0.0,weekly,2,origin1,weekly|R03|A_lag1,,5,,,,,,,,,,,,,,
SeasonalNaive(s=52),R03,A_lag1,pacf_train,1,1,249,26,13,2014-01-12,2018-10-14,2018-10-21,2019-04-14,2019-04-21,2019-07-14,{},0,none,42,1265.2908653846157,35.57092724943525,28.66346153846154,-0.6345521560908494,0.5040022389565757,45.54921925865727,0.5435766569895258,985.7885950927993,31.39727050386385,20.86858974384615,-0.2302450505483899,0.6822166165576254,47.42613779155838,0.565281625731045,0.0,weekly,2,origin1,weekly|R03|A_lag1,,5,,,,,,,,,,,,,,
S1 [linear],R03,A_lag1,pacf_train,1,1,249,26,13,2014-01-12,2018-10-14,2018-10-21,2019-04-14,2019-04-21,2019-07-14,{},0,none,42,1283.8982956901614,35.83152656097925,26.65412577797756,-0.6585899612764539,0.5076946542700057,40.16243952957608,0.3945209122983734,629.3798768498552,25.08744460581538,18.588360109130644,0.2145461184439852,0.5451133586580396,40.34270066675206,0.5564504894874528,0.008,weekly,2,origin1,weekly|R03|A_lag1,,5,linear,0.0,35.83152656097925,0.0,,25.08744460581538,,,,,,,,
AR-LRX [linear],R03,A_lag1,pacf_train,1,1,249,26,13,2014-01-12,2018-10-14,2018-10-21,2019-04-14,2019-04-21,2019-07-14,"{""colsample_bytree"": 0.8, ""learning_rate"": 0.05, ""max_depth"": 3, ""n_estimators"": 100, ""subsample"": 0.8}",132,none,42,1283.8982956901614,35.83152656097925,26.65412577797756,-0.6585899612764539,0.5076946542700057,40.16243952957608,0.3945209122983734,629.3798768498552,25.08744460581538,18.588360109130644,0.2145461184439852,0.5451133586580396,40.34270066675206,0.5564504894874528,4.814,weekly,2,origin1,weekly|R03|A_lag1,-0.0618998376964254,5,linear,0.0,35.83152656097925,0.0,-0.8245927252984278,25.08744460581538,5.0,,,,,,,
AR-LRX-g [linear],R03,A_lag1,pacf_train,1,1,249,26,13,2014-01-12,2018-10-14,2018-10-21,2019-04-14,2019-04-21,2019-07-14,"{""colsample_bytree"": 0.8, ""learning_rate"": 0.05, ""max_depth"": 3, ""n_estimators"": 100, ""subsample"": 0.8}",132,none,42,1283.8982956901614,35.83152656097925,26.65412577797756,-0.6585899612764539,0.5076946542700057,40.16243952957608,0.3945209122983734,629.3798768498552,25.08744460581538,18.588360109130644,0.2145461184439852,0.5451133586580396,40.34270066675206,0.5564504894874528,5.336,weekly,2,origin1,weekly|R03|A_lag1,-0.0618998376964254,5,linear,0.0,35.83152656097925,0.0,-0.8245927252984278,25.08744460581538,5.0,False,global,1.0,"{""0"": 0.0}",0.0,0.0,35.83152656097925
AR-LRX-Aug [linear],R03,A_lag1,pacf_train,1,1,249,26,13,2014-01-12,2018-10-14,2018-10-21,2019-04-14,2019-04-21,2019-07-14,"{""colsample_bytree"": 0.8, ""learning_rate"": 0.05, ""max_depth"": 3, ""n_estimators"": 300, ""subsample"": 0.8}",132,none,42,1283.8982956901614,35.83152656097925,26.65412577797756,-0.6585899612764539,0.5076946542700057,40.16243952957608,0.3945209122983734,629.3798768498552,25.08744460581538,18.588360109130644,0.2145461184439852,0.5451133586580396,40.34270066675206,0.5564504894874528,5.32,weekly,2,origin1,weekly|R03|A_lag1,-0.1842646537257168,5,linear,0.0,35.83152656097925,0.0,-0.8795581576490492,25.08744460581538,5.0,True,global,1.0,"{""0"": 0.0}",0.0,0.0,35.83152656097925
XGBoost,R03,A_lag1,pacf_train,1,1,249,26,13,2014-01-12,2018-10-14,2018-10-21,2019-04-14,2019-04-21,2019-07-14,"{""colsample_bytree"": 0.8, ""learning_rate"": 0.05, ""max_depth"": 5, ""n_estimators"": 100, ""subsample"": 0.8}",12,none,42,1650.2366556048837,40.62310494786044,31.86167907714844,-1.1318401620319736,0.5755862281440716,50.83303530882141,0.4454539578037438,783.0443604037072,27.98292980378765,20.74775954978929,0.0227758227860153,0.6080280032546211,44.89170367006776,0.7526200899357728,5.003,weekly,2,origin1,weekly|R03|A_lag1,,5,,,,,,,,,,,,,,
"LR-XGB (residual, tanpa gerbang)",R03,A_lag1,pacf_train,1,1,249,26,13,2014-01-12,2018-10-14,2018-10-21,2019-04-14,2019-04-21,2019-07-14,"{""colsample_bytree"": 0.8, ""learning_rate"": 0.05, ""max_depth"": 3, ""n_estimators"": 100, ""subsample"": 0.8}",12,none,42,1546.893271171324,39.33056408407238,30.0538645160326,-0.9983371419242192,0.5572722976489819,46.873905210305,0.4286923908329333,659.6447908137175,25.6835509774976,18.95509922255188,0.1767760927055465,0.5580658754045966,41.06872406129986,0.602369164722668,6.052,weekly,2,origin1,weekly|R03|A_lag1,,5,,,,,,,5.0,,,,,,,
Naive,R03,B_rich,pacf_train,1,1,249,26,13,2014-01-12,2018-10-14,2018-10-21,2019-04-14,2019-04-21,2019-07-14,{},0,none,42,1405.3846153846157,37.4884597627672,30.846153846153847,-0.8155307337301854,0.5311716369656387,42.9338429125588,0.5965066874065185,807.1284721886752,28.41000655031032,20.18589743538461,-0.0072806816894923,0.617307754275885,39.40976082667819,0.622853239900392,0.0,weekly,2,origin1,weekly|R03|B_rich,,5,,,,,,,,,,,,,,
SeasonalNaive(s=52),R03,B_rich,pacf_train,1,1,249,26,13,2014-01-12,2018-10-14,2018-10-21,2019-04-14,2019-04-21,2019-07-14,{},0,none,42,1265.2908653846157,35.57092724943525,28.66346153846154,-0.6345521560908494,0.5040022389565757,45.54921925865727,0.5435766569895258,985.7885950927993,31.39727050386385,20.86858974384615,-0.2302450505483899,0.6822166165576254,47.42613779155838,0.565281625731045,0.0,weekly,2,origin1,weekly|R03|B_rich,,5,,,,,,,,,,,,,,
S1 [linear],R03,B_rich,pacf_train,1,1,249,26,13,2014-01-12,2018-10-14,2018-10-21,2019-04-14,2019-04-21,2019-07-14,{},0,none,42,1283.8982956901614,35.83152656097925,26.65412577797756,-0.6585899612764539,0.5076946542700057,40.16243952957608,0.3945209122983734,629.3798768498552,25.08744460581538,18.588360109130644,0.2145461184439852,0.5451133586580396,40.34270066675206,0.5564504894874528,0.006,weekly,2,origin1,weekly|R03|B_rich,,5,linear,0.0,35.83152656097925,0.0,,25.08744460581538,,,,,,,,
AR-LRX [linear],R03,B_rich,pacf_train,1,1,249,26,13,2014-01-12,2018-10-14,2018-10-21,2019-04-14,2019-04-21,2019-07-14,"{""colsample_bytree"": 0.8, ""learning_rate"": 0.05, ""max_depth"": 3, ""n_estimators"": 100, ""subsample"": 0.8}",132,none,42,1283.8982956901614,35.83152656097925,26.65412577797756,-0.6585899612764539,0.5076946542700057,40.16243952957608,0.3945209122983734,629.3798768498552,25.08744460581538,18.588360109130644,0.2145461184439852,0.5451133586580396,40.34270066675206,0.5564504894874528,15.4,weekly,2,origin1,weekly|R03|B_rich,-0.0618998376964254,5,linear,0.0,35.83152656097925,0.0,-0.8245927252984278,25.08744460581538,5.0,,,,,,,
AR-LRX-g [linear],R03,B_rich,pacf_train,1,1,249,26,13,2014-01-12,2018-10-14,2018-10-21,2019-04-14,2019-04-21,2019-07-14,"{""colsample_bytree"": 0.8, ""learning_rate"": 0.05, ""max_depth"": 3, ""n_estimators"": 100, ""subsample"": 0.8}",132,none,42,1283.8982956901614,35.83152656097925,26.65412577797756,-0.6585899612764539,0.5076946542700057,40.16243952957608,0.3945209122983734,629.3798768498552,25.08744460581538,18.588360109130644,0.2145461184439852,0.5451133586580396,40.34270066675206,0.5564504894874528,5.701,weekly,2,origin1,weekly|R03|B_rich,-0.0618998376964254,5,linear,0.0,35.83152656097925,0.0,-0.8245927252984278,25.08744460581538,5.0,False,global,1.0,"{""0"": 0.0}",0.0,0.0,35.83152656097925
AR-LRX-Aug [linear],R03,B_rich,pacf_train,1,1,249,26,13,2014-01-12,2018-10-14,2018-10-21,2019-04-14,2019-04-21,2019-07-14,"{""colsample_bytree"": 0.8, ""learning_rate"": 0.05, ""max_depth"": 3, ""n_estimators"": 300, ""subsample"": 0.8}",132,none,42,1283.8982956901614,35.83152656097925,26.65412577797756,-0.6585899612764539,0.5076946542700057,40.16243952957608,0.3945209122983734,629.3798768498552,25.08744460581538,18.588360109130644,0.2145461184439852,0.5451133586580396,40.34270066675206,0.5564504894874528,5.475,weekly,2,origin1,weekly|R03|B_rich,-0.1842646537257168,5,linear,0.0,35.83152656097925,0.0,-0.8795581576490492,25.08744460581538,5.0,True,global,1.0,"{""0"": 0.0}",0.0,0.0,35.83152656097925
XGBoost,R03,B_rich,pacf_train,1,1,249,26,13,2014-01-12,2018-10-14,2018-10-21,2019-04-14,2019-04-21,2019-07-14,"{""colsample_bytree"": 0.8, ""learning_rate"": 0.05, ""max_depth"": 5, ""n_estimators"": 100, ""subsample"": 0.8}",12,none,42,1650.2366556048837,40.62310494786044,31.86167907714844,-1.1318401620319736,0.5755862281440716,50.83303530882141,0.4454539578037438,783.0443604037072,27.98292980378765,20.74775954978929,0.0227758227860153,0.6080280032546211,44.89170367006776,0.7526200899357728,5.331,weekly,2,origin1,weekly|R03|B_rich,,5,,,,,,,,,,,,,,
"LR-XGB (residual, tanpa gerbang)",R03,B_rich,pacf_train,1,1,249,26,13,2014-01-12,2018-10-14,2018-10-21,2019-04-14,2019-04-21,2019-07-14,"{""colsample_bytree"": 0.8, ""learning_rate"": 0.05, ""max_depth"": 3, ""n_estimators"": 100, ""subsample"": 0.8}",12,none,42,1546.893271171324,39.33056408407238,30.0538645160326,-0.9983371419242192,0.5572722976489819,46.873905210305,0.4286923908329333,659.6447908137175,25.6835509774976,18.95509922255188,0.1767760927055465,0.5580658754045966,41.06872406129986,0.602369164722668,5.078,weekly,2,origin1,weekly|R03|B_rich,,5,,,,,,,5.0,,,,,,,
Naive,R06,A_lag1,pacf_train,1,1,249,26,13,2014-01-12,2018-10-14,2018-10-21,2019-04-14,2019-04-21,2019-07-14,{},0,none,42,57.84346153846154,7.605488908575276,5.703846153846154,0.7149801783774734,0.3761512490450012,31.984375678611848,0.4859415745555174,167.22747692307692,12.93164633459626,9.746153846153844,-0.8623834316915024,0.3981418206464365,27.02178214589769,0.3809062439442672,0.0,weekly,2,origin1,weekly|R06|A_lag1,,5,,,,,,,,,,,,,,
SeasonalNaive(s=52),R06,A_lag1,pacf_train,1,1,249,26,13,2014-01-12,2018-10-14,2018-10-21,2019-04-14,2019-04-21,2019-07-14,{},0,none,42,129.30083076923077,11.371052315825072,7.8707692307692305,0.3628787292235961,0.5623879783364122,39.168835315836,0.3804866042542057,212.8980923076924,14.591027801621529,11.467692307692309,-1.3710091609823167,0.4492311515277564,29.952651770636933,0.4636967815634693,0.0,weekly,2,origin1,weekly|R06|A_lag1,,5,,,,,,,,,,,,,,
S1 [linear],R06,A_lag1,pacf_train,1,1,249,26,13,2014-01-12,2018-10-14,2018-10-21,2019-04-14,2019-04-21,2019-07-14,{},0,none,42,58.826553071904186,7.669847004465225,5.950564350096855,0.7101360600268776,0.379334263108419,31.150237888056697,0.5064849130096412,136.3438112358711,11.676635270311012,8.58688609235417,-0.5184373987545297,0.3595023174356838,24.977759058175067,0.3055843064136329,0.007,weekly,2,origin1,weekly|R06|A_lag1,,5,linear,0.0,7.669847004465225,0.0,,11.676635270311012,,,,,,,,
AR-LRX [linear],R06,A_lag1,pacf_train,1,1,249,26,13,2014-01-12,2018-10-14,2018-10-21,2019-04-14,2019-04-21,2019-07-14,"{""colsample_bytree"": 0.8, ""learning_rate"": 0.05, ""max_depth"": 3, ""n_estimators"": 100, ""subsample"": 0.8}",132,none,42,58.826553071904186,7.669847004465225,5.950564350096855,0.7101360600268776,0.379334263108419,31.150237888056697,0.5064849130096412,136.3438112358711,11.676635270311012,8.58688609235417,-0.5184373987545297,0.3595023174356838,24.977759058175067,0.3055843064136329,5.264,weekly,2,origin1,weekly|R06|A_lag1,-0.0791658527101228,5,linear,0.0,7.669847004465225,0.0,-0.4289166728970544,11.676635270311012,5.0,,,,,,,
AR-LRX-g [linear],R06,A_lag1,pacf_train,1,1,249,26,13,2014-01-12,2018-10-14,2018-10-21,2019-04-14,2019-04-21,2019-07-14,"{""colsample_bytree"": 0.8, ""learning_rate"": 0.05, ""max_depth"": 3, ""n_estimators"": 100, ""subsample"": 0.8}",132,none,42,58.826553071904186,7.669847004465225,5.950564350096855,0.7101360600268776,0.379334263108419,31.150237888056697,0.5064849130096412,136.3438112358711,11.676635270311012,8.58688609235417,-0.5184373987545297,0.3595023174356838,24.977759058175067,0.3055843064136329,5.879,weekly,2,origin1,weekly|R06|A_lag1,-0.0791658527101228,5,linear,0.0,7.669847004465225,0.0,-0.4289166728970544,11.676635270311012,5.0,False,global,1.0,"{""0"": 0.0}",0.0,0.0,9.157805379422085
AR-LRX-Aug [linear],R06,A_lag1,pacf_train,1,1,249,26,13,2014-01-12,2018-10-14,2018-10-21,2019-04-14,2019-04-21,2019-07-14,"{""colsample_bytree"": 0.8, ""learning_rate"": 0.05, ""max_depth"": 3, ""n_estimators"": 100, ""subsample"": 0.8}",132,none,42,58.826553071904186,7.669847004465225,5.950564350096855,0.7101360600268776,0.379334263108419,31.150237888056697,0.5064849130096412,136.3438112358711,11.676635270311012,8.58688609235417,-0.5184373987545297,0.3595023174356838,24.977759058175067,0.3055843064136329,4.707,weekly,2,origin1,weekly|R06|A_lag1,0.0586051545622969,5,linear,0.0,7.669847004465225,0.0,-0.378491761721579,11.676635270311012,5.0,True,global,1.0,"{""0"": 0.0}",0.0,0.0,9.017433949607272
XGBoost,R06,A_lag1,pacf_train,1,1,249,26,13,2014-01-12,2018-10-14,2018-10-21,2019-04-14,2019-04-21,2019-07-14,"{""colsample_bytree"": 0.8, ""learning_rate"": 0.05, ""max_depth"": 3, ""n_estimators"": 100, ""subsample"": 0.8}",12,none,42,85.42384101644153,9.242501880791885,6.830359312204214,0.5790796871202462,0.4571144167787502,32.66261162998694,0.4905292599236122,140.3239166200341,11.84583963339172,8.17409783583421,-0.5627631427066495,0.3647118113728977,23.127262507326385,0.2902511813501193,5.019,weekly,2,origin1,weekly|R06|A_lag1,,5,,,,,,,,,,,,,,
"LR-XGB (residual, tanpa gerbang)",R06,A_lag1,pacf_train,1,1,249,26,13,2014-01-12,2018-10-14,2018-10-21,2019-04-14,2019-04-21,2019-07-14,"{""colsample_bytree"": 0.8, ""learning_rate"": 0.05, ""max_depth"": 3, ""n_estimators"": 100, ""subsample"": 0.8}",12,none,42,83.46576540516652,9.13596001551925,6.793297573124895,0.5887279748714545,0.4518450835143628,32.50138517677647,0.5029203001238977,144.270738645838,12.01127547955828,8.320228870129949,-0.6067182156643876,0.3698052795430505,23.20934848121983,0.3016832972037863,5.372,weekly,2,origin1,weekly|R06|A_lag1,,5,,,,,,,5.0,,,,,,,
Naive,R06,B_rich,pacf_train,1,1,249,26,13,2014-01-12,2018-10-14,2018-10-21,2019-04-14,2019-04-21,2019-07-14,{},0,none,42,57.84346153846154,7.605488908575276,5.703846153846154,0.7149801783774734,0.3761512490450012,31.984375678611848,0.4859415745555174,167.22747692307692,12.93164633459626,9.746153846153844,-0.8623834316915024,0.3981418206464365,27.02178214589769,0.3809062439442672,0.0,weekly,2,origin1,weekly|R06|B_rich,,5,,,,,,,,,,,,,,
SeasonalNaive(s=52),R06,B_rich,pacf_train,1,1,249,26,13,2014-01-12,2018-10-14,2018-10-21,2019-04-14,2019-04-21,2019-07-14,{},0,none,42,129.30083076923077,11.371052315825072,7.8707692307692305,0.3628787292235961,0.5623879783364122,39.168835315836,0.3804866042542057,212.8980923076924,14.591027801621529,11.467692307692309,-1.3710091609823167,0.4492311515277564,29.952651770636933,0.4636967815634693,0.0,weekly,2,origin1,weekly|R06|B_rich,,5,,,,,,,,,,,,,,
S1 [linear],R06,B_rich,pacf_train,1,1,249,26,13,2014-01-12,2018-10-14,2018-10-21,2019-04-14,2019-04-21,2019-07-14,{},0,none,42,58.826553071904186,7.669847004465225,5.950564350096855,0.7101360600268776,0.379334263108419,31.150237888056697,0.5064849130096412,136.3438112358711,11.676635270311012,8.58688609235417,-0.5184373987545297,0.3595023174356838,24.977759058175067,0.3055843064136329,0.009,weekly,2,origin1,weekly|R06|B_rich,,5,linear,0.0,7.669847004465225,0.0,,11.676635270311012,,,,,,,,
AR-LRX [linear],R06,B_rich,pacf_train,1,1,249,26,13,2014-01-12,2018-10-14,2018-10-21,2019-04-14,2019-04-21,2019-07-14,"{""colsample_bytree"": 0.8, ""learning_rate"": 0.05, ""max_depth"": 3, ""n_estimators"": 100, ""subsample"": 0.8}",132,none,42,58.826553071904186,7.669847004465225,5.950564350096855,0.7101360600268776,0.379334263108419,31.150237888056697,0.5064849130096412,136.3438112358711,11.676635270311012,8.58688609235417,-0.5184373987545297,0.3595023174356838,24.977759058175067,0.3055843064136329,5.686,weekly,2,origin1,weekly|R06|B_rich,-0.0791658527101228,5,linear,0.0,7.669847004465225,0.0,-0.4289166728970544,11.676635270311012,5.0,,,,,,,
AR-LRX-g [linear],R06,B_rich,pacf_train,1,1,249,26,13,2014-01-12,2018-10-14,2018-10-21,2019-04-14,2019-04-21,2019-07-14,"{""colsample_bytree"": 0.8, ""learning_rate"": 0.05, ""max_depth"": 3, ""n_estimators"": 100, ""subsample"": 0.8}",132,none,42,58.826553071904186,7.669847004465225,5.950564350096855,0.7101360600268776,0.379334263108419,31.150237888056697,0.5064849130096412,136.3438112358711,11.676635270311012,8.58688609235417,-0.5184373987545297,0.3595023174356838,24.977759058175067,0.3055843064136329,4.97,weekly,2,origin1,weekly|R06|B_rich,-0.0791658527101228,5,linear,0.0,7.669847004465225,0.0,-0.4289166728970544,11.676635270311012,5.0,False,global,1.0,"{""0"": 0.0}",0.0,0.0,9.157805379422085
AR-LRX-Aug [linear],R06,B_rich,pacf_train,1,1,249,26,13,2014-01-12,2018-10-14,2018-10-21,2019-04-14,2019-04-21,2019-07-14,"{""colsample_bytree"": 0.8, ""learning_rate"": 0.05, ""max_depth"": 3, ""n_estimators"": 100, ""subsample"": 0.8}",132,none,42,58.826553071904186,7.669847004465225,5.950564350096855,0.7101360600268776,0.379334263108419,31.150237888056697,0.5064849130096412,136.3438112358711,11.676635270311012,8.58688609235417,-0.5184373987545297,0.3595023174356838,24.977759058175067,0.3055843064136329,5.093,weekly,2,origin1,weekly|R06|B_rich,0.0586051545622969,5,linear,0.0,7.669847004465225,0.0,-0.378491761721579,11.676635270311012,5.0,True,global,1.0,"{""0"": 0.0}",0.0,0.0,9.017433949607272
XGBoost,R06,B_rich,pacf_train,1,1,249,26,13,2014-01-12,2018-10-14,2018-10-21,2019-04-14,2019-04-21,2019-07-14,"{""colsample_bytree"": 0.8, ""learning_rate"": 0.05, ""max_depth"": 3, ""n_estimators"": 100, ""subsample"": 0.8}",12,none,42,85.42384101644153,9.242501880791885,6.830359312204214,0.5790796871202462,0.4571144167787502,32.66261162998694,0.4905292599236122,140.3239166200341,11.84583963339172,8.17409783583421,-0.5627631427066495,0.3647118113728977,23.127262507326385,0.2902511813501193,4.796,weekly,2,origin1,weekly|R06|B_rich,,5,,,,,,,,,,,,,,
"LR-XGB (residual, tanpa gerbang)",R06,B_rich,pacf_train,1,1,249,26,13,2014-01-12,2018-10-14,2018-10-21,2019-04-14,2019-04-21,2019-07-14,"{""colsample_bytree"": 0.8, ""learning_rate"": 0.05, ""max_depth"": 3, ""n_estimators"": 100, ""subsample"": 0.8}",12,none,42,83.46576540516652,9.13596001551925,6.793297573124895,0.5887279748714545,0.4518450835143628,32.50138517677647,0.5029203001238977,144.270738645838,12.01127547955828,8.320228870129949,-0.6067182156643876,0.3698052795430505,23.20934848121983,0.3016832972037863,5.092,weekly,2,origin1,weekly|R06|B_rich,,5,,,,,,,5.0,,,,,,,
Naive,M01AB,A_lag1,pacf_train,1,7,1649,180,90,2014-01-09,2018-07-15,2018-07-16,2019-01-11,2019-01-12,2019-04-11,{},0,none,42,15.54255611111111,3.942404863926473,3.1372777777777774,-1.182794647033233,0.7925139884152299,69.53510303887754,1.912773099500647,12.337780000000002,3.512517615614191,2.794,-0.6962440772579772,0.6755274598911838,56.802635188111005,1.3912765709252042,0.0,daily,5,origin2,daily|M01AB|A_lag1,,5,,,,,,,,,,,,,,
SeasonalNaive(s=7),M01AB,A_lag1,pacf_train,1,7,1649,180,90,2014-01-09,2018-07-15,2018-07-16,2019-01-11,2019-01-12,2019-04-11,{},0,none,42,14.917352222222224,3.862298826116672,3.2404444444444445,-1.0949910906416664,0.7764108336881028,72.06477786424821,1.3510638120469356,12.406627777777778,3.5223043278197554,2.632555555555556,-0.7057095269002893,0.6774096405833239,53.23673580888203,1.749257356238357,0.0,daily,5,origin2,daily|M01AB|A_lag1,,5,,,,,,,,,,,,,,
S1 [linear],M01AB,A_lag1,pacf_train,1,7,1649,180,90,2014-01-09,2018-07-15,2018-07-16,2019-01-11,2019-01-12,2019-04-11,{},0,none,42,7.274393163739552,2.6971082966279925,2.161152318825493,-0.0216148711134172,0.5421807569554384,47.60372077990125,1.4274217526128954,7.199323514983762,2.6831555144985098,2.086887231071274,0.0102101129574943,0.5160245235909694,42.91516072985847,1.7139928206613222,0.007,daily,5,origin2,daily|M01AB|A_lag1,,5,linear,0.0,2.6971082966279925,0.0,,2.6831555144985098,,,,,,,,
AR-LRX [linear],M01AB,A_lag1,pacf_train,1,7,1649,180,90,2014-01-09,2018-07-15,2018-07-16,2019-01-11,2019-01-12,2019-04-11,"{""colsample_bytree"": 0.8, ""learning_rate"": 0.1, ""max_depth"": 5, ""n_estimators"": 100, ""subsample"": 0.8}",132,none,42,7.234384110591264,2.6896810425385507,2.1522981012145275,-0.0159960046656699,0.5406877081782171,47.468256047456855,1.3953326826477932,7.339235862987918,2.709102409099353,2.146240855701304,-0.0090255592329082,0.5210146308928817,43.98973457616503,1.684183929259232,5.863,daily,5,origin2,daily|M01AB|A_lag1,-0.1691935478827391,5,linear,0.3,2.6971082966279925,0.2754,-0.0373166439673973,2.6831555144985098,5.0,,,,,,,
AR-LRX-g [linear],M01AB,A_lag1,pacf_train,1,7,1649,180,90,2014-01-09,2018-07-15,2018-07-16,2019-01-11,2019-01-12,2019-04-11,"{""colsample_bytree"": 0.8, ""learning_rate"": 0.05, ""max_depth"": 3, ""n_estimators"": 300, ""subsample"": 0.8}",132,none,42,7.251867631165985,2.692929191636124,2.15582653798887,-0.0184513881205519,0.5413406608010791,47.51070589605935,1.4061163622059258,7.306493872678857,2.70305269513542,2.132593728123476,-0.0045240681105684,0.5198511497792334,43.7601508635395,1.6938574007533382,6.726,daily,5,origin2,daily|M01AB|A_lag1,-0.1076247513667421,5,linear,0.2999999999999999,2.6971082966279925,0.1549,-0.0243624056479132,2.6831555144985098,5.0,False,global,1.0,"{""0"": 0.3}",0.3,0.3,2.6992939550972768
AR-LRX-Aug [linear],M01AB,A_lag1,pacf_train,1,7,1649,180,90,2014-01-09,2018-07-15,2018-07-16,2019-01-11,2019-01-12,2019-04-11,"{""colsample_bytree"": 0.8, ""learning_rate"": 0.1, ""max_depth"": 3, ""n_estimators"": 100, ""subsample"": 0.8}",132,none,42,7.035842310029863,2.6525162223876904,2.123043304950371,0.0118871811101852,0.5332167251455008,46.98404470178938,1.3472415738959984,7.902924857911937,2.811214125233426,2.198831798106054,-0.0865236276905536,0.5406527582345202,44.87750062435312,1.813625481105688,6.666,daily,5,origin2,daily|M01AB|A_lag1,-0.1040840372189646,5,linear,1.0,2.6971082966279925,1.6533,0.0327784649255283,2.6831555144985098,5.0,True,global,1.0,"{""0"": 1.0}",1.0,1.0,2.6525162223876904
XGBoost,M01AB,A_lag1,pacf_train,1,7,1649,180,90,2014-01-09,2018-07-15,2018-07-16,2019-01-11,2019-01-12,2019-04-11,"{""colsample_bytree"": 0.8, ""learning_rate"": 0.05, ""max_depth"": 3, ""n_estimators"": 100, ""subsample"": 0.8}",12,none,42,7.313552010715266,2.704357966452531,2.1580059713787505,-0.0271143347120386,0.5436381072138835,47.59607794938913,1.387299433029498,7.465960044665052,2.7323909026098465,2.162290773497688,-0.0264480730575349,0.5254934744425631,44.334747728238646,1.709514485549482,6.118,daily,5,origin2,daily|M01AB|A_lag1,,5,,,,,,,,,,,,,,
"LR-XGB (residual, tanpa gerbang)",M01AB,A_lag1,pacf_train,1,7,1649,180,90,2014-01-09,2018-07-15,2018-07-16,2019-01-11,2019-01-12,2019-04-11,"{""colsample_bytree"": 0.8, ""learning_rate"": 0.05, ""max_depth"": 3, ""n_estimators"": 100, ""subsample"": 0.8}",12,none,42,7.389311436272103,2.7183287947325474,2.168997143160461,-0.0377539790141463,0.5464465647984841,47.7854384698808,1.4039451519218822,7.414555995259905,2.7229682325102336,2.1609419014127003,-0.0193808523459841,0.5236813063357075,44.26037866874506,1.6982298256305517,6.441,daily,5,origin2,daily|M01AB|A_lag1,,5,,,,,,,5.0,,,,,,,
Naive,M01AB,B_rich,pacf_train,8,7,1649,180,90,2014-01-09,2018-07-15,2018-07-16,2019-01-11,2019-01-12,2019-04-11,{},0,none,42,15.54255611111111,3.942404863926473,3.1372777777777774,-1.182794647033233,0.7925139884152299,69.53510303887754,1.912773099500647,12.337780000000002,3.512517615614191,2.794,-0.6962440772579772,0.6755274598911838,56.802635188111005,1.3912765709252042,0.0,daily,5,origin2,daily|M01AB|B_rich,,5,,,,,,,,,,,,,,
SeasonalNaive(s=7),M01AB,B_rich,pacf_train,8,7,1649,180,90,2014-01-09,2018-07-15,2018-07-16,2019-01-11,2019-01-12,2019-04-11,{},0,none,42,14.917352222222224,3.862298826116672,3.2404444444444445,-1.0949910906416664,0.7764108336881028,72.06477786424821,1.3510638120469356,12.406627777777778,3.5223043278197554,2.632555555555556,-0.7057095269002893,0.6774096405833239,53.23673580888203,1.749257356238357,0.0,daily,5,origin2,daily|M01AB|B_rich,,5,,,,,,,,,,,,,,
S1 [linear],M01AB,B_rich,pacf_train,8,7,1649,180,90,2014-01-09,2018-07-15,2018-07-16,2019-01-11,2019-01-12,2019-04-11,{},0,none,42,7.293058526972818,2.7005663344885305,2.1648913170388595,-0.0242362324042655,0.5428759020436617,47.80236239221789,1.3349968712166826,6.985374649751819,2.642985934459701,2.05500683795466,0.0396246020702641,0.5082991091338614,42.42401269100498,1.597976783129736,0.012,daily,5,origin2,daily|M01AB|B_rich,,5,linear,0.0,2.7005663344885305,0.0,,2.642985934459701,,,,,,,,
AR-LRX [linear],M01AB,B_rich,pacf_train,8,7,1649,180,90,2014-01-09,2018-07-15,2018-07-16,2019-01-11,2019-01-12,2019-04-11,"{""colsample_bytree"": 0.8, ""learning_rate"": 0.05, ""max_depth"": 3, ""n_estimators"": 100, ""subsample"": 0.8}",132,none,42,7.293058526972818,2.7005663344885305,2.1648913170388595,-0.0242362324042655,0.5428759020436617,47.80236239221789,1.3349968712166826,6.985374649751819,2.642985934459701,2.05500683795466,0.0396246020702641,0.5082991091338614,42.42401269100498,1.597976783129736,8.074,daily,5,origin2,daily|M01AB|B_rich,-0.0124360970185368,5,linear,0.0,2.7005663344885305,0.0,-0.040657800053246,2.642985934459701,5.0,,,,,,,
AR-LRX-g [linear],M01AB,B_rich,pacf_train,8,7,1649,180,90,2014-01-09,2018-07-15,2018-07-16,2019-01-11,2019-01-12,2019-04-11,"{""colsample_bytree"": 0.8, ""learning_rate"": 0.05, ""max_depth"": 3, ""n_estimators"": 100, ""subsample"": 0.8}",132,none,42,7.293058526972818,2.7005663344885305,2.1648913170388595,-0.0242362324042655,0.5428759020436617,47.80236239221789,1.3349968712166826,6.985374649751819,2.642985934459701,2.05500683795466,0.0396246020702641,0.5082991091338614,42.42401269100498,1.597976783129736,8.451,daily,5,origin2,daily|M01AB|B_rich,-0.0124360970185368,5,linear,0.0,2.7005663344885305,0.0,-0.040657800053246,2.642985934459701,5.0,False,global,1.0,"{""0"": 0.0}",0.0,0.0,2.70056633448853
AR-LRX-Aug [linear],M01AB,B_rich,pacf_train,8,7,1649,180,90,2014-01-09,2018-07-15,2018-07-16,2019-01-11,2019-01-12,2019-04-11,"{""colsample_bytree"": 0.8, ""learning_rate"": 0.05, ""max_depth"": 3, ""n_estimators"": 300, ""subsample"": 0.8}",132,none,42,7.293058526972818,2.7005663344885305,2.1648913170388595,-0.0242362324042655,0.5428759020436617,47.80236239221789,1.3349968712166826,6.985374649751819,2.642985934459701,2.05500683795466,0.0396246020702641,0.5082991091338614,42.42401269100498,1.597976783129736,8.45,daily,5,origin2,daily|M01AB|B_rich,-0.064928412724484,5,linear,0.0,2.7005663344885305,0.0,-0.0679883726822572,2.642985934459701,5.0,True,global,1.0,"{""0"": 0.0}",0.0,0.0,2.70056633448853
XGBoost,M01AB,B_rich,pacf_train,8,7,1649,180,90,2014-01-09,2018-07-15,2018-07-16,2019-01-11,2019-01-12,2019-04-11,"{""colsample_bytree"": 0.8, ""learning_rate"": 0.05, ""max_depth"": 3, ""n_estimators"": 100, ""subsample"": 0.8}",12,none,42,7.620745715622603,2.7605698171976387,2.24525368531545,-0.0702565804199166,0.5549379811659054,49.32958344020733,1.2845654393601174,6.936274814995515,2.6336808491150774,2.047070933130052,0.0463750307454169,0.5065095549294977,42.16685371950008,1.6552459328609015,7.976,daily,5,origin2,daily|M01AB|B_rich,,5,,,,,,,,,,,,,,
"LR-XGB (residual, tanpa gerbang)",M01AB,B_rich,pacf_train,8,7,1649,180,90,2014-01-09,2018-07-15,2018-07-16,2019-01-11,2019-01-12,2019-04-11,"{""colsample_bytree"": 0.8, ""learning_rate"": 0.05, ""max_depth"": 3, ""n_estimators"": 100, ""subsample"": 0.8}",12,none,42,7.589545879462153,2.75491304390214,2.233004803568071,-0.0658748793102352,0.5538008397203382,49.19649581957692,1.2886543198808798,7.05296305228801,2.655741525880862,2.0800855230384427,0.0303322960400591,0.510752264737649,42.85291763065928,1.6099628911960675,7.524,daily,5,origin2,daily|M01AB|B_rich,,5,,,,,,,5.0,,,,,,,
Naive,M01AE,A_lag1,pacf_train,1,21,1635,180,90,2014-01-23,2018-07-15,2018-07-16,2019-01-11,2019-01-12,2019-04-11,{},0,none,42,7.780318311111111,2.789322195643793,2.1629444444444443,-0.9341265033417634,0.7340450347314322,62.57312009708236,6.984172187896919,10.097930666666665,3.177724133191342,2.4096,-0.2568589539349761,0.6445934867624424,52.55874801313705,1.141566414075273,0.0,daily,5,origin2,daily|M01AE|A_lag1,,5,,,,,,,,,,,,,,
SeasonalNaive(s=7),M01AE,A_lag1,pacf_train,1,21,1635,180,90,2014-01-23,2018-07-15,2018-07-16,2019-01-11,2019-01-12,2019-04-11,{},0,none,42,7.126985483333334,2.669641452205396,2.0540055555555554,-0.7717130535085315,0.7025495496952744,60.90359078153276,2.41125250650973,11.0469127,3.3236896214899487,2.5945,-0.3749758835407271,0.6742022253142342,57.25781742680517,1.1721391602480833,0.0,daily,5,origin2,daily|M01AE|A_lag1,,5,,,,,,,,,,,,,,
S1 [linear],M01AE,A_lag1,pacf_train,1,21,1635,180,90,2014-01-23,2018-07-15,2018-07-16,2019-01-11,2019-01-12,2019-04-11,{},0,none,42,4.029637058789959,2.007395591005908,1.5812156627765326,-0.0017363715213818,0.5282712655500733,45.62158704026686,4.745509224224198,8.60701532229187,2.933771518419911,2.1423801208084297,-0.0712892206903057,0.5951083017780532,46.5809696524632,0.9944340202142056,0.01,daily,5,origin2,daily|M01AE|A_lag1,,5,linear,0.0,2.007395591005908,0.0,,2.933771518419911,,,,,,,,
AR-LRX [linear],M01AE,A_lag1,pacf_train,1,21,1635,180,90,2014-01-23,2018-07-15,2018-07-16,2019-01-11,2019-01-12,2019-04-11,"{""colsample_bytree"": 0.8, ""learning_rate"": 0.05, ""max_depth"": 3, ""n_estimators"": 100, ""subsample"": 0.8}",132,none,42,4.021385527951559,2.0053392550766964,1.5863894179958762,0.0003148947442795,0.5277301150222014,45.824149042396826,4.8721545056406,8.504623687846049,2.916268795540982,2.141565743052226,-0.0585448429747723,0.5915579176995476,46.61657788128022,0.9956244960030428,5.749,daily,5,origin2,daily|M01AE|A_lag1,-0.085986441374253,5,linear,0.3,2.007395591005908,0.1024,-0.0092703304827646,2.933771518419911,5.0,,,,,,,
AR-LRX-g [linear],M01AE,A_lag1,pacf_train,1,21,1635,180,90,2014-01-23,2018-07-15,2018-07-16,2019-01-11,2019-01-12,2019-04-11,"{""colsample_bytree"": 0.8, ""learning_rate"": 0.05, ""max_depth"": 5, ""n_estimators"": 300, ""subsample"": 0.8}",132,none,42,4.029637058789959,2.007395591005908,1.5812156627765326,-0.0017363715213818,0.5282712655500733,45.62158704026686,4.745509224224198,8.60701532229187,2.933771518419911,2.1423801208084297,-0.0712892206903057,0.5951083017780532,46.5809696524632,0.9944340202142056,6.006,daily,5,origin2,daily|M01AE|A_lag1,-0.0878567241554448,5,linear,0.0,2.007395591005908,0.0,-0.1238997878517311,2.933771518419911,5.0,False,global,1.0,"{""0"": 0.0}",0.0,0.0,2.0073955910059085
AR-LRX-Aug [linear],M01AE,A_lag1,pacf_train,1,21,1635,180,90,2014-01-23,2018-07-15,2018-07-16,2019-01-11,2019-01-12,2019-04-11,"{""colsample_bytree"": 0.8, ""learning_rate"": 0.1, ""max_depth"": 3, ""n_estimators"": 100, ""subsample"": 0.8}",132,none,42,3.9746536622007778,1.9936533455445,1.5724502958567494,0.0119320724078355,0.5246548217191093,45.5758753421744,4.613245920244026,8.54351791358095,2.9229296798898448,2.171760233897787,-0.0633858898669486,0.5929090616275269,47.39876828050616,0.9891278487936922,5.466,daily,5,origin2,daily|M01AE|A_lag1,-0.1111530338456525,5,linear,0.5,2.007395591005908,0.6846,-0.0002516602889492,2.933771518419911,5.0,True,global,1.0,"{""0"": 0.5}",0.5,0.5,1.9960521076905624
XGBoost,M01AE,A_lag1,pacf_train,1,21,1635,180,90,2014-01-23,2018-07-15,2018-07-16,2019-01-11,2019-01-12,2019-04-11,"{""colsample_bytree"": 0.8, ""learning_rate"": 0.05, ""max_depth"": 3, ""n_estimators"": 100, ""subsample"": 0.8}",12,none,42,4.059002907152281,2.014696728332153,1.6007037126223242,-0.009036492588353,0.5301926511865525,46.30621700100359,5.109175050693714,8.38330294256064,2.895393400310334,2.167499707137213,-0.0434444159621987,0.5873233953699603,47.51035058598199,0.9997201363495098,5.459,daily,5,origin2,daily|M01AE|A_lag1,,5,,,,,,,,,,,,,,
"LR-XGB (residual, tanpa gerbang)",M01AE,A_lag1,pacf_train,1,21,1635,180,90,2014-01-23,2018-07-15,2018-07-16,2019-01-11,2019-01-12,2019-04-11,"{""colsample_bytree"": 0.8, ""learning_rate"": 0.05, ""max_depth"": 3, ""n_estimators"": 100, ""subsample"": 0.8}",12,none,42,4.052810842355395,2.0131594180182044,1.5996875303335605,-0.0074971935320453,0.5297880887431898,46.3110093918424,5.168640185942608,8.35891905643729,2.8911795268432035,2.157624386582304,-0.040409427248419,0.5864686215516219,47.24851896469176,1.0009292927081834,5.657,daily,5,origin2,daily|M01AE|A_lag1,,5,,,,,,,5.0,,,,,,,
Naive,M01AE,B_rich,pacf_train,22,21,1635,180,90,2014-01-23,2018-07-15,2018-07-16,2019-01-11,2019-01-12,2019-04-11,{},0,none,42,7.780318311111111,2.789322195643793,2.1629444444444443,-0.9341265033417634,0.7340450347314322,62.57312009708236,6.984172187896919,10.097930666666665,3.177724133191342,2.4096,-0.2568589539349761,0.6445934867624424,52.55874801313705,1.141566414075273,0.0,daily,5,origin2,daily|M01AE|B_rich,,5,,,,,,,,,,,,,,
SeasonalNaive(s=7),M01AE,B_rich,pacf_train,22,21,1635,180,90,2014-01-23,2018-07-15,2018-07-16,2019-01-11,2019-01-12,2019-04-11,{},0,none,42,7.126985483333334,2.669641452205396,2.0540055555555554,-0.7717130535085315,0.7025495496952744,60.90359078153276,2.41125250650973,11.0469127,3.3236896214899487,2.5945,-0.3749758835407271,0.6742022253142342,57.25781742680517,1.1721391602480833,0.0,daily,5,origin2,daily|M01AE|B_rich,,5,,,,,,,,,,,,,,
S1 [linear],M01AE,B_rich,pacf_train,22,21,1635,180,90,2014-01-23,2018-07-15,2018-07-16,2019-01-11,2019-01-12,2019-04-11,{},0,none,42,3.984366716235464,1.9960878528350057,1.547731342461952,0.0095174828646227,0.5252954927722433,44.763295572178535,4.64342699731052,6.927687744676303,2.632050102995059,1.922888543742849,0.1377316145867101,0.5339048583550763,42.32690334395999,0.9478345495880216,0.025,daily,5,origin2,daily|M01AE|B_rich,,5,linear,0.0,1.9960878528350057,0.0,,2.632050102995059,,,,,,,,
AR-LRX [linear],M01AE,B_rich,pacf_train,22,21,1635,180,90,2014-01-23,2018-07-15,2018-07-16,2019-01-11,2019-01-12,2019-04-11,"{""colsample_bytree"": 0.8, ""learning_rate"": 0.1, ""max_depth"": 3, ""n_estimators"": 100, ""subsample"": 0.8}",132,none,42,3.981738423873755,1.9954293833342625,1.5482374920980857,0.0101708558645488,0.5251222082846005,44.81031100515463,4.614920466190112,6.8508014843486,2.6174035768961192,1.9157125121191407,0.1473014153624712,0.5309338467343818,42.1982900444013,0.9451081652259308,8.497,daily,5,origin2,daily|M01AE|B_rich,0.0057786146852901,5,linear,0.1,1.9960878528350057,0.033,-0.0342664971610791,2.632050102995059,5.0,,,,,,,
AR-LRX-g [linear],M01AE,B_rich,pacf_train,22,21,1635,180,90,2014-01-23,2018-07-15,2018-07-16,2019-01-11,2019-01-12,2019-04-11,"{""colsample_bytree"": 0.8, ""learning_rate"": 0.05, ""max_depth"": 3, ""n_estimators"": 300, ""subsample"": 0.8}",132,none,42,3.984366716235464,1.9960878528350057,1.547731342461952,0.0095174828646227,0.5252954927722433,44.763295572178535,4.64342699731052,6.927687744676303,2.632050102995059,1.922888543742849,0.1377316145867101,0.5339048583550763,42.32690334395999,0.9478345495880216,9.854,daily,5,origin2,daily|M01AE|B_rich,-0.0213168183957741,5,linear,0.0,1.9960878528350057,0.0,-0.0732529385452602,2.632050102995059,5.0,False,global,1.0,"{""0"": 0.0}",0.0,0.0,1.9960878528350048
AR-LRX-Aug [linear],M01AE,B_rich,pacf_train,22,21,1635,180,90,2014-01-23,2018-07-15,2018-07-16,2019-01-11,2019-01-12,2019-04-11,"{""colsample_bytree"": 0.8, ""learning_rate"": 0.05, ""max_depth"": 3, ""n_estimators"": 300, ""subsample"": 0.8}",132,none,42,3.984366716235464,1.9960878528350057,1.547731342461952,0.0095174828646227,0.5252954927722433,44.763295572178535,4.64342699731052,6.927687744676303,2.632050102995059,1.922888543742849,0.1377316145867101,0.5339048583550763,42.32690334395999,0.9478345495880216,10.104,daily,5,origin2,daily|M01AE|B_rich,-0.0788537627188901,5,linear,0.0,1.9960878528350057,0.0,-0.0889078987437297,2.632050102995059,5.0,True,global,1.0,"{""0"": 0.0}",0.0,0.0,1.9960878528350048
XGBoost,M01AE,B_rich,pacf_train,22,21,1635,180,90,2014-01-23,2018-07-15,2018-07-16,2019-01-11,2019-01-12,2019-04-11,"{""colsample_bytree"": 0.8, ""learning_rate"": 0.1, ""max_depth"": 3, ""n_estimators"": 100, ""subsample"": 0.8}",12,none,42,4.097339237752572,2.0241885380943576,1.602797591559092,-0.0185666056364277,0.5326905396834221,46.26836724361014,4.359165114317106,7.29250919162184,2.7004646251380224,2.0015024143854774,0.0923233901378515,0.5477825750872177,44.16313940455792,0.9834754976745662,9.214,daily,5,origin2,daily|M01AE|B_rich,,5,,,,,,,,,,,,,,
"LR-XGB (residual, tanpa gerbang)",M01AE,B_rich,pacf_train,22,21,1635,180,90,2014-01-23,2018-07-15,2018-07-16,2019-01-11,2019-01-12,2019-04-11,"{""colsample_bytree"": 0.8, ""learning_rate"": 0.05, ""max_depth"": 3, ""n_estimators"": 100, ""subsample"": 0.8}",12,none,42,4.070435288195397,2.017531979472791,1.5765264029553303,-0.0118784934278579,0.5309387829978047,45.5648370801126,4.319061551494894,6.73881492898386,2.595922750966188,1.8783783177411064,0.1612400439267501,0.5265765142837496,41.70895455709218,0.9639303690341848,9.722,daily,5,origin2,daily|M01AE|B_rich,,5,,,,,,,5.0,,,,,,,
Naive,N02BA,A_lag1,pacf_train,1,1,1655,180,90,2014-01-03,2018-07-15,2018-07-16,2019-01-11,2019-01-12,2019-04-11,{},0,none,42,7.924555555555556,2.815058712630264,2.2216666666666667,-0.9769721835685858,0.9965789522538054,89.45948200385271,2.452952578999891,8.288555555555556,2.8789851607042984,2.2155555555555555,-0.8327105306475431,0.8662944315058069,75.11732879100147,5.335001108723275,0.0,daily,5,origin2,daily|N02BA|A_lag1,,5,,,,,,,,,,,,,,
SeasonalNaive(s=7),N02BA,A_lag1,pacf_train,1,1,1655,180,90,2014-01-03,2018-07-15,2018-07-16,2019-01-11,2019-01-12,2019-04-11,{},0,none,42,7.741777777777778,2.7824050348175007,2.174444444444445,-0.9313738430802256,0.9850189915766548,87.5933476732772,2.328490367597817,8.41025,2.900043103127952,2.246111111111111,-0.8596188005336203,0.8726308234086112,79.19199500545376,3.9042452122465408,0.0,daily,5,origin2,daily|N02BA|A_lag1,,5,,,,,,,,,,,,,,
S1 [linear],N02BA,A_lag1,pacf_train,1,1,1655,180,90,2014-01-03,2018-07-15,2018-07-16,2019-01-11,2019-01-12,2019-04-11,{},0,none,42,5.38959248426987,2.3215495868643146,1.9652186408763104,-0.3445642910159221,0.8218682773833742,68.73808801424023,2.758365337867168,4.844431302811363,2.201006883862784,1.7342521341687245,-0.0711685774622146,0.6622889319546992,55.41064443201622,3.860571801043404,0.01,daily,5,origin2,daily|N02BA|A_lag1,,5,linear,0.0,2.3215495868643146,0.0,,2.201006883862784,,,,,,,,
AR-LRX [linear],N02BA,A_lag1,pacf_train,1,1,1655,180,90,2014-01-03,2018-07-15,2018-07-16,2019-01-11,2019-01-12,2019-04-11,"{""colsample_bytree"": 0.8, ""learning_rate"": 0.1, ""max_depth"": 5, ""n_estimators"": 500, ""subsample"": 0.8}",132,none,42,5.277953264272757,2.297379651749522,1.9433316552220736,-0.3167131855523659,0.8133117067851587,68.26977291563882,2.66923861244646,4.982553541615828,2.2321634217986435,1.734320061401866,-0.1017092524781271,0.671664018595379,55.405633092768745,3.728311758906941,7.278,daily,5,origin2,daily|N02BA|A_lag1,-0.2070609581449414,5,linear,0.5,2.3215495868643146,1.0411,-0.3311249474446129,2.201006883862784,5.0,,,,,,,
AR-LRX-g [linear],N02BA,A_lag1,pacf_train,1,1,1655,180,90,2014-01-03,2018-07-15,2018-07-16,2019-01-11,2019-01-12,2019-04-11,"{""colsample_bytree"": 0.8, ""learning_rate"": 0.05, ""max_depth"": 3, ""n_estimators"": 100, ""subsample"": 0.8}",132,none,42,5.281408791797653,2.29813158713718,1.947754967930396,-0.3175752505285509,0.8135779047786259,68.45417080657526,2.7430306465377043,5.027881863685892,2.242293884326025,1.790449323346879,-0.1117319509613037,0.6747123022044207,56.532432039406274,4.001084795364247,6.907,daily,5,origin2,daily|N02BA|A_lag1,-0.1179506744143628,5,linear,1.0,2.3215495868643146,1.0087,-0.3078179732958699,2.201006883862784,5.0,False,global,1.0,"{""0"": 1.0}",1.0,1.0,2.29813158713718
AR-LRX-Aug [linear],N02BA,A_lag1,pacf_train,1,1,1655,180,90,2014-01-03,2018-07-15,2018-07-16,2019-01-11,2019-01-12,2019-04-11,"{""colsample_bytree"": 0.8, ""learning_rate"": 0.1, ""max_depth"": 5, ""n_estimators"": 500, ""subsample"": 0.8}",132,none,42,5.271071635674711,2.2958814507013883,1.9460093157828289,-0.3149963967406013,0.8127813179786604,68.3777710206361,2.6637721373780594,5.112950908519072,2.261183519424965,1.8118445842959192,-0.1305418549612107,0.680396244561173,57.01380873061144,3.808655217731789,6.316,daily,5,origin2,daily|N02BA|A_lag1,-0.6407788003029449,5,linear,0.2999999999999999,2.3215495868643146,1.1056,-0.462763908923621,2.201006883862784,5.0,True,global,1.0,"{""0"": 0.3}",0.3,0.3,2.308856562681011
XGBoost,N02BA,A_lag1,pacf_train,1,1,1655,180,90,2014-01-03,2018-07-15,2018-07-16,2019-01-11,2019-01-12,2019-04-11,"{""colsample_bytree"": 0.8, ""learning_rate"": 0.05, ""max_depth"": 3, ""n_estimators"": 300, ""subsample"": 0.8}",12,none,42,5.331336961494687,2.308968809121225,1.9534986694653829,-0.3300310408849363,0.8174144667948087,68.42759592754012,2.733862393163482,5.264434361881295,2.294435521404185,1.8301245371500647,-0.1640368732831569,0.6904018620072773,57.27654343465094,3.937869069452941,5.683,daily,5,origin2,daily|N02BA|A_lag1,,5,,,,,,,,,,,,,,
"LR-XGB (residual, tanpa gerbang)",N02BA,A_lag1,pacf_train,1,1,1655,180,90,2014-01-03,2018-07-15,2018-07-16,2019-01-11,2019-01-12,2019-04-11,"{""colsample_bytree"": 0.8, ""learning_rate"": 0.05, ""max_depth"": 3, ""n_estimators"": 100, ""subsample"": 0.8}",12,none,42,5.281408791797653,2.29813158713718,1.947754967930396,-0.3175752505285509,0.8135779047786259,68.45417080657526,2.7430306465377043,5.027881863685892,2.242293884326025,1.790449323346879,-0.1117319509613037,0.6747123022044207,56.532432039406274,4.001084795364247,5.953,daily,5,origin2,daily|N02BA|A_lag1,,5,,,,,,,5.0,,,,,,,
Naive,N02BA,B_rich,pacf_train,1,1,1655,180,90,2014-01-03,2018-07-15,2018-07-16,2019-01-11,2019-01-12,2019-04-11,{},0,none,42,7.924555555555556,2.815058712630264,2.2216666666666667,-0.9769721835685858,0.9965789522538054,89.45948200385271,2.452952578999891,8.288555555555556,2.8789851607042984,2.2155555555555555,-0.8327105306475431,0.8662944315058069,75.11732879100147,5.335001108723275,0.0,daily,5,origin2,daily|N02BA|B_rich,,5,,,,,,,,,,,,,,
SeasonalNaive(s=7),N02BA,B_rich,pacf_train,1,1,1655,180,90,2014-01-03,2018-07-15,2018-07-16,2019-01-11,2019-01-12,2019-04-11,{},0,none,42,7.741777777777778,2.7824050348175007,2.174444444444445,-0.9313738430802256,0.9850189915766548,87.5933476732772,2.328490367597817,8.41025,2.900043103127952,2.246111111111111,-0.8596188005336203,0.8726308234086112,79.19199500545376,3.9042452122465408,0.0,daily,5,origin2,daily|N02BA|B_rich,,5,,,,,,,,,,,,,,
S1 [linear],N02BA,B_rich,pacf_train,1,1,1655,180,90,2014-01-03,2018-07-15,2018-07-16,2019-01-11,2019-01-12,2019-04-11,{},0,none,42,5.38959248426987,2.3215495868643146,1.9652186408763104,-0.3445642910159221,0.8218682773833742,68.73808801424023,2.758365337867168,4.844431302811363,2.201006883862784,1.7342521341687245,-0.0711685774622146,0.6622889319546992,55.41064443201622,3.860571801043404,0.008,daily,5,origin2,daily|N02BA|B_rich,,5,linear,0.0,2.3215495868643146,0.0,,2.201006883862784,,,,,,,,
AR-LRX [linear],N02BA,B_rich,pacf_train,1,1,1655,180,90,2014-01-03,2018-07-15,2018-07-16,2019-01-11,2019-01-12,2019-04-11,"{""colsample_bytree"": 0.8, ""learning_rate"": 0.1, ""max_depth"": 5, ""n_estimators"": 500, ""subsample"": 0.8}",132,none,42,5.277953264272757,2.297379651749522,1.9433316552220736,-0.3167131855523659,0.8133117067851587,68.26977291563882,2.66923861244646,4.982553541615828,2.2321634217986435,1.734320061401866,-0.1017092524781271,0.671664018595379,55.405633092768745,3.728311758906941,6.726,daily,5,origin2,daily|N02BA|B_rich,-0.2070609581449414,5,linear,0.5,2.3215495868643146,1.0411,-0.3311249474446129,2.201006883862784,5.0,,,,,,,
AR-LRX-g [linear],N02BA,B_rich,pacf_train,1,1,1655,180,90,2014-01-03,2018-07-15,2018-07-16,2019-01-11,2019-01-12,2019-04-11,"{""colsample_bytree"": 0.8, ""learning_rate"": 0.05, ""max_depth"": 3, ""n_estimators"": 100, ""subsample"": 0.8}",132,none,42,5.281408791797653,2.29813158713718,1.947754967930396,-0.3175752505285509,0.8135779047786259,68.45417080657526,2.7430306465377043,5.027881863685892,2.242293884326025,1.790449323346879,-0.1117319509613037,0.6747123022044207,56.532432039406274,4.001084795364247,5.789,daily,5,origin2,daily|N02BA|B_rich,-0.1179506744143628,5,linear,1.0,2.3215495868643146,1.0087,-0.3078179732958699,2.201006883862784,5.0,False,global,1.0,"{""0"": 1.0}",1.0,1.0,2.29813158713718
AR-LRX-Aug [linear],N02BA,B_rich,pacf_train,1,1,1655,180,90,2014-01-03,2018-07-15,2018-07-16,2019-01-11,2019-01-12,2019-04-11,"{""colsample_bytree"": 0.8, ""learning_rate"": 0.1, ""max_depth"": 5, ""n_estimators"": 500, ""subsample"": 0.8}",132,none,42,5.271071635674711,2.2958814507013883,1.9460093157828289,-0.3149963967406013,0.8127813179786604,68.3777710206361,2.6637721373780594,5.112950908519072,2.261183519424965,1.8118445842959192,-0.1305418549612107,0.680396244561173,57.01380873061144,3.808655217731789,7.193,daily,5,origin2,daily|N02BA|B_rich,-0.6407788003029449,5,linear,0.2999999999999999,2.3215495868643146,1.1056,-0.462763908923621,2.201006883862784,5.0,True,global,1.0,"{""0"": 0.3}",0.3,0.3,2.308856562681011
XGBoost,N02BA,B_rich,pacf_train,1,1,1655,180,90,2014-01-03,2018-07-15,2018-07-16,2019-01-11,2019-01-12,2019-04-11,"{""colsample_bytree"": 0.8, ""learning_rate"": 0.05, ""max_depth"": 3, ""n_estimators"": 300, ""subsample"": 0.8}",12,none,42,5.331336961494687,2.308968809121225,1.9534986694653829,-0.3300310408849363,0.8174144667948087,68.42759592754012,2.733862393163482,5.264434361881295,2.294435521404185,1.8301245371500647,-0.1640368732831569,0.6904018620072773,57.27654343465094,3.937869069452941,6.498,daily,5,origin2,daily|N02BA|B_rich,,5,,,,,,,,,,,,,,
"LR-XGB (residual, tanpa gerbang)",N02BA,B_rich,pacf_train,1,1,1655,180,90,2014-01-03,2018-07-15,2018-07-16,2019-01-11,2019-01-12,2019-04-11,"{""colsample_bytree"": 0.8, ""learning_rate"": 0.05, ""max_depth"": 3, ""n_estimators"": 100, ""subsample"": 0.8}",12,none,42,5.281408791797653,2.29813158713718,1.947754967930396,-0.3175752505285509,0.8135779047786259,68.45417080657526,2.7430306465377043,5.027881863685892,2.242293884326025,1.790449323346879,-0.1117319509613037,0.6747123022044207,56.532432039406274,4.001084795364247,6.413,daily,5,origin2,daily|N02BA|B_rich,,5,,,,,,,5.0,,,,,,,
Naive,N02BE,A_lag1,pacf_train,1,1,1655,180,90,2014-01-03,2018-07-15,2018-07-16,2019-01-11,2019-01-12,2019-04-11,{},0,none,42,333.168701811111,18.252909406752423,14.132644444444445,-0.5300918698956509,0.555510247101863,48.111360174541815,0.6597163114952432,354.4655893333334,18.82725655355377,15.165555555555557,0.0344137238293443,0.4990034643548937,43.84350568114541,0.6439433221225815,0.0,daily,5,origin2,daily|N02BE|A_lag1,,5,,,,,,,,,,,,,,
SeasonalNaive(s=7),N02BE,A_lag1,pacf_train,1,1,1655,180,90,2014-01-03,2018-07-15,2018-07-16,2019-01-11,2019-01-12,2019-04-11,{},0,none,42,335.35082181111113,18.312586431498723,14.094577777777774,-0.540113351664457,0.5573264616035828,47.85270687060627,0.6315938353117905,311.5161828,17.649821041585664,13.45028888888889,0.1514105742041829,0.4677963472767732,37.76909964294528,0.6800321832695623,0.0,daily,5,origin2,daily|N02BE|A_lag1,,5,,,,,,,,,,,,,,
S1 [linear],N02BE,A_lag1,pacf_train,1,1,1655,180,90,2014-01-03,2018-07-15,2018-07-16,2019-01-11,2019-01-12,2019-04-11,{},0,none,42,218.14446040256763,14.769714296578917,11.588045001350585,-0.0018379983182772,0.4495024577003182,38.8213530523205,0.5530232709194363,289.9378760249172,17.02756224551586,13.04773167790363,0.2101912217818713,0.4513038065775535,36.371677729585045,0.5430392917664706,0.008,daily,5,origin2,daily|N02BE|A_lag1,,5,linear,0.0,14.769714296578917,0.0,,17.02756224551586,,,,,,,,
AR-LRX [linear],N02BE,A_lag1,pacf_train,1,1,1655,180,90,2014-01-03,2018-07-15,2018-07-16,2019-01-11,2019-01-12,2019-04-11,"{""colsample_bytree"": 0.8, ""learning_rate"": 0.05, ""max_depth"": 3, ""n_estimators"": 100, ""subsample"": 0.8}",132,none,42,213.90419422016268,14.625463897605528,11.515070751655005,0.0176356100267516,0.4451123315569975,38.13147681364093,0.5573857369851983,300.80171836133115,17.343636249683374,13.349224222995074,0.1805974406584277,0.4596811303062378,37.23017347218829,0.5536280050900075,5.752,daily,5,origin2,daily|N02BE|A_lag1,-0.1302001918624042,5,linear,0.7,14.769714296578917,0.9767,0.0005591393453676,17.02756224551586,5.0,,,,,,,
AR-LRX-g [linear],N02BE,A_lag1,pacf_train,1,1,1655,180,90,2014-01-03,2018-07-15,2018-07-16,2019-01-11,2019-01-12,2019-04-11,"{""colsample_bytree"": 0.8, ""learning_rate"": 0.05, ""max_depth"": 5, ""n_estimators"": 500, ""subsample"": 0.8}",132,none,42,217.455104230557,14.746359016060778,11.604205673740305,0.0013279001245298,0.4487916615547479,38.60478769227164,0.5493507252883956,292.2929419264009,17.096576906691027,13.088529398339226,0.203775876026513,0.4531329926259684,36.48821122489457,0.54451392381917,6.648,daily,5,origin2,daily|N02BE|A_lag1,-0.1871354026056897,5,linear,0.1999999999999999,14.769714296578917,0.1581,-0.0993588124595248,17.02756224551586,5.0,False,global,1.0,"{""0"": 0.2}",0.2,0.2,14.82386363325702
AR-LRX-Aug [linear],N02BE,A_lag1,pacf_train,1,1,1655,180,90,2014-01-03,2018-07-15,2018-07-16,2019-01-11,2019-01-12,2019-04-11,"{""colsample_bytree"": 0.8, ""learning_rate"": 0.1, ""max_depth"": 5, ""n_estimators"": 500, ""subsample"": 0.8}",132,none,42,216.36953267823023,14.709504841368055,11.604970305666049,0.0063134350723679,0.4476700391747718,38.52801472540595,0.5431210074854547,293.3724213367235,17.128117857392372,13.111039915968565,0.2008353070816496,0.4539689637949089,36.45264205518811,0.5395210523029894,6.912,daily,5,origin2,daily|N02BE|A_lag1,-0.2628417208357794,5,linear,0.1999999999999999,14.769714296578917,0.4077,-0.1870478938834989,17.02756224551586,5.0,True,global,1.0,"{""0"": 0.2}",0.2,0.2,14.77919637069652
XGBoost,N02BE,A_lag1,pacf_train,1,1,1655,180,90,2014-01-03,2018-07-15,2018-07-16,2019-01-11,2019-01-12,2019-04-11,"{""colsample_bytree"": 0.8, ""learning_rate"": 0.05, ""max_depth"": 3, ""n_estimators"": 100, ""subsample"": 0.8}",12,none,42,212.6951718675955,14.58407254053529,11.472965013715957,0.0231880981870409,0.4438526242697053,37.9301022763387,0.5590144181473874,313.3493442702787,17.701676312436593,13.525499140421546,0.1464169285275038,0.4691707355062039,37.64492806351275,0.5552385464110919,6.158,daily,5,origin2,daily|N02BE|A_lag1,,5,,,,,,,,,,,,,,
"LR-XGB (residual, tanpa gerbang)",N02BE,A_lag1,pacf_train,1,1,1655,180,90,2014-01-03,2018-07-15,2018-07-16,2019-01-11,2019-01-12,2019-04-11,"{""colsample_bytree"": 0.8, ""learning_rate"": 0.05, ""max_depth"": 3, ""n_estimators"": 100, ""subsample"": 0.8}",12,none,42,214.9117443762117,14.659868497916744,11.549594111813867,0.0130083917619435,0.4461594034289071,38.14223260470538,0.5619979936778385,307.9293619927778,17.547916172377214,13.47843531234122,0.1611812968095871,0.4650954289233741,37.62112640378603,0.5593423670657481,5.672,daily,5,origin2,daily|N02BE|A_lag1,,5,,,,,,,5.0,,,,,,,
Naive,N02BE,B_rich,pacf_train,1,1,1655,180,90,2014-01-03,2018-07-15,2018-07-16,2019-01-11,2019-01-12,2019-04-11,{},0,none,42,333.168701811111,18.252909406752423,14.132644444444445,-0.5300918698956509,0.555510247101863,48.111360174541815,0.6597163114952432,354.4655893333334,18.82725655355377,15.165555555555557,0.0344137238293443,0.4990034643548937,43.84350568114541,0.6439433221225815,0.0,daily,5,origin2,daily|N02BE|B_rich,,5,,,,,,,,,,,,,,
SeasonalNaive(s=7),N02BE,B_rich,pacf_train,1,1,1655,180,90,2014-01-03,2018-07-15,2018-07-16,2019-01-11,2019-01-12,2019-04-11,{},0,none,42,335.35082181111113,18.312586431498723,14.094577777777774,-0.540113351664457,0.5573264616035828,47.85270687060627,0.6315938353117905,311.5161828,17.649821041585664,13.45028888888889,0.1514105742041829,0.4677963472767732,37.76909964294528,0.6800321832695623,0.0,daily,5,origin2,daily|N02BE|B_rich,,5,,,,,,,,,,,,,,
S1 [linear],N02BE,B_rich,pacf_train,1,1,1655,180,90,2014-01-03,2018-07-15,2018-07-16,2019-01-11,2019-01-12,2019-04-11,{},0,none,42,218.14446040256763,14.769714296578917,11.588045001350585,-0.0018379983182772,0.4495024577003182,38.8213530523205,0.5530232709194363,289.9378760249172,17.02756224551586,13.04773167790363,0.2101912217818713,0.4513038065775535,36.371677729585045,0.5430392917664706,0.007,daily,5,origin2,daily|N02BE|B_rich,,5,linear,0.0,14.769714296578917,0.0,,17.02756224551586,,,,,,,,
AR-LRX [linear],N02BE,B_rich,pacf_train,1,1,1655,180,90,2014-01-03,2018-07-15,2018-07-16,2019-01-11,2019-01-12,2019-04-11,"{""colsample_bytree"": 0.8, ""learning_rate"": 0.05, ""max_depth"": 3, ""n_estimators"": 100, ""subsample"": 0.8}",132,none,42,213.90419422016268,14.625463897605528,11.515070751655005,0.0176356100267516,0.4451123315569975,38.13147681364093,0.5573857369851983,300.80171836133115,17.343636249683374,13.349224222995074,0.1805974406584277,0.4596811303062378,37.23017347218829,0.5536280050900075,5.275,daily,5,origin2,daily|N02BE|B_rich,-0.1302001918624042,5,linear,0.7,14.769714296578917,0.9767,0.0005591393453676,17.02756224551586,5.0,,,,,,,
AR-LRX-g [linear],N02BE,B_rich,pacf_train,1,1,1655,180,90,2014-01-03,2018-07-15,2018-07-16,2019-01-11,2019-01-12,2019-04-11,"{""colsample_bytree"": 0.8, ""learning_rate"": 0.05, ""max_depth"": 5, ""n_estimators"": 500, ""subsample"": 0.8}",132,none,42,217.455104230557,14.746359016060778,11.604205673740305,0.0013279001245298,0.4487916615547479,38.60478769227164,0.5493507252883956,292.2929419264009,17.096576906691027,13.088529398339226,0.203775876026513,0.4531329926259684,36.48821122489457,0.54451392381917,6.295,daily,5,origin2,daily|N02BE|B_rich,-0.1871354026056897,5,linear,0.1999999999999999,14.769714296578917,0.1581,-0.0993588124595248,17.02756224551586,5.0,False,global,1.0,"{""0"": 0.2}",0.2,0.2,14.82386363325702
AR-LRX-Aug [linear],N02BE,B_rich,pacf_train,1,1,1655,180,90,2014-01-03,2018-07-15,2018-07-16,2019-01-11,2019-01-12,2019-04-11,"{""colsample_bytree"": 0.8, ""learning_rate"": 0.1, ""max_depth"": 5, ""n_estimators"": 500, ""subsample"": 0.8}",132,none,42,216.36953267823023,14.709504841368055,11.604970305666049,0.0063134350723679,0.4476700391747718,38.52801472540595,0.5431210074854547,293.3724213367235,17.128117857392372,13.111039915968565,0.2008353070816496,0.4539689637949089,36.45264205518811,0.5395210523029894,6.44,daily,5,origin2,daily|N02BE|B_rich,-0.2628417208357794,5,linear,0.1999999999999999,14.769714296578917,0.4077,-0.1870478938834989,17.02756224551586,5.0,True,global,1.0,"{""0"": 0.2}",0.2,0.2,14.77919637069652
XGBoost,N02BE,B_rich,pacf_train,1,1,1655,180,90,2014-01-03,2018-07-15,2018-07-16,2019-01-11,2019-01-12,2019-04-11,"{""colsample_bytree"": 0.8, ""learning_rate"": 0.05, ""max_depth"": 3, ""n_estimators"": 100, ""subsample"": 0.8}",12,none,42,212.6951718675955,14.58407254053529,11.472965013715957,0.0231880981870409,0.4438526242697053,37.9301022763387,0.5590144181473874,313.3493442702787,17.701676312436593,13.525499140421546,0.1464169285275038,0.4691707355062039,37.64492806351275,0.5552385464110919,6.201,daily,5,origin2,daily|N02BE|B_rich,,5,,,,,,,,,,,,,,
"LR-XGB (residual, tanpa gerbang)",N02BE,B_rich,pacf_train,1,1,1655,180,90,2014-01-03,2018-07-15,2018-07-16,2019-01-11,2019-01-12,2019-04-11,"{""colsample_bytree"": 0.8, ""learning_rate"": 0.05, ""max_depth"": 3, ""n_estimators"": 100, ""subsample"": 0.8}",12,none,42,214.9117443762117,14.659868497916744,11.549594111813867,0.0130083917619435,0.4461594034289071,38.14223260470538,0.5619979936778385,307.9293619927778,17.547916172377214,13.47843531234122,0.1611812968095871,0.4650954289233741,37.62112640378603,0.5593423670657481,5.89,daily,5,origin2,daily|N02BE|B_rich,,5,,,,,,,5.0,,,,,,,
Naive,N05B,A_lag1,pacf_train,1,1,1655,180,90,2014-01-03,2018-07-15,2018-07-16,2019-01-11,2019-01-12,2019-04-11,{},0,none,42,33.940444444444445,5.825842809795373,4.535555555555556,-0.8924362396856269,0.680854243450959,58.30253761087421,1.1117874274888355,29.884,5.466626016109022,4.188888888888889,-0.9338618116370896,0.5704966853546057,46.868391315116384,1.1827253249150875,0.0,daily,5,origin2,daily|N05B|A_lag1,,5,,,,,,,,,,,,,,
SeasonalNaive(s=7),N05B,A_lag1,pacf_train,1,1,1655,180,90,2014-01-03,2018-07-15,2018-07-16,2019-01-11,2019-01-12,2019-04-11,{},0,none,42,33.75044444444445,5.809513270872565,4.661111111111111,-0.8818423040013483,0.6789458438884961,59.638684161138286,1.0272213791115825,33.260888888888886,5.767225406457501,4.371111111111111,-1.1523879950249838,0.6018672154234405,47.76560237402844,1.145521560914866,0.0,daily,5,origin2,daily|N05B|A_lag1,,5,,,,,,,,,,,,,,
S1 [linear],N05B,A_lag1,pacf_train,1,1,1655,180,90,2014-01-03,2018-07-15,2018-07-16,2019-01-11,2019-01-12,2019-04-11,{},0,none,42,18.97062480261437,4.355528073909565,3.4591512657402985,-0.0577556792077553,0.5090215902504361,43.01157951089679,0.8759558017882082,16.69318038645097,4.085728868445748,3.190368139341,-0.0802537834335028,0.4263863615029189,35.42923144987147,0.8630240735936329,0.009,daily,5,origin2,daily|N05B|A_lag1,,5,linear,0.0,4.355528073909565,0.0,,4.085728868445748,,,,,,,,
AR-LRX [linear],N05B,A_lag1,pacf_train,1,1,1655,180,90,2014-01-03,2018-07-15,2018-07-16,2019-01-11,2019-01-12,2019-04-11,"{""colsample_bytree"": 0.8, ""learning_rate"": 0.1, ""max_depth"": 5, ""n_estimators"": 100, ""subsample"": 0.8}",132,none,42,18.879890570796785,4.345099604243472,3.4492755879576573,-0.052696560174924,0.5078028364912511,42.92047031319965,0.8787645408160479,17.531604933176204,4.187075940698497,3.2735235008028454,-0.1345101484733595,0.4369629344420973,36.27743736522792,0.8746609920547488,6.124,daily,5,origin2,daily|N05B|A_lag1,-0.1776050466057614,5,linear,0.4,4.355528073909565,0.2394,-0.0062754559889299,4.085728868445748,5.0,,,,,,,
AR-LRX-g [linear],N05B,A_lag1,pacf_train,1,1,1655,180,90,2014-01-03,2018-07-15,2018-07-16,2019-01-11,2019-01-12,2019-04-11,"{""colsample_bytree"": 0.8, ""learning_rate"": 0.05, ""max_depth"": 5, ""n_estimators"": 500, ""subsample"": 0.8}",132,none,42,18.894462455642817,4.346776099092615,3.447937658920776,-0.0535090528636483,0.507998764989398,42.90056498076617,0.8779921835704027,18.01609048406918,4.244536545262531,3.3176493920375694,-0.1658623136842378,0.4429595188701621,36.818347261871146,0.8778706203592775,6.674,daily,5,origin2,daily|N05B|A_lag1,-0.2812786319995877,5,linear,0.3999999999999999,4.355528073909565,0.2009,-0.0092093361662335,4.085728868445748,5.0,False,global,1.0,"{""0"": 0.4}",0.4,0.4,4.37267924006089
AR-LRX-Aug [linear],N05B,A_lag1,pacf_train,1,1,1655,180,90,2014-01-03,2018-07-15,2018-07-16,2019-01-11,2019-01-12,2019-04-11,"{""colsample_bytree"": 0.8, ""learning_rate"": 0.05, ""max_depth"": 5, ""n_estimators"": 100, ""subsample"": 0.8}",132,none,42,18.95922314066146,4.354219004673681,3.462299034851197,-0.0571199504002659,0.5088686020265306,43.07506898966343,0.8748431098315634,16.674920637182954,4.083493680316274,3.192193124239169,-0.079072153404073,0.4261530974356037,35.45252646561351,0.8618462906886526,6.43,daily,5,origin2,daily|N05B|A_lag1,-0.0464959355043719,5,linear,0.0999999999999999,4.355528073909565,0.0301,-0.0475755636948609,4.085728868445748,5.0,True,global,1.0,"{""0"": 0.1}",0.1,0.1,4.364453074011974
XGBoost,N05B,A_lag1,pacf_train,1,1,1655,180,90,2014-01-03,2018-07-15,2018-07-16,2019-01-11,2019-01-12,2019-04-11,"{""colsample_bytree"": 0.8, ""learning_rate"": 0.1, ""max_depth"": 5, ""n_estimators"": 100, ""subsample"": 0.8}",12,none,42,18.844111569511284,4.340980484811154,3.45682023525238,-0.0507016104987858,0.5073214434917593,43.07864427731693,0.8780614160983721,19.137339146622526,4.374624457781779,3.4186534298790825,-0.2384208724401295,0.4565354837666514,38.02689162388687,0.8837464410363282,5.492,daily,5,origin2,daily|N05B|A_lag1,,5,,,,,,,,,,,,,,
"LR-XGB (residual, tanpa gerbang)",N05B,A_lag1,pacf_train,1,1,1655,180,90,2014-01-03,2018-07-15,2018-07-16,2019-01-11,2019-01-12,2019-04-11,"{""colsample_bytree"": 0.8, ""learning_rate"": 0.1, ""max_depth"": 5, ""n_estimators"": 100, ""subsample"": 0.8}",12,none,42,19.02486546989814,4.361750275966993,3.469026755891776,-0.0607800062639478,0.5097487661823521,43.15406349299639,0.8869674899604215,19.363495527509293,4.400397201106883,3.433145787271126,-0.2530559677571879,0.4592251253474251,38.09666550077415,0.8964900494335823,5.445,daily,5,origin2,daily|N05B|A_lag1,,5,,,,,,,5.0,,,,,,,
Naive,N05B,B_rich,pacf_train,1,1,1655,180,90,2014-01-03,2018-07-15,2018-07-16,2019-01-11,2019-01-12,2019-04-11,{},0,none,42,33.940444444444445,5.825842809795373,4.535555555555556,-0.8924362396856269,0.680854243450959,58.30253761087421,1.1117874274888355,29.884,5.466626016109022,4.188888888888889,-0.9338618116370896,0.5704966853546057,46.868391315116384,1.1827253249150875,0.0,daily,5,origin2,daily|N05B|B_rich,,5,,,,,,,,,,,,,,
SeasonalNaive(s=7),N05B,B_rich,pacf_train,1,1,1655,180,90,2014-01-03,2018-07-15,2018-07-16,2019-01-11,2019-01-12,2019-04-11,{},0,none,42,33.75044444444445,5.809513270872565,4.661111111111111,-0.8818423040013483,0.6789458438884961,59.638684161138286,1.0272213791115825,33.260888888888886,5.767225406457501,4.371111111111111,-1.1523879950249838,0.6018672154234405,47.76560237402844,1.145521560914866,0.0,daily,5,origin2,daily|N05B|B_rich,,5,,,,,,,,,,,,,,
S1 [linear],N05B,B_rich,pacf_train,1,1,1655,180,90,2014-01-03,2018-07-15,2018-07-16,2019-01-11,2019-01-12,2019-04-11,{},0,none,42,18.97062480261437,4.355528073909565,3.4591512657402985,-0.0577556792077553,0.5090215902504361,43.01157951089679,0.8759558017882082,16.69318038645097,4.085728868445748,3.190368139341,-0.0802537834335028,0.4263863615029189,35.42923144987147,0.8630240735936329,0.009,daily,5,origin2,daily|N05B|B_rich,,5,linear,0.0,4.355528073909565,0.0,,4.085728868445748,,,,,,,,
AR-LRX [linear],N05B,B_rich,pacf_train,1,1,1655,180,90,2014-01-03,2018-07-15,2018-07-16,2019-01-11,2019-01-12,2019-04-11,"{""colsample_bytree"": 0.8, ""learning_rate"": 0.1, ""max_depth"": 5, ""n_estimators"": 100, ""subsample"": 0.8}",132,none,42,18.879890570796785,4.345099604243472,3.4492755879576573,-0.052696560174924,0.5078028364912511,42.92047031319965,0.8787645408160479,17.531604933176204,4.187075940698497,3.2735235008028454,-0.1345101484733595,0.4369629344420973,36.27743736522792,0.8746609920547488,8.749,daily,5,origin2,daily|N05B|B_rich,-0.1776050466057614,5,linear,0.4,4.355528073909565,0.2394,-0.0062754559889299,4.085728868445748,5.0,,,,,,,
AR-LRX-g [linear],N05B,B_rich,pacf_train,1,1,1655,180,90,2014-01-03,2018-07-15,2018-07-16,2019-01-11,2019-01-12,2019-04-11,"{""colsample_bytree"": 0.8, ""learning_rate"": 0.05, ""max_depth"": 5, ""n_estimators"": 500, ""subsample"": 0.8}",132,none,42,18.894462455642817,4.346776099092615,3.447937658920776,-0.0535090528636483,0.507998764989398,42.90056498076617,0.8779921835704027,18.01609048406918,4.244536545262531,3.3176493920375694,-0.1658623136842378,0.4429595188701621,36.818347261871146,0.8778706203592775,5.674,daily,5,origin2,daily|N05B|B_rich,-0.2812786319995877,5,linear,0.3999999999999999,4.355528073909565,0.2009,-0.0092093361662335,4.085728868445748,5.0,False,global,1.0,"{""0"": 0.4}",0.4,0.4,4.37267924006089
AR-LRX-Aug [linear],N05B,B_rich,pacf_train,1,1,1655,180,90,2014-01-03,2018-07-15,2018-07-16,2019-01-11,2019-01-12,2019-04-11,"{""colsample_bytree"": 0.8, ""learning_rate"": 0.05, ""max_depth"": 5, ""n_estimators"": 100, ""subsample"": 0.8}",132,none,42,18.95922314066146,4.354219004673681,3.462299034851197,-0.0571199504002659,0.5088686020265306,43.07506898966343,0.8748431098315634,16.674920637182954,4.083493680316274,3.192193124239169,-0.079072153404073,0.4261530974356037,35.45252646561351,0.8618462906886526,5.343,daily,5,origin2,daily|N05B|B_rich,-0.0464959355043719,5,linear,0.0999999999999999,4.355528073909565,0.0301,-0.0475755636948609,4.085728868445748,5.0,True,global,1.0,"{""0"": 0.1}",0.1,0.1,4.364453074011974
XGBoost,N05B,B_rich,pacf_train,1,1,1655,180,90,2014-01-03,2018-07-15,2018-07-16,2019-01-11,2019-01-12,2019-04-11,"{""colsample_bytree"": 0.8, ""learning_rate"": 0.1, ""max_depth"": 5, ""n_estimators"": 100, ""subsample"": 0.8}",12,none,42,18.844111569511284,4.340980484811154,3.45682023525238,-0.0507016104987858,0.5073214434917593,43.07864427731693,0.8780614160983721,19.137339146622526,4.374624457781779,3.4186534298790825,-0.2384208724401295,0.4565354837666514,38.02689162388687,0.8837464410363282,5.068,daily,5,origin2,daily|N05B|B_rich,,5,,,,,,,,,,,,,,
"LR-XGB (residual, tanpa gerbang)",N05B,B_rich,pacf_train,1,1,1655,180,90,2014-01-03,2018-07-15,2018-07-16,2019-01-11,2019-01-12,2019-04-11,"{""colsample_bytree"": 0.8, ""learning_rate"": 0.1, ""max_depth"": 5, ""n_estimators"": 100, ""subsample"": 0.8}",12,none,42,19.02486546989814,4.361750275966993,3.469026755891776,-0.0607800062639478,0.5097487661823521,43.15406349299639,0.8869674899604215,19.363495527509293,4.400397201106883,3.433145787271126,-0.2530559677571879,0.4592251253474251,38.09666550077415,0.8964900494335823,5.419,daily,5,origin2,daily|N05B|B_rich,,5,,,,,,,5.0,,,,,,,
Naive,N05C,A_lag1,pacf_train,1,4,1652,180,90,2014-01-06,2018-07-15,2018-07-16,2019-01-11,2019-01-12,2019-04-11,{},0,none,42,2.5,1.5811388300841898,1.022222222222222,-1.2058823529411766,2.371708245126285,165.66371681415927,0.9622504486493764,1.9555555555555555,1.398411797560202,0.9111111111111112,-1.253521126760563,2.4677855251062386,171.5151515151515,0.9519716382329886,0.0,daily,5,origin2,daily|N05C|A_lag1,,5,,,,,,,,,,,,,,
SeasonalNaive(s=7),N05C,A_lag1,pacf_train,1,4,1652,180,90,2014-01-06,2018-07-15,2018-07-16,2019-01-11,2019-01-12,2019-04-11,{},0,none,42,2.344444444444445,1.531157877047447,1.0,-1.0686274509803924,2.2967368155711707,169.93788819875775,1.0471954724347898,1.7777777777777777,1.3333333333333333,0.8888888888888888,-1.0486555697823303,2.3529411764705883,170.03401360544217,1.0065971623356695,0.0,daily,5,origin2,daily|N05C|A_lag1,,5,,,,,,,,,,,,,,
S1 [linear],N05C,A_lag1,pacf_train,1,4,1652,180,90,2014-01-06,2018-07-15,2018-07-16,2019-01-11,2019-01-12,2019-04-11,{},0,none,42,1.1509584529533072,1.0728273173970295,0.8028423256450591,-0.0155515761352711,1.6092409760955446,156.08425573649237,0.6020200343391281,0.8728253302243875,0.9342512136595744,0.7353294671509087,-0.0058166417438523,1.6486786123404251,156.9924651506456,0.5707288096280967,0.008,daily,5,origin2,daily|N05C|A_lag1,,5,linear,0.0,1.0728273173970295,0.0,,0.9342512136595744,,,,,,,,
AR-LRX [linear],N05C,A_lag1,pacf_train,1,4,1652,180,90,2014-01-06,2018-07-15,2018-07-16,2019-01-11,2019-01-12,2019-04-11,"{""colsample_bytree"": 0.8, ""learning_rate"": 0.1, ""max_depth"": 3, ""n_estimators"": 500, ""subsample"": 0.8}",132,none,42,1.1484443666904456,1.0716549662510064,0.7981505638363822,-0.0133332647268638,1.6074824493765096,156.4150669787406,0.6059729858743482,0.8793509509895113,0.937737143867892,0.7352633231315434,-0.0133365632401538,1.654830253884515,157.3373910937286,0.575725519594721,5.572,daily,5,origin2,daily|N05C|A_lag1,-0.0113406746948057,5,linear,0.7,1.0728273173970295,0.1093,-0.005833081343801,0.9342512136595744,5.0,,,,,,,
AR-LRX-g [linear],N05C,A_lag1,pacf_train,1,4,1652,180,90,2014-01-06,2018-07-15,2018-07-16,2019-01-11,2019-01-12,2019-04-11,"{""colsample_bytree"": 0.8, ""learning_rate"": 0.1, ""max_depth"": 3, ""n_estimators"": 500, ""subsample"": 0.8}",132,none,42,1.1484443666904456,1.0716549662510064,0.7981505638363822,-0.0133332647268638,1.6074824493765096,156.4150669787406,0.6059729858743482,0.8793509509085615,0.9377371438247296,0.735263323106708,-0.0133365631468698,1.654830253808346,157.33739109402472,0.575725519595352,5.392,daily,5,origin2,daily|N05C|A_lag1,-0.0113406746948057,5,linear,0.7000000000000002,1.0728273173970295,0.1093,-0.005833081343801,0.9342512136595744,5.0,False,global,1.0,"{""0"": 0.7}",0.7,0.7,1.07247007247966
AR-LRX-Aug [linear],N05C,A_lag1,pacf_train,1,4,1652,180,90,2014-01-06,2018-07-15,2018-07-16,2019-01-11,2019-01-12,2019-04-11,"{""colsample_bytree"": 0.8, ""learning_rate"": 0.05, ""max_depth"": 3, ""n_estimators"": 100, ""subsample"": 0.8}",132,none,42,1.1433260219724628,1.06926424328716,0.8010228148974841,-0.0088170782109964,1.60389636493074,155.46629976464715,0.5952074225586519,0.8579358557558022,0.9262482689623782,0.7252970208823767,0.0113415234568221,1.634555768757138,157.88679839333415,0.5826112569483988,5.029,daily,5,origin2,daily|N05C|A_lag1,0.0168912249632624,5,linear,1.0,1.0728273173970295,0.3321,-0.0010400491466562,0.9342512136595744,5.0,True,global,1.0,"{""0"": 1.0}",1.0,1.0,1.0699839223671728
XGBoost,N05C,A_lag1,pacf_train,1,4,1652,180,90,2014-01-06,2018-07-15,2018-07-16,2019-01-11,2019-01-12,2019-04-11,"{""colsample_bytree"": 0.8, ""learning_rate"": 0.1, ""max_depth"": 3, ""n_estimators"": 500, ""subsample"": 0.8}",12,none,42,1.148154831072587,1.071519869658322,0.7960562129194538,-0.013077792122871,1.607279804487483,156.61938971929771,0.6084424760792833,0.8802674395571907,0.938225686899048,0.7343755526675119,-0.0143926960326139,1.655692388645379,157.5024048457461,0.5780526292007998,5.233,daily,5,origin2,daily|N05C|A_lag1,,5,,,,,,,,,,,,,,
"LR-XGB (residual, tanpa gerbang)",N05C,A_lag1,pacf_train,1,4,1652,180,90,2014-01-06,2018-07-15,2018-07-16,2019-01-11,2019-01-12,2019-04-11,"{""colsample_bytree"": 0.8, ""learning_rate"": 0.1, ""max_depth"": 3, ""n_estimators"": 500, ""subsample"": 0.8}",12,none,42,1.1487999090303018,1.0718208381209529,0.7961879884842518,-0.0136469785561486,1.6077312571814293,156.3293292316544,0.6079560297485685,0.8825731691516181,0.9394536546054936,0.7352349756591934,-0.0170497467816339,1.6578593904802827,157.4970577426926,0.5780987828863559,5.787,daily,5,origin2,daily|N05C|A_lag1,,5,,,,,,,5.0,,,,,,,
Naive,N05C,B_rich,pacf_train,5,4,1652,180,90,2014-01-06,2018-07-15,2018-07-16,2019-01-11,2019-01-12,2019-04-11,{},0,none,42,2.5,1.5811388300841898,1.022222222222222,-1.2058823529411766,2.371708245126285,165.66371681415927,0.9622504486493764,1.9555555555555555,1.398411797560202,0.9111111111111112,-1.253521126760563,2.4677855251062386,171.5151515151515,0.9519716382329886,0.0,daily,5,origin2,daily|N05C|B_rich,,5,,,,,,,,,,,,,,
SeasonalNaive(s=7),N05C,B_rich,pacf_train,5,4,1652,180,90,2014-01-06,2018-07-15,2018-07-16,2019-01-11,2019-01-12,2019-04-11,{},0,none,42,2.344444444444445,1.531157877047447,1.0,-1.0686274509803924,2.2967368155711707,169.93788819875775,1.0471954724347898,1.7777777777777777,1.3333333333333333,0.8888888888888888,-1.0486555697823303,2.3529411764705883,170.03401360544217,1.0065971623356695,0.0,daily,5,origin2,daily|N05C|B_rich,,5,,,,,,,,,,,,,,
S1 [linear],N05C,B_rich,pacf_train,5,4,1652,180,90,2014-01-06,2018-07-15,2018-07-16,2019-01-11,2019-01-12,2019-04-11,{},0,none,42,1.174366093314157,1.0836817306359636,0.8118544489019541,-0.036205376453668,1.6255225959539454,155.99184334956817,0.6026154318611544,0.8773915298484046,0.9366918008867188,0.7267499928922783,-0.0110785875333727,1.6529855309765629,156.26131323918625,0.5635215794076912,0.007,daily,5,origin2,daily|N05C|B_rich,,5,linear,0.0,1.0836817306359636,0.0,,0.9366918008867188,,,,,,,,
AR-LRX [linear],N05C,B_rich,pacf_train,5,4,1652,180,90,2014-01-06,2018-07-15,2018-07-16,2019-01-11,2019-01-12,2019-04-11,"{""colsample_bytree"": 0.8, ""learning_rate"": 0.1, ""max_depth"": 3, ""n_estimators"": 500, ""subsample"": 0.8}",132,none,42,1.1685147585951765,1.080978611534556,0.808112204729633,-0.0310424340545676,1.6214679173018345,156.18366518205076,0.605480115823018,0.8739847812876168,0.93487153196983,0.7199806065933108,-0.0071527569255507,1.6497732917114647,156.0222027691173,0.5611727933493827,5.632,daily,5,origin2,daily|N05C|B_rich,-0.0493263064780336,5,linear,0.2,1.0836817306359636,0.2494,-0.0670468349516222,0.9366918008867188,5.0,,,,,,,
AR-LRX-g [linear],N05C,B_rich,pacf_train,5,4,1652,180,90,2014-01-06,2018-07-15,2018-07-16,2019-01-11,2019-01-12,2019-04-11,"{""colsample_bytree"": 0.8, ""learning_rate"": 0.05, ""max_depth"": 3, ""n_estimators"": 100, ""subsample"": 0.8}",132,none,42,1.174366093314157,1.0836817306359636,0.8118544489019541,-0.036205376453668,1.6255225959539454,155.99184334956817,0.6026154318611544,0.8773915298484046,0.9366918008867188,0.7267499928922783,-0.0110785875333727,1.6529855309765629,156.26131323918625,0.5635215794076912,5.973,daily,5,origin2,daily|N05C|B_rich,0.0126525315172828,5,linear,0.0,1.0836817306359636,0.0,-0.0215705659510314,0.9366918008867188,5.0,False,global,1.0,"{""0"": 0.0}",0.0,0.0,1.083934596389204
AR-LRX-Aug [linear],N05C,B_rich,pacf_train,5,4,1652,180,90,2014-01-06,2018-07-15,2018-07-16,2019-01-11,2019-01-12,2019-04-11,"{""colsample_bytree"": 0.8, ""learning_rate"": 0.05, ""max_depth"": 3, ""n_estimators"": 100, ""subsample"": 0.8}",132,none,42,1.1608775342708673,1.07744026946781,0.796437999440408,-0.0243037067095888,1.616160404201715,157.80320319961686,0.623395886424576,0.8724659262151969,0.9340588451565548,0.7289011779511634,-0.0054024757921602,1.6483391385115675,156.92559445109566,0.5704715767140223,6.178,daily,5,origin2,daily|N05C|B_rich,0.0038085267196243,5,linear,0.7999999999999998,1.0836817306359636,0.5759,0.0053447741551472,0.9366918008867188,5.0,True,global,1.0,"{""0"": 0.8}",0.8,0.8,1.0803206490477928
XGBoost,N05C,B_rich,pacf_train,5,4,1652,180,90,2014-01-06,2018-07-15,2018-07-16,2019-01-11,2019-01-12,2019-04-11,"{""colsample_bytree"": 0.8, ""learning_rate"": 0.05, ""max_depth"": 3, ""n_estimators"": 100, ""subsample"": 0.8}",12,none,42,1.1948070003161029,1.0930722758885174,0.8151675487558047,-0.0542414708671497,1.6396084138327762,156.86141165240795,0.6143936782502116,0.8650231119385099,0.9300661868590374,0.7140134539869096,0.0031743908519092,1.641293270927713,156.52728844723185,0.5664977558058457,5.224,daily,5,origin2,daily|N05C|B_rich,,5,,,,,,,,,,,,,,
"LR-XGB (residual, tanpa gerbang)",N05C,B_rich,pacf_train,5,4,1652,180,90,2014-01-06,2018-07-15,2018-07-16,2019-01-11,2019-01-12,2019-04-11,"{""colsample_bytree"": 0.8, ""learning_rate"": 0.05, ""max_depth"": 3, ""n_estimators"": 100, ""subsample"": 0.8}",12,none,42,1.192717751315031,1.0921161803192143,0.814078823579865,-0.052398015866204,1.6381742704788218,156.73828945263577,0.6131619027351654,0.8661071593056112,0.9306487840778664,0.7118862502060911,0.0019251685338668,1.6423213836668231,156.03750779847638,0.5616420052163735,5.249,daily,5,origin2,daily|N05C|B_rich,,5,,,,,,,5.0,,,,,,,
Naive,R03,A_lag1,pacf_train,1,1,1655,180,90,2014-01-03,2018-07-15,2018-07-16,2019-01-11,2019-01-12,2019-04-11,{},0,none,42,124.7388888888889,11.168656539122727,8.227777777777778,-0.8326494502559514,1.3666608953379271,118.92348068991288,3.024579898327143,172.4777777777778,13.133079523774224,9.588888888888889,-1.0597124508318054,1.3808144359108414,107.6215606048334,4.832222094964563,0.0,daily,5,origin2,daily|R03|A_lag1,,5,,,,,,,,,,,,,,
SeasonalNaive(s=7),R03,A_lag1,pacf_train,1,1,1655,180,90,2014-01-03,2018-07-15,2018-07-16,2019-01-11,2019-01-12,2019-04-11,{},0,none,42,122.26666666666668,11.05742586078092,8.188888888888888,-0.7963278448863396,1.3530500713396096,122.118924425287,3.776642057566816,153.83333333333334,12.402956636759372,9.233333333333333,-0.8370623514633992,1.304049179098532,106.82788893395228,2.717602520146104,0.0,daily,5,origin2,daily|R03|A_lag1,,5,,,,,,,,,,,,,,
S1 [linear],R03,A_lag1,pacf_train,1,1,1655,180,90,2014-01-03,2018-07-15,2018-07-16,2019-01-11,2019-01-12,2019-04-11,{},0,none,42,75.27703064714805,8.676233667159273,6.106980385146363,-0.1059615013508812,1.0616737322152747,95.72805376861864,1.5426646640923145,99.1077535090345,9.955287716034857,6.7010129963917215,-0.1835349255226122,1.046700811265347,82.89851462020565,1.7845528539837905,0.007,daily,5,origin2,daily|R03|A_lag1,,5,linear,0.0,8.676233667159273,0.0,,9.955287716034857,,,,,,,,
AR-LRX [linear],R03,A_lag1,pacf_train,1,1,1655,180,90,2014-01-03,2018-07-15,2018-07-16,2019-01-11,2019-01-12,2019-04-11,"{""colsample_bytree"": 0.8, ""learning_rate"": 0.1, ""max_depth"": 5, ""n_estimators"": 500, ""subsample"": 0.8}",132,none,42,73.44850704470068,8.570210443431403,6.117749628719872,-0.0790970422823851,1.048700122241776,95.98413642428312,1.5575871616259398,102.94109756045614,10.145989235183336,6.781442300735086,-0.2293123385480049,1.066751204633762,83.12900606335239,2.3163632661533367,5.147,daily,5,origin2,daily|R03|A_lag1,-0.2144683462015637,5,linear,0.8,8.676233667159273,1.222,-0.0860601328903041,9.955287716034857,5.0,,,,,,,
AR-LRX-g [linear],R03,A_lag1,pacf_train,1,1,1655,180,90,2014-01-03,2018-07-15,2018-07-16,2019-01-11,2019-01-12,2019-04-11,"{""colsample_bytree"": 0.8, ""learning_rate"": 0.1, ""max_depth"": 5, ""n_estimators"": 500, ""subsample"": 0.8}",132,none,42,73.44850704470068,8.570210443431403,6.117749628719872,-0.0790970422823851,1.048700122241776,95.98413642428312,1.5575871616259398,102.94109747410192,10.145989230927752,6.781442301163494,-0.2293123375167713,1.066751204186329,83.12900599150923,2.3163632523559485,6.109,daily,5,origin2,daily|R03|A_lag1,-0.2144683462015637,5,linear,0.7999999999999998,8.676233667159273,1.222,-0.0860601328903041,9.955287716034857,5.0,False,global,1.0,"{""0"": 0.8}",0.8,0.8,8.571892812670628
AR-LRX-Aug [linear],R03,A_lag1,pacf_train,1,1,1655,180,90,2014-01-03,2018-07-15,2018-07-16,2019-01-11,2019-01-12,2019-04-11,"{""colsample_bytree"": 0.8, ""learning_rate"": 0.1, ""max_depth"": 5, ""n_estimators"": 500, ""subsample"": 0.8}",132,none,42,74.06168264185594,8.605909750970895,6.087085694693961,-0.0881057478356142,1.0530684943404225,95.089478667487,1.4990123577567147,97.82793384962208,9.890800465565064,6.5668365126356,-0.1682514465650657,1.0399206096972615,82.6576617622633,1.7168791205091458,6.907,daily,5,origin2,daily|R03|A_lag1,-0.1473486815880953,5,linear,0.5,8.676233667159273,0.8105,-0.1167725626837217,9.955287716034857,5.0,True,global,1.0,"{""0"": 0.5}",0.5,0.5,8.619987195098446
XGBoost,R03,A_lag1,pacf_train,1,1,1655,180,90,2014-01-03,2018-07-15,2018-07-16,2019-01-11,2019-01-12,2019-04-11,"{""colsample_bytree"": 0.8, ""learning_rate"": 0.1, ""max_depth"": 5, ""n_estimators"": 500, ""subsample"": 0.8}",12,none,42,73.7065876141825,8.585254079768548,6.149988638030158,-0.0828887324120277,1.0505409478982588,96.45846547743012,1.5683875633753366,104.76097695311412,10.235280990432756,6.8755285077624855,-0.2510451570731797,1.0761393564707338,84.91498855391313,2.414237427347562,6.075,daily,5,origin2,daily|R03|A_lag1,,5,,,,,,,,,,,,,,
"LR-XGB (residual, tanpa gerbang)",R03,A_lag1,pacf_train,1,1,1655,180,90,2014-01-03,2018-07-15,2018-07-16,2019-01-11,2019-01-12,2019-04-11,"{""colsample_bytree"": 0.8, ""learning_rate"": 0.1, ""max_depth"": 5, ""n_estimators"": 500, ""subsample"": 0.8}",12,none,42,73.56720226467725,8.577132519943786,6.1502298394811,-0.0808408988420812,1.0495471472398925,96.4411925958212,1.5684826178524889,104.75732252043557,10.235102467510306,6.864400149522052,-0.2510015162019567,1.0761205865372985,84.36724449066975,2.476512101963187,6.914,daily,5,origin2,daily|R03|A_lag1,,5,,,,,,,5.0,,,,,,,
Naive,R03,B_rich,pacf_train,1,1,1655,180,90,2014-01-03,2018-07-15,2018-07-16,2019-01-11,2019-01-12,2019-04-11,{},0,none,42,124.7388888888889,11.168656539122727,8.227777777777778,-0.8326494502559514,1.3666608953379271,118.92348068991288,3.024579898327143,172.4777777777778,13.133079523774224,9.588888888888889,-1.0597124508318054,1.3808144359108414,107.6215606048334,4.832222094964563,0.0,daily,5,origin2,daily|R03|B_rich,,5,,,,,,,,,,,,,,
SeasonalNaive(s=7),R03,B_rich,pacf_train,1,1,1655,180,90,2014-01-03,2018-07-15,2018-07-16,2019-01-11,2019-01-12,2019-04-11,{},0,none,42,122.26666666666668,11.05742586078092,8.188888888888888,-0.7963278448863396,1.3530500713396096,122.118924425287,3.776642057566816,153.83333333333334,12.402956636759372,9.233333333333333,-0.8370623514633992,1.304049179098532,106.82788893395228,2.717602520146104,0.0,daily,5,origin2,daily|R03|B_rich,,5,,,,,,,,,,,,,,
S1 [linear],R03,B_rich,pacf_train,1,1,1655,180,90,2014-01-03,2018-07-15,2018-07-16,2019-01-11,2019-01-12,2019-04-11,{},0,none,42,75.27703064714805,8.676233667159273,6.106980385146363,-0.1059615013508812,1.0616737322152747,95.72805376861864,1.5426646640923145,99.1077535090345,9.955287716034857,6.7010129963917215,-0.1835349255226122,1.046700811265347,82.89851462020565,1.7845528539837905,0.006,daily,5,origin2,daily|R03|B_rich,,5,linear,0.0,8.676233667159273,0.0,,9.955287716034857,,,,,,,,
AR-LRX [linear],R03,B_rich,pacf_train,1,1,1655,180,90,2014-01-03,2018-07-15,2018-07-16,2019-01-11,2019-01-12,2019-04-11,"{""colsample_bytree"": 0.8, ""learning_rate"": 0.1, ""max_depth"": 5, ""n_estimators"": 500, ""subsample"": 0.8}",132,none,42,73.44850704470068,8.570210443431403,6.117749628719872,-0.0790970422823851,1.048700122241776,95.98413642428312,1.5575871616259398,102.94109756045614,10.145989235183336,6.781442300735086,-0.2293123385480049,1.066751204633762,83.12900606335239,2.3163632661533367,6.204,daily,5,origin2,daily|R03|B_rich,-0.2144683462015637,5,linear,0.8,8.676233667159273,1.222,-0.0860601328903041,9.955287716034857,5.0,,,,,,,
AR-LRX-g [linear],R03,B_rich,pacf_train,1,1,1655,180,90,2014-01-03,2018-07-15,2018-07-16,2019-01-11,2019-01-12,2019-04-11,"{""colsample_bytree"": 0.8, ""learning_rate"": 0.1, ""max_depth"": 5, ""n_estimators"": 500, ""subsample"": 0.8}",132,none,42,73.44850704470068,8.570210443431403,6.117749628719872,-0.0790970422823851,1.048700122241776,95.98413642428312,1.5575871616259398,102.94109747410192,10.145989230927752,6.781442301163494,-0.2293123375167713,1.066751204186329,83.12900599150923,2.3163632523559485,6.404,daily,5,origin2,daily|R03|B_rich,-0.2144683462015637,5,linear,0.7999999999999998,8.676233667159273,1.222,-0.0860601328903041,9.955287716034857,5.0,False,global,1.0,"{""0"": 0.8}",0.8,0.8,8.571892812670628
AR-LRX-Aug [linear],R03,B_rich,pacf_train,1,1,1655,180,90,2014-01-03,2018-07-15,2018-07-16,2019-01-11,2019-01-12,2019-04-11,"{""colsample_bytree"": 0.8, ""learning_rate"": 0.1, ""max_depth"": 5, ""n_estimators"": 500, ""subsample"": 0.8}",132,none,42,74.06168264185594,8.605909750970895,6.087085694693961,-0.0881057478356142,1.0530684943404225,95.089478667487,1.4990123577567147,97.82793384962208,9.890800465565064,6.5668365126356,-0.1682514465650657,1.0399206096972615,82.6576617622633,1.7168791205091458,6.018,daily,5,origin2,daily|R03|B_rich,-0.1473486815880953,5,linear,0.5,8.676233667159273,0.8105,-0.1167725626837217,9.955287716034857,5.0,True,global,1.0,"{""0"": 0.5}",0.5,0.5,8.619987195098446
XGBoost,R03,B_rich,pacf_train,1,1,1655,180,90,2014-01-03,2018-07-15,2018-07-16,2019-01-11,2019-01-12,2019-04-11,"{""colsample_bytree"": 0.8, ""learning_rate"": 0.1, ""max_depth"": 5, ""n_estimators"": 500, ""subsample"": 0.8}",12,none,42,73.7065876141825,8.585254079768548,6.149988638030158,-0.0828887324120277,1.0505409478982588,96.45846547743012,1.5683875633753366,104.76097695311412,10.235280990432756,6.8755285077624855,-0.2510451570731797,1.0761393564707338,84.91498855391313,2.414237427347562,6.129,daily,5,origin2,daily|R03|B_rich,,5,,,,,,,,,,,,,,
"LR-XGB (residual, tanpa gerbang)",R03,B_rich,pacf_train,1,1,1655,180,90,2014-01-03,2018-07-15,2018-07-16,2019-01-11,2019-01-12,2019-04-11,"{""colsample_bytree"": 0.8, ""learning_rate"": 0.1, ""max_depth"": 5, ""n_estimators"": 500, ""subsample"": 0.8}",12,none,42,73.56720226467725,8.577132519943786,6.1502298394811,-0.0808408988420812,1.0495471472398925,96.4411925958212,1.5684826178524889,104.75732252043557,10.235102467510306,6.864400149522052,-0.2510015162019567,1.0761205865372985,84.36724449066975,2.476512101963187,6.593,daily,5,origin2,daily|R03|B_rich,,5,,,,,,,5.0,,,,,,,
Naive,R06,A_lag1,pacf_train,1,1,1655,180,90,2014-01-03,2018-07-15,2018-07-16,2019-01-11,2019-01-12,2019-04-11,{},0,none,42,7.013222222222223,2.6482488973323908,1.9877777777777776,-0.8874579393279709,1.07871645512521,96.464947949575,1.7614130359378424,9.098,3.016289110811495,2.282222222222222,-0.0239987416400557,0.7736278711115263,75.67925990635025,1.901873006929624,0.0,daily,5,origin2,daily|R06|A_lag1,,5,,,,,,,,,,,,,,
SeasonalNaive(s=7),R06,A_lag1,pacf_train,1,1,1655,180,90,2014-01-03,2018-07-15,2018-07-16,2019-01-11,2019-01-12,2019-04-11,{},0,none,42,6.227444444444445,2.495484811503457,1.951111111111111,-0.6759827488634924,1.0164907582498808,96.32014528009051,1.428312036352588,9.06277777777778,3.0104447807222403,2.183333333333333,-0.0200344075849536,0.7721288978768927,75.60052802205175,1.2500880211144263,0.0,daily,5,origin2,daily|R06|A_lag1,,5,,,,,,,,,,,,,,
S1 [linear],R06,A_lag1,pacf_train,1,1,1655,180,90,2014-01-03,2018-07-15,2018-07-16,2019-01-11,2019-01-12,2019-04-11,{},0,none,42,4.071875799883139,2.017888946370225,1.5735350564672772,-0.0958578044332412,0.8219506909858352,72.23199186331328,2.0391114199969143,7.59751196207803,2.75635846037449,2.043360493667937,0.1448842944863514,0.7069599926865322,62.2697702079125,1.273056366392227,0.005,daily,5,origin2,daily|R06|A_lag1,,5,linear,0.0,2.017888946370225,0.0,,2.75635846037449,,,,,,,,
AR-LRX [linear],R06,A_lag1,pacf_train,1,1,1655,180,90,2014-01-03,2018-07-15,2018-07-16,2019-01-11,2019-01-12,2019-04-11,"{""colsample_bytree"": 0.8, ""learning_rate"": 0.1, ""max_depth"": 5, ""n_estimators"": 300, ""subsample"": 0.8}",132,none,42,4.0648585870188505,2.016149445606364,1.5629516303052131,-0.0939692724984213,0.8212421367032033,71.89179557309765,2.0233252264556314,7.324944257268194,2.7064634224885054,2.0102719949238432,0.1755623541408897,0.6941627472897278,61.72901673173212,1.284693166687688,6.128,daily,5,origin2,daily|R06|A_lag1,-0.0222556177743948,5,linear,0.3,2.017888946370225,0.0862,-0.0246320111611897,2.75635846037449,5.0,,,,,,,
AR-LRX-g [linear],R06,A_lag1,pacf_train,1,1,1655,180,90,2014-01-03,2018-07-15,2018-07-16,2019-01-11,2019-01-12,2019-04-11,"{""colsample_bytree"": 0.8, ""learning_rate"": 0.05, ""max_depth"": 3, ""n_estimators"": 100, ""subsample"": 0.8}",132,none,42,4.071875799883139,2.017888946370225,1.5735350564672772,-0.0958578044332412,0.8219506909858352,72.23199186331328,2.0391114199969143,7.59751196207803,2.75635846037449,2.043360493667937,0.1448842944863514,0.7069599926865322,62.2697702079125,1.273056366392227,5.409,daily,5,origin2,daily|R06|A_lag1,-0.0627809987172649,5,linear,0.0,2.017888946370225,0.0,-0.0259226843938011,2.75635846037449,5.0,False,global,1.0,"{""0"": 0.0}",0.0,0.0,2.017888946370225
AR-LRX-Aug [linear],R06,A_lag1,pacf_train,1,1,1655,180,90,2014-01-03,2018-07-15,2018-07-16,2019-01-11,2019-01-12,2019-04-11,"{""colsample_bytree"": 0.8, ""learning_rate"": 0.05, ""max_depth"": 3, ""n_estimators"": 100, ""subsample"": 0.8}",132,none,42,4.071674417110235,2.01783904638359,1.571682256560778,-0.0958036065907206,0.8219303651256985,72.12162174475701,2.036847394251799,7.576008618569813,2.752455016629665,2.039626305119697,0.1473045403308741,0.7059588244419205,62.18788837516317,1.2733574840414434,5.827,daily,5,origin2,daily|R06|A_lag1,-0.0740934633073799,5,linear,0.0999999999999999,2.017888946370225,0.0025,-0.018672125758697,2.75635846037449,5.0,True,global,1.0,"{""0"": 0.1}",0.1,0.1,2.0274150916504565
XGBoost,R06,A_lag1,pacf_train,1,1,1655,180,90,2014-01-03,2018-07-15,2018-07-16,2019-01-11,2019-01-12,2019-04-11,"{""colsample_bytree"": 0.8, ""learning_rate"": 0.05, ""max_depth"": 3, ""n_estimators"": 500, ""subsample"": 0.8}",12,none,42,4.101290491336102,2.0251643121821257,1.5680490945445165,-0.103774136064636,0.8249141801149188,72.04671940711965,2.00634392365381,7.14807572415137,2.6735885480289165,2.007988571325938,0.1954692738317394,0.6857308900615632,61.89571562922862,1.309188578176387,6.001,daily,5,origin2,daily|R06|A_lag1,,5,,,,,,,,,,,,,,
"LR-XGB (residual, tanpa gerbang)",R06,A_lag1,pacf_train,1,1,1655,180,90,2014-01-03,2018-07-15,2018-07-16,2019-01-11,2019-01-12,2019-04-11,"{""colsample_bytree"": 0.8, ""learning_rate"": 0.05, ""max_depth"": 3, ""n_estimators"": 500, ""subsample"": 0.8}",12,none,42,4.113948343947394,2.028287046733621,1.5690705960734046,-0.1071807248834422,0.8261861697489291,72.04861243100181,2.00387502502951,7.111284022647839,2.666699087382721,2.005528896724398,0.1996102560302899,0.683963858262881,61.86727687274926,1.3139781984221386,6.187,daily,5,origin2,daily|R06|A_lag1,,5,,,,,,,5.0,,,,,,,
Naive,R06,B_rich,pacf_train,1,1,1655,180,90,2014-01-03,2018-07-15,2018-07-16,2019-01-11,2019-01-12,2019-04-11,{},0,none,42,7.013222222222223,2.6482488973323908,1.9877777777777776,-0.8874579393279709,1.07871645512521,96.464947949575,1.7614130359378424,9.098,3.016289110811495,2.282222222222222,-0.0239987416400557,0.7736278711115263,75.67925990635025,1.901873006929624,0.0,daily,5,origin2,daily|R06|B_rich,,5,,,,,,,,,,,,,,
SeasonalNaive(s=7),R06,B_rich,pacf_train,1,1,1655,180,90,2014-01-03,2018-07-15,2018-07-16,2019-01-11,2019-01-12,2019-04-11,{},0,none,42,6.227444444444445,2.495484811503457,1.951111111111111,-0.6759827488634924,1.0164907582498808,96.32014528009051,1.428312036352588,9.06277777777778,3.0104447807222403,2.183333333333333,-0.0200344075849536,0.7721288978768927,75.60052802205175,1.2500880211144263,0.0,daily,5,origin2,daily|R06|B_rich,,5,,,,,,,,,,,,,,
S1 [linear],R06,B_rich,pacf_train,1,1,1655,180,90,2014-01-03,2018-07-15,2018-07-16,2019-01-11,2019-01-12,2019-04-11,{},0,none,42,4.071875799883139,2.017888946370225,1.5735350564672772,-0.0958578044332412,0.8219506909858352,72.23199186331328,2.0391114199969143,7.59751196207803,2.75635846037449,2.043360493667937,0.1448842944863514,0.7069599926865322,62.2697702079125,1.273056366392227,0.006,daily,5,origin2,daily|R06|B_rich,,5,linear,0.0,2.017888946370225,0.0,,2.75635846037449,,,,,,,,
AR-LRX [linear],R06,B_rich,pacf_train,1,1,1655,180,90,2014-01-03,2018-07-15,2018-07-16,2019-01-11,2019-01-12,2019-04-11,"{""colsample_bytree"": 0.8, ""learning_rate"": 0.1, ""max_depth"": 5, ""n_estimators"": 300, ""subsample"": 0.8}",132,none,42,4.0648585870188505,2.016149445606364,1.5629516303052131,-0.0939692724984213,0.8212421367032033,71.89179557309765,2.0233252264556314,7.324944257268194,2.7064634224885054,2.0102719949238432,0.1755623541408897,0.6941627472897278,61.72901673173212,1.284693166687688,5.585,daily,5,origin2,daily|R06|B_rich,-0.0222556177743948,5,linear,0.3,2.017888946370225,0.0862,-0.0246320111611897,2.75635846037449,5.0,,,,,,,
AR-LRX-g [linear],R06,B_rich,pacf_train,1,1,1655,180,90,2014-01-03,2018-07-15,2018-07-16,2019-01-11,2019-01-12,2019-04-11,"{""colsample_bytree"": 0.8, ""learning_rate"": 0.05, ""max_depth"": 3, ""n_estimators"": 100, ""subsample"": 0.8}",132,none,42,4.071875799883139,2.017888946370225,1.5735350564672772,-0.0958578044332412,0.8219506909858352,72.23199186331328,2.0391114199969143,7.59751196207803,2.75635846037449,2.043360493667937,0.1448842944863514,0.7069599926865322,62.2697702079125,1.273056366392227,5.785,daily,5,origin2,daily|R06|B_rich,-0.0627809987172649,5,linear,0.0,2.017888946370225,0.0,-0.0259226843938011,2.75635846037449,5.0,False,global,1.0,"{""0"": 0.0}",0.0,0.0,2.017888946370225
AR-LRX-Aug [linear],R06,B_rich,pacf_train,1,1,1655,180,90,2014-01-03,2018-07-15,2018-07-16,2019-01-11,2019-01-12,2019-04-11,"{""colsample_bytree"": 0.8, ""learning_rate"": 0.05, ""max_depth"": 3, ""n_estimators"": 100, ""subsample"": 0.8}",132,none,42,4.071674417110235,2.01783904638359,1.571682256560778,-0.0958036065907206,0.8219303651256985,72.12162174475701,2.036847394251799,7.576008618569813,2.752455016629665,2.039626305119697,0.1473045403308741,0.7059588244419205,62.18788837516317,1.2733574840414434,5.291,daily,5,origin2,daily|R06|B_rich,-0.0740934633073799,5,linear,0.0999999999999999,2.017888946370225,0.0025,-0.018672125758697,2.75635846037449,5.0,True,global,1.0,"{""0"": 0.1}",0.1,0.1,2.0274150916504565
XGBoost,R06,B_rich,pacf_train,1,1,1655,180,90,2014-01-03,2018-07-15,2018-07-16,2019-01-11,2019-01-12,2019-04-11,"{""colsample_bytree"": 0.8, ""learning_rate"": 0.05, ""max_depth"": 3, ""n_estimators"": 500, ""subsample"": 0.8}",12,none,42,4.101290491336102,2.0251643121821257,1.5680490945445165,-0.103774136064636,0.8249141801149188,72.04671940711965,2.00634392365381,7.14807572415137,2.6735885480289165,2.007988571325938,0.1954692738317394,0.6857308900615632,61.89571562922862,1.309188578176387,6.249,daily,5,origin2,daily|R06|B_rich,,5,,,,,,,,,,,,,,
"LR-XGB (residual, tanpa gerbang)",R06,B_rich,pacf_train,1,1,1655,180,90,2014-01-03,2018-07-15,2018-07-16,2019-01-11,2019-01-12,2019-04-11,"{""colsample_bytree"": 0.8, ""learning_rate"": 0.05, ""max_depth"": 3, ""n_estimators"": 500, ""subsample"": 0.8}",12,none,42,4.113948343947394,2.028287046733621,1.5690705960734046,-0.1071807248834422,0.8261861697489291,72.04861243100181,2.00387502502951,7.111284022647839,2.666699087382721,2.005528896724398,0.1996102560302899,0.683963858262881,61.86727687274926,1.3139781984221386,6.313,daily,5,origin2,daily|R06|B_rich,,5,,,,,,,5.0,,,,,,,
Naive,M01AB,A_lag1,pacf_train,1,2,235,26,13,2014-01-19,2018-07-15,2018-07-22,2019-01-13,2019-01-20,2019-04-14,{},0,none,42,56.85100384615384,7.539960467147944,6.2942307692307695,-0.6271616878537478,0.2153304249138811,18.05224632820141,0.2223653858285272,115.35662307692306,10.740420060543398,9.363846153846152,-0.6173400097843778,0.2997476670467877,25.071733068767127,0.3078803787726913,0.0,weekly,2,origin2,weekly|M01AB|A_lag1,,5,,,,,,,,,,,,,,
SeasonalNaive(s=52),M01AB,A_lag1,pacf_train,1,2,235,26,13,2014-01-19,2018-07-15,2018-07-22,2019-01-13,2019-01-20,2019-04-14,{},0,none,42,117.5735625,10.843134348517498,8.322884615384616,-2.365133128030438,0.3096643194400929,24.31147299970988,0.3398423836609689,129.54694615384614,11.381869185412656,9.94076923076923,-0.8162932788027519,0.3176494695484522,28.54320481442293,0.2899366538777734,0.0,weekly,2,origin2,weekly|M01AB|A_lag1,,5,,,,,,,,,,,,,,
S1 [linear],M01AB,A_lag1,pacf_train,1,2,235,26,13,2014-01-19,2018-07-15,2018-07-22,2019-01-13,2019-01-20,2019-04-14,{},0,none,42,33.795025728882,5.813348925437213,4.753798272565521,0.0327352661198662,0.1660208829663201,13.833357654496451,0.1847817978642931,69.5964343371248,8.342447742546836,6.307743395315281,0.0242337649160871,0.2328241571737594,17.395860013787466,0.2318332034364129,0.006,weekly,2,origin2,weekly|M01AB|A_lag1,,5,linear,0.0,5.813348925437213,0.0,,8.342447742546836,,,,,,,,
AR-LRX [linear],M01AB,A_lag1,pacf_train,1,2,235,26,13,2014-01-19,2018-07-15,2018-07-22,2019-01-13,2019-01-20,2019-04-14,"{""colsample_bytree"": 0.8, ""learning_rate"": 0.1, ""max_depth"": 5, ""n_estimators"": 500, ""subsample"": 0.8}",132,none,42,33.53775073509184,5.79117869997912,4.804515759350528,0.0400988654376724,0.1653877332185027,13.97151730374474,0.1801426385477318,69.09718688217866,8.312471767301147,6.182907080007477,0.0312333880164356,0.2319875764258279,16.983847827648475,0.2281867657437297,6.465,weekly,2,origin2,weekly|M01AB|A_lag1,-0.6335659644871916,5,linear,0.1,5.813348925437213,0.3814,-1.3051461817662413,8.342447742546836,5.0,,,,,,,
AR-LRX-g [linear],M01AB,A_lag1,pacf_train,1,2,235,26,13,2014-01-19,2018-07-15,2018-07-22,2019-01-13,2019-01-20,2019-04-14,"{""colsample_bytree"": 0.8, ""learning_rate"": 0.05, ""max_depth"": 3, ""n_estimators"": 300, ""subsample"": 0.8}",132,none,42,33.795025728882,5.813348925437213,4.753798272565521,0.0327352661198662,0.1660208829663201,13.833357654496451,0.1847817978642931,69.5964343371248,8.342447742546836,6.307743395315281,0.0242337649160871,0.2328241571737594,17.395860013787466,0.2318332034364129,4.886,weekly,2,origin2,weekly|M01AB|A_lag1,-0.1198861455772752,5,linear,0.0,5.813348925437213,0.0,-0.717956684185677,8.342447742546836,5.0,False,global,1.0,"{""0"": 0.0}",0.0,0.0,5.813348925437212
AR-LRX-Aug [linear],M01AB,A_lag1,pacf_train,1,2,235,26,13,2014-01-19,2018-07-15,2018-07-22,2019-01-13,2019-01-20,2019-04-14,"{""colsample_bytree"": 0.8, ""learning_rate"": 0.05, ""max_depth"": 5, ""n_estimators"": 300, ""subsample"": 0.8}",132,none,42,33.293263149068835,5.770031468637657,4.7503523988264655,0.0470964698108343,0.1647837987111071,13.807570412942937,0.1849419654469227,77.78430596704905,8.819541142658673,6.828344884230156,-0.0905630454345798,0.2461390585315101,18.887609911529967,0.248135737165184,5.575,weekly,2,origin2,weekly|M01AB|A_lag1,-0.8632204851118217,5,linear,0.2,5.813348925437213,0.7451,-0.3835772743067422,8.342447742546836,5.0,True,global,1.0,"{""0"": 0.2}",0.2,0.2,5.817592008488068
XGBoost,M01AB,A_lag1,pacf_train,1,2,235,26,13,2014-01-19,2018-07-15,2018-07-22,2019-01-13,2019-01-20,2019-04-14,"{""colsample_bytree"": 0.8, ""learning_rate"": 0.05, ""max_depth"": 3, ""n_estimators"": 100, ""subsample"": 0.8}",12,none,42,45.00863456879402,6.708847484389105,5.177422629136306,-0.2882151736693756,0.1915950336596882,14.882860668274306,0.1962788471962428,76.69326087718083,8.75746886247281,7.228773615910455,-0.0752662134950217,0.2444067220801325,19.90841870140535,0.2373248913095196,4.934,weekly,2,origin2,weekly|M01AB|A_lag1,,5,,,,,,,,,,,,,,
"LR-XGB (residual, tanpa gerbang)",M01AB,A_lag1,pacf_train,1,2,235,26,13,2014-01-19,2018-07-15,2018-07-22,2019-01-13,2019-01-20,2019-04-14,"{""colsample_bytree"": 0.8, ""learning_rate"": 0.05, ""max_depth"": 3, ""n_estimators"": 100, ""subsample"": 0.8}",12,none,42,45.2387669803723,6.72597702793968,5.205923635397235,-0.2948019112451432,0.1920842287831105,14.975718811369305,0.1955279451852486,74.6322605452115,8.638996501053319,6.888638200612785,-0.0463702714315119,0.2411003510308776,18.768932769383305,0.2358922293213072,5.884,weekly,2,origin2,weekly|M01AB|A_lag1,,5,,,,,,,5.0,,,,,,,
Naive,M01AB,B_rich,pacf_train,3,2,235,26,13,2014-01-19,2018-07-15,2018-07-22,2019-01-13,2019-01-20,2019-04-14,{},0,none,42,56.85100384615384,7.539960467147944,6.2942307692307695,-0.6271616878537478,0.2153304249138811,18.05224632820141,0.2223653858285272,115.35662307692306,10.740420060543398,9.363846153846152,-0.6173400097843778,0.2997476670467877,25.071733068767127,0.3078803787726913,0.0,weekly,2,origin2,weekly|M01AB|B_rich,,5,,,,,,,,,,,,,,
SeasonalNaive(s=52),M01AB,B_rich,pacf_train,3,2,235,26,13,2014-01-19,2018-07-15,2018-07-22,2019-01-13,2019-01-20,2019-04-14,{},0,none,42,117.5735625,10.843134348517498,8.322884615384616,-2.365133128030438,0.3096643194400929,24.31147299970988,0.3398423836609689,129.54694615384614,11.381869185412656,9.94076923076923,-0.8162932788027519,0.3176494695484522,28.54320481442293,0.2899366538777734,0.0,weekly,2,origin2,weekly|M01AB|B_rich,,5,,,,,,,,,,,,,,
S1 [linear],M01AB,B_rich,pacf_train,3,2,235,26,13,2014-01-19,2018-07-15,2018-07-22,2019-01-13,2019-01-20,2019-04-14,{},0,none,42,38.7987431787037,6.228863714892444,4.822057996905938,-0.1104786928319943,0.1778873876464489,14.010712403716122,0.196634445111413,60.836210757027935,7.799757096027282,6.154200331627464,0.1470551488369688,0.2176785432866504,16.97887628054331,0.2246200892544836,0.007,weekly,2,origin2,weekly|M01AB|B_rich,,5,linear,0.0,6.228863714892444,0.0,,7.799757096027282,,,,,,,,
AR-LRX [linear],M01AB,B_rich,pacf_train,3,2,235,26,13,2014-01-19,2018-07-15,2018-07-22,2019-01-13,2019-01-20,2019-04-14,"{""colsample_bytree"": 0.8, ""learning_rate"": 0.05, ""max_depth"": 3, ""n_estimators"": 100, ""subsample"": 0.8}",132,none,42,38.7987431787037,6.228863714892444,4.822057996905938,-0.1104786928319943,0.1778873876464489,14.010712403716122,0.196634445111413,60.836210757027935,7.799757096027282,6.154200331627464,0.1470551488369688,0.2176785432866504,16.97887628054331,0.2246200892544836,4.918,weekly,2,origin2,weekly|M01AB|B_rich,-0.1263331881559262,5,linear,0.0,6.228863714892444,0.0,-0.4864982361252359,7.799757096027282,5.0,,,,,,,
AR-LRX-g [linear],M01AB,B_rich,pacf_train,3,2,235,26,13,2014-01-19,2018-07-15,2018-07-22,2019-01-13,2019-01-20,2019-04-14,"{""colsample_bytree"": 0.8, ""learning_rate"": 0.1, ""max_depth"": 5, ""n_estimators"": 100, ""subsample"": 0.8}",132,none,42,38.7987431787037,6.228863714892444,4.822057996905938,-0.1104786928319943,0.1778873876464489,14.010712403716122,0.196634445111413,60.836210757027935,7.799757096027282,6.154200331627464,0.1470551488369688,0.2176785432866504,16.97887628054331,0.2246200892544836,4.919,weekly,2,origin2,weekly|M01AB|B_rich,-0.2036883746939175,5,linear,0.0,6.228863714892444,0.0,-0.6428301883182646,7.799757096027282,5.0,False,global,1.0,"{""0"": 0.0}",0.0,0.0,6.271597551640842
AR-LRX-Aug [linear],M01AB,B_rich,pacf_train,3,2,235,26,13,2014-01-19,2018-07-15,2018-07-22,2019-01-13,2019-01-20,2019-04-14,"{""colsample_bytree"": 0.8, ""learning_rate"": 0.1, ""max_depth"": 3, ""n_estimators"": 300, ""subsample"": 0.8}",132,none,42,37.1102454733013,6.091817912027682,4.685628905672183,-0.0621513355227947,0.1739735566532878,13.539190937195904,0.1889331435518859,56.9723163030783,7.548000814989245,5.779187490824158,0.2012282940562904,0.2106524346726351,15.956516374869226,0.2145136672665237,4.95,weekly,2,origin2,weekly|M01AB|B_rich,-0.0632726026302457,5,linear,0.2999999999999999,6.228863714892444,2.2002,-0.1811028931745786,7.799757096027282,5.0,True,global,1.0,"{""0"": 0.3}",0.3,0.3,6.128286224759776
XGBoost,M01AB,B_rich,pacf_train,3,2,235,26,13,2014-01-19,2018-07-15,2018-07-22,2019-01-13,2019-01-20,2019-04-14,"{""colsample_bytree"": 0.8, ""learning_rate"": 0.05, ""max_depth"": 3, ""n_estimators"": 100, ""subsample"": 0.8}",12,none,42,50.01467608228543,7.0721054914562345,5.662331061730018,-0.431495650837409,0.2019691598047716,16.217205615963326,0.214213499007877,68.80318310580707,8.29476841785273,6.017659941453198,0.0353554233003254,0.2314935047166988,16.57691068783242,0.2351186755702212,4.811,weekly,2,origin2,weekly|M01AB|B_rich,,5,,,,,,,,,,,,,,
"LR-XGB (residual, tanpa gerbang)",M01AB,B_rich,pacf_train,3,2,235,26,13,2014-01-19,2018-07-15,2018-07-22,2019-01-13,2019-01-20,2019-04-14,"{""colsample_bytree"": 0.8, ""learning_rate"": 0.05, ""max_depth"": 3, ""n_estimators"": 100, ""subsample"": 0.8}",12,none,42,57.62368146094634,7.5910263773054,5.925708433889387,-0.6492768894648733,0.2167887938510565,17.232439711874527,0.2235192901241043,68.46527456663412,8.27437457253623,6.245246568656025,0.0400930186414076,0.2309243456408642,17.329743027851393,0.2310704796615525,4.962,weekly,2,origin2,weekly|M01AB|B_rich,,5,,,,,,,5.0,,,,,,,
Naive,M01AE,A_lag1,pacf_train,1,1,236,26,13,2014-01-12,2018-07-15,2018-07-22,2019-01-13,2019-01-20,2019-04-14,{},0,none,42,44.55753542307692,6.675143101318272,5.195961538461538,-0.4415166784378959,0.2490646400863851,19.736468191386155,0.2745162384562807,139.55872084615385,11.813497401115129,8.80976923076923,0.2427914614053781,0.3460761989861607,27.228565189848126,0.3450357563182457,0.0,weekly,2,origin2,weekly|M01AE|A_lag1,,5,,,,,,,,,,,,,,
SeasonalNaive(s=52),M01AE,A_lag1,pacf_train,1,1,236,26,13,2014-01-12,2018-07-15,2018-07-22,2019-01-13,2019-01-20,2019-04-14,{},0,none,42,53.82555492307692,7.336590142775929,5.91776923076923,-0.7413538341172545,0.273744720620437,23.42369387553569,0.2849790143203105,212.05684961538464,14.562171871509577,11.00546153846154,-0.1505641225621063,0.4265985693448841,32.21393443414432,0.3672334861777254,0.0,weekly,2,origin2,weekly|M01AE|A_lag1,,5,,,,,,,,,,,,,,
S1 [linear],M01AE,A_lag1,pacf_train,1,1,236,26,13,2014-01-12,2018-07-15,2018-07-22,2019-01-13,2019-01-20,2019-04-14,{},0,none,42,28.62367054982716,5.35010939606165,4.515665579478178,0.0739726040970031,0.1996246448843504,17.353161901840227,0.2371061045768936,162.04843484697332,12.729824619647095,10.379943118994367,0.1207682487482175,0.3729199887674299,30.67220965685519,0.3263055157535469,0.005,weekly,2,origin2,weekly|M01AE|A_lag1,,5,linear,0.0,5.35010939606165,0.0,,12.729824619647095,,,,,,,,
AR-LRX [linear],M01AE,A_lag1,pacf_train,1,1,236,26,13,2014-01-12,2018-07-15,2018-07-22,2019-01-13,2019-01-20,2019-04-14,"{""colsample_bytree"": 0.8, ""learning_rate"": 0.1, ""max_depth"": 3, ""n_estimators"": 100, ""subsample"": 0.8}",132,none,42,22.225128508447423,4.714353456036938,4.018103431403478,0.2809769857971167,0.1759031572725321,15.432398028530889,0.1966513362387473,177.56562463565484,13.325375215567284,11.006115423678306,0.036576099868209,0.3903666330203458,32.21034949715522,0.3481586060729507,4.921,weekly,2,origin2,weekly|M01AE|A_lag1,-0.2953739798566073,5,linear,1.0,5.35010939606165,11.883,0.2168173115947514,12.729824619647095,5.0,,,,,,,
AR-LRX-g [linear],M01AE,A_lag1,pacf_train,1,1,236,26,13,2014-01-12,2018-07-15,2018-07-22,2019-01-13,2019-01-20,2019-04-14,"{""colsample_bytree"": 0.8, ""learning_rate"": 0.1, ""max_depth"": 3, ""n_estimators"": 100, ""subsample"": 0.8}",132,none,42,22.225128508447423,4.714353456036938,4.018103431403478,0.2809769857971167,0.1759031572725321,15.432398028530889,0.1966513362387473,177.56562463565484,13.325375215567284,11.006115423678306,0.036576099868209,0.3903666330203458,32.21034949715522,0.3481586060729507,4.745,weekly,2,origin2,weekly|M01AE|A_lag1,-0.2953739798566073,5,linear,1.0,5.35010939606165,11.883,0.2168173115947514,12.729824619647095,5.0,False,global,1.0,"{""0"": 1.0}",1.0,1.0,4.714353456036938
AR-LRX-Aug [linear],M01AE,A_lag1,pacf_train,1,1,236,26,13,2014-01-12,2018-07-15,2018-07-22,2019-01-13,2019-01-20,2019-04-14,"{""colsample_bytree"": 0.8, ""learning_rate"": 0.05, ""max_depth"": 3, ""n_estimators"": 300, ""subsample"": 0.8}",132,none,42,26.54608439468636,5.152289238259664,4.464811059553051,0.1411862653798945,0.1922435287559107,17.1854336108714,0.2200614576569511,180.40515338270032,13.431498553128772,10.988578951263396,0.0211695713488058,0.3934755143312723,32.47869383139281,0.3440206333122802,5.039,weekly,2,origin2,weekly|M01AE|A_lag1,-0.3834531116251767,5,linear,0.7,5.35010939606165,3.6975,0.0446714287191667,12.729824619647095,5.0,True,global,1.0,"{""0"": 0.7}",0.7,0.7,5.214156424715497
XGBoost,M01AE,A_lag1,pacf_train,1,1,236,26,13,2014-01-12,2018-07-15,2018-07-22,2019-01-13,2019-01-20,2019-04-14,"{""colsample_bytree"": 0.8, ""learning_rate"": 0.05, ""max_depth"": 3, ""n_estimators"": 100, ""subsample"": 0.8}",12,none,42,23.02122078953791,4.798043433477641,4.124906233567458,0.2552219638940591,0.1790258190332949,15.872003559985927,0.2019766935196293,199.4200203361382,14.121615358596134,11.287644399789665,-0.0820000444952382,0.4136924740328143,33.37201735415324,0.3595380543885765,4.876,weekly,2,origin2,weekly|M01AE|A_lag1,,5,,,,,,,,,,,,,,
"LR-XGB (residual, tanpa gerbang)",M01AE,A_lag1,pacf_train,1,1,236,26,13,2014-01-12,2018-07-15,2018-07-22,2019-01-13,2019-01-20,2019-04-14,"{""colsample_bytree"": 0.8, ""learning_rate"": 0.1, ""max_depth"": 3, ""n_estimators"": 100, ""subsample"": 0.8}",12,none,42,22.225128508447423,4.714353456036938,4.018103431403478,0.2809769857971167,0.1759031572725321,15.432398028530889,0.1966513362387473,177.56562463565484,13.325375215567284,11.006115423678306,0.036576099868209,0.3903666330203458,32.21034949715522,0.3481586060729507,4.998,weekly,2,origin2,weekly|M01AE|A_lag1,,5,,,,,,,5.0,,,,,,,
Naive,M01AE,B_rich,pacf_train,1,1,236,26,13,2014-01-12,2018-07-15,2018-07-22,2019-01-13,2019-01-20,2019-04-14,{},0,none,42,44.55753542307692,6.675143101318272,5.195961538461538,-0.4415166784378959,0.2490646400863851,19.736468191386155,0.2745162384562807,139.55872084615385,11.813497401115129,8.80976923076923,0.2427914614053781,0.3460761989861607,27.228565189848126,0.3450357563182457,0.0,weekly,2,origin2,weekly|M01AE|B_rich,,5,,,,,,,,,,,,,,
SeasonalNaive(s=52),M01AE,B_rich,pacf_train,1,1,236,26,13,2014-01-12,2018-07-15,2018-07-22,2019-01-13,2019-01-20,2019-04-14,{},0,none,42,53.82555492307692,7.336590142775929,5.91776923076923,-0.7413538341172545,0.273744720620437,23.42369387553569,0.2849790143203105,212.05684961538464,14.562171871509577,11.00546153846154,-0.1505641225621063,0.4265985693448841,32.21393443414432,0.3672334861777254,0.0,weekly,2,origin2,weekly|M01AE|B_rich,,5,,,,,,,,,,,,,,
S1 [linear],M01AE,B_rich,pacf_train,1,1,236,26,13,2014-01-12,2018-07-15,2018-07-22,2019-01-13,2019-01-20,2019-04-14,{},0,none,42,28.62367054982716,5.35010939606165,4.515665579478178,0.0739726040970031,0.1996246448843504,17.353161901840227,0.2371061045768936,162.04843484697332,12.729824619647095,10.379943118994367,0.1207682487482175,0.3729199887674299,30.67220965685519,0.3263055157535469,0.007,weekly,2,origin2,weekly|M01AE|B_rich,,5,linear,0.0,5.35010939606165,0.0,,12.729824619647095,,,,,,,,
AR-LRX [linear],M01AE,B_rich,pacf_train,1,1,236,26,13,2014-01-12,2018-07-15,2018-07-22,2019-01-13,2019-01-20,2019-04-14,"{""colsample_bytree"": 0.8, ""learning_rate"": 0.1, ""max_depth"": 3, ""n_estimators"": 100, ""subsample"": 0.8}",132,none,42,22.225128508447423,4.714353456036938,4.018103431403478,0.2809769857971167,0.1759031572725321,15.432398028530889,0.1966513362387473,177.56562463565484,13.325375215567284,11.006115423678306,0.036576099868209,0.3903666330203458,32.21034949715522,0.3481586060729507,5.741,weekly,2,origin2,weekly|M01AE|B_rich,-0.2953739798566073,5,linear,1.0,5.35010939606165,11.883,0.2168173115947514,12.729824619647095,5.0,,,,,,,
AR-LRX-g [linear],M01AE,B_rich,pacf_train,1,1,236,26,13,2014-01-12,2018-07-15,2018-07-22,2019-01-13,2019-01-20,2019-04-14,"{""colsample_bytree"": 0.8, ""learning_rate"": 0.1, ""max_depth"": 3, ""n_estimators"": 100, ""subsample"": 0.8}",132,none,42,22.225128508447423,4.714353456036938,4.018103431403478,0.2809769857971167,0.1759031572725321,15.432398028530889,0.1966513362387473,177.56562463565484,13.325375215567284,11.006115423678306,0.036576099868209,0.3903666330203458,32.21034949715522,0.3481586060729507,5.271,weekly,2,origin2,weekly|M01AE|B_rich,-0.2953739798566073,5,linear,1.0,5.35010939606165,11.883,0.2168173115947514,12.729824619647095,5.0,False,global,1.0,"{""0"": 1.0}",1.0,1.0,4.714353456036938
AR-LRX-Aug [linear],M01AE,B_rich,pacf_train,1,1,236,26,13,2014-01-12,2018-07-15,2018-07-22,2019-01-13,2019-01-20,2019-04-14,"{""colsample_bytree"": 0.8, ""learning_rate"": 0.05, ""max_depth"": 3, ""n_estimators"": 300, ""subsample"": 0.8}",132,none,42,26.54608439468636,5.152289238259664,4.464811059553051,0.1411862653798945,0.1922435287559107,17.1854336108714,0.2200614576569511,180.40515338270032,13.431498553128772,10.988578951263396,0.0211695713488058,0.3934755143312723,32.47869383139281,0.3440206333122802,4.775,weekly,2,origin2,weekly|M01AE|B_rich,-0.3834531116251767,5,linear,0.7,5.35010939606165,3.6975,0.0446714287191667,12.729824619647095,5.0,True,global,1.0,"{""0"": 0.7}",0.7,0.7,5.214156424715497
XGBoost,M01AE,B_rich,pacf_train,1,1,236,26,13,2014-01-12,2018-07-15,2018-07-22,2019-01-13,2019-01-20,2019-04-14,"{""colsample_bytree"": 0.8, ""learning_rate"": 0.05, ""max_depth"": 3, ""n_estimators"": 100, ""subsample"": 0.8}",12,none,42,23.02122078953791,4.798043433477641,4.124906233567458,0.2552219638940591,0.1790258190332949,15.872003559985927,0.2019766935196293,199.4200203361382,14.121615358596134,11.287644399789665,-0.0820000444952382,0.4136924740328143,33.37201735415324,0.3595380543885765,4.748,weekly,2,origin2,weekly|M01AE|B_rich,,5,,,,,,,,,,,,,,
"LR-XGB (residual, tanpa gerbang)",M01AE,B_rich,pacf_train,1,1,236,26,13,2014-01-12,2018-07-15,2018-07-22,2019-01-13,2019-01-20,2019-04-14,"{""colsample_bytree"": 0.8, ""learning_rate"": 0.1, ""max_depth"": 3, ""n_estimators"": 100, ""subsample"": 0.8}",12,none,42,22.225128508447423,4.714353456036938,4.018103431403478,0.2809769857971167,0.1759031572725321,15.432398028530889,0.1966513362387473,177.56562463565484,13.325375215567284,11.006115423678306,0.036576099868209,0.3903666330203458,32.21034949715522,0.3481586060729507,5.022,weekly,2,origin2,weekly|M01AE|B_rich,,5,,,,,,,5.0,,,,,,,
Naive,N02BA,A_lag1,pacf_train,1,1,236,26,13,2014-01-12,2018-07-15,2018-07-22,2019-01-13,2019-01-20,2019-04-14,{},0,none,42,49.23836538461538,7.017005442823554,5.644230769230768,-1.020748942920676,0.3521709130651721,27.35925489107774,0.3423400309919215,53.18846153846154,7.293041994837377,6.107692307692308,-0.6250969488019933,0.3206274803276493,27.613026356380345,0.4106324893066752,0.0,weekly,2,origin2,weekly|N02BA|A_lag1,,5,,,,,,,,,,,,,,
SeasonalNaive(s=52),N02BA,A_lag1,pacf_train,1,1,236,26,13,2014-01-12,2018-07-15,2018-07-22,2019-01-13,2019-01-20,2019-04-14,{},0,none,42,62.16557692307693,7.884515008741941,7.473076923076922,-1.55128339196679,0.3957096616683534,36.51715791072702,0.4355148670677265,59.66596153846155,7.724374507910757,6.373076923076923,-0.823007645622073,0.3395903571283052,26.64980363079342,0.436659733790626,0.0,weekly,2,origin2,weekly|N02BA|A_lag1,,5,,,,,,,,,,,,,,
S1 [linear],N02BA,A_lag1,pacf_train,1,1,236,26,13,2014-01-12,2018-07-15,2018-07-22,2019-01-13,2019-01-20,2019-04-14,{},0,none,42,60.39294616251061,7.771289864785035,7.039798913629563,-1.4785343941553744,0.3900270948449202,31.91956506996727,0.4679304605484113,44.63742735860541,6.68112470760765,5.305640841553535,-0.3638323971898525,0.2937254690527543,23.32477624102912,0.4154505111742371,0.007,weekly,2,origin2,weekly|N02BA|A_lag1,,5,linear,0.0,7.771289864785035,0.0,,6.68112470760765,,,,,,,,
AR-LRX [linear],N02BA,A_lag1,pacf_train,1,1,236,26,13,2014-01-12,2018-07-15,2018-07-22,2019-01-13,2019-01-20,2019-04-14,"{""colsample_bytree"": 0.8, ""learning_rate"": 0.1, ""max_depth"": 5, ""n_estimators"": 500, ""subsample"": 0.8}",132,none,42,50.09223679062983,7.077586932749737,5.845823713969242,-1.0557919368871862,0.3552113893475402,26.72430684477942,0.4322876942710168,54.3559740526016,7.372650408950746,5.362083628442132,-0.6607686146020122,0.324127342970442,23.176565759714915,0.4405564771771617,5.043,weekly,2,origin2,weekly|N02BA|A_lag1,-1.293737617272016,5,linear,0.6,7.771289864785035,8.9265,-1.0051674440759175,6.68112470760765,5.0,,,,,,,
AR-LRX-g [linear],N02BA,A_lag1,pacf_train,1,1,236,26,13,2014-01-12,2018-07-15,2018-07-22,2019-01-13,2019-01-20,2019-04-14,"{""colsample_bytree"": 0.8, ""learning_rate"": 0.05, ""max_depth"": 5, ""n_estimators"": 300, ""subsample"": 0.8}",132,none,42,52.08456282700483,7.216963546187887,5.967540175701079,-1.1375572574966322,0.3622064515025289,27.314750129101974,0.4442755179726957,47.62005030236661,6.900728244349767,5.095897638695452,-0.4549621517481443,0.3033800039788535,22.15589047529401,0.4157270083960091,5.393,weekly,2,origin2,weekly|N02BA|A_lag1,-0.6221697544460845,5,linear,0.7,7.771289864785035,7.133,-0.9680322589556128,6.68112470760765,5.0,False,global,1.0,"{""0"": 0.7}",0.7,0.7,8.014039616017683
AR-LRX-Aug [linear],N02BA,A_lag1,pacf_train,1,1,236,26,13,2014-01-12,2018-07-15,2018-07-22,2019-01-13,2019-01-20,2019-04-14,"{""colsample_bytree"": 0.8, ""learning_rate"": 0.05, ""max_depth"": 3, ""n_estimators"": 100, ""subsample"": 0.8}",132,none,42,60.39294616251061,7.771289864785035,7.039798913629563,-1.4785343941553744,0.3900270948449202,31.91956506996727,0.4679304605484113,44.63742735860541,6.68112470760765,5.305640841553535,-0.3638323971898525,0.2937254690527543,23.32477624102912,0.4154505111742371,4.532,weekly,2,origin2,weekly|N02BA|A_lag1,-0.3317268175250427,5,linear,0.0,7.771289864785035,0.0,-2.745317365092068,6.68112470760765,5.0,True,global,1.0,"{""0"": 0.0}",0.0,0.0,7.771289864785035
XGBoost,N02BA,A_lag1,pacf_train,1,1,236,26,13,2014-01-12,2018-07-15,2018-07-22,2019-01-13,2019-01-20,2019-04-14,"{""colsample_bytree"": 0.8, ""learning_rate"": 0.05, ""max_depth"": 5, ""n_estimators"": 300, ""subsample"": 0.8}",12,none,42,58.61948229621434,7.656336088248369,6.276548635042629,-1.4057512055760486,0.3842577710538705,28.374982018482005,0.4741315072737628,50.01470926024801,7.072107837147848,5.325631596491887,-0.5281275123040305,0.3109144466788029,23.24949122623597,0.4213738112939652,4.739,weekly,2,origin2,weekly|N02BA|A_lag1,,5,,,,,,,,,,,,,,
"LR-XGB (residual, tanpa gerbang)",N02BA,A_lag1,pacf_train,1,1,236,26,13,2014-01-12,2018-07-15,2018-07-22,2019-01-13,2019-01-20,2019-04-14,"{""colsample_bytree"": 0.8, ""learning_rate"": 0.05, ""max_depth"": 5, ""n_estimators"": 300, ""subsample"": 0.8}",12,none,42,54.29302896569611,7.3683803488756,5.78803462737998,-1.228192996119891,0.3698057891531042,26.3953015395195,0.4536869731019398,55.71749731552989,7.46441540346797,5.638679867422059,-0.7023679998128012,0.3281616511500967,24.80598908658773,0.4358627276728864,5.189,weekly,2,origin2,weekly|N02BA|A_lag1,,5,,,,,,,5.0,,,,,,,
Naive,N02BA,B_rich,pacf_train,1,1,236,26,13,2014-01-12,2018-07-15,2018-07-22,2019-01-13,2019-01-20,2019-04-14,{},0,none,42,49.23836538461538,7.017005442823554,5.644230769230768,-1.020748942920676,0.3521709130651721,27.35925489107774,0.3423400309919215,53.18846153846154,7.293041994837377,6.107692307692308,-0.6250969488019933,0.3206274803276493,27.613026356380345,0.4106324893066752,0.0,weekly,2,origin2,weekly|N02BA|B_rich,,5,,,,,,,,,,,,,,
SeasonalNaive(s=52),N02BA,B_rich,pacf_train,1,1,236,26,13,2014-01-12,2018-07-15,2018-07-22,2019-01-13,2019-01-20,2019-04-14,{},0,none,42,62.16557692307693,7.884515008741941,7.473076923076922,-1.55128339196679,0.3957096616683534,36.51715791072702,0.4355148670677265,59.66596153846155,7.724374507910757,6.373076923076923,-0.823007645622073,0.3395903571283052,26.64980363079342,0.436659733790626,0.0,weekly,2,origin2,weekly|N02BA|B_rich,,5,,,,,,,,,,,,,,
S1 [linear],N02BA,B_rich,pacf_train,1,1,236,26,13,2014-01-12,2018-07-15,2018-07-22,2019-01-13,2019-01-20,2019-04-14,{},0,none,42,60.39294616251061,7.771289864785035,7.039798913629563,-1.4785343941553744,0.3900270948449202,31.91956506996727,0.4679304605484113,44.63742735860541,6.68112470760765,5.305640841553535,-0.3638323971898525,0.2937254690527543,23.32477624102912,0.4154505111742371,0.006,weekly,2,origin2,weekly|N02BA|B_rich,,5,linear,0.0,7.771289864785035,0.0,,6.68112470760765,,,,,,,,
AR-LRX [linear],N02BA,B_rich,pacf_train,1,1,236,26,13,2014-01-12,2018-07-15,2018-07-22,2019-01-13,2019-01-20,2019-04-14,"{""colsample_bytree"": 0.8, ""learning_rate"": 0.1, ""max_depth"": 5, ""n_estimators"": 500, ""subsample"": 0.8}",132,none,42,50.09223679062983,7.077586932749737,5.845823713969242,-1.0557919368871862,0.3552113893475402,26.72430684477942,0.4322876942710168,54.3559740526016,7.372650408950746,5.362083628442132,-0.6607686146020122,0.324127342970442,23.176565759714915,0.4405564771771617,5.353,weekly,2,origin2,weekly|N02BA|B_rich,-1.293737617272016,5,linear,0.6,7.771289864785035,8.9265,-1.0051674440759175,6.68112470760765,5.0,,,,,,,
AR-LRX-g [linear],N02BA,B_rich,pacf_train,1,1,236,26,13,2014-01-12,2018-07-15,2018-07-22,2019-01-13,2019-01-20,2019-04-14,"{""colsample_bytree"": 0.8, ""learning_rate"": 0.05, ""max_depth"": 5, ""n_estimators"": 300, ""subsample"": 0.8}",132,none,42,52.08456282700483,7.216963546187887,5.967540175701079,-1.1375572574966322,0.3622064515025289,27.314750129101974,0.4442755179726957,47.62005030236661,6.900728244349767,5.095897638695452,-0.4549621517481443,0.3033800039788535,22.15589047529401,0.4157270083960091,4.833,weekly,2,origin2,weekly|N02BA|B_rich,-0.6221697544460845,5,linear,0.7,7.771289864785035,7.133,-0.9680322589556128,6.68112470760765,5.0,False,global,1.0,"{""0"": 0.7}",0.7,0.7,8.014039616017683
AR-LRX-Aug [linear],N02BA,B_rich,pacf_train,1,1,236,26,13,2014-01-12,2018-07-15,2018-07-22,2019-01-13,2019-01-20,2019-04-14,"{""colsample_bytree"": 0.8, ""learning_rate"": 0.05, ""max_depth"": 3, ""n_estimators"": 100, ""subsample"": 0.8}",132,none,42,60.39294616251061,7.771289864785035,7.039798913629563,-1.4785343941553744,0.3900270948449202,31.91956506996727,0.4679304605484113,44.63742735860541,6.68112470760765,5.305640841553535,-0.3638323971898525,0.2937254690527543,23.32477624102912,0.4154505111742371,5.122,weekly,2,origin2,weekly|N02BA|B_rich,-0.3317268175250427,5,linear,0.0,7.771289864785035,0.0,-2.745317365092068,6.68112470760765,5.0,True,global,1.0,"{""0"": 0.0}",0.0,0.0,7.771289864785035
XGBoost,N02BA,B_rich,pacf_train,1,1,236,26,13,2014-01-12,2018-07-15,2018-07-22,2019-01-13,2019-01-20,2019-04-14,"{""colsample_bytree"": 0.8, ""learning_rate"": 0.05, ""max_depth"": 5, ""n_estimators"": 300, ""subsample"": 0.8}",12,none,42,58.61948229621434,7.656336088248369,6.276548635042629,-1.4057512055760486,0.3842577710538705,28.374982018482005,0.4741315072737628,50.01470926024801,7.072107837147848,5.325631596491887,-0.5281275123040305,0.3109144466788029,23.24949122623597,0.4213738112939652,5.026,weekly,2,origin2,weekly|N02BA|B_rich,,5,,,,,,,,,,,,,,
"LR-XGB (residual, tanpa gerbang)",N02BA,B_rich,pacf_train,1,1,236,26,13,2014-01-12,2018-07-15,2018-07-22,2019-01-13,2019-01-20,2019-04-14,"{""colsample_bytree"": 0.8, ""learning_rate"": 0.05, ""max_depth"": 5, ""n_estimators"": 300, ""subsample"": 0.8}",12,none,42,54.29302896569611,7.3683803488756,5.78803462737998,-1.228192996119891,0.3698057891531042,26.3953015395195,0.4536869731019398,55.71749731552989,7.46441540346797,5.638679867422059,-0.7023679998128012,0.3281616511500967,24.80598908658773,0.4358627276728864,4.874,weekly,2,origin2,weekly|N02BA|B_rich,,5,,,,,,,5.0,,,,,,,
Naive,N02BE,A_lag1,pacf_train,1,1,236,26,13,2014-01-12,2018-07-15,2018-07-22,2019-01-13,2019-01-20,2019-04-14,{},0,none,42,2431.355862538463,49.308780785357726,42.4933076923077,0.3410115400122775,0.2114886443529573,18.686946889853555,0.2036504060988321,3230.790259692308,56.84004098953754,46.50000000000001,0.6450763195279202,0.2237950062190774,17.042245651418582,0.2132504723164139,0.0,weekly,2,origin2,weekly|N02BE|A_lag1,,5,,,,,,,,,,,,,,
SeasonalNaive(s=52),N02BE,A_lag1,pacf_train,1,1,236,26,13,2014-01-12,2018-07-15,2018-07-22,2019-01-13,2019-01-20,2019-04-14,{},0,none,42,2300.224659192308,47.96065740992619,39.60165384615386,0.3765530052008404,0.2057064534216574,19.470348205607767,0.2036553917743261,6437.021668461539,80.23105177212585,65.06707692307693,0.2928505912771689,0.3158919032730999,24.549641658565065,0.2787130598183617,0.0,weekly,2,origin2,weekly|N02BE|A_lag1,,5,,,,,,,,,,,,,,
S1 [linear],N02BE,A_lag1,pacf_train,1,1,236,26,13,2014-01-12,2018-07-15,2018-07-22,2019-01-13,2019-01-20,2019-04-14,{},0,none,42,2247.321190904269,47.40591936566855,39.05436890658321,0.3908918256229343,0.2033271450087855,17.227771313628594,0.1974517205612675,2862.129466693843,53.49887350864356,44.35268906380952,0.6855761461892871,0.2106399031588371,16.786562209784872,0.2022359094036567,0.01,weekly,2,origin2,weekly|N02BE|A_lag1,,5,linear,0.0,47.40591936566855,0.0,,53.49887350864356,,,,,,,,
AR-LRX [linear],N02BE,A_lag1,pacf_train,1,1,236,26,13,2014-01-12,2018-07-15,2018-07-22,2019-01-13,2019-01-20,2019-04-14,"{""colsample_bytree"": 0.8, ""learning_rate"": 0.05, ""max_depth"": 3, ""n_estimators"": 100, ""subsample"": 0.8}",132,none,42,2245.3890903519105,47.38553672115481,39.09798350317017,0.3914154972035358,0.2032397224891474,17.25030931244834,0.1978215022770713,2775.7881282942176,52.68574881592002,43.56279580802556,0.6950613133274963,0.2074384057197616,16.52842490258994,0.1994556093495804,4.634,weekly,2,origin2,weekly|N02BE|A_lag1,0.2226912829775265,5,linear,0.1,47.40591936566855,0.043,-0.0887166817596551,53.49887350864356,5.0,,,,,,,
AR-LRX-g [linear],N02BE,A_lag1,pacf_train,1,1,236,26,13,2014-01-12,2018-07-15,2018-07-22,2019-01-13,2019-01-20,2019-04-14,"{""colsample_bytree"": 0.8, ""learning_rate"": 0.1, ""max_depth"": 3, ""n_estimators"": 300, ""subsample"": 0.8}",132,none,42,2247.321190904269,47.40591936566855,39.05436890658321,0.3908918256229343,0.2033271450087855,17.227771313628594,0.1974517205612675,2862.129466693843,53.49887350864356,44.35268906380952,0.6855761461892871,0.2106399031588371,16.786562209784872,0.2022359094036567,6.124,weekly,2,origin2,weekly|N02BE|A_lag1,0.4286097106653951,5,linear,0.0,47.40591936566855,0.0,-0.46070536469869,53.49887350864356,5.0,False,global,1.0,"{""0"": 0.0}",0.0,0.0,47.87414781201641
AR-LRX-Aug [linear],N02BE,A_lag1,pacf_train,1,1,236,26,13,2014-01-12,2018-07-15,2018-07-22,2019-01-13,2019-01-20,2019-04-14,"{""colsample_bytree"": 0.8, ""learning_rate"": 0.05, ""max_depth"": 3, ""n_estimators"": 100, ""subsample"": 0.8}",132,none,42,2157.472771264258,46.44860354482423,38.2731628031116,0.415244110947833,0.1992211537037211,16.94427494043227,0.1973376916692176,2241.316647397935,47.34254584829522,37.12431143731709,0.7537765408288748,0.186400733674636,14.359962057403926,0.1861271550585061,4.632,weekly,2,origin2,weekly|N02BE|A_lag1,0.2041932144056363,5,linear,1.0,47.40591936566855,2.0194,-0.0013143822062442,53.49887350864356,5.0,True,global,1.0,"{""0"": 1.0}",1.0,1.0,48.43422187730983
XGBoost,N02BE,A_lag1,pacf_train,1,1,236,26,13,2014-01-12,2018-07-15,2018-07-22,2019-01-13,2019-01-20,2019-04-14,"{""colsample_bytree"": 0.8, ""learning_rate"": 0.05, ""max_depth"": 3, ""n_estimators"": 100, ""subsample"": 0.8}",12,none,42,2530.1845813795785,50.30094016397287,40.5587867948092,0.3142252574136988,0.2157440819975988,17.893028723611547,0.218860997016916,2066.3142691636194,45.45672963559542,34.293596473106966,0.7730017096518753,0.1789757522055539,13.926695930253985,0.1884477338492524,4.76,weekly,2,origin2,weekly|N02BE|A_lag1,,5,,,,,,,,,,,,,,
"LR-XGB (residual, tanpa gerbang)",N02BE,A_lag1,pacf_train,1,1,236,26,13,2014-01-12,2018-07-15,2018-07-22,2019-01-13,2019-01-20,2019-04-14,"{""colsample_bytree"": 0.8, ""learning_rate"": 0.05, ""max_depth"": 3, ""n_estimators"": 100, ""subsample"": 0.8}",12,none,42,2345.793327508427,48.433390625770016,39.49051487245281,0.3642021901597307,0.2077340376646066,17.41170434500809,0.2060541387951021,2189.2185379253942,46.78908567097026,36.45375655181963,0.7594998627635499,0.1842216074518163,14.08947106193193,0.1805875550273552,4.811,weekly,2,origin2,weekly|N02BE|A_lag1,,5,,,,,,,5.0,,,,,,,
Naive,N02BE,B_rich,pacf_train,1,1,236,26,13,2014-01-12,2018-07-15,2018-07-22,2019-01-13,2019-01-20,2019-04-14,{},0,none,42,2431.355862538463,49.308780785357726,42.4933076923077,0.3410115400122775,0.2114886443529573,18.686946889853555,0.2036504060988321,3230.790259692308,56.84004098953754,46.50000000000001,0.6450763195279202,0.2237950062190774,17.042245651418582,0.2132504723164139,0.0,weekly,2,origin2,weekly|N02BE|B_rich,,5,,,,,,,,,,,,,,
SeasonalNaive(s=52),N02BE,B_rich,pacf_train,1,1,236,26,13,2014-01-12,2018-07-15,2018-07-22,2019-01-13,2019-01-20,2019-04-14,{},0,none,42,2300.224659192308,47.96065740992619,39.60165384615386,0.3765530052008404,0.2057064534216574,19.470348205607767,0.2036553917743261,6437.021668461539,80.23105177212585,65.06707692307693,0.2928505912771689,0.3158919032730999,24.549641658565065,0.2787130598183617,0.0,weekly,2,origin2,weekly|N02BE|B_rich,,5,,,,,,,,,,,,,,
S1 [linear],N02BE,B_rich,pacf_train,1,1,236,26,13,2014-01-12,2018-07-15,2018-07-22,2019-01-13,2019-01-20,2019-04-14,{},0,none,42,2247.321190904269,47.40591936566855,39.05436890658321,0.3908918256229343,0.2033271450087855,17.227771313628594,0.1974517205612675,2862.129466693843,53.49887350864356,44.35268906380952,0.6855761461892871,0.2106399031588371,16.786562209784872,0.2022359094036567,0.006,weekly,2,origin2,weekly|N02BE|B_rich,,5,linear,0.0,47.40591936566855,0.0,,53.49887350864356,,,,,,,,
AR-LRX [linear],N02BE,B_rich,pacf_train,1,1,236,26,13,2014-01-12,2018-07-15,2018-07-22,2019-01-13,2019-01-20,2019-04-14,"{""colsample_bytree"": 0.8, ""learning_rate"": 0.05, ""max_depth"": 3, ""n_estimators"": 100, ""subsample"": 0.8}",132,none,42,2245.3890903519105,47.38553672115481,39.09798350317017,0.3914154972035358,0.2032397224891474,17.25030931244834,0.1978215022770713,2775.7881282942176,52.68574881592002,43.56279580802556,0.6950613133274963,0.2074384057197616,16.52842490258994,0.1994556093495804,4.798,weekly,2,origin2,weekly|N02BE|B_rich,0.2226912829775265,5,linear,0.1,47.40591936566855,0.043,-0.0887166817596551,53.49887350864356,5.0,,,,,,,
AR-LRX-g [linear],N02BE,B_rich,pacf_train,1,1,236,26,13,2014-01-12,2018-07-15,2018-07-22,2019-01-13,2019-01-20,2019-04-14,"{""colsample_bytree"": 0.8, ""learning_rate"": 0.1, ""max_depth"": 3, ""n_estimators"": 300, ""subsample"": 0.8}",132,none,42,2247.321190904269,47.40591936566855,39.05436890658321,0.3908918256229343,0.2033271450087855,17.227771313628594,0.1974517205612675,2862.129466693843,53.49887350864356,44.35268906380952,0.6855761461892871,0.2106399031588371,16.786562209784872,0.2022359094036567,5.052,weekly,2,origin2,weekly|N02BE|B_rich,0.4286097106653951,5,linear,0.0,47.40591936566855,0.0,-0.46070536469869,53.49887350864356,5.0,False,global,1.0,"{""0"": 0.0}",0.0,0.0,47.87414781201641
AR-LRX-Aug [linear],N02BE,B_rich,pacf_train,1,1,236,26,13,2014-01-12,2018-07-15,2018-07-22,2019-01-13,2019-01-20,2019-04-14,"{""colsample_bytree"": 0.8, ""learning_rate"": 0.05, ""max_depth"": 3, ""n_estimators"": 100, ""subsample"": 0.8}",132,none,42,2157.472771264258,46.44860354482423,38.2731628031116,0.415244110947833,0.1992211537037211,16.94427494043227,0.1973376916692176,2241.316647397935,47.34254584829522,37.12431143731709,0.7537765408288748,0.186400733674636,14.359962057403926,0.1861271550585061,4.715,weekly,2,origin2,weekly|N02BE|B_rich,0.2041932144056363,5,linear,1.0,47.40591936566855,2.0194,-0.0013143822062442,53.49887350864356,5.0,True,global,1.0,"{""0"": 1.0}",1.0,1.0,48.43422187730983
XGBoost,N02BE,B_rich,pacf_train,1,1,236,26,13,2014-01-12,2018-07-15,2018-07-22,2019-01-13,2019-01-20,2019-04-14,"{""colsample_bytree"": 0.8, ""learning_rate"": 0.05, ""max_depth"": 3, ""n_estimators"": 100, ""subsample"": 0.8}",12,none,42,2530.1845813795785,50.30094016397287,40.5587867948092,0.3142252574136988,0.2157440819975988,17.893028723611547,0.218860997016916,2066.3142691636194,45.45672963559542,34.293596473106966,0.7730017096518753,0.1789757522055539,13.926695930253985,0.1884477338492524,4.923,weekly,2,origin2,weekly|N02BE|B_rich,,5,,,,,,,,,,,,,,
"LR-XGB (residual, tanpa gerbang)",N02BE,B_rich,pacf_train,1,1,236,26,13,2014-01-12,2018-07-15,2018-07-22,2019-01-13,2019-01-20,2019-04-14,"{""colsample_bytree"": 0.8, ""learning_rate"": 0.05, ""max_depth"": 3, ""n_estimators"": 100, ""subsample"": 0.8}",12,none,42,2345.793327508427,48.433390625770016,39.49051487245281,0.3642021901597307,0.2077340376646066,17.41170434500809,0.2060541387951021,2189.2185379253942,46.78908567097026,36.45375655181963,0.7594998627635499,0.1842216074518163,14.08947106193193,0.1805875550273552,4.792,weekly,2,origin2,weekly|N02BE|B_rich,,5,,,,,,,5.0,,,,,,,
Naive,N05B,A_lag1,pacf_train,1,1,236,26,13,2014-01-12,2018-07-15,2018-07-22,2019-01-13,2019-01-20,2019-04-14,{},0,none,42,247.7507692307692,15.740100674098915,12.492307692307692,-1.4507768229716933,0.2614300610237459,20.56251690249784,0.2752932957268355,184.5107692307693,13.583474122284375,10.492307692307694,-1.811649715068889,0.2052838451403126,16.459637446622928,0.2139411204217207,0.0,weekly,2,origin2,weekly|N05B|A_lag1,,5,,,,,,,,,,,,,,
SeasonalNaive(s=52),N05B,A_lag1,pacf_train,1,1,236,26,13,2014-01-12,2018-07-15,2018-07-22,2019-01-13,2019-01-20,2019-04-14,{},0,none,42,323.0646153846154,17.973998313803623,14.63076923076923,-2.195789357850147,0.2985332542218565,27.147991230758954,0.2801592108056595,757.3907692307693,27.52073344282033,21.63076923076924,-10.541426819591717,0.4159143626559687,29.6828426280457,0.4879768374651828,0.0,weekly,2,origin2,weekly|N05B|A_lag1,,5,,,,,,,,,,,,,,
S1 [linear],N05B,A_lag1,pacf_train,1,1,236,26,13,2014-01-12,2018-07-15,2018-07-22,2019-01-13,2019-01-20,2019-04-14,{},0,none,42,155.0455874816327,12.451730300710528,9.737496133255672,-0.5337273562613183,0.2068129473734979,15.932031100414646,0.220415390429558,108.6318336408506,10.422659624148272,7.66721434998394,-0.6553758101875264,0.1575152000859422,12.136255548185968,0.1677076499999396,0.006,weekly,2,origin2,weekly|N05B|A_lag1,,5,linear,0.0,12.451730300710528,0.0,,10.422659624148272,,,,,,,,
AR-LRX [linear],N05B,A_lag1,pacf_train,1,1,236,26,13,2014-01-12,2018-07-15,2018-07-22,2019-01-13,2019-01-20,2019-04-14,"{""colsample_bytree"": 0.8, ""learning_rate"": 0.1, ""max_depth"": 3, ""n_estimators"": 300, ""subsample"": 0.8}",132,none,42,153.70423057482637,12.397751028909491,9.882699356220494,-0.5204585118143736,0.2059163962895405,16.15830426562767,0.2164680343154573,97.61771882767046,9.880167955438331,7.883767844051987,-0.4875382747129322,0.1493166512679589,12.360160628652986,0.1576514689551012,5.331,weekly,2,origin2,weekly|N05B|A_lag1,-0.2839661698974156,5,linear,0.2,12.451730300710528,0.4335,-0.2589727482119595,10.422659624148272,5.0,,,,,,,
AR-LRX-g [linear],N05B,A_lag1,pacf_train,1,1,236,26,13,2014-01-12,2018-07-15,2018-07-22,2019-01-13,2019-01-20,2019-04-14,"{""colsample_bytree"": 0.8, ""learning_rate"": 0.05, ""max_depth"": 3, ""n_estimators"": 100, ""subsample"": 0.8}",132,none,42,155.0455874816327,12.451730300710528,9.737496133255672,-0.5337273562613183,0.2068129473734979,15.932031100414646,0.220415390429558,108.6318336408506,10.422659624148272,7.66721434998394,-0.6553758101875264,0.1575152000859422,12.136255548185968,0.1677076499999396,5.095,weekly,2,origin2,weekly|N05B|A_lag1,0.0118986615238063,5,linear,0.0,12.451730300710528,0.0,-0.0801557929903957,10.422659624148272,5.0,False,global,1.0,"{""0"": 0.0}",0.0,0.0,12.451730300710528
AR-LRX-Aug [linear],N05B,A_lag1,pacf_train,1,1,236,26,13,2014-01-12,2018-07-15,2018-07-22,2019-01-13,2019-01-20,2019-04-14,"{""colsample_bytree"": 0.8, ""learning_rate"": 0.05, ""max_depth"": 3, ""n_estimators"": 500, ""subsample"": 0.8}",132,none,42,149.9343089044254,12.244766592484538,9.690390521007924,-0.483166047767041,0.2033754512614015,15.98222192969119,0.2091309208867208,96.02452727564932,9.79921054349019,7.628520732057666,-0.4632605775792333,0.1480931609688124,11.974802158095134,0.1610627167487174,6.305,weekly,2,origin2,weekly|N05B|A_lag1,-0.2084475749126866,5,linear,0.2999999999999999,12.451730300710528,1.6621,-0.1073375362859143,10.422659624148272,5.0,True,global,1.0,"{""0"": 0.3}",0.3,0.3,12.25386969111075
XGBoost,N05B,A_lag1,pacf_train,1,1,236,26,13,2014-01-12,2018-07-15,2018-07-22,2019-01-13,2019-01-20,2019-04-14,"{""colsample_bytree"": 0.8, ""learning_rate"": 0.05, ""max_depth"": 3, ""n_estimators"": 100, ""subsample"": 0.8}",12,none,42,162.60272225408042,12.751577245740249,9.94260890667255,-0.6084833330273758,0.211793157269226,16.31652866784266,0.2121800902849923,105.36295687277531,10.264645969188384,8.89856890164889,-0.6055633441083299,0.1551271769349558,13.806440078404249,0.1610344115656212,4.689,weekly,2,origin2,weekly|N05B|A_lag1,,5,,,,,,,,,,,,,,
"LR-XGB (residual, tanpa gerbang)",N05B,A_lag1,pacf_train,1,1,236,26,13,2014-01-12,2018-07-15,2018-07-22,2019-01-13,2019-01-20,2019-04-14,"{""colsample_bytree"": 0.8, ""learning_rate"": 0.05, ""max_depth"": 3, ""n_estimators"": 100, ""subsample"": 0.8}",12,none,42,166.72660432834388,12.912265654343695,10.04967276122218,-0.6492772108411693,0.2144620589069478,16.422185303036148,0.2186298539903189,104.78627095266144,10.236516543857164,8.947369803651805,-0.5967755708540521,0.1547020635551536,13.811792000710726,0.1589695201818241,4.561,weekly,2,origin2,weekly|N05B|A_lag1,,5,,,,,,,5.0,,,,,,,
Naive,N05B,B_rich,pacf_train,1,1,236,26,13,2014-01-12,2018-07-15,2018-07-22,2019-01-13,2019-01-20,2019-04-14,{},0,none,42,247.7507692307692,15.740100674098915,12.492307692307692,-1.4507768229716933,0.2614300610237459,20.56251690249784,0.2752932957268355,184.5107692307693,13.583474122284375,10.492307692307694,-1.811649715068889,0.2052838451403126,16.459637446622928,0.2139411204217207,0.0,weekly,2,origin2,weekly|N05B|B_rich,,5,,,,,,,,,,,,,,
SeasonalNaive(s=52),N05B,B_rich,pacf_train,1,1,236,26,13,2014-01-12,2018-07-15,2018-07-22,2019-01-13,2019-01-20,2019-04-14,{},0,none,42,323.0646153846154,17.973998313803623,14.63076923076923,-2.195789357850147,0.2985332542218565,27.147991230758954,0.2801592108056595,757.3907692307693,27.52073344282033,21.63076923076924,-10.541426819591717,0.4159143626559687,29.6828426280457,0.4879768374651828,0.0,weekly,2,origin2,weekly|N05B|B_rich,,5,,,,,,,,,,,,,,
S1 [linear],N05B,B_rich,pacf_train,1,1,236,26,13,2014-01-12,2018-07-15,2018-07-22,2019-01-13,2019-01-20,2019-04-14,{},0,none,42,155.0455874816327,12.451730300710528,9.737496133255672,-0.5337273562613183,0.2068129473734979,15.932031100414646,0.220415390429558,108.6318336408506,10.422659624148272,7.66721434998394,-0.6553758101875264,0.1575152000859422,12.136255548185968,0.1677076499999396,0.006,weekly,2,origin2,weekly|N05B|B_rich,,5,linear,0.0,12.451730300710528,0.0,,10.422659624148272,,,,,,,,
AR-LRX [linear],N05B,B_rich,pacf_train,1,1,236,26,13,2014-01-12,2018-07-15,2018-07-22,2019-01-13,2019-01-20,2019-04-14,"{""colsample_bytree"": 0.8, ""learning_rate"": 0.1, ""max_depth"": 3, ""n_estimators"": 300, ""subsample"": 0.8}",132,none,42,153.70423057482637,12.397751028909491,9.882699356220494,-0.5204585118143736,0.2059163962895405,16.15830426562767,0.2164680343154573,97.61771882767046,9.880167955438331,7.883767844051987,-0.4875382747129322,0.1493166512679589,12.360160628652986,0.1576514689551012,5.062,weekly,2,origin2,weekly|N05B|B_rich,-0.2839661698974156,5,linear,0.2,12.451730300710528,0.4335,-0.2589727482119595,10.422659624148272,5.0,,,,,,,
AR-LRX-g [linear],N05B,B_rich,pacf_train,1,1,236,26,13,2014-01-12,2018-07-15,2018-07-22,2019-01-13,2019-01-20,2019-04-14,"{""colsample_bytree"": 0.8, ""learning_rate"": 0.05, ""max_depth"": 3, ""n_estimators"": 100, ""subsample"": 0.8}",132,none,42,155.0455874816327,12.451730300710528,9.737496133255672,-0.5337273562613183,0.2068129473734979,15.932031100414646,0.220415390429558,108.6318336408506,10.422659624148272,7.66721434998394,-0.6553758101875264,0.1575152000859422,12.136255548185968,0.1677076499999396,4.892,weekly,2,origin2,weekly|N05B|B_rich,0.0118986615238063,5,linear,0.0,12.451730300710528,0.0,-0.0801557929903957,10.422659624148272,5.0,False,global,1.0,"{""0"": 0.0}",0.0,0.0,12.451730300710528
AR-LRX-Aug [linear],N05B,B_rich,pacf_train,1,1,236,26,13,2014-01-12,2018-07-15,2018-07-22,2019-01-13,2019-01-20,2019-04-14,"{""colsample_bytree"": 0.8, ""learning_rate"": 0.05, ""max_depth"": 3, ""n_estimators"": 500, ""subsample"": 0.8}",132,none,42,149.9343089044254,12.244766592484538,9.690390521007924,-0.483166047767041,0.2033754512614015,15.98222192969119,0.2091309208867208,96.02452727564932,9.79921054349019,7.628520732057666,-0.4632605775792333,0.1480931609688124,11.974802158095134,0.1610627167487174,5.391,weekly,2,origin2,weekly|N05B|B_rich,-0.2084475749126866,5,linear,0.2999999999999999,12.451730300710528,1.6621,-0.1073375362859143,10.422659624148272,5.0,True,global,1.0,"{""0"": 0.3}",0.3,0.3,12.25386969111075
XGBoost,N05B,B_rich,pacf_train,1,1,236,26,13,2014-01-12,2018-07-15,2018-07-22,2019-01-13,2019-01-20,2019-04-14,"{""colsample_bytree"": 0.8, ""learning_rate"": 0.05, ""max_depth"": 3, ""n_estimators"": 100, ""subsample"": 0.8}",12,none,42,162.60272225408042,12.751577245740249,9.94260890667255,-0.6084833330273758,0.211793157269226,16.31652866784266,0.2121800902849923,105.36295687277531,10.264645969188384,8.89856890164889,-0.6055633441083299,0.1551271769349558,13.806440078404249,0.1610344115656212,4.879,weekly,2,origin2,weekly|N05B|B_rich,,5,,,,,,,,,,,,,,
"LR-XGB (residual, tanpa gerbang)",N05B,B_rich,pacf_train,1,1,236,26,13,2014-01-12,2018-07-15,2018-07-22,2019-01-13,2019-01-20,2019-04-14,"{""colsample_bytree"": 0.8, ""learning_rate"": 0.05, ""max_depth"": 3, ""n_estimators"": 100, ""subsample"": 0.8}",12,none,42,166.72660432834388,12.912265654343695,10.04967276122218,-0.6492772108411693,0.2144620589069478,16.422185303036148,0.2186298539903189,104.78627095266144,10.236516543857164,8.947369803651805,-0.5967755708540521,0.1547020635551536,13.811792000710726,0.1589695201818241,4.882,weekly,2,origin2,weekly|N05B|B_rich,,5,,,,,,,5.0,,,,,,,
Naive,N05C,A_lag1,pacf_train,1,1,236,26,13,2014-01-12,2018-07-15,2018-07-22,2019-01-13,2019-01-20,2019-04-14,{},0,none,42,16.5,4.06201920231798,3.423076923076923,-1.283316274309109,0.8728305723989048,84.40724480198163,1.451848214612569,9.846153846153848,3.1378581622109447,2.769230769230769,-1.0342298288508558,0.799846198210633,86.40470640470639,1.1364947735781148,0.0,weekly,2,origin2,weekly|N05C|A_lag1,,5,,,,,,,,,,,,,,
SeasonalNaive(s=52),N05C,A_lag1,pacf_train,1,1,236,26,13,2014-01-12,2018-07-15,2018-07-22,2019-01-13,2019-01-20,2019-04-14,{},0,none,42,19.26923076923077,4.389673196176541,3.423076923076923,-1.6665301944728763,0.9432355628147938,93.8489715412792,1.4483732146535444,42.07692307692308,6.486672727749033,5.0,-7.693154034229829,1.6534655972693617,116.4835164835165,2.1886333043113324,0.0,weekly,2,origin2,weekly|N05C|A_lag1,,5,,,,,,,,,,,,,,
S1 [linear],N05C,A_lag1,pacf_train,1,1,236,26,13,2014-01-12,2018-07-15,2018-07-22,2019-01-13,2019-01-20,2019-04-14,{},0,none,42,7.978148243134432,2.824561601936561,2.466605069104076,-0.1040385286302714,0.6069305921516577,61.30038020109059,0.6872885796903303,4.9595799557257525,2.22701144041196,1.5995990451782631,-0.0246564945203571,0.5676695828501075,47.78025820923898,0.9678777727293748,0.007,weekly,2,origin2,weekly|N05C|A_lag1,,5,linear,0.0,2.824561601936561,0.0,,2.22701144041196,,,,,,,,
AR-LRX [linear],N05C,A_lag1,pacf_train,1,1,236,26,13,2014-01-12,2018-07-15,2018-07-22,2019-01-13,2019-01-20,2019-04-14,"{""colsample_bytree"": 0.8, ""learning_rate"": 0.1, ""max_depth"": 3, ""n_estimators"": 500, ""subsample"": 0.8}",132,none,42,7.744785183899238,2.782945415185005,2.3937591456619693,-0.0717450940257697,0.5979882710314885,60.03053646351737,0.7116636956221837,4.556476911574751,2.1345905723521668,1.6723014125097038,0.0586251857504487,0.5441113223642778,50.83494960298813,0.882589897256502,4.71,weekly,2,origin2,weekly|N05C|A_lag1,0.0938946444817317,5,linear,0.6,2.824561601936561,1.4734,-0.0212124420200896,2.22701144041196,5.0,,,,,,,
AR-LRX-g [linear],N05C,A_lag1,pacf_train,1,1,236,26,13,2014-01-12,2018-07-15,2018-07-22,2019-01-13,2019-01-20,2019-04-14,"{""colsample_bytree"": 0.8, ""learning_rate"": 0.1, ""max_depth"": 5, ""n_estimators"": 100, ""subsample"": 0.8}",132,none,42,7.883397545700272,2.807738867077968,2.438218801542898,-0.090926661390662,0.6033157896200593,60.8394239332848,0.6914437153099209,4.668328621408083,2.160631533003276,1.629535865504278,0.0355164584132443,0.5507492142949525,49.45143467742736,0.9015927655027172,4.517,weekly,2,origin2,weekly|N05C|A_lag1,0.0950756821088129,5,linear,0.4000000000000001,2.824561601936561,0.5956,-0.0476110731628285,2.22701144041196,5.0,False,global,1.0,"{""0"": 0.4}",0.4,0.4,2.87530464421103
AR-LRX-Aug [linear],N05C,A_lag1,pacf_train,1,1,236,26,13,2014-01-12,2018-07-15,2018-07-22,2019-01-13,2019-01-20,2019-04-14,"{""colsample_bytree"": 0.8, ""learning_rate"": 0.1, ""max_depth"": 3, ""n_estimators"": 100, ""subsample"": 0.8}",132,none,42,7.854808716767177,2.802643166149979,2.410651928346672,-0.0869704590654272,0.6022208456190037,60.44064500695342,0.6569707204907504,5.177475896700276,2.275406754121178,1.654467603342089,-0.0696741155774409,0.5800056432073591,48.98088048589665,0.9928992740193496,5.071,weekly,2,origin2,weekly|N05C|A_lag1,-0.2113947996196004,5,linear,0.2999999999999999,2.824561601936561,0.776,-0.1203188730369115,2.22701144041196,5.0,True,global,1.0,"{""0"": 0.3}",0.3,0.3,2.8879661421825413
XGBoost,N05C,A_lag1,pacf_train,1,1,236,26,13,2014-01-12,2018-07-15,2018-07-22,2019-01-13,2019-01-20,2019-04-14,"{""colsample_bytree"": 0.8, ""learning_rate"": 0.1, ""max_depth"": 3, ""n_estimators"": 500, ""subsample"": 0.8}",12,none,42,7.913167096952225,2.813035210755853,2.3940283977068386,-0.0950462553817204,0.6044538469392742,60.88960361365886,0.7490120626060066,4.395685041083381,2.096588906076578,1.7443892405583308,0.0918450220744603,0.5344246231175591,53.40317924654686,0.8260471004849826,4.387,weekly,2,origin2,weekly|N05C|A_lag1,,5,,,,,,,,,,,,,,
"LR-XGB (residual, tanpa gerbang)",N05C,A_lag1,pacf_train,1,1,236,26,13,2014-01-12,2018-07-15,2018-07-22,2019-01-13,2019-01-20,2019-04-14,"{""colsample_bytree"": 0.8, ""learning_rate"": 0.1, ""max_depth"": 3, ""n_estimators"": 500, ""subsample"": 0.8}",12,none,42,7.866167748743866,2.8046689196309544,2.387116432735451,-0.088542353766807,0.6026561314909489,60.66883938155184,0.7465099791662704,4.476772647083255,2.115838521032088,1.7590482037440869,0.0750922037199631,0.5393313877140617,53.80331996629175,0.8340258578935961,4.226,weekly,2,origin2,weekly|N05C|A_lag1,,5,,,,,,,5.0,,,,,,,
Naive,N05C,B_rich,pacf_train,1,1,236,26,13,2014-01-12,2018-07-15,2018-07-22,2019-01-13,2019-01-20,2019-04-14,{},0,none,42,16.5,4.06201920231798,3.423076923076923,-1.283316274309109,0.8728305723989048,84.40724480198163,1.451848214612569,9.846153846153848,3.1378581622109447,2.769230769230769,-1.0342298288508558,0.799846198210633,86.40470640470639,1.1364947735781148,0.0,weekly,2,origin2,weekly|N05C|B_rich,,5,,,,,,,,,,,,,,
SeasonalNaive(s=52),N05C,B_rich,pacf_train,1,1,236,26,13,2014-01-12,2018-07-15,2018-07-22,2019-01-13,2019-01-20,2019-04-14,{},0,none,42,19.26923076923077,4.389673196176541,3.423076923076923,-1.6665301944728763,0.9432355628147938,93.8489715412792,1.4483732146535444,42.07692307692308,6.486672727749033,5.0,-7.693154034229829,1.6534655972693617,116.4835164835165,2.1886333043113324,0.0,weekly,2,origin2,weekly|N05C|B_rich,,5,,,,,,,,,,,,,,
S1 [linear],N05C,B_rich,pacf_train,1,1,236,26,13,2014-01-12,2018-07-15,2018-07-22,2019-01-13,2019-01-20,2019-04-14,{},0,none,42,7.978148243134432,2.824561601936561,2.466605069104076,-0.1040385286302714,0.6069305921516577,61.30038020109059,0.6872885796903303,4.9595799557257525,2.22701144041196,1.5995990451782631,-0.0246564945203571,0.5676695828501075,47.78025820923898,0.9678777727293748,0.007,weekly,2,origin2,weekly|N05C|B_rich,,5,linear,0.0,2.824561601936561,0.0,,2.22701144041196,,,,,,,,
AR-LRX [linear],N05C,B_rich,pacf_train,1,1,236,26,13,2014-01-12,2018-07-15,2018-07-22,2019-01-13,2019-01-20,2019-04-14,"{""colsample_bytree"": 0.8, ""learning_rate"": 0.1, ""max_depth"": 3, ""n_estimators"": 500, ""subsample"": 0.8}",132,none,42,7.744785183899238,2.782945415185005,2.3937591456619693,-0.0717450940257697,0.5979882710314885,60.03053646351737,0.7116636956221837,4.556476911574751,2.1345905723521668,1.6723014125097038,0.0586251857504487,0.5441113223642778,50.83494960298813,0.882589897256502,5.962,weekly,2,origin2,weekly|N05C|B_rich,0.0938946444817317,5,linear,0.6,2.824561601936561,1.4734,-0.0212124420200896,2.22701144041196,5.0,,,,,,,
AR-LRX-g [linear],N05C,B_rich,pacf_train,1,1,236,26,13,2014-01-12,2018-07-15,2018-07-22,2019-01-13,2019-01-20,2019-04-14,"{""colsample_bytree"": 0.8, ""learning_rate"": 0.1, ""max_depth"": 5, ""n_estimators"": 100, ""subsample"": 0.8}",132,none,42,7.883397545700272,2.807738867077968,2.438218801542898,-0.090926661390662,0.6033157896200593,60.8394239332848,0.6914437153099209,4.668328621408083,2.160631533003276,1.629535865504278,0.0355164584132443,0.5507492142949525,49.45143467742736,0.9015927655027172,4.951,weekly,2,origin2,weekly|N05C|B_rich,0.0950756821088129,5,linear,0.4000000000000001,2.824561601936561,0.5956,-0.0476110731628285,2.22701144041196,5.0,False,global,1.0,"{""0"": 0.4}",0.4,0.4,2.87530464421103
AR-LRX-Aug [linear],N05C,B_rich,pacf_train,1,1,236,26,13,2014-01-12,2018-07-15,2018-07-22,2019-01-13,2019-01-20,2019-04-14,"{""colsample_bytree"": 0.8, ""learning_rate"": 0.1, ""max_depth"": 3, ""n_estimators"": 100, ""subsample"": 0.8}",132,none,42,7.854808716767177,2.802643166149979,2.410651928346672,-0.0869704590654272,0.6022208456190037,60.44064500695342,0.6569707204907504,5.177475896700276,2.275406754121178,1.654467603342089,-0.0696741155774409,0.5800056432073591,48.98088048589665,0.9928992740193496,4.173,weekly,2,origin2,weekly|N05C|B_rich,-0.2113947996196004,5,linear,0.2999999999999999,2.824561601936561,0.776,-0.1203188730369115,2.22701144041196,5.0,True,global,1.0,"{""0"": 0.3}",0.3,0.3,2.8879661421825413
XGBoost,N05C,B_rich,pacf_train,1,1,236,26,13,2014-01-12,2018-07-15,2018-07-22,2019-01-13,2019-01-20,2019-04-14,"{""colsample_bytree"": 0.8, ""learning_rate"": 0.1, ""max_depth"": 3, ""n_estimators"": 500, ""subsample"": 0.8}",12,none,42,7.913167096952225,2.813035210755853,2.3940283977068386,-0.0950462553817204,0.6044538469392742,60.88960361365886,0.7490120626060066,4.395685041083381,2.096588906076578,1.7443892405583308,0.0918450220744603,0.5344246231175591,53.40317924654686,0.8260471004849826,5.061,weekly,2,origin2,weekly|N05C|B_rich,,5,,,,,,,,,,,,,,
"LR-XGB (residual, tanpa gerbang)",N05C,B_rich,pacf_train,1,1,236,26,13,2014-01-12,2018-07-15,2018-07-22,2019-01-13,2019-01-20,2019-04-14,"{""colsample_bytree"": 0.8, ""learning_rate"": 0.1, ""max_depth"": 3, ""n_estimators"": 500, ""subsample"": 0.8}",12,none,42,7.866167748743866,2.8046689196309544,2.387116432735451,-0.088542353766807,0.6026561314909489,60.66883938155184,0.7465099791662704,4.476772647083255,2.115838521032088,1.7590482037440869,0.0750922037199631,0.5393313877140617,53.80331996629175,0.8340258578935961,4.453,weekly,2,origin2,weekly|N05C|B_rich,,5,,,,,,,5.0,,,,,,,
Naive,R03,A_lag1,pacf_train,1,1,236,26,13,2014-01-12,2018-07-15,2018-07-22,2019-01-13,2019-01-20,2019-04-14,{},0,none,42,899.5,29.991665508937647,22.884615384615383,-0.1168576886341929,0.5261695703322394,45.22144366224925,1.1178610748201856,1459.8461538461538,38.20793312711581,30.923076923076923,-0.4186792713221088,0.5748878826996591,46.04223697682793,0.6035594894204898,0.0,weekly,2,origin2,weekly|R03|A_lag1,,5,,,,,,,,,,,,,,
SeasonalNaive(s=52),R03,A_lag1,pacf_train,1,1,236,26,13,2014-01-12,2018-07-15,2018-07-22,2019-01-13,2019-01-20,2019-04-14,{},0,none,42,824.1153846153846,28.70740992523332,23.115384615384617,-0.0232569245463227,0.5036387706181285,49.71820504032637,0.448781120078855,1420.889423076923,37.69468693432701,28.25,-0.3808210995721779,0.5671654284100128,43.18847869161885,0.6538202672272958,0.0,weekly,2,origin2,weekly|R03|A_lag1,,5,,,,,,,,,,,,,,
S1 [linear],R03,A_lag1,pacf_train,1,1,236,26,13,2014-01-12,2018-07-15,2018-07-22,2019-01-13,2019-01-20,2019-04-14,{},0,none,42,829.3677221714722,28.79874514925038,21.51153148039669,-0.0297784515978165,0.5052411429693049,43.439009555019744,1.3923335403003378,1219.9113278604214,34.92722903209502,24.77132700421676,-0.1855104793932931,0.5255254368255038,38.293041082092905,0.411954324013939,0.006,weekly,2,origin2,weekly|R03|A_lag1,,5,linear,0.0,28.79874514925038,0.0,,34.92722903209502,,,,,,,,
AR-LRX [linear],R03,A_lag1,pacf_train,1,1,236,26,13,2014-01-12,2018-07-15,2018-07-22,2019-01-13,2019-01-20,2019-04-14,"{""colsample_bytree"": 0.8, ""learning_rate"": 0.05, ""max_depth"": 3, ""n_estimators"": 100, ""subsample"": 0.8}",132,none,42,828.1397523445726,28.777417402271745,21.37173598415938,-0.0282537517172343,0.5048669719696798,43.0916105585827,1.3641990648246531,1210.0153530554558,34.78527494580797,24.91420674190112,-0.1758935657970606,0.5233895535827587,38.59549169328664,0.4211893735139283,4.596,weekly,2,origin2,weekly|R03|A_lag1,-0.2071585903619055,5,linear,0.1,28.79874514925038,0.0741,-0.4254460172971277,34.92722903209502,5.0,,,,,,,
AR-LRX-g [linear],R03,A_lag1,pacf_train,1,1,236,26,13,2014-01-12,2018-07-15,2018-07-22,2019-01-13,2019-01-20,2019-04-14,"{""colsample_bytree"": 0.8, ""learning_rate"": 0.1, ""max_depth"": 5, ""n_estimators"": 100, ""subsample"": 0.8}",132,none,42,829.3677221714722,28.79874514925038,21.51153148039669,-0.0297784515978165,0.5052411429693049,43.439009555019744,1.3923335403003378,1219.9113278604214,34.92722903209502,24.77132700421676,-0.1855104793932931,0.5255254368255038,38.293041082092905,0.411954324013939,4.501,weekly,2,origin2,weekly|R03|A_lag1,-0.2083947878094314,5,linear,0.0,28.79874514925038,0.0,-0.6451909542131691,34.92722903209502,5.0,False,global,1.0,"{""0"": 0.0}",0.0,0.0,29.84934029555125
AR-LRX-Aug [linear],R03,A_lag1,pacf_train,1,1,236,26,13,2014-01-12,2018-07-15,2018-07-22,2019-01-13,2019-01-20,2019-04-14,"{""colsample_bytree"": 0.8, ""learning_rate"": 0.05, ""max_depth"": 3, ""n_estimators"": 500, ""subsample"": 0.8}",132,none,42,816.3070123102201,28.571086999101382,21.632774589369163,-0.013561715380407,0.501247140335112,44.26591998897304,1.3321493214026272,1306.9243710581345,36.15140897749539,26.5148621689031,-0.2700698012054048,0.5439448110039815,41.39105406626152,0.4814648707985329,5.023,weekly,2,origin2,weekly|R03|A_lag1,-0.6990150325137008,5,linear,0.2999999999999999,28.79874514925038,0.7905,-0.3921896157939912,34.92722903209502,5.0,True,global,1.0,"{""0"": 0.3}",0.3,0.3,29.24640908411341
XGBoost,R03,A_lag1,pacf_train,1,1,236,26,13,2014-01-12,2018-07-15,2018-07-22,2019-01-13,2019-01-20,2019-04-14,"{""colsample_bytree"": 0.8, ""learning_rate"": 0.05, ""max_depth"": 3, ""n_estimators"": 100, ""subsample"": 0.8}",12,none,42,967.3438292798372,31.102151521716905,24.499848769261288,-0.2010954900322714,0.5456517810827527,51.11378126819213,1.1587112238615584,1273.0511603132663,35.679842492831526,27.727948408860428,-0.2371517969278569,0.5368494819523262,43.83307335628336,0.5388471109790229,5.09,weekly,2,origin2,weekly|R03|A_lag1,,5,,,,,,,,,,,,,,
"LR-XGB (residual, tanpa gerbang)",R03,A_lag1,pacf_train,1,1,236,26,13,2014-01-12,2018-07-15,2018-07-22,2019-01-13,2019-01-20,2019-04-14,"{""colsample_bytree"": 0.8, ""learning_rate"": 0.05, ""max_depth"": 3, ""n_estimators"": 100, ""subsample"": 0.8}",12,none,42,899.7916401362171,29.996527134590384,23.14238547698604,-0.1172198015062868,0.5262548620103576,47.7920268534273,1.14080780444582,1179.498204798606,34.343823386434515,26.22223861719161,-0.146236984836257,0.5167473426199637,41.1833798036449,0.5340390955727309,4.36,weekly,2,origin2,weekly|R03|A_lag1,,5,,,,,,,5.0,,,,,,,
Naive,R03,B_rich,pacf_train,1,1,236,26,13,2014-01-12,2018-07-15,2018-07-22,2019-01-13,2019-01-20,2019-04-14,{},0,none,42,899.5,29.991665508937647,22.884615384615383,-0.1168576886341929,0.5261695703322394,45.22144366224925,1.1178610748201856,1459.8461538461538,38.20793312711581,30.923076923076923,-0.4186792713221088,0.5748878826996591,46.04223697682793,0.6035594894204898,0.0,weekly,2,origin2,weekly|R03|B_rich,,5,,,,,,,,,,,,,,
SeasonalNaive(s=52),R03,B_rich,pacf_train,1,1,236,26,13,2014-01-12,2018-07-15,2018-07-22,2019-01-13,2019-01-20,2019-04-14,{},0,none,42,824.1153846153846,28.70740992523332,23.115384615384617,-0.0232569245463227,0.5036387706181285,49.71820504032637,0.448781120078855,1420.889423076923,37.69468693432701,28.25,-0.3808210995721779,0.5671654284100128,43.18847869161885,0.6538202672272958,0.0,weekly,2,origin2,weekly|R03|B_rich,,5,,,,,,,,,,,,,,
S1 [linear],R03,B_rich,pacf_train,1,1,236,26,13,2014-01-12,2018-07-15,2018-07-22,2019-01-13,2019-01-20,2019-04-14,{},0,none,42,829.3677221714722,28.79874514925038,21.51153148039669,-0.0297784515978165,0.5052411429693049,43.439009555019744,1.3923335403003378,1219.9113278604214,34.92722903209502,24.77132700421676,-0.1855104793932931,0.5255254368255038,38.293041082092905,0.411954324013939,0.007,weekly,2,origin2,weekly|R03|B_rich,,5,linear,0.0,28.79874514925038,0.0,,34.92722903209502,,,,,,,,
AR-LRX [linear],R03,B_rich,pacf_train,1,1,236,26,13,2014-01-12,2018-07-15,2018-07-22,2019-01-13,2019-01-20,2019-04-14,"{""colsample_bytree"": 0.8, ""learning_rate"": 0.05, ""max_depth"": 3, ""n_estimators"": 100, ""subsample"": 0.8}",132,none,42,828.1397523445726,28.777417402271745,21.37173598415938,-0.0282537517172343,0.5048669719696798,43.0916105585827,1.3641990648246531,1210.0153530554558,34.78527494580797,24.91420674190112,-0.1758935657970606,0.5233895535827587,38.59549169328664,0.4211893735139283,4.526,weekly,2,origin2,weekly|R03|B_rich,-0.2071585903619055,5,linear,0.1,28.79874514925038,0.0741,-0.4254460172971277,34.92722903209502,5.0,,,,,,,
AR-LRX-g [linear],R03,B_rich,pacf_train,1,1,236,26,13,2014-01-12,2018-07-15,2018-07-22,2019-01-13,2019-01-20,2019-04-14,"{""colsample_bytree"": 0.8, ""learning_rate"": 0.1, ""max_depth"": 5, ""n_estimators"": 100, ""subsample"": 0.8}",132,none,42,829.3677221714722,28.79874514925038,21.51153148039669,-0.0297784515978165,0.5052411429693049,43.439009555019744,1.3923335403003378,1219.9113278604214,34.92722903209502,24.77132700421676,-0.1855104793932931,0.5255254368255038,38.293041082092905,0.411954324013939,4.636,weekly,2,origin2,weekly|R03|B_rich,-0.2083947878094314,5,linear,0.0,28.79874514925038,0.0,-0.6451909542131691,34.92722903209502,5.0,False,global,1.0,"{""0"": 0.0}",0.0,0.0,29.84934029555125
AR-LRX-Aug [linear],R03,B_rich,pacf_train,1,1,236,26,13,2014-01-12,2018-07-15,2018-07-22,2019-01-13,2019-01-20,2019-04-14,"{""colsample_bytree"": 0.8, ""learning_rate"": 0.05, ""max_depth"": 3, ""n_estimators"": 500, ""subsample"": 0.8}",132,none,42,816.3070123102201,28.571086999101382,21.632774589369163,-0.013561715380407,0.501247140335112,44.26591998897304,1.3321493214026272,1306.9243710581345,36.15140897749539,26.5148621689031,-0.2700698012054048,0.5439448110039815,41.39105406626152,0.4814648707985329,5.214,weekly,2,origin2,weekly|R03|B_rich,-0.6990150325137008,5,linear,0.2999999999999999,28.79874514925038,0.7905,-0.3921896157939912,34.92722903209502,5.0,True,global,1.0,"{""0"": 0.3}",0.3,0.3,29.24640908411341
XGBoost,R03,B_rich,pacf_train,1,1,236,26,13,2014-01-12,2018-07-15,2018-07-22,2019-01-13,2019-01-20,2019-04-14,"{""colsample_bytree"": 0.8, ""learning_rate"": 0.05, ""max_depth"": 3, ""n_estimators"": 100, ""subsample"": 0.8}",12,none,42,967.3438292798372,31.102151521716905,24.499848769261288,-0.2010954900322714,0.5456517810827527,51.11378126819213,1.1587112238615584,1273.0511603132663,35.679842492831526,27.727948408860428,-0.2371517969278569,0.5368494819523262,43.83307335628336,0.5388471109790229,4.597,weekly,2,origin2,weekly|R03|B_rich,,5,,,,,,,,,,,,,,
"LR-XGB (residual, tanpa gerbang)",R03,B_rich,pacf_train,1,1,236,26,13,2014-01-12,2018-07-15,2018-07-22,2019-01-13,2019-01-20,2019-04-14,"{""colsample_bytree"": 0.8, ""learning_rate"": 0.05, ""max_depth"": 3, ""n_estimators"": 100, ""subsample"": 0.8}",12,none,42,899.7916401362171,29.996527134590384,23.14238547698604,-0.1172198015062868,0.5262548620103576,47.7920268534273,1.14080780444582,1179.498204798606,34.343823386434515,26.22223861719161,-0.146236984836257,0.5167473426199637,41.1833798036449,0.5340390955727309,4.329,weekly,2,origin2,weekly|R03|B_rich,,5,,,,,,,5.0,,,,,,,
Naive,R06,A_lag1,pacf_train,1,1,236,26,13,2014-01-12,2018-07-15,2018-07-22,2019-01-13,2019-01-20,2019-04-14,{},0,none,42,49.72461538461539,7.051568292558429,5.784615384615384,0.0806870894366574,0.4130226979196196,34.15338766505271,0.5213020330159669,69.80538461538461,8.354961676476117,6.5,0.7195972525207965,0.2972482260377381,28.87830508895256,0.3118493417632672,0.0,weekly,2,origin2,weekly|R06|A_lag1,,5,,,,,,,,,,,,,,
SeasonalNaive(s=52),R06,A_lag1,pacf_train,1,1,236,26,13,2014-01-12,2018-07-15,2018-07-22,2019-01-13,2019-01-20,2019-04-14,{},0,none,42,53.08730769230769,7.286103738783005,5.488461538461538,0.0185173485788925,0.4267598495344856,35.35291064336923,0.3550947442706315,231.3178153846154,15.209135918408233,12.287692307692309,0.0708145033207342,0.5411022631070251,51.89259304082496,0.4425830498263262,0.0,weekly,2,origin2,weekly|R06|A_lag1,,5,,,,,,,,,,,,,,
S1 [linear],R06,A_lag1,pacf_train,1,1,236,26,13,2014-01-12,2018-07-15,2018-07-22,2019-01-13,2019-01-20,2019-04-14,{},0,none,42,42.59837808511176,6.526743298545743,5.511445253827948,0.2124375696062571,0.3822827793696537,32.95619819750123,0.5334150890232442,76.18829289841172,8.728590544779363,6.818398472980077,0.6939576112620316,0.3105409881831738,25.95283933506232,0.2931675489187929,0.008,weekly,2,origin2,weekly|R06|A_lag1,,5,linear,0.0,6.526743298545743,0.0,,8.728590544779363,,,,,,,,
AR-LRX [linear],R06,A_lag1,pacf_train,1,1,236,26,13,2014-01-12,2018-07-15,2018-07-22,2019-01-13,2019-01-20,2019-04-14,"{""colsample_bytree"": 0.8, ""learning_rate"": 0.1, ""max_depth"": 5, ""n_estimators"": 500, ""subsample"": 0.8}",132,none,42,39.43469046223558,6.27970464769129,4.978605275169712,0.2709280949567935,0.3678132931740787,30.281324514456763,0.5043500848120053,113.72206314907,10.664054723653194,8.418356377471936,0.5431874040706192,0.3793998670155761,30.285781990560523,0.3135647227490719,4.968,weekly,2,origin2,weekly|R06|A_lag1,-3.2709736840460835,5,linear,0.3,6.526743298545743,3.785,-0.2893357314624156,8.728590544779363,5.0,,,,,,,
AR-LRX-g [linear],R06,A_lag1,pacf_train,1,1,236,26,13,2014-01-12,2018-07-15,2018-07-22,2019-01-13,2019-01-20,2019-04-14,"{""colsample_bytree"": 0.8, ""learning_rate"": 0.05, ""max_depth"": 5, ""n_estimators"": 100, ""subsample"": 0.8}",132,none,42,41.645519700783936,6.45333399885547,5.37159635610719,0.2300540963078817,0.3779830681915797,32.21051073652035,0.5176365184299813,103.82735171284185,10.189570732510855,7.991522838144759,0.5829336827784768,0.3625189368435718,28.46738877606714,0.3055435439181183,4.503,weekly,2,origin2,weekly|R06|A_lag1,-1.7679530922104654,5,linear,0.4000000000000001,6.526743298545743,1.1247,-0.0865667684837177,8.728590544779363,5.0,False,global,1.0,"{""0"": 0.4}",0.4,0.4,6.981841797045814
AR-LRX-Aug [linear],R06,A_lag1,pacf_train,1,1,236,26,13,2014-01-12,2018-07-15,2018-07-22,2019-01-13,2019-01-20,2019-04-14,"{""colsample_bytree"": 0.8, ""learning_rate"": 0.05, ""max_depth"": 3, ""n_estimators"": 500, ""subsample"": 0.8}",132,none,42,42.32860472005472,6.506043707204458,5.499463669581607,0.2174251624816318,0.3810703680723494,32.794983654459664,0.5179135719533058,91.6502402720092,9.573413198645987,7.42233213515621,0.6318481830449416,0.3405976233782097,26.900379295909392,0.2966617747173382,5.181,weekly,2,origin2,weekly|R06|A_lag1,-2.1390379235750925,5,linear,0.2,6.526743298545743,0.3172,-0.1299045207408911,8.728590544779363,5.0,True,global,1.0,"{""0"": 0.2}",0.2,0.2,7.200003875465391
XGBoost,R06,A_lag1,pacf_train,1,1,236,26,13,2014-01-12,2018-07-15,2018-07-22,2019-01-13,2019-01-20,2019-04-14,"{""colsample_bytree"": 0.8, ""learning_rate"": 0.1, ""max_depth"": 3, ""n_estimators"": 100, ""subsample"": 0.8}",12,none,42,45.02625340448162,6.710160460412375,5.492918843489426,0.1675508045891589,0.3930258435925248,32.40784733079758,0.5033431995637976,158.88559947626388,12.604983120824237,9.726245498657228,0.3617690257922346,0.448453148797797,33.38371252832971,0.3392046059218775,4.563,weekly,2,origin2,weekly|R06|A_lag1,,5,,,,,,,,,,,,,,
"LR-XGB (residual, tanpa gerbang)",R06,A_lag1,pacf_train,1,1,236,26,13,2014-01-12,2018-07-15,2018-07-22,2019-01-13,2019-01-20,2019-04-14,"{""colsample_bytree"": 0.8, ""learning_rate"": 0.05, ""max_depth"": 5, ""n_estimators"": 100, ""subsample"": 0.8}",12,none,42,44.89595979084215,6.700444745749505,5.471244006488283,0.1699596839793006,0.3924567771783896,32.21669047361267,0.5067091701597717,162.73381899947847,12.756716622998194,9.751209385891784,0.3463110302069674,0.4538514397892077,32.61494829835432,0.3422569765584654,4.463,weekly,2,origin2,weekly|R06|A_lag1,,5,,,,,,,5.0,,,,,,,
Naive,R06,B_rich,pacf_train,1,1,236,26,13,2014-01-12,2018-07-15,2018-07-22,2019-01-13,2019-01-20,2019-04-14,{},0,none,42,49.72461538461539,7.051568292558429,5.784615384615384,0.0806870894366574,0.4130226979196196,34.15338766505271,0.5213020330159669,69.80538461538461,8.354961676476117,6.5,0.7195972525207965,0.2972482260377381,28.87830508895256,0.3118493417632672,0.0,weekly,2,origin2,weekly|R06|B_rich,,5,,,,,,,,,,,,,,
SeasonalNaive(s=52),R06,B_rich,pacf_train,1,1,236,26,13,2014-01-12,2018-07-15,2018-07-22,2019-01-13,2019-01-20,2019-04-14,{},0,none,42,53.08730769230769,7.286103738783005,5.488461538461538,0.0185173485788925,0.4267598495344856,35.35291064336923,0.3550947442706315,231.3178153846154,15.209135918408233,12.287692307692309,0.0708145033207342,0.5411022631070251,51.89259304082496,0.4425830498263262,0.0,weekly,2,origin2,weekly|R06|B_rich,,5,,,,,,,,,,,,,,
S1 [linear],R06,B_rich,pacf_train,1,1,236,26,13,2014-01-12,2018-07-15,2018-07-22,2019-01-13,2019-01-20,2019-04-14,{},0,none,42,42.59837808511176,6.526743298545743,5.511445253827948,0.2124375696062571,0.3822827793696537,32.95619819750123,0.5334150890232442,76.18829289841172,8.728590544779363,6.818398472980077,0.6939576112620316,0.3105409881831738,25.95283933506232,0.2931675489187929,0.006,weekly,2,origin2,weekly|R06|B_rich,,5,linear,0.0,6.526743298545743,0.0,,8.728590544779363,,,,,,,,
AR-LRX [linear],R06,B_rich,pacf_train,1,1,236,26,13,2014-01-12,2018-07-15,2018-07-22,2019-01-13,2019-01-20,2019-04-14,"{""colsample_bytree"": 0.8, ""learning_rate"": 0.1, ""max_depth"": 5, ""n_estimators"": 500, ""subsample"": 0.8}",132,none,42,39.43469046223558,6.27970464769129,4.978605275169712,0.2709280949567935,0.3678132931740787,30.281324514456763,0.5043500848120053,113.72206314907,10.664054723653194,8.418356377471936,0.5431874040706192,0.3793998670155761,30.285781990560523,0.3135647227490719,5.506,weekly,2,origin2,weekly|R06|B_rich,-3.2709736840460835,5,linear,0.3,6.526743298545743,3.785,-0.2893357314624156,8.728590544779363,5.0,,,,,,,
AR-LRX-g [linear],R06,B_rich,pacf_train,1,1,236,26,13,2014-01-12,2018-07-15,2018-07-22,2019-01-13,2019-01-20,2019-04-14,"{""colsample_bytree"": 0.8, ""learning_rate"": 0.05, ""max_depth"": 5, ""n_estimators"": 100, ""subsample"": 0.8}",132,none,42,41.645519700783936,6.45333399885547,5.37159635610719,0.2300540963078817,0.3779830681915797,32.21051073652035,0.5176365184299813,103.82735171284185,10.189570732510855,7.991522838144759,0.5829336827784768,0.3625189368435718,28.46738877606714,0.3055435439181183,5.633,weekly,2,origin2,weekly|R06|B_rich,-1.7679530922104654,5,linear,0.4000000000000001,6.526743298545743,1.1247,-0.0865667684837177,8.728590544779363,5.0,False,global,1.0,"{""0"": 0.4}",0.4,0.4,6.981841797045814
AR-LRX-Aug [linear],R06,B_rich,pacf_train,1,1,236,26,13,2014-01-12,2018-07-15,2018-07-22,2019-01-13,2019-01-20,2019-04-14,"{""colsample_bytree"": 0.8, ""learning_rate"": 0.05, ""max_depth"": 3, ""n_estimators"": 500, ""subsample"": 0.8}",132,none,42,42.32860472005472,6.506043707204458,5.499463669581607,0.2174251624816318,0.3810703680723494,32.794983654459664,0.5179135719533058,91.6502402720092,9.573413198645987,7.42233213515621,0.6318481830449416,0.3405976233782097,26.900379295909392,0.2966617747173382,4.928,weekly,2,origin2,weekly|R06|B_rich,-2.1390379235750925,5,linear,0.2,6.526743298545743,0.3172,-0.1299045207408911,8.728590544779363,5.0,True,global,1.0,"{""0"": 0.2}",0.2,0.2,7.200003875465391
XGBoost,R06,B_rich,pacf_train,1,1,236,26,13,2014-01-12,2018-07-15,2018-07-22,2019-01-13,2019-01-20,2019-04-14,"{""colsample_bytree"": 0.8, ""learning_rate"": 0.1, ""max_depth"": 3, ""n_estimators"": 100, ""subsample"": 0.8}",12,none,42,45.02625340448162,6.710160460412375,5.492918843489426,0.1675508045891589,0.3930258435925248,32.40784733079758,0.5033431995637976,158.88559947626388,12.604983120824237,9.726245498657228,0.3617690257922346,0.448453148797797,33.38371252832971,0.3392046059218775,4.928,weekly,2,origin2,weekly|R06|B_rich,,5,,,,,,,,,,,,,,
"LR-XGB (residual, tanpa gerbang)",R06,B_rich,pacf_train,1,1,236,26,13,2014-01-12,2018-07-15,2018-07-22,2019-01-13,2019-01-20,2019-04-14,"{""colsample_bytree"": 0.8, ""learning_rate"": 0.05, ""max_depth"": 5, ""n_estimators"": 100, ""subsample"": 0.8}",12,none,42,44.89595979084215,6.700444745749505,5.471244006488283,0.1699596839793006,0.3924567771783896,32.21669047361267,0.5067091701597717,162.73381899947847,12.756716622998194,9.751209385891784,0.3463110302069674,0.4538514397892077,32.61494829835432,0.3422569765584654,4.625,weekly,2,origin2,weekly|R06|B_rich,,5,,,,,,,5.0,,,,,,,
Naive,M01AB,A_lag1,pacf_train,1,7,1559,180,90,2014-01-09,2018-04-16,2018-04-17,2018-10-13,2018-10-14,2019-01-11,{},0,none,42,14.88907388888889,3.8586362732044193,2.974277777777778,-1.0047077591397242,0.7806176220025799,64.301558683549,1.3325565735782112,17.134704444444445,4.139408707103521,3.336888888888889,-1.138856977433385,0.8142387193235934,75.76391614487989,2.3622879623019992,0.0,daily,5,origin3,daily|M01AB|A_lag1,,5,,,,,,,,,,,,,,
SeasonalNaive(s=7),M01AB,A_lag1,pacf_train,1,7,1559,180,90,2014-01-09,2018-04-16,2018-04-17,2018-10-13,2018-10-14,2019-01-11,{},0,none,42,14.601069444444445,3.8211345755474833,3.1325000000000003,-0.9659300118632216,0.7730308778854139,66.7851584961431,1.21190493337439,16.889567777777778,4.109691932222874,3.410333333333334,-1.108257542723278,0.8083933074705133,76.95817134600011,1.602770695246442,0.0,daily,5,origin3,daily|M01AB|A_lag1,,5,,,,,,,,,,,,,,
S1 [linear],M01AB,A_lag1,pacf_train,1,7,1559,180,90,2014-01-09,2018-04-16,2018-04-17,2018-10-13,2018-10-14,2019-01-11,{},0,none,42,7.485139399379927,2.73589828015954,2.246854248810381,-0.0078207109562,0.5534832148679035,48.45330564646692,1.0399548301044408,8.152304494711077,2.8552240708412144,2.225840510874875,-0.0176197323513085,0.561634319132118,49.96357641895292,1.7957819215048665,0.008,daily,5,origin3,daily|M01AB|A_lag1,,5,linear,0.0,2.73589828015954,0.0,,2.8552240708412144,,,,,,,,
AR-LRX [linear],M01AB,A_lag1,pacf_train,1,7,1559,180,90,2014-01-09,2018-04-16,2018-04-17,2018-10-13,2018-10-14,2019-01-11,"{""colsample_bytree"": 0.8, ""learning_rate"": 0.05, ""max_depth"": 3, ""n_estimators"": 300, ""subsample"": 0.8}",132,none,42,7.371837613606276,2.715112817841328,2.2079818346075464,0.0074345675627901,0.5492782323253038,47.64843093294694,1.060715934706045,8.324527316050641,2.885225695859969,2.239517148102619,-0.0391176218707758,0.5675357621790383,50.490566369254594,1.6926310533132836,5.038,daily,5,origin3,daily|M01AB|A_lag1,-0.0464082181065166,5,linear,0.7,2.73589828015954,0.7597,0.0111655564286776,2.8552240708412144,5.0,,,,,,,
AR-LRX-g [linear],M01AB,A_lag1,pacf_train,1,7,1559,180,90,2014-01-09,2018-04-16,2018-04-17,2018-10-13,2018-10-14,2019-01-11,"{""colsample_bytree"": 0.8, ""learning_rate"": 0.05, ""max_depth"": 3, ""n_estimators"": 300, ""subsample"": 0.8}",132,none,42,7.371837613606276,2.715112817841328,2.2079818346075464,0.0074345675627901,0.5492782323253038,47.64843093294694,1.060715934706045,8.324527324716772,2.8852256973617805,2.239517149489255,-0.0391176229525345,0.5675357624744508,50.490566403541,1.692631052086519,5.271,daily,5,origin3,daily|M01AB|A_lag1,-0.0464082181065166,5,linear,0.7000000000000002,2.73589828015954,0.7597,0.0111655564286776,2.8552240708412144,5.0,False,global,1.0,"{""0"": 0.7}",0.7,0.7,2.7235131537400044
AR-LRX-Aug [linear],M01AB,A_lag1,pacf_train,1,7,1559,180,90,2014-01-09,2018-04-16,2018-04-17,2018-10-13,2018-10-14,2019-01-11,"{""colsample_bytree"": 0.8, ""learning_rate"": 0.1, ""max_depth"": 3, ""n_estimators"": 100, ""subsample"": 0.8}",132,none,42,7.236384035495671,2.690052794183726,2.207503806239907,0.025672427154864,0.5442084888486324,47.57327312496394,1.0751043057419627,8.111064095214896,2.847992994235572,2.2480010225156537,-0.0124718573762521,0.5602119366201894,50.662314588579406,1.7350739496829788,5.132,daily,5,origin3,daily|M01AB|A_lag1,0.0039153536076438,5,linear,1.0,2.73589828015954,1.6757,0.0330988311330919,2.8552240708412144,5.0,True,global,1.0,"{""0"": 1.0}",1.0,1.0,2.6919698410741315
XGBoost,M01AB,A_lag1,pacf_train,1,7,1559,180,90,2014-01-09,2018-04-16,2018-04-17,2018-10-13,2018-10-14,2019-01-11,"{""colsample_bytree"": 0.8, ""learning_rate"": 0.1, ""max_depth"": 3, ""n_estimators"": 100, ""subsample"": 0.8}",12,none,42,7.361600057221985,2.7132268716828647,2.202280191209581,0.0088129816180482,0.5488966978397478,47.49708126811984,1.0638011071586522,8.361340131700663,2.8915981967937148,2.239861643897162,-0.0437128191715117,0.5687892593247242,50.67311470375271,1.70470730938272,5.367,daily,5,origin3,daily|M01AB|A_lag1,,5,,,,,,,,,,,,,,
"LR-XGB (residual, tanpa gerbang)",M01AB,A_lag1,pacf_train,1,7,1559,180,90,2014-01-09,2018-04-16,2018-04-17,2018-10-13,2018-10-14,2019-01-11,"{""colsample_bytree"": 0.8, ""learning_rate"": 0.1, ""max_depth"": 3, ""n_estimators"": 100, ""subsample"": 0.8}",12,none,42,7.389445941397505,2.718353535027684,2.202465594175958,0.0050637316322293,0.5499338424332488,47.49276343758408,1.0701331304371682,8.397580771607283,2.8978579626350363,2.236214525008897,-0.0482365940508651,0.5700205810140169,50.51352119918604,1.7054554937406752,5.418,daily,5,origin3,daily|M01AB|A_lag1,,5,,,,,,,5.0,,,,,,,
Naive,M01AB,B_rich,pacf_train,8,7,1559,180,90,2014-01-09,2018-04-16,2018-04-17,2018-10-13,2018-10-14,2019-01-11,{},0,none,42,14.88907388888889,3.8586362732044193,2.974277777777778,-1.0047077591397242,0.7806176220025799,64.301558683549,1.3325565735782112,17.134704444444445,4.139408707103521,3.336888888888889,-1.138856977433385,0.8142387193235934,75.76391614487989,2.3622879623019992,0.0,daily,5,origin3,daily|M01AB|B_rich,,5,,,,,,,,,,,,,,
SeasonalNaive(s=7),M01AB,B_rich,pacf_train,8,7,1559,180,90,2014-01-09,2018-04-16,2018-04-17,2018-10-13,2018-10-14,2019-01-11,{},0,none,42,14.601069444444445,3.8211345755474833,3.1325000000000003,-0.9659300118632216,0.7730308778854139,66.7851584961431,1.21190493337439,16.889567777777778,4.109691932222874,3.410333333333334,-1.108257542723278,0.8083933074705133,76.95817134600011,1.602770695246442,0.0,daily,5,origin3,daily|M01AB|B_rich,,5,,,,,,,,,,,,,,
S1 [linear],M01AB,B_rich,pacf_train,8,7,1559,180,90,2014-01-09,2018-04-16,2018-04-17,2018-10-13,2018-10-14,2019-01-11,{},0,none,42,7.751805207133283,2.7842063873091885,2.2940761289316143,-0.0437253627760392,0.5632561390454104,49.328017584105446,1.0409135402571943,8.046791399097089,2.8366866938555426,2.1967053498810705,-0.0044489524585893,0.5579879408292145,49.543542627535366,1.6777496366861588,0.013,daily,5,origin3,daily|M01AB|B_rich,,5,linear,0.0,2.7842063873091885,0.0,,2.8366866938555426,,,,,,,,
AR-LRX [linear],M01AB,B_rich,pacf_train,8,7,1559,180,90,2014-01-09,2018-04-16,2018-04-17,2018-10-13,2018-10-14,2019-01-11,"{""colsample_bytree"": 0.8, ""learning_rate"": 0.05, ""max_depth"": 3, ""n_estimators"": 100, ""subsample"": 0.8}",132,none,42,7.751805207133283,2.7842063873091885,2.2940761289316143,-0.0437253627760392,0.5632561390454104,49.328017584105446,1.0409135402571943,8.046791399097089,2.8366866938555426,2.1967053498810705,-0.0044489524585893,0.5579879408292145,49.543542627535366,1.6777496366861588,6.775,daily,5,origin3,daily|M01AB|B_rich,-0.0217340397432133,5,linear,0.0,2.7842063873091885,0.0,-0.0786864094043051,2.8366866938555426,5.0,,,,,,,
AR-LRX-g [linear],M01AB,B_rich,pacf_train,8,7,1559,180,90,2014-01-09,2018-04-16,2018-04-17,2018-10-13,2018-10-14,2019-01-11,"{""colsample_bytree"": 0.8, ""learning_rate"": 0.05, ""max_depth"": 3, ""n_estimators"": 100, ""subsample"": 0.8}",132,none,42,7.751805207133283,2.7842063873091885,2.2940761289316143,-0.0437253627760392,0.5632561390454104,49.328017584105446,1.0409135402571943,8.046791399097089,2.8366866938555426,2.1967053498810705,-0.0044489524585893,0.5579879408292145,49.543542627535366,1.6777496366861588,6.316,daily,5,origin3,daily|M01AB|B_rich,-0.0217340397432133,5,linear,0.0,2.7842063873091885,0.0,-0.0786864094043051,2.8366866938555426,5.0,False,global,1.0,"{""0"": 0.0}",0.0,0.0,2.7842063873091885
AR-LRX-Aug [linear],M01AB,B_rich,pacf_train,8,7,1559,180,90,2014-01-09,2018-04-16,2018-04-17,2018-10-13,2018-10-14,2019-01-11,"{""colsample_bytree"": 0.8, ""learning_rate"": 0.05, ""max_depth"": 3, ""n_estimators"": 100, ""subsample"": 0.8}",132,none,42,7.751805207133283,2.7842063873091885,2.2940761289316143,-0.0437253627760392,0.5632561390454104,49.328017584105446,1.0409135402571943,8.046791399097089,2.8366866938555426,2.1967053498810705,-0.0044489524585893,0.5579879408292145,49.543542627535366,1.6777496366861588,6.671,daily,5,origin3,daily|M01AB|B_rich,-0.0333805344324777,5,linear,0.0,2.7842063873091885,0.0,-0.0455903497602976,2.8366866938555426,5.0,True,global,1.0,"{""0"": 0.0}",0.0,0.0,2.7842063873091885
XGBoost,M01AB,B_rich,pacf_train,8,7,1559,180,90,2014-01-09,2018-04-16,2018-04-17,2018-10-13,2018-10-14,2019-01-11,"{""colsample_bytree"": 0.8, ""learning_rate"": 0.05, ""max_depth"": 3, ""n_estimators"": 100, ""subsample"": 0.8}",12,none,42,8.204813724658338,2.864404602122113,2.378836574077606,-0.104719733333672,0.579480560137095,51.01808871853994,1.041554016303654,8.44807602024321,2.9065574173312334,2.2952051229476926,-0.0545397150193276,0.5717317995362394,51.25606285203014,1.6065686724244244,6.099,daily,5,origin3,daily|M01AB|B_rich,,5,,,,,,,,,,,,,,
"LR-XGB (residual, tanpa gerbang)",M01AB,B_rich,pacf_train,8,7,1559,180,90,2014-01-09,2018-04-16,2018-04-17,2018-10-13,2018-10-14,2019-01-11,"{""colsample_bytree"": 0.8, ""learning_rate"": 0.05, ""max_depth"": 3, ""n_estimators"": 100, ""subsample"": 0.8}",12,none,42,8.36102833767375,2.891544282502647,2.400988132482881,-0.1257529184155665,0.5849710265248401,51.3429875121975,1.04532856769918,8.216924560363257,2.8665178458128,2.25051912470834,-0.0256859980257759,0.5638558511237313,50.68129556759033,1.5737896919281833,6.61,daily,5,origin3,daily|M01AB|B_rich,,5,,,,,,,5.0,,,,,,,
Naive,M01AE,A_lag1,pacf_train,1,21,1545,180,90,2014-01-23,2018-04-16,2018-04-17,2018-10-13,2018-10-14,2019-01-11,{},0,none,42,8.608833172222221,2.9340813165660937,2.265161111111111,-1.1091278838852303,0.7687985736918064,61.6054947980077,24.20078479949168,8.653819922222223,2.9417375685506384,2.3095222222222223,-0.8902511498073504,0.7882352030294818,72.0352902276957,9.931440788365116,0.0,daily,5,origin3,daily|M01AE|A_lag1,,5,,,,,,,,,,,,,,
SeasonalNaive(s=7),M01AE,A_lag1,pacf_train,1,21,1545,180,90,2014-01-23,2018-04-16,2018-04-17,2018-10-13,2018-10-14,2019-01-11,{},0,none,42,8.039963244444445,2.835482894401665,2.130266666666667,-0.9697571465301034,0.7429634593409231,58.43964573843624,15.189957273759106,7.192533622222221,2.681889934770296,2.197311111111111,-0.5710628452668713,0.7186093279822756,71.06276376817013,3.199004224052721,0.0,daily,5,origin3,daily|M01AE|A_lag1,,5,,,,,,,,,,,,,,
S1 [linear],M01AE,A_lag1,pacf_train,1,21,1545,180,90,2014-01-23,2018-04-16,2018-04-17,2018-10-13,2018-10-14,2019-01-11,{},0,none,42,4.147043239005149,2.0364290409943453,1.5947464886095777,-0.0160081344456679,0.5335924854234553,44.42277499837903,10.868113366729906,4.603740963518884,2.145632998329137,1.7329661002567185,-0.005593683242731,0.5749198977317307,52.30859475706923,6.717470642564057,0.007,daily,5,origin3,daily|M01AE|A_lag1,,5,linear,0.0,2.0364290409943453,0.0,,2.145632998329137,,,,,,,,
AR-LRX [linear],M01AE,A_lag1,pacf_train,1,21,1545,180,90,2014-01-23,2018-04-16,2018-04-17,2018-10-13,2018-10-14,2019-01-11,"{""colsample_bytree"": 0.8, ""learning_rate"": 0.05, ""max_depth"": 3, ""n_estimators"": 100, ""subsample"": 0.8}",132,none,42,4.147043239005149,2.0364290409943453,1.5947464886095777,-0.0160081344456679,0.5335924854234553,44.42277499837903,10.868113366729906,4.603740963518884,2.145632998329137,1.7329661002567185,-0.005593683242731,0.5749198977317307,52.30859475706923,6.717470642564057,4.962,daily,5,origin3,daily|M01AE|A_lag1,-0.0270069548178859,5,linear,0.0,2.0364290409943453,0.0,-0.0310679571538763,2.145632998329137,5.0,,,,,,,
AR-LRX-g [linear],M01AE,A_lag1,pacf_train,1,21,1545,180,90,2014-01-23,2018-04-16,2018-04-17,2018-10-13,2018-10-14,2019-01-11,"{""colsample_bytree"": 0.8, ""learning_rate"": 0.05, ""max_depth"": 3, ""n_estimators"": 100, ""subsample"": 0.8}",132,none,42,4.147043239005149,2.0364290409943453,1.5947464886095777,-0.0160081344456679,0.5335924854234553,44.42277499837903,10.868113366729906,4.603740963518884,2.145632998329137,1.7329661002567185,-0.005593683242731,0.5749198977317307,52.30859475706923,6.717470642564057,5.162,daily,5,origin3,daily|M01AE|A_lag1,-0.0270069548178859,5,linear,0.0,2.0364290409943453,0.0,-0.0310679571538763,2.145632998329137,5.0,False,global,1.0,"{""0"": 0.0}",0.0,0.0,2.0364290409943453
AR-LRX-Aug [linear],M01AE,A_lag1,pacf_train,1,21,1545,180,90,2014-01-23,2018-04-16,2018-04-17,2018-10-13,2018-10-14,2019-01-11,"{""colsample_bytree"": 0.8, ""learning_rate"": 0.05, ""max_depth"": 3, ""n_estimators"": 300, ""subsample"": 0.8}",132,none,42,4.147043239005149,2.0364290409943453,1.5947464886095777,-0.0160081344456679,0.5335924854234553,44.42277499837903,10.868113366729906,4.603740963518884,2.145632998329137,1.7329661002567185,-0.005593683242731,0.5749198977317307,52.30859475706923,6.717470642564057,5.527,daily,5,origin3,daily|M01AE|A_lag1,-0.0245682176140724,5,linear,0.0,2.0364290409943453,0.0,-0.0639381367751177,2.145632998329137,5.0,True,global,1.0,"{""0"": 0.0}",0.0,0.0,2.0364290409943453
XGBoost,M01AE,A_lag1,pacf_train,1,21,1545,180,90,2014-01-23,2018-04-16,2018-04-17,2018-10-13,2018-10-14,2019-01-11,"{""colsample_bytree"": 0.8, ""learning_rate"": 0.05, ""max_depth"": 3, ""n_estimators"": 100, ""subsample"": 0.8}",12,none,42,4.25250420529088,2.06216008236288,1.614691097365485,-0.0418456271935145,0.5403346257288528,44.846321913765,11.646878751621957,4.692356661346536,2.166184816987354,1.777671709484524,-0.0249499821044119,0.580426733938288,53.66585532501589,7.132992379561655,5.024,daily,5,origin3,daily|M01AE|A_lag1,,5,,,,,,,,,,,,,,
"LR-XGB (residual, tanpa gerbang)",M01AE,A_lag1,pacf_train,1,21,1545,180,90,2014-01-23,2018-04-16,2018-04-17,2018-10-13,2018-10-14,2019-01-11,"{""colsample_bytree"": 0.8, ""learning_rate"": 0.05, ""max_depth"": 3, ""n_estimators"": 100, ""subsample"": 0.8}",12,none,42,4.263342924133039,2.064786411262201,1.6186784227435806,-0.0445010676786843,0.5410227859037067,44.93639426436153,11.762759369140449,4.696022126589681,2.167030716577336,1.7749263742856085,-0.0257506285186781,0.580653391761943,53.60038185951201,7.173856834427668,5.166,daily,5,origin3,daily|M01AE|A_lag1,,5,,,,,,,5.0,,,,,,,
Naive,M01AE,B_rich,pacf_train,22,21,1545,180,90,2014-01-23,2018-04-16,2018-04-17,2018-10-13,2018-10-14,2019-01-11,{},0,none,42,8.608833172222221,2.9340813165660937,2.265161111111111,-1.1091278838852303,0.7687985736918064,61.6054947980077,24.20078479949168,8.653819922222223,2.9417375685506384,2.3095222222222223,-0.8902511498073504,0.7882352030294818,72.0352902276957,9.931440788365116,0.0,daily,5,origin3,daily|M01AE|B_rich,,5,,,,,,,,,,,,,,
SeasonalNaive(s=7),M01AE,B_rich,pacf_train,22,21,1545,180,90,2014-01-23,2018-04-16,2018-04-17,2018-10-13,2018-10-14,2019-01-11,{},0,none,42,8.039963244444445,2.835482894401665,2.130266666666667,-0.9697571465301034,0.7429634593409231,58.43964573843624,15.189957273759106,7.192533622222221,2.681889934770296,2.197311111111111,-0.5710628452668713,0.7186093279822756,71.06276376817013,3.199004224052721,0.0,daily,5,origin3,daily|M01AE|B_rich,,5,,,,,,,,,,,,,,
S1 [linear],M01AE,B_rich,pacf_train,22,21,1545,180,90,2014-01-23,2018-04-16,2018-04-17,2018-10-13,2018-10-14,2019-01-11,{},0,none,42,4.055180826820642,2.013747955137545,1.56122354613951,0.0064977697974837,0.5276495054664793,43.67179911665258,10.31959138564418,4.481353979518501,2.116920872285618,1.6958701563657796,0.0211392669812632,0.5672265165330563,51.433780206578085,6.550337295177073,0.018,daily,5,origin3,daily|M01AE|B_rich,,5,linear,0.0,2.013747955137545,0.0,,2.116920872285618,,,,,,,,
AR-LRX [linear],M01AE,B_rich,pacf_train,22,21,1545,180,90,2014-01-23,2018-04-16,2018-04-17,2018-10-13,2018-10-14,2019-01-11,"{""colsample_bytree"": 0.8, ""learning_rate"": 0.05, ""max_depth"": 3, ""n_estimators"": 100, ""subsample"": 0.8}",132,none,42,4.052310680708988,2.0130351911253284,1.558390206599155,0.0072009435114835,0.5274627444681127,43.59928909422152,10.29166257406098,4.490630380848035,2.11911075237894,1.7004321438855414,0.0191130255714785,0.5678132923890754,51.55755186510099,6.488399205954959,8.07,daily,5,origin3,daily|M01AE|B_rich,-0.0247848572386106,5,linear,0.2,2.013747955137545,0.0354,-0.0097294346190963,2.116920872285618,5.0,,,,,,,
AR-LRX-g [linear],M01AE,B_rich,pacf_train,22,21,1545,180,90,2014-01-23,2018-04-16,2018-04-17,2018-10-13,2018-10-14,2019-01-11,"{""colsample_bytree"": 0.8, ""learning_rate"": 0.05, ""max_depth"": 3, ""n_estimators"": 300, ""subsample"": 0.8}",132,none,42,4.055180826820642,2.013747955137545,1.56122354613951,0.0064977697974837,0.5276495054664793,43.67179911665258,10.31959138564418,4.481353979518501,2.116920872285618,1.6958701563657796,0.0211392669812632,0.5672265165330563,51.433780206578085,6.550337295177073,8.81,daily,5,origin3,daily|M01AE|B_rich,-0.0566983013512483,5,linear,0.0,2.013747955137545,0.0,-0.0786689602778059,2.116920872285618,5.0,False,global,1.0,"{""0"": 0.0}",0.0,0.0,2.013747955137545
AR-LRX-Aug [linear],M01AE,B_rich,pacf_train,22,21,1545,180,90,2014-01-23,2018-04-16,2018-04-17,2018-10-13,2018-10-14,2019-01-11,"{""colsample_bytree"": 0.8, ""learning_rate"": 0.1, ""max_depth"": 5, ""n_estimators"": 100, ""subsample"": 0.8}",132,none,42,4.048666751156692,2.012129904145528,1.5647079532494634,0.0080936909108011,0.5272255379070939,43.78381613416303,10.284292812816837,4.5193397367769546,2.1258738760276805,1.705145664772869,0.0128420500320508,0.5696254636035883,51.65165942906654,6.479203792601873,8.296,daily,5,origin3,daily|M01AE|B_rich,-0.1556702745730698,5,linear,0.0999999999999999,2.013747955137545,0.0804,-0.0767944036671552,2.116920872285618,5.0,True,global,1.0,"{""0"": 0.1}",0.1,0.1,2.0127382688176665
XGBoost,M01AE,B_rich,pacf_train,22,21,1545,180,90,2014-01-23,2018-04-16,2018-04-17,2018-10-13,2018-10-14,2019-01-11,"{""colsample_bytree"": 0.8, ""learning_rate"": 0.05, ""max_depth"": 3, ""n_estimators"": 100, ""subsample"": 0.8}",12,none,42,4.031730585260025,2.007916976685048,1.568241400697496,0.012242980253987,0.5261216514522786,43.93065632472318,9.783630750567855,4.588179661787819,2.14200365587639,1.7323820933236016,-0.0021946330251376,0.5739474195896664,52.55598464212352,6.137083947514735,8.595,daily,5,origin3,daily|M01AE|B_rich,,5,,,,,,,,,,,,,,
"LR-XGB (residual, tanpa gerbang)",M01AE,B_rich,pacf_train,22,21,1545,180,90,2014-01-23,2018-04-16,2018-04-17,2018-10-13,2018-10-14,2019-01-11,"{""colsample_bytree"": 0.8, ""learning_rate"": 0.05, ""max_depth"": 3, ""n_estimators"": 100, ""subsample"": 0.8}",12,none,42,4.092991901983758,2.023114406548418,1.5575179983933576,-0.0027657844323192,0.530103736862377,43.52429787456098,10.190083764104452,4.578382741145872,2.139715574824344,1.7191410525896091,-5.469474649877348e-05,0.573334330899537,52.04905607480003,6.2454946449756985,9.197,daily,5,origin3,daily|M01AE|B_rich,,5,,,,,,,5.0,,,,,,,
Naive,N02BA,A_lag1,pacf_train,1,7,1559,180,90,2014-01-09,2018-04-16,2018-04-17,2018-10-13,2018-10-14,2019-01-11,{},0,none,42,6.754,2.5988458977015165,2.0727777777777776,-0.9495913928986428,0.9238516077540694,85.05859305938893,2.4158963504458084,9.910416666666666,3.1480814263082,2.4994444444444444,-1.0429271257216706,1.0828485701041004,97.22452164778444,2.7454632479436043,0.0,daily,5,origin3,daily|N02BA|A_lag1,,5,,,,,,,,,,,,,,
SeasonalNaive(s=7),N02BA,A_lag1,pacf_train,1,7,1559,180,90,2014-01-09,2018-04-16,2018-04-17,2018-10-13,2018-10-14,2019-01-11,{},0,none,42,6.871277777777778,2.621312224397883,2.082777777777778,-0.9834444793857372,0.9318380574535776,84.33919636278114,2.597008440906768,9.23338888888889,3.0386491881901883,2.387777777777778,-0.9033650408356382,1.045207058808014,95.7303064963959,3.0814588974803283,0.0,daily,5,origin3,daily|N02BA|A_lag1,,5,,,,,,,,,,,,,,
S1 [linear],N02BA,A_lag1,pacf_train,1,7,1559,180,90,2014-01-09,2018-04-16,2018-04-17,2018-10-13,2018-10-14,2019-01-11,{},0,none,42,5.014675562905255,2.23934712871972,1.8984051584596544,-0.4475226999732371,0.7960550669883474,66.38327909991412,3.713110542651351,5.942443690702616,2.4377127990603435,2.073691182213685,-0.2249716452026038,0.8385023960077618,72.85791130678855,3.317702180626302,0.005,daily,5,origin3,daily|N02BA|A_lag1,,5,linear,0.0,2.23934712871972,0.0,,2.4377127990603435,,,,,,,,
AR-LRX [linear],N02BA,A_lag1,pacf_train,1,7,1559,180,90,2014-01-09,2018-04-16,2018-04-17,2018-10-13,2018-10-14,2019-01-11,"{""colsample_bytree"": 0.8, ""learning_rate"": 0.1, ""max_depth"": 5, ""n_estimators"": 100, ""subsample"": 0.8}",132,none,42,4.929729465211448,2.2202994089112056,1.8911764323363456,-0.4230023889095453,0.789283881907805,66.51410322272923,3.5599106932281925,5.775484964790015,2.403223869053821,2.0302416179883824,-0.1905548773193717,0.8266392058660188,71.82376560300024,3.29959837362539,5.274,daily,5,origin3,daily|N02BA|A_lag1,-0.1571826222616619,5,linear,0.5,2.23934712871972,0.8506,-0.4455432983086898,2.4377127990603435,5.0,,,,,,,
AR-LRX-g [linear],N02BA,A_lag1,pacf_train,1,7,1559,180,90,2014-01-09,2018-04-16,2018-04-17,2018-10-13,2018-10-14,2019-01-11,"{""colsample_bytree"": 0.8, ""learning_rate"": 0.1, ""max_depth"": 5, ""n_estimators"": 100, ""subsample"": 0.8}",132,none,42,4.929729465211448,2.2202994089112056,1.8911764323363456,-0.4230023889095453,0.789283881907805,66.51410322272923,3.5599106932281925,5.775484964790015,2.403223869053821,2.0302416179883824,-0.1905548773193717,0.8266392058660188,71.82376560300024,3.29959837362539,5.507,daily,5,origin3,daily|N02BA|A_lag1,-0.1571826222616619,5,linear,0.5,2.23934712871972,0.8506,-0.4455432983086898,2.4377127990603435,5.0,False,global,1.0,"{""0"": 0.5}",0.5,0.5,2.225797541972194
AR-LRX-Aug [linear],N02BA,A_lag1,pacf_train,1,7,1559,180,90,2014-01-09,2018-04-16,2018-04-17,2018-10-13,2018-10-14,2019-01-11,"{""colsample_bytree"": 0.8, ""learning_rate"": 0.05, ""max_depth"": 3, ""n_estimators"": 100, ""subsample"": 0.8}",132,none,42,5.014675562905255,2.23934712871972,1.8984051584596544,-0.4475226999732371,0.7960550669883474,66.38327909991412,3.713110542651351,5.942443690702616,2.4377127990603435,2.073691182213685,-0.2249716452026038,0.8385023960077618,72.85791130678855,3.317702180626302,5.764,daily,5,origin3,daily|N02BA|A_lag1,-0.2954869264985784,5,linear,0.0,2.23934712871972,0.0,-0.5645894125036481,2.4377127990603435,5.0,True,global,1.0,"{""0"": 0.0}",0.0,0.0,2.23934712871972
XGBoost,N02BA,A_lag1,pacf_train,1,7,1559,180,90,2014-01-09,2018-04-16,2018-04-17,2018-10-13,2018-10-14,2019-01-11,"{""colsample_bytree"": 0.8, ""learning_rate"": 0.1, ""max_depth"": 3, ""n_estimators"": 100, ""subsample"": 0.8}",12,none,42,5.046027711750373,2.246336509018712,1.902666073640188,-0.4565727265556056,0.798539689193973,66.49656292800907,3.699378744834137,5.803362724541777,2.4090169622777204,2.034226163758172,-0.1963015813699473,0.8286318616663283,71.84704129632574,3.360138559655366,5.201,daily,5,origin3,daily|N02BA|A_lag1,,5,,,,,,,,,,,,,,
"LR-XGB (residual, tanpa gerbang)",N02BA,A_lag1,pacf_train,1,7,1559,180,90,2014-01-09,2018-04-16,2018-04-17,2018-10-13,2018-10-14,2019-01-11,"{""colsample_bytree"": 0.8, ""learning_rate"": 0.05, ""max_depth"": 5, ""n_estimators"": 100, ""subsample"": 0.8}",12,none,42,4.983110915855045,2.232288268986568,1.8944616191416888,-0.4384113342330868,0.793545745862708,66.55589095356285,3.5401119574329134,5.729279340816522,2.3935913061373952,2.0210073627025524,-0.1810300787411405,0.8233258840143914,71.77970873976264,3.296693071082999,5.113,daily,5,origin3,daily|N02BA|A_lag1,,5,,,,,,,5.0,,,,,,,
Naive,N02BA,B_rich,pacf_train,8,7,1559,180,90,2014-01-09,2018-04-16,2018-04-17,2018-10-13,2018-10-14,2019-01-11,{},0,none,42,6.754,2.5988458977015165,2.0727777777777776,-0.9495913928986428,0.9238516077540694,85.05859305938893,2.4158963504458084,9.910416666666666,3.1480814263082,2.4994444444444444,-1.0429271257216706,1.0828485701041004,97.22452164778444,2.7454632479436043,0.0,daily,5,origin3,daily|N02BA|B_rich,,5,,,,,,,,,,,,,,
SeasonalNaive(s=7),N02BA,B_rich,pacf_train,8,7,1559,180,90,2014-01-09,2018-04-16,2018-04-17,2018-10-13,2018-10-14,2019-01-11,{},0,none,42,6.871277777777778,2.621312224397883,2.082777777777778,-0.9834444793857372,0.9318380574535776,84.33919636278114,2.597008440906768,9.23338888888889,3.0386491881901883,2.387777777777778,-0.9033650408356382,1.045207058808014,95.7303064963959,3.0814588974803283,0.0,daily,5,origin3,daily|N02BA|B_rich,,5,,,,,,,,,,,,,,
S1 [linear],N02BA,B_rich,pacf_train,8,7,1559,180,90,2014-01-09,2018-04-16,2018-04-17,2018-10-13,2018-10-14,2019-01-11,{},0,none,42,4.388689819309814,2.094920003081219,1.758876670058949,-0.2668273464359363,0.7447133416700296,64.09225441075989,3.355882624991084,5.396669620814668,2.323073313697756,1.900580330887128,-0.1124661179991122,0.7990697429115151,70.31761653947898,3.1070820031554955,0.007,daily,5,origin3,daily|N02BA|B_rich,,5,linear,0.0,2.094920003081219,0.0,,2.323073313697756,,,,,,,,
AR-LRX [linear],N02BA,B_rich,pacf_train,8,7,1559,180,90,2014-01-09,2018-04-16,2018-04-17,2018-10-13,2018-10-14,2019-01-11,"{""colsample_bytree"": 0.8, ""learning_rate"": 0.05, ""max_depth"": 3, ""n_estimators"": 100, ""subsample"": 0.8}",132,none,42,4.388689819309814,2.094920003081219,1.758876670058949,-0.2668273464359363,0.7447133416700296,64.09225441075989,3.355882624991084,5.396669620814668,2.323073313697756,1.900580330887128,-0.1124661179991122,0.7990697429115151,70.31761653947898,3.1070820031554955,6.381,daily,5,origin3,daily|N02BA|B_rich,-0.0424604951800871,5,linear,0.0,2.094920003081219,0.0,-0.2531935746419149,2.323073313697756,5.0,,,,,,,
AR-LRX-g [linear],N02BA,B_rich,pacf_train,8,7,1559,180,90,2014-01-09,2018-04-16,2018-04-17,2018-10-13,2018-10-14,2019-01-11,"{""colsample_bytree"": 0.8, ""learning_rate"": 0.05, ""max_depth"": 3, ""n_estimators"": 300, ""subsample"": 0.8}",132,none,42,4.388689819309814,2.094920003081219,1.758876670058949,-0.2668273464359363,0.7447133416700296,64.09225441075989,3.355882624991084,5.396669620814668,2.323073313697756,1.900580330887128,-0.1124661179991122,0.7990697429115151,70.31761653947898,3.1070820031554955,6.947,daily,5,origin3,daily|N02BA|B_rich,-0.0925297829425144,5,linear,0.0,2.094920003081219,0.0,-0.3800677581877467,2.323073313697756,5.0,False,global,1.0,"{""0"": 0.0}",0.0,0.0,2.1009795857137163
AR-LRX-Aug [linear],N02BA,B_rich,pacf_train,8,7,1559,180,90,2014-01-09,2018-04-16,2018-04-17,2018-10-13,2018-10-14,2019-01-11,"{""colsample_bytree"": 0.8, ""learning_rate"": 0.05, ""max_depth"": 3, ""n_estimators"": 100, ""subsample"": 0.8}",132,none,42,4.388689819309814,2.094920003081219,1.758876670058949,-0.2668273464359363,0.7447133416700296,64.09225441075989,3.355882624991084,5.396669620814668,2.323073313697756,1.900580330887128,-0.1124661179991122,0.7990697429115151,70.31761653947898,3.1070820031554955,6.83,daily,5,origin3,daily|N02BA|B_rich,-0.0928937667082097,5,linear,0.0,2.094920003081219,0.0,-0.3528354936311422,2.323073313697756,5.0,True,global,1.0,"{""0"": 0.0}",0.0,0.0,2.094920003081219
XGBoost,N02BA,B_rich,pacf_train,8,7,1559,180,90,2014-01-09,2018-04-16,2018-04-17,2018-10-13,2018-10-14,2019-01-11,"{""colsample_bytree"": 0.8, ""learning_rate"": 0.05, ""max_depth"": 3, ""n_estimators"": 100, ""subsample"": 0.8}",12,none,42,4.59216627247456,2.142934033626457,1.783562421798706,-0.3255623096795745,0.7617816254621554,64.44301046858467,3.355765140021382,5.231746025843315,2.287301035247288,1.8747840796576607,-0.0784688707419152,0.7867651181817538,69.67415897984239,3.266485470443476,6.128,daily,5,origin3,daily|N02BA|B_rich,,5,,,,,,,,,,,,,,
"LR-XGB (residual, tanpa gerbang)",N02BA,B_rich,pacf_train,8,7,1559,180,90,2014-01-09,2018-04-16,2018-04-17,2018-10-13,2018-10-14,2019-01-11,"{""colsample_bytree"": 0.8, ""learning_rate"": 0.05, ""max_depth"": 3, ""n_estimators"": 100, ""subsample"": 0.8}",12,none,42,4.532046887463892,2.128860466884547,1.7628592341823426,-0.3082084104253313,0.7567786788569537,64.35738251525416,3.20863495247515,5.185118049690958,2.277085428720442,1.8210477155920173,-0.0688570087483073,0.7832512462634807,68.86244629970207,3.237894002685619,5.413,daily,5,origin3,daily|N02BA|B_rich,,5,,,,,,,5.0,,,,,,,
Naive,N02BE,A_lag1,pacf_train,1,1,1565,180,90,2014-01-03,2018-04-16,2018-04-17,2018-10-13,2018-10-14,2019-01-11,{},0,none,42,183.7858793,13.55676507504648,10.347933333333334,-0.3722609413766129,0.5432662289107095,41.89141688991984,0.6843262549315839,456.760875,21.37196469677039,16.873333333333335,-0.9235426970496274,0.5758783328845416,54.08534218074471,0.6225709755722647,0.0,daily,5,origin3,daily|N02BE|A_lag1,,5,,,,,,,,,,,,,,
SeasonalNaive(s=7),N02BE,A_lag1,pacf_train,1,1,1565,180,90,2014-01-03,2018-04-16,2018-04-17,2018-10-13,2018-10-14,2019-01-11,{},0,none,42,191.7069986777778,13.84582964931238,10.698066666666668,-0.4314049995355244,0.5548500411479056,42.825825963017,0.7466380328101613,436.9544861111111,20.903456319736005,16.26222222222222,-0.8401326748971234,0.5632541391364687,52.99998657528473,0.5653311098442357,0.0,daily,5,origin3,daily|N02BE|A_lag1,,5,,,,,,,,,,,,,,
S1 [linear],N02BE,A_lag1,pacf_train,1,1,1565,180,90,2014-01-03,2018-04-16,2018-04-17,2018-10-13,2018-10-14,2019-01-11,{},0,none,42,132.1404098083991,11.49523422155456,9.36404165126318,0.0133566090702095,0.4606535933475908,37.47995956104663,0.7262336903200693,293.1415347479709,17.121376543606853,13.764437795875253,-0.2344977191104187,0.4613440982386973,43.82423414846743,0.4362599041772538,0.006,daily,5,origin3,daily|N02BE|A_lag1,,5,linear,0.0,11.49523422155456,0.0,,17.121376543606853,,,,,,,,
AR-LRX [linear],N02BE,A_lag1,pacf_train,1,1,1565,180,90,2014-01-03,2018-04-16,2018-04-17,2018-10-13,2018-10-14,2019-01-11,"{""colsample_bytree"": 0.8, ""learning_rate"": 0.1, ""max_depth"": 5, ""n_estimators"": 500, ""subsample"": 0.8}",132,none,42,131.14586709355663,11.451893602961766,9.322787062291338,0.0207824903582992,0.4589167856142396,37.28906893340978,0.7190082758200178,286.8013865270237,16.935211440280977,13.673549204659045,-0.2077976524538443,0.4563277859405217,43.18319944060376,0.428993536660356,6.262,daily,5,origin3,daily|N02BE|A_lag1,-0.0732380001150121,5,linear,0.2,11.49523422155456,0.377,-0.1683311553576167,17.121376543606853,5.0,,,,,,,
AR-LRX-g [linear],N02BE,A_lag1,pacf_train,1,1,1565,180,90,2014-01-03,2018-04-16,2018-04-17,2018-10-13,2018-10-14,2019-01-11,"{""colsample_bytree"": 0.8, ""learning_rate"": 0.1, ""max_depth"": 3, ""n_estimators"": 500, ""subsample"": 0.8}",132,none,42,131.29694933949617,11.458488091345044,9.325404209240295,0.0196544153079856,0.4591810494571067,37.30464122827579,0.7193767906750569,286.9282265254453,16.938955886519256,13.66276071735639,-0.2083318097471058,0.4564286819268229,43.13284968041005,0.4292723637931213,5.284,daily,5,origin3,daily|N02BE|A_lag1,-0.0610986840824052,5,linear,0.1999999999999999,11.49523422155456,0.3197,-0.1424885227278962,17.121376543606853,5.0,False,global,1.0,"{""0"": 0.2}",0.2,0.2,11.518966497360308
AR-LRX-Aug [linear],N02BE,A_lag1,pacf_train,1,1,1565,180,90,2014-01-03,2018-04-16,2018-04-17,2018-10-13,2018-10-14,2019-01-11,"{""colsample_bytree"": 0.8, ""learning_rate"": 0.1, ""max_depth"": 3, ""n_estimators"": 300, ""subsample"": 0.8}",132,none,42,132.1404098083991,11.49523422155456,9.36404165126318,0.0133566090702095,0.4606535933475908,37.47995956104663,0.7262336903200693,293.1415347479709,17.121376543606853,13.764437795875253,-0.2344977191104187,0.4613440982386973,43.82423414846743,0.4362599041772538,5.267,daily,5,origin3,daily|N02BE|A_lag1,-0.0179847634641066,5,linear,0.0,11.49523422155456,0.0,-0.2176027170659582,17.121376543606853,5.0,True,global,1.0,"{""0"": 0.0}",0.0,0.0,11.54083858296188
XGBoost,N02BE,A_lag1,pacf_train,1,1,1565,180,90,2014-01-03,2018-04-16,2018-04-17,2018-10-13,2018-10-14,2019-01-11,"{""colsample_bytree"": 0.8, ""learning_rate"": 0.05, ""max_depth"": 3, ""n_estimators"": 100, ""subsample"": 0.8}",12,none,42,132.69941422011192,11.519523176768727,9.274623403252496,0.0091827306244202,0.4616269353676329,37.04612337604152,0.7082434363247286,270.4871556116557,16.446493717861436,13.301323318481446,-0.13909404526499,0.4431590412213886,41.649786189787655,0.4329202555110884,5.1,daily,5,origin3,daily|N02BE|A_lag1,,5,,,,,,,,,,,,,,
"LR-XGB (residual, tanpa gerbang)",N02BE,A_lag1,pacf_train,1,1,1565,180,90,2014-01-03,2018-04-16,2018-04-17,2018-10-13,2018-10-14,2019-01-11,"{""colsample_bytree"": 0.8, ""learning_rate"": 0.05, ""max_depth"": 3, ""n_estimators"": 100, ""subsample"": 0.8}",12,none,42,134.12053456386363,11.5810420327302,9.271248966873024,-0.0014282474776727,0.4640922076283882,36.986866021994246,0.7086111989454864,273.1819633958888,16.52821718746123,13.33185275666158,-0.1504426044718487,0.4453611211938387,41.62945048783107,0.4394889445613689,4.88,daily,5,origin3,daily|N02BE|A_lag1,,5,,,,,,,5.0,,,,,,,
Naive,N02BE,B_rich,pacf_train,1,1,1565,180,90,2014-01-03,2018-04-16,2018-04-17,2018-10-13,2018-10-14,2019-01-11,{},0,none,42,183.7858793,13.55676507504648,10.347933333333334,-0.3722609413766129,0.5432662289107095,41.89141688991984,0.6843262549315839,456.760875,21.37196469677039,16.873333333333335,-0.9235426970496274,0.5758783328845416,54.08534218074471,0.6225709755722647,0.0,daily,5,origin3,daily|N02BE|B_rich,,5,,,,,,,,,,,,,,
SeasonalNaive(s=7),N02BE,B_rich,pacf_train,1,1,1565,180,90,2014-01-03,2018-04-16,2018-04-17,2018-10-13,2018-10-14,2019-01-11,{},0,none,42,191.7069986777778,13.84582964931238,10.698066666666668,-0.4314049995355244,0.5548500411479056,42.825825963017,0.7466380328101613,436.9544861111111,20.903456319736005,16.26222222222222,-0.8401326748971234,0.5632541391364687,52.99998657528473,0.5653311098442357,0.0,daily,5,origin3,daily|N02BE|B_rich,,5,,,,,,,,,,,,,,
S1 [linear],N02BE,B_rich,pacf_train,1,1,1565,180,90,2014-01-03,2018-04-16,2018-04-17,2018-10-13,2018-10-14,2019-01-11,{},0,none,42,132.1404098083991,11.49523422155456,9.36404165126318,0.0133566090702095,0.4606535933475908,37.47995956104663,0.7262336903200693,293.1415347479709,17.121376543606853,13.764437795875253,-0.2344977191104187,0.4613440982386973,43.82423414846743,0.4362599041772538,0.008,daily,5,origin3,daily|N02BE|B_rich,,5,linear,0.0,11.49523422155456,0.0,,17.121376543606853,,,,,,,,
AR-LRX [linear],N02BE,B_rich,pacf_train,1,1,1565,180,90,2014-01-03,2018-04-16,2018-04-17,2018-10-13,2018-10-14,2019-01-11,"{""colsample_bytree"": 0.8, ""learning_rate"": 0.1, ""max_depth"": 5, ""n_estimators"": 500, ""subsample"": 0.8}",132,none,42,131.14586709355663,11.451893602961766,9.322787062291338,0.0207824903582992,0.4589167856142396,37.28906893340978,0.7190082758200178,286.8013865270237,16.935211440280977,13.673549204659045,-0.2077976524538443,0.4563277859405217,43.18319944060376,0.428993536660356,5.56,daily,5,origin3,daily|N02BE|B_rich,-0.0732380001150121,5,linear,0.2,11.49523422155456,0.377,-0.1683311553576167,17.121376543606853,5.0,,,,,,,
AR-LRX-g [linear],N02BE,B_rich,pacf_train,1,1,1565,180,90,2014-01-03,2018-04-16,2018-04-17,2018-10-13,2018-10-14,2019-01-11,"{""colsample_bytree"": 0.8, ""learning_rate"": 0.1, ""max_depth"": 3, ""n_estimators"": 500, ""subsample"": 0.8}",132,none,42,131.29694933949617,11.458488091345044,9.325404209240295,0.0196544153079856,0.4591810494571067,37.30464122827579,0.7193767906750569,286.9282265254453,16.938955886519256,13.66276071735639,-0.2083318097471058,0.4564286819268229,43.13284968041005,0.4292723637931213,5.28,daily,5,origin3,daily|N02BE|B_rich,-0.0610986840824052,5,linear,0.1999999999999999,11.49523422155456,0.3197,-0.1424885227278962,17.121376543606853,5.0,False,global,1.0,"{""0"": 0.2}",0.2,0.2,11.518966497360308
AR-LRX-Aug [linear],N02BE,B_rich,pacf_train,1,1,1565,180,90,2014-01-03,2018-04-16,2018-04-17,2018-10-13,2018-10-14,2019-01-11,"{""colsample_bytree"": 0.8, ""learning_rate"": 0.1, ""max_depth"": 3, ""n_estimators"": 300, ""subsample"": 0.8}",132,none,42,132.1404098083991,11.49523422155456,9.36404165126318,0.0133566090702095,0.4606535933475908,37.47995956104663,0.7262336903200693,293.1415347479709,17.121376543606853,13.764437795875253,-0.2344977191104187,0.4613440982386973,43.82423414846743,0.4362599041772538,5.227,daily,5,origin3,daily|N02BE|B_rich,-0.0179847634641066,5,linear,0.0,11.49523422155456,0.0,-0.2176027170659582,17.121376543606853,5.0,True,global,1.0,"{""0"": 0.0}",0.0,0.0,11.54083858296188
XGBoost,N02BE,B_rich,pacf_train,1,1,1565,180,90,2014-01-03,2018-04-16,2018-04-17,2018-10-13,2018-10-14,2019-01-11,"{""colsample_bytree"": 0.8, ""learning_rate"": 0.05, ""max_depth"": 3, ""n_estimators"": 100, ""subsample"": 0.8}",12,none,42,132.69941422011192,11.519523176768727,9.274623403252496,0.0091827306244202,0.4616269353676329,37.04612337604152,0.7082434363247286,270.4871556116557,16.446493717861436,13.301323318481446,-0.13909404526499,0.4431590412213886,41.649786189787655,0.4329202555110884,4.927,daily,5,origin3,daily|N02BE|B_rich,,5,,,,,,,,,,,,,,
"LR-XGB (residual, tanpa gerbang)",N02BE,B_rich,pacf_train,1,1,1565,180,90,2014-01-03,2018-04-16,2018-04-17,2018-10-13,2018-10-14,2019-01-11,"{""colsample_bytree"": 0.8, ""learning_rate"": 0.05, ""max_depth"": 3, ""n_estimators"": 100, ""subsample"": 0.8}",12,none,42,134.12053456386363,11.5810420327302,9.271248966873024,-0.0014282474776727,0.4640922076283882,36.986866021994246,0.7086111989454864,273.1819633958888,16.52821718746123,13.33185275666158,-0.1504426044718487,0.4453611211938387,41.62945048783107,0.4394889445613689,5.03,daily,5,origin3,daily|N02BE|B_rich,,5,,,,,,,5.0,,,,,,,
Naive,N05B,A_lag1,pacf_train,1,1,1565,180,90,2014-01-03,2018-04-16,2018-04-17,2018-10-13,2018-10-14,2019-01-11,{},0,none,42,26.405555555555555,5.138633627293889,4.05,-0.9052815364469666,0.5936803933972401,49.344660252862745,0.9941111365100168,39.680888888888894,6.2992768544404285,4.804444444444444,-0.9516191357954228,0.7557116994130079,65.68172795401294,1.086505549400798,0.0,daily,5,origin3,daily|N05B|A_lag1,,5,,,,,,,,,,,,,,
SeasonalNaive(s=7),N05B,A_lag1,pacf_train,1,1,1565,180,90,2014-01-03,2018-04-16,2018-04-17,2018-10-13,2018-10-14,2019-01-11,{},0,none,42,27.794444444444444,5.272043668677683,4.183333333333334,-1.005496218565995,0.6090936202580122,50.632832100028935,1.3903709284086083,42.300888888888885,6.503913351889683,5.233333333333333,-1.0804781981541738,0.7802615324847659,70.95613104049582,1.2146936165516415,0.0,daily,5,origin3,daily|N05B|A_lag1,,5,,,,,,,,,,,,,,
S1 [linear],N05B,A_lag1,pacf_train,1,1,1565,180,90,2014-01-03,2018-04-16,2018-04-17,2018-10-13,2018-10-14,2019-01-11,{},0,none,42,14.75556041255567,3.8412967097785695,3.0968581262690886,-0.0646811332873171,0.4437955120411699,37.34195073714518,0.8846888101747178,21.944309534238112,4.684475374493724,3.5934523961683413,-0.079283645302338,0.561987181690796,46.9083089420324,0.8913174657271623,0.006,daily,5,origin3,daily|N05B|A_lag1,,5,linear,0.0,3.8412967097785695,0.0,,4.684475374493724,,,,,,,,
AR-LRX [linear],N05B,A_lag1,pacf_train,1,1,1565,180,90,2014-01-03,2018-04-16,2018-04-17,2018-10-13,2018-10-14,2019-01-11,"{""colsample_bytree"": 0.8, ""learning_rate"": 0.1, ""max_depth"": 5, ""n_estimators"": 100, ""subsample"": 0.8}",132,none,42,14.568446710857213,3.8168634650531073,3.05730337290582,-0.0511800243895228,0.440972672470834,36.9102749276336,0.8643437319885098,21.50892667314891,4.63777173577451,3.576741196440309,-0.0578702761240841,0.5563842391624978,46.80198620115671,0.9041050544748124,5.205,daily,5,origin3,daily|N05B|A_lag1,0.0184263856773057,5,linear,0.6,3.8412967097785695,0.6361,0.0041370717916915,4.684475374493724,5.0,,,,,,,
AR-LRX-g [linear],N05B,A_lag1,pacf_train,1,1,1565,180,90,2014-01-03,2018-04-16,2018-04-17,2018-10-13,2018-10-14,2019-01-11,"{""colsample_bytree"": 0.8, ""learning_rate"": 0.1, ""max_depth"": 5, ""n_estimators"": 100, ""subsample"": 0.8}",132,none,42,14.568446710857213,3.8168634650531073,3.05730337290582,-0.0511800243895228,0.440972672470834,36.9102749276336,0.8643437319885098,21.50892668567776,4.6377717371252505,3.5767411962912976,-0.0578702767402887,0.5563842393245434,46.80198619836231,0.9041050537583786,5.084,daily,5,origin3,daily|N05B|A_lag1,0.0184263856773057,5,linear,0.5999999999999999,3.8412967097785695,0.6361,0.0041370717916915,4.684475374493724,5.0,False,global,1.0,"{""0"": 0.6}",0.6,0.6,3.836491497461827
AR-LRX-Aug [linear],N05B,A_lag1,pacf_train,1,1,1565,180,90,2014-01-03,2018-04-16,2018-04-17,2018-10-13,2018-10-14,2019-01-11,"{""colsample_bytree"": 0.8, ""learning_rate"": 0.05, ""max_depth"": 3, ""n_estimators"": 300, ""subsample"": 0.8}",132,none,42,14.75556041255567,3.8412967097785695,3.0968581262690886,-0.0646811332873171,0.4437955120411699,37.34195073714518,0.8846888101747178,21.944309534238112,4.684475374493724,3.5934523961683413,-0.079283645302338,0.561987181690796,46.9083089420324,0.8913174657271623,5.278,daily,5,origin3,daily|N05B|A_lag1,0.0239473236718084,5,linear,0.0,3.8412967097785695,0.0,-0.0986928123695025,4.684475374493724,5.0,True,global,1.0,"{""0"": 0.0}",0.0,0.0,3.84129670977857
XGBoost,N05B,A_lag1,pacf_train,1,1,1565,180,90,2014-01-03,2018-04-16,2018-04-17,2018-10-13,2018-10-14,2019-01-11,"{""colsample_bytree"": 0.8, ""learning_rate"": 0.1, ""max_depth"": 5, ""n_estimators"": 100, ""subsample"": 0.8}",12,none,42,14.522862298810006,3.810887337459612,3.043642282485962,-0.0478909006882393,0.4402822341095829,36.76704988256768,0.8504552132351613,21.092775408928805,4.592687166455909,3.5563155259026424,-0.0374027716558353,0.5509755331658648,46.74730706266856,0.908167597780055,5.384,daily,5,origin3,daily|N05B|A_lag1,,5,,,,,,,,,,,,,,
"LR-XGB (residual, tanpa gerbang)",N05B,A_lag1,pacf_train,1,1,1565,180,90,2014-01-03,2018-04-16,2018-04-17,2018-10-13,2018-10-14,2019-01-11,"{""colsample_bytree"": 0.8, ""learning_rate"": 0.1, ""max_depth"": 5, ""n_estimators"": 100, ""subsample"": 0.8}",12,none,42,14.648823605245385,3.827378163344378,3.0575123764100907,-0.0569795847325169,0.4421874643144981,36.90666903958738,0.8538123586969778,21.37665483617131,4.623489465346634,3.5730817635756686,-0.0513647704411057,0.5546708236219635,46.81026439104606,0.9145793355080624,4.599,daily,5,origin3,daily|N05B|A_lag1,,5,,,,,,,5.0,,,,,,,
Naive,N05B,B_rich,pacf_train,1,1,1565,180,90,2014-01-03,2018-04-16,2018-04-17,2018-10-13,2018-10-14,2019-01-11,{},0,none,42,26.405555555555555,5.138633627293889,4.05,-0.9052815364469666,0.5936803933972401,49.344660252862745,0.9941111365100168,39.680888888888894,6.2992768544404285,4.804444444444444,-0.9516191357954228,0.7557116994130079,65.68172795401294,1.086505549400798,0.0,daily,5,origin3,daily|N05B|B_rich,,5,,,,,,,,,,,,,,
SeasonalNaive(s=7),N05B,B_rich,pacf_train,1,1,1565,180,90,2014-01-03,2018-04-16,2018-04-17,2018-10-13,2018-10-14,2019-01-11,{},0,none,42,27.794444444444444,5.272043668677683,4.183333333333334,-1.005496218565995,0.6090936202580122,50.632832100028935,1.3903709284086083,42.300888888888885,6.503913351889683,5.233333333333333,-1.0804781981541738,0.7802615324847659,70.95613104049582,1.2146936165516415,0.0,daily,5,origin3,daily|N05B|B_rich,,5,,,,,,,,,,,,,,
S1 [linear],N05B,B_rich,pacf_train,1,1,1565,180,90,2014-01-03,2018-04-16,2018-04-17,2018-10-13,2018-10-14,2019-01-11,{},0,none,42,14.75556041255567,3.8412967097785695,3.0968581262690886,-0.0646811332873171,0.4437955120411699,37.34195073714518,0.8846888101747178,21.944309534238112,4.684475374493724,3.5934523961683413,-0.079283645302338,0.561987181690796,46.9083089420324,0.8913174657271623,0.008,daily,5,origin3,daily|N05B|B_rich,,5,linear,0.0,3.8412967097785695,0.0,,4.684475374493724,,,,,,,,
AR-LRX [linear],N05B,B_rich,pacf_train,1,1,1565,180,90,2014-01-03,2018-04-16,2018-04-17,2018-10-13,2018-10-14,2019-01-11,"{""colsample_bytree"": 0.8, ""learning_rate"": 0.1, ""max_depth"": 5, ""n_estimators"": 100, ""subsample"": 0.8}",132,none,42,14.568446710857213,3.8168634650531073,3.05730337290582,-0.0511800243895228,0.440972672470834,36.9102749276336,0.8643437319885098,21.50892667314891,4.63777173577451,3.576741196440309,-0.0578702761240841,0.5563842391624978,46.80198620115671,0.9041050544748124,5.309,daily,5,origin3,daily|N05B|B_rich,0.0184263856773057,5,linear,0.6,3.8412967097785695,0.6361,0.0041370717916915,4.684475374493724,5.0,,,,,,,
AR-LRX-g [linear],N05B,B_rich,pacf_train,1,1,1565,180,90,2014-01-03,2018-04-16,2018-04-17,2018-10-13,2018-10-14,2019-01-11,"{""colsample_bytree"": 0.8, ""learning_rate"": 0.1, ""max_depth"": 5, ""n_estimators"": 100, ""subsample"": 0.8}",132,none,42,14.568446710857213,3.8168634650531073,3.05730337290582,-0.0511800243895228,0.440972672470834,36.9102749276336,0.8643437319885098,21.50892668567776,4.6377717371252505,3.5767411962912976,-0.0578702767402887,0.5563842393245434,46.80198619836231,0.9041050537583786,5.31,daily,5,origin3,daily|N05B|B_rich,0.0184263856773057,5,linear,0.5999999999999999,3.8412967097785695,0.6361,0.0041370717916915,4.684475374493724,5.0,False,global,1.0,"{""0"": 0.6}",0.6,0.6,3.836491497461827
AR-LRX-Aug [linear],N05B,B_rich,pacf_train,1,1,1565,180,90,2014-01-03,2018-04-16,2018-04-17,2018-10-13,2018-10-14,2019-01-11,"{""colsample_bytree"": 0.8, ""learning_rate"": 0.05, ""max_depth"": 3, ""n_estimators"": 300, ""subsample"": 0.8}",132,none,42,14.75556041255567,3.8412967097785695,3.0968581262690886,-0.0646811332873171,0.4437955120411699,37.34195073714518,0.8846888101747178,21.944309534238112,4.684475374493724,3.5934523961683413,-0.079283645302338,0.561987181690796,46.9083089420324,0.8913174657271623,5.342,daily,5,origin3,daily|N05B|B_rich,0.0239473236718084,5,linear,0.0,3.8412967097785695,0.0,-0.0986928123695025,4.684475374493724,5.0,True,global,1.0,"{""0"": 0.0}",0.0,0.0,3.84129670977857
XGBoost,N05B,B_rich,pacf_train,1,1,1565,180,90,2014-01-03,2018-04-16,2018-04-17,2018-10-13,2018-10-14,2019-01-11,"{""colsample_bytree"": 0.8, ""learning_rate"": 0.1, ""max_depth"": 5, ""n_estimators"": 100, ""subsample"": 0.8}",12,none,42,14.522862298810006,3.810887337459612,3.043642282485962,-0.0478909006882393,0.4402822341095829,36.76704988256768,0.8504552132351613,21.092775408928805,4.592687166455909,3.5563155259026424,-0.0374027716558353,0.5509755331658648,46.74730706266856,0.908167597780055,5.135,daily,5,origin3,daily|N05B|B_rich,,5,,,,,,,,,,,,,,
"LR-XGB (residual, tanpa gerbang)",N05B,B_rich,pacf_train,1,1,1565,180,90,2014-01-03,2018-04-16,2018-04-17,2018-10-13,2018-10-14,2019-01-11,"{""colsample_bytree"": 0.8, ""learning_rate"": 0.1, ""max_depth"": 5, ""n_estimators"": 100, ""subsample"": 0.8}",12,none,42,14.648823605245385,3.827378163344378,3.0575123764100907,-0.0569795847325169,0.4421874643144981,36.90666903958738,0.8538123586969778,21.37665483617131,4.623489465346634,3.5730817635756686,-0.0513647704411057,0.5546708236219635,46.81026439104606,0.9145793355080624,6.178,daily,5,origin3,daily|N05B|B_rich,,5,,,,,,,5.0,,,,,,,
Naive,N05C,A_lag1,pacf_train,1,4,1562,180,90,2014-01-06,2018-04-16,2018-04-17,2018-10-13,2018-10-14,2019-01-11,{},0,none,42,1.8666666666666667,1.3662601021279464,0.7777777777777778,-0.9427580225498696,2.64437439121538,167.34848484848484,1.1071996140375715,3.466666666666667,1.8618986725025253,1.3111111111111111,-1.4039037753616983,2.2954915140442096,170.60109289617486,1.0171207079469646,0.0,daily,5,origin3,daily|N05C|A_lag1,,5,,,,,,,,,,,,,,
SeasonalNaive(s=7),N05C,A_lag1,pacf_train,1,4,1562,180,90,2014-01-06,2018-04-16,2018-04-17,2018-10-13,2018-10-14,2019-01-11,{},0,none,42,1.9555555555555555,1.398411797560202,0.8444444444444444,-1.035270309337959,2.706603479148778,176.97722567287784,1.053408663017708,3.0444444444444443,1.7448336437736534,1.1555555555555554,-1.1111206232343125,2.1511647662962847,168.15873015873015,0.971438980942032,0.0,daily,5,origin3,daily|N05C|A_lag1,,5,,,,,,,,,,,,,,
S1 [linear],N05C,A_lag1,pacf_train,1,4,1562,180,90,2014-01-06,2018-04-16,2018-04-17,2018-10-13,2018-10-14,2019-01-11,{},0,none,42,0.9630264736069368,0.9813391226313852,0.7483718793970803,-0.0022825397470287,1.8993660438026807,166.17543843355097,0.6008778485810952,1.5181333077598127,1.2321255243520497,0.9197951720735256,-0.0527249201998529,1.519058865639513,156.85943756732442,0.6467120611752359,0.006,daily,5,origin3,daily|N05C|A_lag1,,5,linear,0.0,0.9813391226313852,0.0,,1.2321255243520497,,,,,,,,
AR-LRX [linear],N05C,A_lag1,pacf_train,1,4,1562,180,90,2014-01-06,2018-04-16,2018-04-17,2018-10-13,2018-10-14,2019-01-11,"{""colsample_bytree"": 0.8, ""learning_rate"": 0.05, ""max_depth"": 3, ""n_estimators"": 100, ""subsample"": 0.8}",132,none,42,0.9630264736069368,0.9813391226313852,0.7483718793970803,-0.0022825397470287,1.8993660438026807,166.17543843355097,0.6008778485810952,1.5181333077598127,1.2321255243520497,0.9197951720735256,-0.0527249201998529,1.519058865639513,156.85943756732442,0.6467120611752359,4.959,daily,5,origin3,daily|N05C|A_lag1,-0.032764976266062,5,linear,0.0,0.9813391226313852,0.0,-0.0114030187509466,1.2321255243520497,5.0,,,,,,,
AR-LRX-g [linear],N05C,A_lag1,pacf_train,1,4,1562,180,90,2014-01-06,2018-04-16,2018-04-17,2018-10-13,2018-10-14,2019-01-11,"{""colsample_bytree"": 0.8, ""learning_rate"": 0.05, ""max_depth"": 3, ""n_estimators"": 100, ""subsample"": 0.8}",132,none,42,0.9630264736069368,0.9813391226313852,0.7483718793970803,-0.0022825397470287,1.8993660438026807,166.17543843355097,0.6008778485810952,1.5181333077598127,1.2321255243520497,0.9197951720735256,-0.0527249201998529,1.519058865639513,156.85943756732442,0.6467120611752359,5.248,daily,5,origin3,daily|N05C|A_lag1,-0.032764976266062,5,linear,0.0,0.9813391226313852,0.0,-0.0114030187509466,1.2321255243520497,5.0,False,global,1.0,"{""0"": 0.0}",0.0,0.0,0.9813391226313852
AR-LRX-Aug [linear],N05C,A_lag1,pacf_train,1,4,1562,180,90,2014-01-06,2018-04-16,2018-04-17,2018-10-13,2018-10-14,2019-01-11,"{""colsample_bytree"": 0.8, ""learning_rate"": 0.1, ""max_depth"": 5, ""n_estimators"": 500, ""subsample"": 0.8}",132,none,42,0.9563513289263994,0.9779321699005508,0.7434406513935123,0.0046647053671472,1.892771941743001,166.19012272252797,0.6035167220344568,1.5074806811140125,1.2277950484971067,0.9148211715781848,-0.0453380290234997,1.513719922804652,156.42958505492257,0.6422991317971652,5.75,daily,5,origin3,daily|N05C|A_lag1,-0.0293511914669106,5,linear,0.7999999999999998,0.9813391226313852,0.3472,0.0033686274380478,1.2321255243520497,5.0,True,global,1.0,"{""0"": 0.8}",0.8,0.8,0.9799796494073558
XGBoost,N05C,A_lag1,pacf_train,1,4,1562,180,90,2014-01-06,2018-04-16,2018-04-17,2018-10-13,2018-10-14,2019-01-11,"{""colsample_bytree"": 0.8, ""learning_rate"": 0.05, ""max_depth"": 3, ""n_estimators"": 100, ""subsample"": 0.8}",12,none,42,0.9705168233882892,0.9851481225624344,0.748917015393575,-0.010078220352079,1.906738301733744,166.45971311414706,0.6068235140530772,1.509526264495272,1.2286277973801798,0.9083937421441078,-0.0467565056426422,1.5147465995098106,157.595042760875,0.6540632110346398,5.071,daily,5,origin3,daily|N05C|A_lag1,,5,,,,,,,,,,,,,,
"LR-XGB (residual, tanpa gerbang)",N05C,A_lag1,pacf_train,1,4,1562,180,90,2014-01-06,2018-04-16,2018-04-17,2018-10-13,2018-10-14,2019-01-11,"{""colsample_bytree"": 0.8, ""learning_rate"": 0.05, ""max_depth"": 3, ""n_estimators"": 500, ""subsample"": 0.8}",12,none,42,0.9709112306782662,0.9853482788731436,0.747580014611818,-0.0104887049556976,1.9071257010447933,166.66577435092518,0.6091669868668457,1.5098429015554675,1.2287566486312365,0.9075511647199582,-0.0469760724766106,1.514905457216593,157.51151487043023,0.6532727575200032,5.823,daily,5,origin3,daily|N05C|A_lag1,,5,,,,,,,5.0,,,,,,,
Naive,N05C,B_rich,pacf_train,5,4,1562,180,90,2014-01-06,2018-04-16,2018-04-17,2018-10-13,2018-10-14,2019-01-11,{},0,none,42,1.8666666666666667,1.3662601021279464,0.7777777777777778,-0.9427580225498696,2.64437439121538,167.34848484848484,1.1071996140375715,3.466666666666667,1.8618986725025253,1.3111111111111111,-1.4039037753616983,2.2954915140442096,170.60109289617486,1.0171207079469646,0.0,daily,5,origin3,daily|N05C|B_rich,,5,,,,,,,,,,,,,,
SeasonalNaive(s=7),N05C,B_rich,pacf_train,5,4,1562,180,90,2014-01-06,2018-04-16,2018-04-17,2018-10-13,2018-10-14,2019-01-11,{},0,none,42,1.9555555555555555,1.398411797560202,0.8444444444444444,-1.035270309337959,2.706603479148778,176.97722567287784,1.053408663017708,3.0444444444444443,1.7448336437736534,1.1555555555555554,-1.1111206232343125,2.1511647662962847,168.15873015873015,0.971438980942032,0.0,daily,5,origin3,daily|N05C|B_rich,,5,,,,,,,,,,,,,,
S1 [linear],N05C,B_rich,pacf_train,5,4,1562,180,90,2014-01-06,2018-04-16,2018-04-17,2018-10-13,2018-10-14,2019-01-11,{},0,none,42,0.984030812007104,0.9919832720399592,0.7520504961797978,-0.0241430827480697,1.9199676233031469,167.02240239621233,0.6143438531245919,1.5393254365329152,1.2406955454634772,0.9300481663430762,-0.0674202581899334,1.5296246450919582,156.1428563380474,0.6412402113834963,0.005,daily,5,origin3,daily|N05C|B_rich,,5,linear,0.0,0.9919832720399592,0.0,,1.2406955454634772,,,,,,,,
AR-LRX [linear],N05C,B_rich,pacf_train,5,4,1562,180,90,2014-01-06,2018-04-16,2018-04-17,2018-10-13,2018-10-14,2019-01-11,"{""colsample_bytree"": 0.8, ""learning_rate"": 0.05, ""max_depth"": 3, ""n_estimators"": 100, ""subsample"": 0.8}",132,none,42,0.984030812007104,0.9919832720399592,0.7520504961797978,-0.0241430827480697,1.9199676233031469,167.02240239621233,0.6143438531245919,1.5393254365329152,1.2406955454634772,0.9300481663430762,-0.0674202581899334,1.5296246450919582,156.1428563380474,0.6412402113834963,5.351,daily,5,origin3,daily|N05C|B_rich,-0.0252531406070073,5,linear,0.0,0.9919832720399592,0.0,-0.0255898068014917,1.2406955454634772,5.0,,,,,,,
AR-LRX-g [linear],N05C,B_rich,pacf_train,5,4,1562,180,90,2014-01-06,2018-04-16,2018-04-17,2018-10-13,2018-10-14,2019-01-11,"{""colsample_bytree"": 0.8, ""learning_rate"": 0.05, ""max_depth"": 5, ""n_estimators"": 100, ""subsample"": 0.8}",132,none,42,0.984030812007104,0.9919832720399592,0.7520504961797978,-0.0241430827480697,1.9199676233031469,167.02240239621233,0.6143438531245919,1.5393254365329152,1.2406955454634772,0.9300481663430762,-0.0674202581899334,1.5296246450919582,156.1428563380474,0.6412402113834963,5.347,daily,5,origin3,daily|N05C|B_rich,-0.0201244441891768,5,linear,0.0,0.9919832720399592,0.0,-0.1159451126313775,1.2406955454634772,5.0,False,global,1.0,"{""0"": 0.0}",0.0,0.0,0.9919832720399592
AR-LRX-Aug [linear],N05C,B_rich,pacf_train,5,4,1562,180,90,2014-01-06,2018-04-16,2018-04-17,2018-10-13,2018-10-14,2019-01-11,"{""colsample_bytree"": 0.8, ""learning_rate"": 0.05, ""max_depth"": 3, ""n_estimators"": 100, ""subsample"": 0.8}",132,none,42,0.9505956138671084,0.9749849300717978,0.7402313488512422,0.0106550419422983,1.887067606590576,166.51219817762706,0.6070316693976378,1.535655844272483,1.239215818278835,0.9010297496255828,-0.0648756389527533,1.5278003239054132,157.12867567334206,0.6539779536810642,6.542,daily,5,origin3,daily|N05C|B_rich,-0.0282518506057445,5,linear,1.0,0.9919832720399592,1.7136,0.0318448743922409,1.2406955454634772,5.0,True,global,1.0,"{""0"": 1.0}",1.0,1.0,0.974984930071798
XGBoost,N05C,B_rich,pacf_train,5,4,1562,180,90,2014-01-06,2018-04-16,2018-04-17,2018-10-13,2018-10-14,2019-01-11,"{""colsample_bytree"": 0.8, ""learning_rate"": 0.05, ""max_depth"": 3, ""n_estimators"": 100, ""subsample"": 0.8}",12,none,42,1.014952017652896,1.0074482704600252,0.7642909293373426,-0.056324736499111,1.9498998783097257,168.1625492767867,0.6377166092037002,1.536860992012821,1.239701977094826,0.9109419968393114,-0.0657113291074265,1.5283996977881418,156.1972148225766,0.6460415902713283,5.12,daily,5,origin3,daily|N05C|B_rich,,5,,,,,,,,,,,,,,
"LR-XGB (residual, tanpa gerbang)",N05C,B_rich,pacf_train,5,4,1562,180,90,2014-01-06,2018-04-16,2018-04-17,2018-10-13,2018-10-14,2019-01-11,"{""colsample_bytree"": 0.8, ""learning_rate"": 0.05, ""max_depth"": 3, ""n_estimators"": 100, ""subsample"": 0.8}",12,none,42,1.006988597369979,1.0034882148635225,0.7572543645574601,-0.048036701512554,1.94223525457456,168.06594707795568,0.6351157884867996,1.5311773825686443,1.2374075248553502,0.9144876829525592,-0.0617701223188098,1.5255709210545414,156.3194897414675,0.6455274915533963,5.973,daily,5,origin3,daily|N05C|B_rich,,5,,,,,,,5.0,,,,,,,
Naive,R03,A_lag1,pacf_train,1,1,1565,180,90,2014-01-03,2018-04-16,2018-04-17,2018-10-13,2018-10-14,2019-01-11,{},0,none,42,78.22222222222223,8.844332774281067,5.955555555555556,-0.8289725885042607,1.7081329392388327,129.99872020740725,3.4561672920210427,162.93333333333334,12.764534199622537,10.133333333333333,-1.1609195402298846,1.196675081214613,109.34693207818673,1.905083711200207,0.0,daily,5,origin3,daily|R03|A_lag1,,5,,,,,,,,,,,,,,
SeasonalNaive(s=7),R03,A_lag1,pacf_train,1,1,1565,180,90,2014-01-03,2018-04-16,2018-04-17,2018-10-13,2018-10-14,2019-01-11,{},0,none,42,68.79444444444445,8.29424164372153,5.505555555555556,-0.6085346280858139,1.60189216295051,121.6852220807194,3.4569390542403404,176.53333333333333,13.286584712909988,10.733333333333333,-1.341290893015031,1.2456173168353113,114.66152967689172,3.42339100651895,0.0,daily,5,origin3,daily|R03|A_lag1,,5,,,,,,,,,,,,,,
S1 [linear],R03,A_lag1,pacf_train,1,1,1565,180,90,2014-01-03,2018-04-16,2018-04-17,2018-10-13,2018-10-14,2019-01-11,{},0,none,42,42.60286878764213,6.527087312702514,4.499770924198564,0.0038702942639619,1.2605962621099276,100.24209823429078,1.8866910827765453,102.1580373117681,10.107325922902064,7.359575636101227,-0.3548811314558102,0.9475618052720688,89.83606523604294,1.1075503278969094,0.006,daily,5,origin3,daily|R03|A_lag1,,5,linear,0.0,6.527087312702514,0.0,,10.107325922902064,,,,,,,,
AR-LRX [linear],R03,A_lag1,pacf_train,1,1,1565,180,90,2014-01-03,2018-04-16,2018-04-17,2018-10-13,2018-10-14,2019-01-11,"{""colsample_bytree"": 0.8, ""learning_rate"": 0.05, ""max_depth"": 5, ""n_estimators"": 300, ""subsample"": 0.8}",132,none,42,42.50682795721651,6.519726064584041,4.495570667758604,0.006115897127642,1.2591745618295358,100.21528737077954,1.921651512979472,100.82326930686853,10.041079090758547,7.307332930392713,-0.3371786380221286,0.9413511647586138,88.94535236267718,1.119385098637928,5.428,daily,5,origin3,daily|R03|A_lag1,-0.2823264618717653,5,linear,0.2,6.527087312702514,0.1128,-0.0274839470404606,10.107325922902064,5.0,,,,,,,
AR-LRX-g [linear],R03,A_lag1,pacf_train,1,1,1565,180,90,2014-01-03,2018-04-16,2018-04-17,2018-10-13,2018-10-14,2019-01-11,"{""colsample_bytree"": 0.8, ""learning_rate"": 0.05, ""max_depth"": 3, ""n_estimators"": 100, ""subsample"": 0.8}",132,none,42,42.51597657818676,6.52042763767736,4.492764842528408,0.0059019863424222,1.2593100587788892,100.22828273047688,1.9231721695330817,100.68612503977516,10.034247607059294,7.296996730031676,-0.3353597485381321,0.9407107131618088,88.82177762319346,1.12259234187449,5.464,daily,5,origin3,daily|R03|A_lag1,-0.2735411392610374,5,linear,0.2999999999999999,6.527087312702514,0.102,-0.0149506819357041,10.107325922902064,5.0,False,global,1.0,"{""0"": 0.3}",0.3,0.3,6.55142716878698
AR-LRX-Aug [linear],R03,A_lag1,pacf_train,1,1,1565,180,90,2014-01-03,2018-04-16,2018-04-17,2018-10-13,2018-10-14,2019-01-11,"{""colsample_bytree"": 0.8, ""learning_rate"": 0.05, ""max_depth"": 3, ""n_estimators"": 300, ""subsample"": 0.8}",132,none,42,41.91698304859308,6.474332633452893,4.4472904921277445,0.0199075044061499,1.2504075901518463,99.16906315824644,1.9339772669274515,102.40183242129356,10.11937905314815,7.49175906187216,-0.358114488346068,0.9486917862326392,91.20328242781694,1.158168595709688,5.526,daily,5,origin3,daily|R03|A_lag1,-0.3123081815182293,5,linear,0.9000000000000004,6.527087312702514,0.8082,0.015467532379468,10.107325922902064,5.0,True,global,1.0,"{""0"": 0.9}",0.9,0.9,6.49570044988983
XGBoost,R03,A_lag1,pacf_train,1,1,1565,180,90,2014-01-03,2018-04-16,2018-04-17,2018-10-13,2018-10-14,2019-01-11,"{""colsample_bytree"": 0.8, ""learning_rate"": 0.05, ""max_depth"": 3, ""n_estimators"": 100, ""subsample"": 0.8}",12,none,42,43.17768175831024,6.57097266455357,4.513400763935513,-0.0095698399715751,1.269071973840818,100.27801053370482,2.04203082005738,100.00086965355264,10.000043482583097,7.403313453992208,-0.3262714808163476,0.9375040764921652,90.0307040101729,1.1761694380612018,5.197,daily,5,origin3,daily|R03|A_lag1,,5,,,,,,,,,,,,,,
"LR-XGB (residual, tanpa gerbang)",R03,A_lag1,pacf_train,1,1,1565,180,90,2014-01-03,2018-04-16,2018-04-17,2018-10-13,2018-10-14,2019-01-11,"{""colsample_bytree"": 0.8, ""learning_rate"": 0.05, ""max_depth"": 3, ""n_estimators"": 100, ""subsample"": 0.8}",12,none,42,43.22093559842961,6.574263122086734,4.520955391049771,-0.0105811905274457,1.269707469930914,100.4267863257011,2.071352966790633,99.7977880028926,9.989884283758876,7.411400497786629,-0.3235780902240395,0.9365516516023946,90.05952651718741,1.1814980594930662,5.254,daily,5,origin3,daily|R03|A_lag1,,5,,,,,,,5.0,,,,,,,
Naive,R03,B_rich,pacf_train,1,1,1565,180,90,2014-01-03,2018-04-16,2018-04-17,2018-10-13,2018-10-14,2019-01-11,{},0,none,42,78.22222222222223,8.844332774281067,5.955555555555556,-0.8289725885042607,1.7081329392388327,129.99872020740725,3.4561672920210427,162.93333333333334,12.764534199622537,10.133333333333333,-1.1609195402298846,1.196675081214613,109.34693207818673,1.905083711200207,0.0,daily,5,origin3,daily|R03|B_rich,,5,,,,,,,,,,,,,,
SeasonalNaive(s=7),R03,B_rich,pacf_train,1,1,1565,180,90,2014-01-03,2018-04-16,2018-04-17,2018-10-13,2018-10-14,2019-01-11,{},0,none,42,68.79444444444445,8.29424164372153,5.505555555555556,-0.6085346280858139,1.60189216295051,121.6852220807194,3.4569390542403404,176.53333333333333,13.286584712909988,10.733333333333333,-1.341290893015031,1.2456173168353113,114.66152967689172,3.42339100651895,0.0,daily,5,origin3,daily|R03|B_rich,,5,,,,,,,,,,,,,,
S1 [linear],R03,B_rich,pacf_train,1,1,1565,180,90,2014-01-03,2018-04-16,2018-04-17,2018-10-13,2018-10-14,2019-01-11,{},0,none,42,42.60286878764213,6.527087312702514,4.499770924198564,0.0038702942639619,1.2605962621099276,100.24209823429078,1.8866910827765453,102.1580373117681,10.107325922902064,7.359575636101227,-0.3548811314558102,0.9475618052720688,89.83606523604294,1.1075503278969094,0.009,daily,5,origin3,daily|R03|B_rich,,5,linear,0.0,6.527087312702514,0.0,,10.107325922902064,,,,,,,,
AR-LRX [linear],R03,B_rich,pacf_train,1,1,1565,180,90,2014-01-03,2018-04-16,2018-04-17,2018-10-13,2018-10-14,2019-01-11,"{""colsample_bytree"": 0.8, ""learning_rate"": 0.05, ""max_depth"": 5, ""n_estimators"": 300, ""subsample"": 0.8}",132,none,42,42.50682795721651,6.519726064584041,4.495570667758604,0.006115897127642,1.2591745618295358,100.21528737077954,1.921651512979472,100.82326930686853,10.041079090758547,7.307332930392713,-0.3371786380221286,0.9413511647586138,88.94535236267718,1.119385098637928,5.541,daily,5,origin3,daily|R03|B_rich,-0.2823264618717653,5,linear,0.2,6.527087312702514,0.1128,-0.0274839470404606,10.107325922902064,5.0,,,,,,,
AR-LRX-g [linear],R03,B_rich,pacf_train,1,1,1565,180,90,2014-01-03,2018-04-16,2018-04-17,2018-10-13,2018-10-14,2019-01-11,"{""colsample_bytree"": 0.8, ""learning_rate"": 0.05, ""max_depth"": 3, ""n_estimators"": 100, ""subsample"": 0.8}",132,none,42,42.51597657818676,6.52042763767736,4.492764842528408,0.0059019863424222,1.2593100587788892,100.22828273047688,1.9231721695330817,100.68612503977516,10.034247607059294,7.296996730031676,-0.3353597485381321,0.9407107131618088,88.82177762319346,1.12259234187449,5.424,daily,5,origin3,daily|R03|B_rich,-0.2735411392610374,5,linear,0.2999999999999999,6.527087312702514,0.102,-0.0149506819357041,10.107325922902064,5.0,False,global,1.0,"{""0"": 0.3}",0.3,0.3,6.55142716878698
AR-LRX-Aug [linear],R03,B_rich,pacf_train,1,1,1565,180,90,2014-01-03,2018-04-16,2018-04-17,2018-10-13,2018-10-14,2019-01-11,"{""colsample_bytree"": 0.8, ""learning_rate"": 0.05, ""max_depth"": 3, ""n_estimators"": 300, ""subsample"": 0.8}",132,none,42,41.91698304859308,6.474332633452893,4.4472904921277445,0.0199075044061499,1.2504075901518463,99.16906315824644,1.9339772669274515,102.40183242129356,10.11937905314815,7.49175906187216,-0.358114488346068,0.9486917862326392,91.20328242781694,1.158168595709688,5.411,daily,5,origin3,daily|R03|B_rich,-0.3123081815182293,5,linear,0.9000000000000004,6.527087312702514,0.8082,0.015467532379468,10.107325922902064,5.0,True,global,1.0,"{""0"": 0.9}",0.9,0.9,6.49570044988983
XGBoost,R03,B_rich,pacf_train,1,1,1565,180,90,2014-01-03,2018-04-16,2018-04-17,2018-10-13,2018-10-14,2019-01-11,"{""colsample_bytree"": 0.8, ""learning_rate"": 0.05, ""max_depth"": 3, ""n_estimators"": 100, ""subsample"": 0.8}",12,none,42,43.17768175831024,6.57097266455357,4.513400763935513,-0.0095698399715751,1.269071973840818,100.27801053370482,2.04203082005738,100.00086965355264,10.000043482583097,7.403313453992208,-0.3262714808163476,0.9375040764921652,90.0307040101729,1.1761694380612018,4.978,daily,5,origin3,daily|R03|B_rich,,5,,,,,,,,,,,,,,
"LR-XGB (residual, tanpa gerbang)",R03,B_rich,pacf_train,1,1,1565,180,90,2014-01-03,2018-04-16,2018-04-17,2018-10-13,2018-10-14,2019-01-11,"{""colsample_bytree"": 0.8, ""learning_rate"": 0.05, ""max_depth"": 3, ""n_estimators"": 100, ""subsample"": 0.8}",12,none,42,43.22093559842961,6.574263122086734,4.520955391049771,-0.0105811905274457,1.269707469930914,100.4267863257011,2.071352966790633,99.7977880028926,9.989884283758876,7.411400497786629,-0.3235780902240395,0.9365516516023946,90.05952651718741,1.1814980594930662,5.166,daily,5,origin3,daily|R03|B_rich,,5,,,,,,,5.0,,,,,,,
Naive,R06,A_lag1,pacf_train,1,1,1565,180,90,2014-01-03,2018-04-16,2018-04-17,2018-10-13,2018-10-14,2019-01-11,{},0,none,42,11.246995555555555,3.353654060208888,2.633333333333333,-0.4420979509605931,0.782507688008918,70.52606559584214,1.6069445883704625,4.874666666666667,2.207864730155964,1.6755555555555557,-0.8236595214815112,1.2094207286307777,112.05243693931897,1.6873150761126912,0.0,daily,5,origin3,daily|R06|A_lag1,,5,,,,,,,,,,,,,,
SeasonalNaive(s=7),R06,A_lag1,pacf_train,1,1,1565,180,90,2014-01-03,2018-04-16,2018-04-17,2018-10-13,2018-10-14,2019-01-11,{},0,none,42,11.02171777777778,3.319897254099557,2.521,-0.4132126704316241,0.7746312166052062,68.45641390413863,1.5305364393322738,5.164666666666667,2.272590298902701,1.7533333333333334,-0.9321513010007204,1.2448760006162087,112.1837290831067,1.384922176244974,0.0,daily,5,origin3,daily|R06|A_lag1,,5,,,,,,,,,,,,,,
S1 [linear],R06,A_lag1,pacf_train,1,1,1565,180,90,2014-01-03,2018-04-16,2018-04-17,2018-10-13,2018-10-14,2019-01-11,{},0,none,42,8.50461239222275,2.916266858883588,2.203430957154739,-0.0904675870064108,0.6804521862997068,58.83509431765073,1.731421592724104,3.2514927520138195,1.8031896051202767,1.4456162194055973,-0.2164146026199651,0.9877484142472605,83.13447547697042,1.4489047255660772,0.006,daily,5,origin3,daily|R06|A_lag1,,5,linear,0.0,2.916266858883588,0.0,,1.8031896051202767,,,,,,,,
AR-LRX [linear],R06,A_lag1,pacf_train,1,1,1565,180,90,2014-01-03,2018-04-16,2018-04-17,2018-10-13,2018-10-14,2019-01-11,"{""colsample_bytree"": 0.8, ""learning_rate"": 0.05, ""max_depth"": 3, ""n_estimators"": 100, ""subsample"": 0.8}",132,none,42,8.50461239222275,2.916266858883588,2.203430957154739,-0.0904675870064108,0.6804521862997068,58.83509431765073,1.731421592724104,3.2514927520138195,1.8031896051202767,1.4456162194055973,-0.2164146026199651,0.9877484142472605,83.13447547697042,1.4489047255660772,5.352,daily,5,origin3,daily|R06|A_lag1,-0.149646776429744,5,linear,0.0,2.916266858883588,0.0,-0.2119279063044215,1.8031896051202767,5.0,,,,,,,
AR-LRX-g [linear],R06,A_lag1,pacf_train,1,1,1565,180,90,2014-01-03,2018-04-16,2018-04-17,2018-10-13,2018-10-14,2019-01-11,"{""colsample_bytree"": 0.8, ""learning_rate"": 0.05, ""max_depth"": 3, ""n_estimators"": 100, ""subsample"": 0.8}",132,none,42,8.50461239222275,2.916266858883588,2.203430957154739,-0.0904675870064108,0.6804521862997068,58.83509431765073,1.731421592724104,3.2514927520138195,1.8031896051202767,1.4456162194055973,-0.2164146026199651,0.9877484142472605,83.13447547697042,1.4489047255660772,5.225,daily,5,origin3,daily|R06|A_lag1,-0.149646776429744,5,linear,0.0,2.916266858883588,0.0,-0.2119279063044215,1.8031896051202767,5.0,False,global,1.0,"{""0"": 0.0}",0.0,0.0,2.916266858883588
AR-LRX-Aug [linear],R06,A_lag1,pacf_train,1,1,1565,180,90,2014-01-03,2018-04-16,2018-04-17,2018-10-13,2018-10-14,2019-01-11,"{""colsample_bytree"": 0.8, ""learning_rate"": 0.1, ""max_depth"": 5, ""n_estimators"": 300, ""subsample"": 0.8}",132,none,42,8.449628483329947,2.906824467237392,2.201931492747681,-0.0834175102140406,0.6782489942221437,58.14438133314136,1.9772112894540377,3.2250397323457323,1.7958395619725422,1.444388212725765,-0.2065182744218705,0.9837222189746124,83.16997310448652,1.419924918016659,5.634,daily,5,origin3,daily|R06|A_lag1,-0.1999977303821845,5,linear,0.1999999999999999,2.916266858883588,0.3238,-0.328340499129,1.8031896051202767,5.0,True,global,1.0,"{""0"": 0.2}",0.2,0.2,2.921287301576563
XGBoost,R06,A_lag1,pacf_train,1,1,1565,180,90,2014-01-03,2018-04-16,2018-04-17,2018-10-13,2018-10-14,2019-01-11,"{""colsample_bytree"": 0.8, ""learning_rate"": 0.05, ""max_depth"": 3, ""n_estimators"": 100, ""subsample"": 0.8}",12,none,42,8.695349214218338,2.9487877533349764,2.227606257941988,-0.1149240010606251,0.6880402825887895,59.22891182655394,1.6973109691778068,3.237020790207987,1.7991722514000672,1.4415897711118064,-0.2110005030011763,0.9855477944370422,82.93497726108245,1.4984966737583143,6.013,daily,5,origin3,daily|R06|A_lag1,,5,,,,,,,,,,,,,,
"LR-XGB (residual, tanpa gerbang)",R06,A_lag1,pacf_train,1,1,1565,180,90,2014-01-03,2018-04-16,2018-04-17,2018-10-13,2018-10-14,2019-01-11,"{""colsample_bytree"": 0.8, ""learning_rate"": 0.05, ""max_depth"": 3, ""n_estimators"": 100, ""subsample"": 0.8}",12,none,42,8.72707482200271,2.9541622876887974,2.2329911406920804,-0.118991881567275,0.689294322026319,59.31182097044716,1.696154716905629,3.248300744505032,1.8023042874345696,1.4442522670051674,-0.2152204420169754,0.987263456294043,83.06744198662537,1.4924689620801046,5.316,daily,5,origin3,daily|R06|A_lag1,,5,,,,,,,5.0,,,,,,,
Naive,R06,B_rich,pacf_train,1,1,1565,180,90,2014-01-03,2018-04-16,2018-04-17,2018-10-13,2018-10-14,2019-01-11,{},0,none,42,11.246995555555555,3.353654060208888,2.633333333333333,-0.4420979509605931,0.782507688008918,70.52606559584214,1.6069445883704625,4.874666666666667,2.207864730155964,1.6755555555555557,-0.8236595214815112,1.2094207286307777,112.05243693931897,1.6873150761126912,0.0,daily,5,origin3,daily|R06|B_rich,,5,,,,,,,,,,,,,,
SeasonalNaive(s=7),R06,B_rich,pacf_train,1,1,1565,180,90,2014-01-03,2018-04-16,2018-04-17,2018-10-13,2018-10-14,2019-01-11,{},0,none,42,11.02171777777778,3.319897254099557,2.521,-0.4132126704316241,0.7746312166052062,68.45641390413863,1.5305364393322738,5.164666666666667,2.272590298902701,1.7533333333333334,-0.9321513010007204,1.2448760006162087,112.1837290831067,1.384922176244974,0.0,daily,5,origin3,daily|R06|B_rich,,5,,,,,,,,,,,,,,
S1 [linear],R06,B_rich,pacf_train,1,1,1565,180,90,2014-01-03,2018-04-16,2018-04-17,2018-10-13,2018-10-14,2019-01-11,{},0,none,42,8.50461239222275,2.916266858883588,2.203430957154739,-0.0904675870064108,0.6804521862997068,58.83509431765073,1.731421592724104,3.2514927520138195,1.8031896051202767,1.4456162194055973,-0.2164146026199651,0.9877484142472605,83.13447547697042,1.4489047255660772,0.008,daily,5,origin3,daily|R06|B_rich,,5,linear,0.0,2.916266858883588,0.0,,1.8031896051202767,,,,,,,,
AR-LRX [linear],R06,B_rich,pacf_train,1,1,1565,180,90,2014-01-03,2018-04-16,2018-04-17,2018-10-13,2018-10-14,2019-01-11,"{""colsample_bytree"": 0.8, ""learning_rate"": 0.05, ""max_depth"": 3, ""n_estimators"": 100, ""subsample"": 0.8}",132,none,42,8.50461239222275,2.916266858883588,2.203430957154739,-0.0904675870064108,0.6804521862997068,58.83509431765073,1.731421592724104,3.2514927520138195,1.8031896051202767,1.4456162194055973,-0.2164146026199651,0.9877484142472605,83.13447547697042,1.4489047255660772,5.078,daily,5,origin3,daily|R06|B_rich,-0.149646776429744,5,linear,0.0,2.916266858883588,0.0,-0.2119279063044215,1.8031896051202767,5.0,,,,,,,
AR-LRX-g [linear],R06,B_rich,pacf_train,1,1,1565,180,90,2014-01-03,2018-04-16,2018-04-17,2018-10-13,2018-10-14,2019-01-11,"{""colsample_bytree"": 0.8, ""learning_rate"": 0.05, ""max_depth"": 3, ""n_estimators"": 100, ""subsample"": 0.8}",132,none,42,8.50461239222275,2.916266858883588,2.203430957154739,-0.0904675870064108,0.6804521862997068,58.83509431765073,1.731421592724104,3.2514927520138195,1.8031896051202767,1.4456162194055973,-0.2164146026199651,0.9877484142472605,83.13447547697042,1.4489047255660772,5.25,daily,5,origin3,daily|R06|B_rich,-0.149646776429744,5,linear,0.0,2.916266858883588,0.0,-0.2119279063044215,1.8031896051202767,5.0,False,global,1.0,"{""0"": 0.0}",0.0,0.0,2.916266858883588
AR-LRX-Aug [linear],R06,B_rich,pacf_train,1,1,1565,180,90,2014-01-03,2018-04-16,2018-04-17,2018-10-13,2018-10-14,2019-01-11,"{""colsample_bytree"": 0.8, ""learning_rate"": 0.1, ""max_depth"": 5, ""n_estimators"": 300, ""subsample"": 0.8}",132,none,42,8.449628483329947,2.906824467237392,2.201931492747681,-0.0834175102140406,0.6782489942221437,58.14438133314136,1.9772112894540377,3.2250397323457323,1.7958395619725422,1.444388212725765,-0.2065182744218705,0.9837222189746124,83.16997310448652,1.419924918016659,6.178,daily,5,origin3,daily|R06|B_rich,-0.1999977303821845,5,linear,0.1999999999999999,2.916266858883588,0.3238,-0.328340499129,1.8031896051202767,5.0,True,global,1.0,"{""0"": 0.2}",0.2,0.2,2.921287301576563
XGBoost,R06,B_rich,pacf_train,1,1,1565,180,90,2014-01-03,2018-04-16,2018-04-17,2018-10-13,2018-10-14,2019-01-11,"{""colsample_bytree"": 0.8, ""learning_rate"": 0.05, ""max_depth"": 3, ""n_estimators"": 100, ""subsample"": 0.8}",12,none,42,8.695349214218338,2.9487877533349764,2.227606257941988,-0.1149240010606251,0.6880402825887895,59.22891182655394,1.6973109691778068,3.237020790207987,1.7991722514000672,1.4415897711118064,-0.2110005030011763,0.9855477944370422,82.93497726108245,1.4984966737583143,5.176,daily,5,origin3,daily|R06|B_rich,,5,,,,,,,,,,,,,,
"LR-XGB (residual, tanpa gerbang)",R06,B_rich,pacf_train,1,1,1565,180,90,2014-01-03,2018-04-16,2018-04-17,2018-10-13,2018-10-14,2019-01-11,"{""colsample_bytree"": 0.8, ""learning_rate"": 0.05, ""max_depth"": 3, ""n_estimators"": 100, ""subsample"": 0.8}",12,none,42,8.72707482200271,2.9541622876887974,2.2329911406920804,-0.118991881567275,0.689294322026319,59.31182097044716,1.696154716905629,3.248300744505032,1.8023042874345696,1.4442522670051674,-0.2152204420169754,0.987263456294043,83.06744198662537,1.4924689620801046,5.371,daily,5,origin3,daily|R06|B_rich,,5,,,,,,,5.0,,,,,,,
Naive,M01AB,A_lag1,pacf_train,1,1,223,26,13,2014-01-12,2018-04-15,2018-04-22,2018-10-14,2018-10-21,2019-01-13,{},0,none,42,141.34722692307693,11.888953987760106,9.06653846153846,-1.809021245973057,0.3457289575789493,24.630625381343112,0.3488535882955508,62.2216923076923,7.888072787930668,6.31076923076923,-0.2367012872013896,0.2180925716053057,17.461671001329034,0.2168728402866595,0.0,weekly,2,origin3,weekly|M01AB|A_lag1,,5,,,,,,,,,,,,,,
SeasonalNaive(s=52),M01AB,A_lag1,pacf_train,1,1,223,26,13,2014-01-12,2018-04-15,2018-04-22,2018-10-14,2018-10-21,2019-01-13,{},0,none,42,122.3117048076923,11.059462229588394,8.555576923076924,-1.430724570372869,0.3216074645385792,24.569212994085067,0.3226018323119426,74.48039230769231,8.630202332952125,6.405384615384619,-0.4803518455058195,0.2386112642301572,18.76953617895215,0.2593337287788976,0.0,weekly,2,origin3,weekly|M01AB|A_lag1,,5,,,,,,,,,,,,,,
S1 [linear],M01AB,A_lag1,pacf_train,1,1,223,26,13,2014-01-12,2018-04-15,2018-04-22,2018-10-14,2018-10-21,2019-01-13,{},0,none,42,65.03722872179323,8.064566245111589,6.16000533255647,-0.2924976402837334,0.2345163488831116,17.139937137238523,0.2165876177011726,45.27629758719669,6.728766423884596,5.546638832574173,0.1001007296794942,0.1860396084784869,15.93053264863094,0.2094681856437392,0.007,weekly,2,origin3,weekly|M01AB|A_lag1,,5,linear,0.0,8.064566245111589,0.0,,6.728766423884596,,,,,,,,
AR-LRX [linear],M01AB,A_lag1,pacf_train,1,1,223,26,13,2014-01-12,2018-04-15,2018-04-22,2018-10-14,2018-10-21,2019-01-13,"{""colsample_bytree"": 0.8, ""learning_rate"": 0.05, ""max_depth"": 3, ""n_estimators"": 100, ""subsample"": 0.8}",132,none,42,65.03722872179323,8.064566245111589,6.16000533255647,-0.2924976402837334,0.2345163488831116,17.139937137238523,0.2165876177011726,45.27629758719669,6.728766423884596,5.546638832574173,0.1001007296794942,0.1860396084784869,15.93053264863094,0.2094681856437392,5.387,weekly,2,origin3,weekly|M01AB|A_lag1,-0.4212750271178684,5,linear,0.0,8.064566245111589,0.0,-0.1968016602293039,6.728766423884596,5.0,,,,,,,
AR-LRX-g [linear],M01AB,A_lag1,pacf_train,1,1,223,26,13,2014-01-12,2018-04-15,2018-04-22,2018-10-14,2018-10-21,2019-01-13,"{""colsample_bytree"": 0.8, ""learning_rate"": 0.05, ""max_depth"": 3, ""n_estimators"": 100, ""subsample"": 0.8}",132,none,42,65.03722872179323,8.064566245111589,6.16000533255647,-0.2924976402837334,0.2345163488831116,17.139937137238523,0.2165876177011726,45.27629758719669,6.728766423884596,5.546638832574173,0.1001007296794942,0.1860396084784869,15.93053264863094,0.2094681856437392,4.797,weekly,2,origin3,weekly|M01AB|A_lag1,-0.4212750271178684,5,linear,0.0,8.064566245111589,0.0,-0.1968016602293039,6.728766423884596,5.0,False,global,1.0,"{""0"": 0.0}",0.0,0.0,8.064566245111587
AR-LRX-Aug [linear],M01AB,A_lag1,pacf_train,1,1,223,26,13,2014-01-12,2018-04-15,2018-04-22,2018-10-14,2018-10-21,2019-01-13,"{""colsample_bytree"": 0.8, ""learning_rate"": 0.05, ""max_depth"": 5, ""n_estimators"": 300, ""subsample"": 0.8}",132,none,42,55.04131555117184,7.418983458073743,5.166594880034126,-0.093846891482993,0.2157429005020941,14.286946912985163,0.196482961933199,58.51356556769713,7.64941602788717,7.089924399662913,-0.1629995773574903,0.2114940946479789,20.00486742083856,0.2221984906007139,5.466,weekly,2,origin3,weekly|M01AB|A_lag1,-0.6870284538998348,5,linear,0.7,8.064566245111589,8.0052,0.1296434766245183,6.728766423884596,5.0,True,global,1.0,"{""0"": 0.7}",0.7,0.7,7.490458820509064
XGBoost,M01AB,A_lag1,pacf_train,1,1,223,26,13,2014-01-12,2018-04-15,2018-04-22,2018-10-14,2018-10-21,2019-01-13,"{""colsample_bytree"": 0.8, ""learning_rate"": 0.05, ""max_depth"": 3, ""n_estimators"": 100, ""subsample"": 0.8}",12,none,42,75.49622043828289,8.688856106432128,6.3848499180720415,-0.5003512401217014,0.2526706022517144,17.687885042422398,0.2335598055477822,63.26151911384122,7.953711027805902,6.839572436992938,-0.2573685995475681,0.2199073637497112,19.5213757338743,0.2135581561918543,4.811,weekly,2,origin3,weekly|M01AB|A_lag1,,5,,,,,,,,,,,,,,
"LR-XGB (residual, tanpa gerbang)",M01AB,A_lag1,pacf_train,1,1,223,26,13,2014-01-12,2018-04-15,2018-04-22,2018-10-14,2018-10-21,2019-01-13,"{""colsample_bytree"": 0.8, ""learning_rate"": 0.05, ""max_depth"": 3, ""n_estimators"": 100, ""subsample"": 0.8}",12,none,42,77.6054664727188,8.809396487428568,6.521623653007249,-0.5422687014875285,0.2561758980339146,18.110068958137543,0.2388408439531189,62.66428748920691,7.916077784433837,6.629677845416598,-0.2454981876132511,0.2188668648793889,18.88683689077828,0.2094569097458399,4.969,weekly,2,origin3,weekly|M01AB|A_lag1,,5,,,,,,,5.0,,,,,,,
Naive,M01AB,B_rich,pacf_train,1,1,223,26,13,2014-01-12,2018-04-15,2018-04-22,2018-10-14,2018-10-21,2019-01-13,{},0,none,42,141.34722692307693,11.888953987760106,9.06653846153846,-1.809021245973057,0.3457289575789493,24.630625381343112,0.3488535882955508,62.2216923076923,7.888072787930668,6.31076923076923,-0.2367012872013896,0.2180925716053057,17.461671001329034,0.2168728402866595,0.0,weekly,2,origin3,weekly|M01AB|B_rich,,5,,,,,,,,,,,,,,
SeasonalNaive(s=52),M01AB,B_rich,pacf_train,1,1,223,26,13,2014-01-12,2018-04-15,2018-04-22,2018-10-14,2018-10-21,2019-01-13,{},0,none,42,122.3117048076923,11.059462229588394,8.555576923076924,-1.430724570372869,0.3216074645385792,24.569212994085067,0.3226018323119426,74.48039230769231,8.630202332952125,6.405384615384619,-0.4803518455058195,0.2386112642301572,18.76953617895215,0.2593337287788976,0.0,weekly,2,origin3,weekly|M01AB|B_rich,,5,,,,,,,,,,,,,,
S1 [linear],M01AB,B_rich,pacf_train,1,1,223,26,13,2014-01-12,2018-04-15,2018-04-22,2018-10-14,2018-10-21,2019-01-13,{},0,none,42,65.03722872179323,8.064566245111589,6.16000533255647,-0.2924976402837334,0.2345163488831116,17.139937137238523,0.2165876177011726,45.27629758719669,6.728766423884596,5.546638832574173,0.1001007296794942,0.1860396084784869,15.93053264863094,0.2094681856437392,0.005,weekly,2,origin3,weekly|M01AB|B_rich,,5,linear,0.0,8.064566245111589,0.0,,6.728766423884596,,,,,,,,
AR-LRX [linear],M01AB,B_rich,pacf_train,1,1,223,26,13,2014-01-12,2018-04-15,2018-04-22,2018-10-14,2018-10-21,2019-01-13,"{""colsample_bytree"": 0.8, ""learning_rate"": 0.05, ""max_depth"": 3, ""n_estimators"": 100, ""subsample"": 0.8}",132,none,42,65.03722872179323,8.064566245111589,6.16000533255647,-0.2924976402837334,0.2345163488831116,17.139937137238523,0.2165876177011726,45.27629758719669,6.728766423884596,5.546638832574173,0.1001007296794942,0.1860396084784869,15.93053264863094,0.2094681856437392,4.913,weekly,2,origin3,weekly|M01AB|B_rich,-0.4212750271178684,5,linear,0.0,8.064566245111589,0.0,-0.1968016602293039,6.728766423884596,5.0,,,,,,,
AR-LRX-g [linear],M01AB,B_rich,pacf_train,1,1,223,26,13,2014-01-12,2018-04-15,2018-04-22,2018-10-14,2018-10-21,2019-01-13,"{""colsample_bytree"": 0.8, ""learning_rate"": 0.05, ""max_depth"": 3, ""n_estimators"": 100, ""subsample"": 0.8}",132,none,42,65.03722872179323,8.064566245111589,6.16000533255647,-0.2924976402837334,0.2345163488831116,17.139937137238523,0.2165876177011726,45.27629758719669,6.728766423884596,5.546638832574173,0.1001007296794942,0.1860396084784869,15.93053264863094,0.2094681856437392,4.751,weekly,2,origin3,weekly|M01AB|B_rich,-0.4212750271178684,5,linear,0.0,8.064566245111589,0.0,-0.1968016602293039,6.728766423884596,5.0,False,global,1.0,"{""0"": 0.0}",0.0,0.0,8.064566245111587
AR-LRX-Aug [linear],M01AB,B_rich,pacf_train,1,1,223,26,13,2014-01-12,2018-04-15,2018-04-22,2018-10-14,2018-10-21,2019-01-13,"{""colsample_bytree"": 0.8, ""learning_rate"": 0.05, ""max_depth"": 5, ""n_estimators"": 300, ""subsample"": 0.8}",132,none,42,55.04131555117184,7.418983458073743,5.166594880034126,-0.093846891482993,0.2157429005020941,14.286946912985163,0.196482961933199,58.51356556769713,7.64941602788717,7.089924399662913,-0.1629995773574903,0.2114940946479789,20.00486742083856,0.2221984906007139,5.376,weekly,2,origin3,weekly|M01AB|B_rich,-0.6870284538998348,5,linear,0.7,8.064566245111589,8.0052,0.1296434766245183,6.728766423884596,5.0,True,global,1.0,"{""0"": 0.7}",0.7,0.7,7.490458820509064
XGBoost,M01AB,B_rich,pacf_train,1,1,223,26,13,2014-01-12,2018-04-15,2018-04-22,2018-10-14,2018-10-21,2019-01-13,"{""colsample_bytree"": 0.8, ""learning_rate"": 0.05, ""max_depth"": 3, ""n_estimators"": 100, ""subsample"": 0.8}",12,none,42,75.49622043828289,8.688856106432128,6.3848499180720415,-0.5003512401217014,0.2526706022517144,17.687885042422398,0.2335598055477822,63.26151911384122,7.953711027805902,6.839572436992938,-0.2573685995475681,0.2199073637497112,19.5213757338743,0.2135581561918543,4.635,weekly,2,origin3,weekly|M01AB|B_rich,,5,,,,,,,,,,,,,,
"LR-XGB (residual, tanpa gerbang)",M01AB,B_rich,pacf_train,1,1,223,26,13,2014-01-12,2018-04-15,2018-04-22,2018-10-14,2018-10-21,2019-01-13,"{""colsample_bytree"": 0.8, ""learning_rate"": 0.05, ""max_depth"": 3, ""n_estimators"": 100, ""subsample"": 0.8}",12,none,42,77.6054664727188,8.809396487428568,6.521623653007249,-0.5422687014875285,0.2561758980339146,18.110068958137543,0.2388408439531189,62.66428748920691,7.916077784433837,6.629677845416598,-0.2454981876132511,0.2188668648793889,18.88683689077828,0.2094569097458399,5.07,weekly,2,origin3,weekly|M01AB|B_rich,,5,,,,,,,5.0,,,,,,,
Naive,M01AE,A_lag1,pacf_train,1,1,223,26,13,2014-01-12,2018-04-15,2018-04-22,2018-10-14,2018-10-21,2019-01-13,{},0,none,42,30.388805615384623,5.512604249842775,4.379076923076924,-0.2367849585004238,0.2050494362529877,16.485846307584858,0.225546204359805,48.99507015384615,6.999647859274504,5.336153846153847,-0.7461571369221358,0.265518040584194,20.54472503680603,0.2757743799656195,0.0,weekly,2,origin3,weekly|M01AE|A_lag1,,5,,,,,,,,,,,,,,
SeasonalNaive(s=52),M01AE,A_lag1,pacf_train,1,1,223,26,13,2014-01-12,2018-04-15,2018-04-22,2018-10-14,2018-10-21,2019-01-13,{},0,none,42,42.45387784615385,6.51566403723779,5.10176923076923,-0.7278177436350322,0.2423597227549175,19.66519240086761,0.2531697846121403,57.23369992307691,7.565295759127789,5.927615384615385,-1.0397773343181012,0.2869747945594112,24.02519613346573,0.280694173081824,0.0,weekly,2,origin3,weekly|M01AE|A_lag1,,5,,,,,,,,,,,,,,
S1 [linear],M01AE,A_lag1,pacf_train,1,1,223,26,13,2014-01-12,2018-04-15,2018-04-22,2018-10-14,2018-10-21,2019-01-13,{},0,none,42,21.38201736656784,4.624069351401192,3.870276034655345,0.1297796367495951,0.1719990717139863,14.712286043881434,0.1990374796787246,28.739323059288004,5.360906925072287,4.443613292461885,-0.0242535404625239,0.2033555874690764,17.273639363431155,0.2388080052310509,0.006,weekly,2,origin3,weekly|M01AE|A_lag1,,5,linear,0.0,4.624069351401192,0.0,,5.360906925072287,,,,,,,,
AR-LRX [linear],M01AE,A_lag1,pacf_train,1,1,223,26,13,2014-01-12,2018-04-15,2018-04-22,2018-10-14,2018-10-21,2019-01-13,"{""colsample_bytree"": 0.8, ""learning_rate"": 0.05, ""max_depth"": 3, ""n_estimators"": 300, ""subsample"": 0.8}",132,none,42,20.19491265308856,4.493875015294547,3.6864914759740026,0.1780932582975523,0.1671563015799319,14.022656388544508,0.1908049845267014,27.54744799491767,5.248566279939472,4.370066755420721,0.0182242260440805,0.1990941633841338,16.993454196462913,0.2338043875629411,4.892,weekly,2,origin3,weekly|M01AE|A_lag1,0.068824155315505,5,linear,0.3,4.624069351401192,2.8156,-0.1934970255283856,5.360906925072287,5.0,,,,,,,
AR-LRX-g [linear],M01AE,A_lag1,pacf_train,1,1,223,26,13,2014-01-12,2018-04-15,2018-04-22,2018-10-14,2018-10-21,2019-01-13,"{""colsample_bytree"": 0.8, ""learning_rate"": 0.05, ""max_depth"": 3, ""n_estimators"": 100, ""subsample"": 0.8}",132,none,42,20.62169303373358,4.541111431547742,3.794637647325504,0.1607238505608552,0.1689133296712565,14.416853897577116,0.1922048440395402,26.522781214419165,5.150027302298422,4.345215145396333,0.0547427820154517,0.1953562787375863,16.895113499816127,0.2280970405020765,4.717,weekly,2,origin3,weekly|M01AE|A_lag1,0.1203235092477765,5,linear,0.5,4.624069351401192,1.794,-0.006259338324478,5.360906925072287,5.0,False,global,1.0,"{""0"": 0.5}",0.5,0.5,4.918472529547417
AR-LRX-Aug [linear],M01AE,A_lag1,pacf_train,1,1,223,26,13,2014-01-12,2018-04-15,2018-04-22,2018-10-14,2018-10-21,2019-01-13,"{""colsample_bytree"": 0.8, ""learning_rate"": 0.05, ""max_depth"": 5, ""n_estimators"": 500, ""subsample"": 0.8}",132,none,42,19.41024549498127,4.4057060154964125,3.682477160890122,0.2100281935121519,0.1638767257416858,13.98536153039066,0.1830538251053262,23.931969168830847,4.892031190500613,4.072023391306235,0.1470778869478967,0.1855696975466298,15.897595112726256,0.2133558650357895,5.116,weekly,2,origin3,weekly|M01AE|A_lag1,0.224374532748992,5,linear,0.4000000000000001,4.624069351401192,4.7223,-0.078020908250344,5.360906925072287,5.0,True,global,1.0,"{""0"": 0.4}",0.4,0.4,4.416925513486236
XGBoost,M01AE,A_lag1,pacf_train,1,1,223,26,13,2014-01-12,2018-04-15,2018-04-22,2018-10-14,2018-10-21,2019-01-13,"{""colsample_bytree"": 0.8, ""learning_rate"": 0.05, ""max_depth"": 3, ""n_estimators"": 100, ""subsample"": 0.8}",12,none,42,20.995232245195247,4.582055460728869,3.7782235377385054,0.1455212893285041,0.1704363031554778,14.298021780287256,0.1896170804847059,22.905634126571663,4.7859830888305135,4.080024025550254,0.1836558988435173,0.1815469688709566,15.920773323893656,0.2117075550034663,4.96,weekly,2,origin3,weekly|M01AE|A_lag1,,5,,,,,,,,,,,,,,
"LR-XGB (residual, tanpa gerbang)",M01AE,A_lag1,pacf_train,1,1,223,26,13,2014-01-12,2018-04-15,2018-04-22,2018-10-14,2018-10-21,2019-01-13,"{""colsample_bytree"": 0.8, ""learning_rate"": 0.05, ""max_depth"": 3, ""n_estimators"": 100, ""subsample"": 0.8}",12,none,42,21.376107304605508,4.6234302530270215,3.7886595057766135,0.1300201686030457,0.1719752995084379,14.338961475941788,0.192880862428255,24.74841151426855,4.974777534148492,4.251950124463044,0.1179803344003659,0.1887085193091818,16.533767992905773,0.2183953331610725,4.969,weekly,2,origin3,weekly|M01AE|A_lag1,,5,,,,,,,5.0,,,,,,,
Naive,M01AE,B_rich,pacf_train,1,1,223,26,13,2014-01-12,2018-04-15,2018-04-22,2018-10-14,2018-10-21,2019-01-13,{},0,none,42,30.388805615384623,5.512604249842775,4.379076923076924,-0.2367849585004238,0.2050494362529877,16.485846307584858,0.225546204359805,48.99507015384615,6.999647859274504,5.336153846153847,-0.7461571369221358,0.265518040584194,20.54472503680603,0.2757743799656195,0.0,weekly,2,origin3,weekly|M01AE|B_rich,,5,,,,,,,,,,,,,,
SeasonalNaive(s=52),M01AE,B_rich,pacf_train,1,1,223,26,13,2014-01-12,2018-04-15,2018-04-22,2018-10-14,2018-10-21,2019-01-13,{},0,none,42,42.45387784615385,6.51566403723779,5.10176923076923,-0.7278177436350322,0.2423597227549175,19.66519240086761,0.2531697846121403,57.23369992307691,7.565295759127789,5.927615384615385,-1.0397773343181012,0.2869747945594112,24.02519613346573,0.280694173081824,0.0,weekly,2,origin3,weekly|M01AE|B_rich,,5,,,,,,,,,,,,,,
S1 [linear],M01AE,B_rich,pacf_train,1,1,223,26,13,2014-01-12,2018-04-15,2018-04-22,2018-10-14,2018-10-21,2019-01-13,{},0,none,42,21.38201736656784,4.624069351401192,3.870276034655345,0.1297796367495951,0.1719990717139863,14.712286043881434,0.1990374796787246,28.739323059288004,5.360906925072287,4.443613292461885,-0.0242535404625239,0.2033555874690764,17.273639363431155,0.2388080052310509,0.005,weekly,2,origin3,weekly|M01AE|B_rich,,5,linear,0.0,4.624069351401192,0.0,,5.360906925072287,,,,,,,,
AR-LRX [linear],M01AE,B_rich,pacf_train,1,1,223,26,13,2014-01-12,2018-04-15,2018-04-22,2018-10-14,2018-10-21,2019-01-13,"{""colsample_bytree"": 0.8, ""learning_rate"": 0.05, ""max_depth"": 3, ""n_estimators"": 300, ""subsample"": 0.8}",132,none,42,20.19491265308856,4.493875015294547,3.6864914759740026,0.1780932582975523,0.1671563015799319,14.022656388544508,0.1908049845267014,27.54744799491767,5.248566279939472,4.370066755420721,0.0182242260440805,0.1990941633841338,16.993454196462913,0.2338043875629411,5.46,weekly,2,origin3,weekly|M01AE|B_rich,0.068824155315505,5,linear,0.3,4.624069351401192,2.8156,-0.1934970255283856,5.360906925072287,5.0,,,,,,,
AR-LRX-g [linear],M01AE,B_rich,pacf_train,1,1,223,26,13,2014-01-12,2018-04-15,2018-04-22,2018-10-14,2018-10-21,2019-01-13,"{""colsample_bytree"": 0.8, ""learning_rate"": 0.05, ""max_depth"": 3, ""n_estimators"": 100, ""subsample"": 0.8}",132,none,42,20.62169303373358,4.541111431547742,3.794637647325504,0.1607238505608552,0.1689133296712565,14.416853897577116,0.1922048440395402,26.522781214419165,5.150027302298422,4.345215145396333,0.0547427820154517,0.1953562787375863,16.895113499816127,0.2280970405020765,5.539,weekly,2,origin3,weekly|M01AE|B_rich,0.1203235092477765,5,linear,0.5,4.624069351401192,1.794,-0.006259338324478,5.360906925072287,5.0,False,global,1.0,"{""0"": 0.5}",0.5,0.5,4.918472529547417
AR-LRX-Aug [linear],M01AE,B_rich,pacf_train,1,1,223,26,13,2014-01-12,2018-04-15,2018-04-22,2018-10-14,2018-10-21,2019-01-13,"{""colsample_bytree"": 0.8, ""learning_rate"": 0.05, ""max_depth"": 5, ""n_estimators"": 500, ""subsample"": 0.8}",132,none,42,19.41024549498127,4.4057060154964125,3.682477160890122,0.2100281935121519,0.1638767257416858,13.98536153039066,0.1830538251053262,23.931969168830847,4.892031190500613,4.072023391306235,0.1470778869478967,0.1855696975466298,15.897595112726256,0.2133558650357895,5.338,weekly,2,origin3,weekly|M01AE|B_rich,0.224374532748992,5,linear,0.4000000000000001,4.624069351401192,4.7223,-0.078020908250344,5.360906925072287,5.0,True,global,1.0,"{""0"": 0.4}",0.4,0.4,4.416925513486236
XGBoost,M01AE,B_rich,pacf_train,1,1,223,26,13,2014-01-12,2018-04-15,2018-04-22,2018-10-14,2018-10-21,2019-01-13,"{""colsample_bytree"": 0.8, ""learning_rate"": 0.05, ""max_depth"": 3, ""n_estimators"": 100, ""subsample"": 0.8}",12,none,42,20.995232245195247,4.582055460728869,3.7782235377385054,0.1455212893285041,0.1704363031554778,14.298021780287256,0.1896170804847059,22.905634126571663,4.7859830888305135,4.080024025550254,0.1836558988435173,0.1815469688709566,15.920773323893656,0.2117075550034663,4.884,weekly,2,origin3,weekly|M01AE|B_rich,,5,,,,,,,,,,,,,,
"LR-XGB (residual, tanpa gerbang)",M01AE,B_rich,pacf_train,1,1,223,26,13,2014-01-12,2018-04-15,2018-04-22,2018-10-14,2018-10-21,2019-01-13,"{""colsample_bytree"": 0.8, ""learning_rate"": 0.05, ""max_depth"": 3, ""n_estimators"": 100, ""subsample"": 0.8}",12,none,42,21.376107304605508,4.6234302530270215,3.7886595057766135,0.1300201686030457,0.1719752995084379,14.338961475941788,0.192880862428255,24.74841151426855,4.974777534148492,4.251950124463044,0.1179803344003659,0.1887085193091818,16.533767992905773,0.2183953331610725,4.965,weekly,2,origin3,weekly|M01AE|B_rich,,5,,,,,,,5.0,,,,,,,
Naive,N02BA,A_lag1,pacf_train,1,1,223,26,13,2014-01-12,2018-04-15,2018-04-22,2018-10-14,2018-10-21,2019-01-13,{},0,none,42,48.72836538461539,6.980570562970866,5.328846153846152,-2.0954431535948177,0.3539290847060112,26.57064462467907,0.4154230878289592,53.301346153846126,7.300777092463933,6.157692307692306,-0.6258388262388817,0.3580837660895345,30.280518911511223,0.327839984112833,0.0,weekly,2,origin3,weekly|N02BA|A_lag1,,5,,,,,,,,,,,,,,
SeasonalNaive(s=52),N02BA,A_lag1,pacf_train,1,1,223,26,13,2014-01-12,2018-04-15,2018-04-22,2018-10-14,2018-10-21,2019-01-13,{},0,none,42,49.505961538461534,7.036047295069976,6.115384615384614,-2.144839530257284,0.3567418675347492,31.448091874402216,0.459542498278543,78.30884615384616,8.849228562640144,8.3,-1.3886369051056957,0.4340312066188337,38.30892986503599,0.5025025349301782,0.0,weekly,2,origin3,weekly|N02BA|A_lag1,,5,,,,,,,,,,,,,,
S1 [linear],N02BA,A_lag1,pacf_train,1,1,223,26,13,2014-01-12,2018-04-15,2018-04-22,2018-10-14,2018-10-21,2019-01-13,{},0,none,42,65.43224516767353,8.089020037536903,7.067394692416792,-3.156548115865169,0.4101297210919647,31.93971115382685,0.5375229289505935,56.36071262841483,7.5073772136755474,6.562136960665812,-0.7191579852651953,0.3682169544530546,30.04617552283712,0.4584482468230587,0.008,weekly,2,origin3,weekly|N02BA|A_lag1,,5,linear,0.0,8.089020037536903,0.0,,7.5073772136755474,,,,,,,,
AR-LRX [linear],N02BA,A_lag1,pacf_train,1,1,223,26,13,2014-01-12,2018-04-15,2018-04-22,2018-10-14,2018-10-21,2019-01-13,"{""colsample_bytree"": 0.8, ""learning_rate"": 0.05, ""max_depth"": 5, ""n_estimators"": 500, ""subsample"": 0.8}",132,none,42,59.23728972009929,7.696576493487172,6.624132306771323,-2.763016909233048,0.3902320375012997,30.135203711522983,0.4877154679781422,57.31099036567471,7.570402259171881,6.457842472602588,-0.7481440907284258,0.3713081658903394,29.473009529254707,0.4712822059368301,5.597,weekly,2,origin3,weekly|N02BA|A_lag1,-1.3419615608150015,5,linear,0.3,8.089020037536903,4.8516,-2.937537956217031,7.5073772136755474,5.0,,,,,,,
AR-LRX-g [linear],N02BA,A_lag1,pacf_train,1,1,223,26,13,2014-01-12,2018-04-15,2018-04-22,2018-10-14,2018-10-21,2019-01-13,"{""colsample_bytree"": 0.8, ""learning_rate"": 0.05, ""max_depth"": 3, ""n_estimators"": 100, ""subsample"": 0.8}",132,none,42,62.54509455752448,7.908545666399384,6.849542425995377,-2.973143429107411,0.4009793044586272,31.02473896028971,0.5131533341248331,58.95116344775958,7.677966100977497,6.296910706282854,-0.798173916821534,0.3765838872390397,28.820642784328687,0.4820463262860844,4.245,weekly,2,origin3,weekly|N02BA|A_lag1,-0.9728545269547544,5,linear,0.5,8.089020037536903,2.2311,-1.8690729698410764,7.5073772136755474,5.0,False,global,1.0,"{""0"": 0.5}",0.5,0.5,8.58135725572574
AR-LRX-Aug [linear],N02BA,A_lag1,pacf_train,1,1,223,26,13,2014-01-12,2018-04-15,2018-04-22,2018-10-14,2018-10-21,2019-01-13,"{""colsample_bytree"": 0.8, ""learning_rate"": 0.05, ""max_depth"": 3, ""n_estimators"": 100, ""subsample"": 0.8}",132,none,42,65.43224516767353,8.089020037536903,7.067394692416792,-3.156548115865169,0.4101297210919647,31.93971115382685,0.5375229289505935,56.36071262841483,7.5073772136755474,6.562136960665812,-0.7191579852651953,0.3682169544530546,30.04617552283712,0.4584482468230587,4.558,weekly,2,origin3,weekly|N02BA|A_lag1,-1.559738190762114,5,linear,0.0,8.089020037536903,0.0,-2.635126607277316,7.5073772136755474,5.0,True,global,1.0,"{""0"": 0.0}",0.0,0.0,8.089020037536903
XGBoost,N02BA,A_lag1,pacf_train,1,1,223,26,13,2014-01-12,2018-04-15,2018-04-22,2018-10-14,2018-10-21,2019-01-13,"{""colsample_bytree"": 0.8, ""learning_rate"": 0.05, ""max_depth"": 3, ""n_estimators"": 100, ""subsample"": 0.8}",12,none,42,71.1349195213264,8.434151974047325,7.189209336500901,-3.518807431273453,0.4276286102286085,32.04644714645133,0.5226959017428304,69.73252365377208,8.350600197217688,6.645697579017053,-1.1270352925175229,0.4095748068810788,29.93486928799188,0.5385364305688982,4.672,weekly,2,origin3,weekly|N02BA|A_lag1,,5,,,,,,,,,,,,,,
"LR-XGB (residual, tanpa gerbang)",N02BA,A_lag1,pacf_train,1,1,223,26,13,2014-01-12,2018-04-15,2018-04-22,2018-10-14,2018-10-21,2019-01-13,"{""colsample_bytree"": 0.8, ""learning_rate"": 0.05, ""max_depth"": 3, ""n_estimators"": 100, ""subsample"": 0.8}",12,none,42,65.41982108141006,8.088252041165017,6.793347297506378,-3.1557588824800487,0.4100907821183511,30.469143008559463,0.5031258213905243,65.07027956285421,8.066615124254671,6.031684451899896,-0.9848239224981168,0.3956460917385803,27.31723610984158,0.5176713351470118,4.649,weekly,2,origin3,weekly|N02BA|A_lag1,,5,,,,,,,5.0,,,,,,,
Naive,N02BA,B_rich,pacf_train,1,1,223,26,13,2014-01-12,2018-04-15,2018-04-22,2018-10-14,2018-10-21,2019-01-13,{},0,none,42,48.72836538461539,6.980570562970866,5.328846153846152,-2.0954431535948177,0.3539290847060112,26.57064462467907,0.4154230878289592,53.301346153846126,7.300777092463933,6.157692307692306,-0.6258388262388817,0.3580837660895345,30.280518911511223,0.327839984112833,0.0,weekly,2,origin3,weekly|N02BA|B_rich,,5,,,,,,,,,,,,,,
SeasonalNaive(s=52),N02BA,B_rich,pacf_train,1,1,223,26,13,2014-01-12,2018-04-15,2018-04-22,2018-10-14,2018-10-21,2019-01-13,{},0,none,42,49.505961538461534,7.036047295069976,6.115384615384614,-2.144839530257284,0.3567418675347492,31.448091874402216,0.459542498278543,78.30884615384616,8.849228562640144,8.3,-1.3886369051056957,0.4340312066188337,38.30892986503599,0.5025025349301782,0.0,weekly,2,origin3,weekly|N02BA|B_rich,,5,,,,,,,,,,,,,,
S1 [linear],N02BA,B_rich,pacf_train,1,1,223,26,13,2014-01-12,2018-04-15,2018-04-22,2018-10-14,2018-10-21,2019-01-13,{},0,none,42,65.43224516767353,8.089020037536903,7.067394692416792,-3.156548115865169,0.4101297210919647,31.93971115382685,0.5375229289505935,56.36071262841483,7.5073772136755474,6.562136960665812,-0.7191579852651953,0.3682169544530546,30.04617552283712,0.4584482468230587,0.006,weekly,2,origin3,weekly|N02BA|B_rich,,5,linear,0.0,8.089020037536903,0.0,,7.5073772136755474,,,,,,,,
AR-LRX [linear],N02BA,B_rich,pacf_train,1,1,223,26,13,2014-01-12,2018-04-15,2018-04-22,2018-10-14,2018-10-21,2019-01-13,"{""colsample_bytree"": 0.8, ""learning_rate"": 0.05, ""max_depth"": 5, ""n_estimators"": 500, ""subsample"": 0.8}",132,none,42,59.23728972009929,7.696576493487172,6.624132306771323,-2.763016909233048,0.3902320375012997,30.135203711522983,0.4877154679781422,57.31099036567471,7.570402259171881,6.457842472602588,-0.7481440907284258,0.3713081658903394,29.473009529254707,0.4712822059368301,5.358,weekly,2,origin3,weekly|N02BA|B_rich,-1.3419615608150015,5,linear,0.3,8.089020037536903,4.8516,-2.937537956217031,7.5073772136755474,5.0,,,,,,,
AR-LRX-g [linear],N02BA,B_rich,pacf_train,1,1,223,26,13,2014-01-12,2018-04-15,2018-04-22,2018-10-14,2018-10-21,2019-01-13,"{""colsample_bytree"": 0.8, ""learning_rate"": 0.05, ""max_depth"": 3, ""n_estimators"": 100, ""subsample"": 0.8}",132,none,42,62.54509455752448,7.908545666399384,6.849542425995377,-2.973143429107411,0.4009793044586272,31.02473896028971,0.5131533341248331,58.95116344775958,7.677966100977497,6.296910706282854,-0.798173916821534,0.3765838872390397,28.820642784328687,0.4820463262860844,4.52,weekly,2,origin3,weekly|N02BA|B_rich,-0.9728545269547544,5,linear,0.5,8.089020037536903,2.2311,-1.8690729698410764,7.5073772136755474,5.0,False,global,1.0,"{""0"": 0.5}",0.5,0.5,8.58135725572574
AR-LRX-Aug [linear],N02BA,B_rich,pacf_train,1,1,223,26,13,2014-01-12,2018-04-15,2018-04-22,2018-10-14,2018-10-21,2019-01-13,"{""colsample_bytree"": 0.8, ""learning_rate"": 0.05, ""max_depth"": 3, ""n_estimators"": 100, ""subsample"": 0.8}",132,none,42,65.43224516767353,8.089020037536903,7.067394692416792,-3.156548115865169,0.4101297210919647,31.93971115382685,0.5375229289505935,56.36071262841483,7.5073772136755474,6.562136960665812,-0.7191579852651953,0.3682169544530546,30.04617552283712,0.4584482468230587,4.247,weekly,2,origin3,weekly|N02BA|B_rich,-1.559738190762114,5,linear,0.0,8.089020037536903,0.0,-2.635126607277316,7.5073772136755474,5.0,True,global,1.0,"{""0"": 0.0}",0.0,0.0,8.089020037536903
XGBoost,N02BA,B_rich,pacf_train,1,1,223,26,13,2014-01-12,2018-04-15,2018-04-22,2018-10-14,2018-10-21,2019-01-13,"{""colsample_bytree"": 0.8, ""learning_rate"": 0.05, ""max_depth"": 3, ""n_estimators"": 100, ""subsample"": 0.8}",12,none,42,71.1349195213264,8.434151974047325,7.189209336500901,-3.518807431273453,0.4276286102286085,32.04644714645133,0.5226959017428304,69.73252365377208,8.350600197217688,6.645697579017053,-1.1270352925175229,0.4095748068810788,29.93486928799188,0.5385364305688982,4.621,weekly,2,origin3,weekly|N02BA|B_rich,,5,,,,,,,,,,,,,,
"LR-XGB (residual, tanpa gerbang)",N02BA,B_rich,pacf_train,1,1,223,26,13,2014-01-12,2018-04-15,2018-04-22,2018-10-14,2018-10-21,2019-01-13,"{""colsample_bytree"": 0.8, ""learning_rate"": 0.05, ""max_depth"": 3, ""n_estimators"": 100, ""subsample"": 0.8}",12,none,42,65.41982108141006,8.088252041165017,6.793347297506378,-3.1557588824800487,0.4100907821183511,30.469143008559463,0.5031258213905243,65.07027956285421,8.066615124254671,6.031684451899896,-0.9848239224981168,0.3956460917385803,27.31723610984158,0.5176713351470118,4.368,weekly,2,origin3,weekly|N02BA|B_rich,,5,,,,,,,5.0,,,,,,,
Naive,N02BE,A_lag1,pacf_train,1,1,223,26,13,2014-01-12,2018-04-15,2018-04-22,2018-10-14,2018-10-21,2019-01-13,{},0,none,42,1508.1076350000003,38.8343615242996,32.347769230769245,0.4338755322722984,0.2202669616446306,17.822278556392575,0.1998334653537046,2578.02278846154,50.77423350934546,42.11153846153848,-0.2839536992792906,0.1921097349645988,15.628431820650308,0.1743869932141739,0.0,weekly,2,origin3,weekly|N02BE|A_lag1,,5,,,,,,,,,,,,,,
SeasonalNaive(s=52),N02BE,A_lag1,pacf_train,1,1,223,26,13,2014-01-12,2018-04-15,2018-04-22,2018-10-14,2018-10-21,2019-01-13,{},0,none,42,1872.089307346154,43.26764735164317,35.147576923076926,0.2972414315374363,0.2454123834041759,23.340864485466007,0.2363615722935572,2586.392511615385,50.85658769142288,42.43223076923077,-0.2881221407117793,0.192421330807581,17.039202876907726,0.179464611708199,0.0,weekly,2,origin3,weekly|N02BE|A_lag1,,5,,,,,,,,,,,,,,
S1 [linear],N02BE,A_lag1,pacf_train,1,1,223,26,13,2014-01-12,2018-04-15,2018-04-22,2018-10-14,2018-10-21,2019-01-13,{},0,none,42,1361.202315393802,36.89447540477845,30.751636626772065,0.4890219249688827,0.2092640043482644,16.964642245303292,0.2055741153445411,2506.966753654806,50.06961906840121,39.44625840774503,-0.2485650831838262,0.1894437509773247,14.814313248951477,0.164316294859315,0.005,weekly,2,origin3,weekly|N02BE|A_lag1,,5,linear,0.0,36.89447540477845,0.0,,50.06961906840121,,,,,,,,
AR-LRX [linear],N02BE,A_lag1,pacf_train,1,1,223,26,13,2014-01-12,2018-04-15,2018-04-22,2018-10-14,2018-10-21,2019-01-13,"{""colsample_bytree"": 0.8, ""learning_rate"": 0.05, ""max_depth"": 3, ""n_estimators"": 100, ""subsample"": 0.8}",132,none,42,1361.202315393802,36.89447540477845,30.751636626772065,0.4890219249688827,0.2092640043482644,16.964642245303292,0.2055741153445411,2506.966753654806,50.06961906840121,39.44625840774503,-0.2485650831838262,0.1894437509773247,14.814313248951477,0.164316294859315,4.485,weekly,2,origin3,weekly|N02BE|A_lag1,-0.0846307542506246,5,linear,0.0,36.89447540477845,0.0,-0.2041442126650394,50.06961906840121,5.0,,,,,,,
AR-LRX-g [linear],N02BE,A_lag1,pacf_train,1,1,223,26,13,2014-01-12,2018-04-15,2018-04-22,2018-10-14,2018-10-21,2019-01-13,"{""colsample_bytree"": 0.8, ""learning_rate"": 0.05, ""max_depth"": 3, ""n_estimators"": 100, ""subsample"": 0.8}",132,none,42,1361.202315393802,36.89447540477845,30.751636626772065,0.4890219249688827,0.2092640043482644,16.964642245303292,0.2055741153445411,2506.966753654806,50.06961906840121,39.44625840774503,-0.2485650831838262,0.1894437509773247,14.814313248951477,0.164316294859315,4.401,weekly,2,origin3,weekly|N02BE|A_lag1,-0.0846307542506246,5,linear,0.0,36.89447540477845,0.0,-0.2041442126650394,50.06961906840121,5.0,False,global,1.0,"{""0"": 0.0}",0.0,0.0,36.89447540477845
AR-LRX-Aug [linear],N02BE,A_lag1,pacf_train,1,1,223,26,13,2014-01-12,2018-04-15,2018-04-22,2018-10-14,2018-10-21,2019-01-13,"{""colsample_bytree"": 0.8, ""learning_rate"": 0.05, ""max_depth"": 3, ""n_estimators"": 100, ""subsample"": 0.8}",132,none,42,1361.202315393802,36.89447540477845,30.751636626772065,0.4890219249688827,0.2092640043482644,16.964642245303292,0.2055741153445411,2506.966753654806,50.06961906840121,39.44625840774503,-0.2485650831838262,0.1894437509773247,14.814313248951477,0.164316294859315,4.906,weekly,2,origin3,weekly|N02BE|A_lag1,-0.0972105619802194,5,linear,0.0,36.89447540477845,0.0,-0.1274431253165189,50.06961906840121,5.0,True,global,1.0,"{""0"": 0.0}",0.0,0.0,37.11534257072668
XGBoost,N02BE,A_lag1,pacf_train,1,1,223,26,13,2014-01-12,2018-04-15,2018-04-22,2018-10-14,2018-10-21,2019-01-13,"{""colsample_bytree"": 0.8, ""learning_rate"": 0.05, ""max_depth"": 3, ""n_estimators"": 100, ""subsample"": 0.8}",12,none,42,1621.958942325748,40.27355139946995,32.16898535391,0.3911371963179872,0.2284299896587549,17.287844170879737,0.2239751829245251,2478.9113854833017,49.78866723947631,37.04355609600361,-0.2345924395323937,0.1883807397280728,14.034845516636214,0.160766485422339,4.597,weekly,2,origin3,weekly|N02BE|A_lag1,,5,,,,,,,,,,,,,,
"LR-XGB (residual, tanpa gerbang)",N02BE,A_lag1,pacf_train,1,1,223,26,13,2014-01-12,2018-04-15,2018-04-22,2018-10-14,2018-10-21,2019-01-13,"{""colsample_bytree"": 0.8, ""learning_rate"": 0.05, ""max_depth"": 3, ""n_estimators"": 100, ""subsample"": 0.8}",12,none,42,1610.1956868080524,40.12724369811677,32.636249342933354,0.3955529731592074,0.2276001381670004,17.467658453852575,0.2154339832046172,2383.430057692348,48.8203856774232,36.55498293767162,-0.1870390957148036,0.1847171430295053,13.761247898566134,0.1580479419601735,5.616,weekly,2,origin3,weekly|N02BE|A_lag1,,5,,,,,,,5.0,,,,,,,
Naive,N02BE,B_rich,pacf_train,1,1,223,26,13,2014-01-12,2018-04-15,2018-04-22,2018-10-14,2018-10-21,2019-01-13,{},0,none,42,1508.1076350000003,38.8343615242996,32.347769230769245,0.4338755322722984,0.2202669616446306,17.822278556392575,0.1998334653537046,2578.02278846154,50.77423350934546,42.11153846153848,-0.2839536992792906,0.1921097349645988,15.628431820650308,0.1743869932141739,0.0,weekly,2,origin3,weekly|N02BE|B_rich,,5,,,,,,,,,,,,,,
SeasonalNaive(s=52),N02BE,B_rich,pacf_train,1,1,223,26,13,2014-01-12,2018-04-15,2018-04-22,2018-10-14,2018-10-21,2019-01-13,{},0,none,42,1872.089307346154,43.26764735164317,35.147576923076926,0.2972414315374363,0.2454123834041759,23.340864485466007,0.2363615722935572,2586.392511615385,50.85658769142288,42.43223076923077,-0.2881221407117793,0.192421330807581,17.039202876907726,0.179464611708199,0.0,weekly,2,origin3,weekly|N02BE|B_rich,,5,,,,,,,,,,,,,,
S1 [linear],N02BE,B_rich,pacf_train,1,1,223,26,13,2014-01-12,2018-04-15,2018-04-22,2018-10-14,2018-10-21,2019-01-13,{},0,none,42,1361.202315393802,36.89447540477845,30.751636626772065,0.4890219249688827,0.2092640043482644,16.964642245303292,0.2055741153445411,2506.966753654806,50.06961906840121,39.44625840774503,-0.2485650831838262,0.1894437509773247,14.814313248951477,0.164316294859315,0.007,weekly,2,origin3,weekly|N02BE|B_rich,,5,linear,0.0,36.89447540477845,0.0,,50.06961906840121,,,,,,,,
AR-LRX [linear],N02BE,B_rich,pacf_train,1,1,223,26,13,2014-01-12,2018-04-15,2018-04-22,2018-10-14,2018-10-21,2019-01-13,"{""colsample_bytree"": 0.8, ""learning_rate"": 0.05, ""max_depth"": 3, ""n_estimators"": 100, ""subsample"": 0.8}",132,none,42,1361.202315393802,36.89447540477845,30.751636626772065,0.4890219249688827,0.2092640043482644,16.964642245303292,0.2055741153445411,2506.966753654806,50.06961906840121,39.44625840774503,-0.2485650831838262,0.1894437509773247,14.814313248951477,0.164316294859315,4.49,weekly,2,origin3,weekly|N02BE|B_rich,-0.0846307542506246,5,linear,0.0,36.89447540477845,0.0,-0.2041442126650394,50.06961906840121,5.0,,,,,,,
AR-LRX-g [linear],N02BE,B_rich,pacf_train,1,1,223,26,13,2014-01-12,2018-04-15,2018-04-22,2018-10-14,2018-10-21,2019-01-13,"{""colsample_bytree"": 0.8, ""learning_rate"": 0.05, ""max_depth"": 3, ""n_estimators"": 100, ""subsample"": 0.8}",132,none,42,1361.202315393802,36.89447540477845,30.751636626772065,0.4890219249688827,0.2092640043482644,16.964642245303292,0.2055741153445411,2506.966753654806,50.06961906840121,39.44625840774503,-0.2485650831838262,0.1894437509773247,14.814313248951477,0.164316294859315,4.546,weekly,2,origin3,weekly|N02BE|B_rich,-0.0846307542506246,5,linear,0.0,36.89447540477845,0.0,-0.2041442126650394,50.06961906840121,5.0,False,global,1.0,"{""0"": 0.0}",0.0,0.0,36.89447540477845
AR-LRX-Aug [linear],N02BE,B_rich,pacf_train,1,1,223,26,13,2014-01-12,2018-04-15,2018-04-22,2018-10-14,2018-10-21,2019-01-13,"{""colsample_bytree"": 0.8, ""learning_rate"": 0.05, ""max_depth"": 3, ""n_estimators"": 100, ""subsample"": 0.8}",132,none,42,1361.202315393802,36.89447540477845,30.751636626772065,0.4890219249688827,0.2092640043482644,16.964642245303292,0.2055741153445411,2506.966753654806,50.06961906840121,39.44625840774503,-0.2485650831838262,0.1894437509773247,14.814313248951477,0.164316294859315,4.472,weekly,2,origin3,weekly|N02BE|B_rich,-0.0972105619802194,5,linear,0.0,36.89447540477845,0.0,-0.1274431253165189,50.06961906840121,5.0,True,global,1.0,"{""0"": 0.0}",0.0,0.0,37.11534257072668
XGBoost,N02BE,B_rich,pacf_train,1,1,223,26,13,2014-01-12,2018-04-15,2018-04-22,2018-10-14,2018-10-21,2019-01-13,"{""colsample_bytree"": 0.8, ""learning_rate"": 0.05, ""max_depth"": 3, ""n_estimators"": 100, ""subsample"": 0.8}",12,none,42,1621.958942325748,40.27355139946995,32.16898535391,0.3911371963179872,0.2284299896587549,17.287844170879737,0.2239751829245251,2478.9113854833017,49.78866723947631,37.04355609600361,-0.2345924395323937,0.1883807397280728,14.034845516636214,0.160766485422339,4.701,weekly,2,origin3,weekly|N02BE|B_rich,,5,,,,,,,,,,,,,,
"LR-XGB (residual, tanpa gerbang)",N02BE,B_rich,pacf_train,1,1,223,26,13,2014-01-12,2018-04-15,2018-04-22,2018-10-14,2018-10-21,2019-01-13,"{""colsample_bytree"": 0.8, ""learning_rate"": 0.05, ""max_depth"": 3, ""n_estimators"": 100, ""subsample"": 0.8}",12,none,42,1610.1956868080524,40.12724369811677,32.636249342933354,0.3955529731592074,0.2276001381670004,17.467658453852575,0.2154339832046172,2383.430057692348,48.8203856774232,36.55498293767162,-0.1870390957148036,0.1847171430295053,13.761247898566134,0.1580479419601735,4.376,weekly,2,origin3,weekly|N02BE|B_rich,,5,,,,,,,5.0,,,,,,,
Naive,N05B,A_lag1,pacf_train,1,1,223,26,13,2014-01-12,2018-04-15,2018-04-22,2018-10-14,2018-10-21,2019-01-13,{},0,none,42,117.8846153846154,10.857468184830909,9.115384615384617,-0.4950097553654509,0.1791206680238601,15.14680777146652,0.1743149039427097,376.96307692307687,19.415536998061032,15.830769230769231,-2.7061913006245755,0.3293345263241041,26.110528255109767,0.3516327072119505,0.0,weekly,2,origin3,weekly|N05B|A_lag1,,5,,,,,,,,,,,,,,
SeasonalNaive(s=52),N05B,A_lag1,pacf_train,1,1,223,26,13,2014-01-12,2018-04-15,2018-04-22,2018-10-14,2018-10-21,2019-01-13,{},0,none,42,403.5769230769231,20.089224053629422,17.423076923076923,-4.118152483866126,0.3314212090065768,34.38438097740379,0.3196824797865787,329.59076923076924,18.15463492419413,15.953846153846152,-2.24044055364739,0.3079465736097647,30.238069313411632,0.2993311372032803,0.0,weekly,2,origin3,weekly|N05B|A_lag1,,5,,,,,,,,,,,,,,
S1 [linear],N05B,A_lag1,pacf_train,1,1,223,26,13,2014-01-12,2018-04-15,2018-04-22,2018-10-14,2018-10-21,2019-01-13,{},0,none,42,85.99070452340172,9.27311730344234,7.2938712229748415,-0.090531972418947,0.1529828996760792,11.916149971666044,0.1545242826853154,214.3050996731397,14.639163216288686,12.220888382469044,-1.1069853911717429,0.2483156599840199,20.24545269369376,0.2713452207891877,0.005,weekly,2,origin3,weekly|N05B|A_lag1,,5,linear,0.0,9.27311730344234,0.0,,14.639163216288686,,,,,,,,
AR-LRX [linear],N05B,A_lag1,pacf_train,1,1,223,26,13,2014-01-12,2018-04-15,2018-04-22,2018-10-14,2018-10-21,2019-01-13,"{""colsample_bytree"": 0.8, ""learning_rate"": 0.05, ""max_depth"": 3, ""n_estimators"": 100, ""subsample"": 0.8}",132,none,42,85.99070452340172,9.27311730344234,7.2938712229748415,-0.090531972418947,0.1529828996760792,11.916149971666044,0.1545242826853154,214.3050996731397,14.639163216288686,12.220888382469044,-1.1069853911717429,0.2483156599840199,20.24545269369376,0.2713452207891877,4.546,weekly,2,origin3,weekly|N05B|A_lag1,-0.0791869859909126,5,linear,0.0,9.27311730344234,0.0,-0.1647965247001845,14.639163216288686,5.0,,,,,,,
AR-LRX-g [linear],N05B,A_lag1,pacf_train,1,1,223,26,13,2014-01-12,2018-04-15,2018-04-22,2018-10-14,2018-10-21,2019-01-13,"{""colsample_bytree"": 0.8, ""learning_rate"": 0.05, ""max_depth"": 3, ""n_estimators"": 100, ""subsample"": 0.8}",132,none,42,85.99070452340172,9.27311730344234,7.2938712229748415,-0.090531972418947,0.1529828996760792,11.916149971666044,0.1545242826853154,214.3050996731397,14.639163216288686,12.220888382469044,-1.1069853911717429,0.2483156599840199,20.24545269369376,0.2713452207891877,4.669,weekly,2,origin3,weekly|N05B|A_lag1,-0.0791869859909126,5,linear,0.0,9.27311730344234,0.0,-0.1647965247001845,14.639163216288686,5.0,False,global,1.0,"{""0"": 0.0}",0.0,0.0,9.27311730344234
AR-LRX-Aug [linear],N05B,A_lag1,pacf_train,1,1,223,26,13,2014-01-12,2018-04-15,2018-04-22,2018-10-14,2018-10-21,2019-01-13,"{""colsample_bytree"": 0.8, ""learning_rate"": 0.05, ""max_depth"": 3, ""n_estimators"": 100, ""subsample"": 0.8}",132,none,42,85.99070452340172,9.27311730344234,7.2938712229748415,-0.090531972418947,0.1529828996760792,11.916149971666044,0.1545242826853154,214.3050996731397,14.639163216288686,12.220888382469044,-1.1069853911717429,0.2483156599840199,20.24545269369376,0.2713452207891877,4.631,weekly,2,origin3,weekly|N05B|A_lag1,-0.0797786853794417,5,linear,0.0,9.27311730344234,0.0,-0.220153869863938,14.639163216288686,5.0,True,global,1.0,"{""0"": 0.0}",0.0,0.0,9.27311730344234
XGBoost,N05B,A_lag1,pacf_train,1,1,223,26,13,2014-01-12,2018-04-15,2018-04-22,2018-10-14,2018-10-21,2019-01-13,"{""colsample_bytree"": 0.8, ""learning_rate"": 0.05, ""max_depth"": 3, ""n_estimators"": 100, ""subsample"": 0.8}",12,none,42,112.74940852593248,10.618352439335045,8.32533073425293,-0.4298851899206504,0.1751758651159334,13.571749628370464,0.1660507985987278,214.33031026117013,14.640024257533527,12.555184877835789,-1.1072332543386207,0.2483302653287263,20.82159217829706,0.2615806665780787,4.547,weekly,2,origin3,weekly|N05B|A_lag1,,5,,,,,,,,,,,,,,
"LR-XGB (residual, tanpa gerbang)",N05B,A_lag1,pacf_train,1,1,223,26,13,2014-01-12,2018-04-15,2018-04-22,2018-10-14,2018-10-21,2019-01-13,"{""colsample_bytree"": 0.8, ""learning_rate"": 0.05, ""max_depth"": 3, ""n_estimators"": 100, ""subsample"": 0.8}",12,none,42,99.74660919254006,9.987322423579808,7.771899010223477,-0.2649840127224425,0.1647654714549968,12.747901834968726,0.1579684170802424,226.4517896305386,15.048315175810831,12.766899830375538,-1.2264081129378908,0.2552558680656848,21.04751438704629,0.2712664275843198,4.361,weekly,2,origin3,weekly|N05B|A_lag1,,5,,,,,,,5.0,,,,,,,
Naive,N05B,B_rich,pacf_train,1,1,223,26,13,2014-01-12,2018-04-15,2018-04-22,2018-10-14,2018-10-21,2019-01-13,{},0,none,42,117.8846153846154,10.857468184830909,9.115384615384617,-0.4950097553654509,0.1791206680238601,15.14680777146652,0.1743149039427097,376.96307692307687,19.415536998061032,15.830769230769231,-2.7061913006245755,0.3293345263241041,26.110528255109767,0.3516327072119505,0.0,weekly,2,origin3,weekly|N05B|B_rich,,5,,,,,,,,,,,,,,
SeasonalNaive(s=52),N05B,B_rich,pacf_train,1,1,223,26,13,2014-01-12,2018-04-15,2018-04-22,2018-10-14,2018-10-21,2019-01-13,{},0,none,42,403.5769230769231,20.089224053629422,17.423076923076923,-4.118152483866126,0.3314212090065768,34.38438097740379,0.3196824797865787,329.59076923076924,18.15463492419413,15.953846153846152,-2.24044055364739,0.3079465736097647,30.238069313411632,0.2993311372032803,0.0,weekly,2,origin3,weekly|N05B|B_rich,,5,,,,,,,,,,,,,,
S1 [linear],N05B,B_rich,pacf_train,1,1,223,26,13,2014-01-12,2018-04-15,2018-04-22,2018-10-14,2018-10-21,2019-01-13,{},0,none,42,85.99070452340172,9.27311730344234,7.2938712229748415,-0.090531972418947,0.1529828996760792,11.916149971666044,0.1545242826853154,214.3050996731397,14.639163216288686,12.220888382469044,-1.1069853911717429,0.2483156599840199,20.24545269369376,0.2713452207891877,0.006,weekly,2,origin3,weekly|N05B|B_rich,,5,linear,0.0,9.27311730344234,0.0,,14.639163216288686,,,,,,,,
AR-LRX [linear],N05B,B_rich,pacf_train,1,1,223,26,13,2014-01-12,2018-04-15,2018-04-22,2018-10-14,2018-10-21,2019-01-13,"{""colsample_bytree"": 0.8, ""learning_rate"": 0.05, ""max_depth"": 3, ""n_estimators"": 100, ""subsample"": 0.8}",132,none,42,85.99070452340172,9.27311730344234,7.2938712229748415,-0.090531972418947,0.1529828996760792,11.916149971666044,0.1545242826853154,214.3050996731397,14.639163216288686,12.220888382469044,-1.1069853911717429,0.2483156599840199,20.24545269369376,0.2713452207891877,4.853,weekly,2,origin3,weekly|N05B|B_rich,-0.0791869859909126,5,linear,0.0,9.27311730344234,0.0,-0.1647965247001845,14.639163216288686,5.0,,,,,,,
AR-LRX-g [linear],N05B,B_rich,pacf_train,1,1,223,26,13,2014-01-12,2018-04-15,2018-04-22,2018-10-14,2018-10-21,2019-01-13,"{""colsample_bytree"": 0.8, ""learning_rate"": 0.05, ""max_depth"": 3, ""n_estimators"": 100, ""subsample"": 0.8}",132,none,42,85.99070452340172,9.27311730344234,7.2938712229748415,-0.090531972418947,0.1529828996760792,11.916149971666044,0.1545242826853154,214.3050996731397,14.639163216288686,12.220888382469044,-1.1069853911717429,0.2483156599840199,20.24545269369376,0.2713452207891877,4.469,weekly,2,origin3,weekly|N05B|B_rich,-0.0791869859909126,5,linear,0.0,9.27311730344234,0.0,-0.1647965247001845,14.639163216288686,5.0,False,global,1.0,"{""0"": 0.0}",0.0,0.0,9.27311730344234
AR-LRX-Aug [linear],N05B,B_rich,pacf_train,1,1,223,26,13,2014-01-12,2018-04-15,2018-04-22,2018-10-14,2018-10-21,2019-01-13,"{""colsample_bytree"": 0.8, ""learning_rate"": 0.05, ""max_depth"": 3, ""n_estimators"": 100, ""subsample"": 0.8}",132,none,42,85.99070452340172,9.27311730344234,7.2938712229748415,-0.090531972418947,0.1529828996760792,11.916149971666044,0.1545242826853154,214.3050996731397,14.639163216288686,12.220888382469044,-1.1069853911717429,0.2483156599840199,20.24545269369376,0.2713452207891877,4.681,weekly,2,origin3,weekly|N05B|B_rich,-0.0797786853794417,5,linear,0.0,9.27311730344234,0.0,-0.220153869863938,14.639163216288686,5.0,True,global,1.0,"{""0"": 0.0}",0.0,0.0,9.27311730344234
XGBoost,N05B,B_rich,pacf_train,1,1,223,26,13,2014-01-12,2018-04-15,2018-04-22,2018-10-14,2018-10-21,2019-01-13,"{""colsample_bytree"": 0.8, ""learning_rate"": 0.05, ""max_depth"": 3, ""n_estimators"": 100, ""subsample"": 0.8}",12,none,42,112.74940852593248,10.618352439335045,8.32533073425293,-0.4298851899206504,0.1751758651159334,13.571749628370464,0.1660507985987278,214.33031026117013,14.640024257533527,12.555184877835789,-1.1072332543386207,0.2483302653287263,20.82159217829706,0.2615806665780787,4.667,weekly,2,origin3,weekly|N05B|B_rich,,5,,,,,,,,,,,,,,
"LR-XGB (residual, tanpa gerbang)",N05B,B_rich,pacf_train,1,1,223,26,13,2014-01-12,2018-04-15,2018-04-22,2018-10-14,2018-10-21,2019-01-13,"{""colsample_bytree"": 0.8, ""learning_rate"": 0.05, ""max_depth"": 3, ""n_estimators"": 100, ""subsample"": 0.8}",12,none,42,99.74660919254006,9.987322423579808,7.771899010223477,-0.2649840127224425,0.1647654714549968,12.747901834968726,0.1579684170802424,226.4517896305386,15.048315175810831,12.766899830375538,-1.2264081129378908,0.2552558680656848,21.04751438704629,0.2712664275843198,4.53,weekly,2,origin3,weekly|N05B|B_rich,,5,,,,,,,5.0,,,,,,,
Naive,N05C,A_lag1,pacf_train,1,1,223,26,13,2014-01-12,2018-04-15,2018-04-22,2018-10-14,2018-10-21,2019-01-13,{},0,none,42,16.076923076923077,4.009603855360661,3.615384615384616,-1.5505749823984971,1.0973652656776545,114.07925407925408,1.3865138655420444,14.23076923076923,3.7723691800736088,3.0,-0.9426494345718904,0.681122213068846,69.29623008570377,1.2629045821197635,0.0,weekly,2,origin3,weekly|N05C|A_lag1,,5,,,,,,,,,,,,,,
SeasonalNaive(s=52),N05C,A_lag1,pacf_train,1,1,223,26,13,2014-01-12,2018-04-15,2018-04-22,2018-10-14,2018-10-21,2019-01-13,{},0,none,42,20.76923076923077,4.5573271518765,3.615384615384616,-2.295001173433466,1.2472684836714631,110.45470085470087,1.624221381136307,15.538461538461538,3.941885530867372,3.076923076923077,-1.1211631663974155,0.7117293319621643,91.06790645252184,0.5994424707344022,0.0,weekly,2,origin3,weekly|N05C|A_lag1,,5,,,,,,,,,,,,,,
S1 [linear],N05C,A_lag1,pacf_train,1,1,223,26,13,2014-01-12,2018-04-15,2018-04-22,2018-10-14,2018-10-21,2019-01-13,{},0,none,42,7.267186062554142,2.6957718862237106,2.276979152278332,-0.1529260216584367,0.7377902004401734,69.2692504664,0.6812005978434553,9.12939635909075,3.021489096305124,2.612615629994203,-0.2462584690519687,0.5455466423884251,58.3214640228552,0.5519195882965656,0.008,weekly,2,origin3,weekly|N05C|A_lag1,,5,linear,0.0,2.6957718862237106,0.0,,3.021489096305124,,,,,,,,
AR-LRX [linear],N05C,A_lag1,pacf_train,1,1,223,26,13,2014-01-12,2018-04-15,2018-04-22,2018-10-14,2018-10-21,2019-01-13,"{""colsample_bytree"": 0.8, ""learning_rate"": 0.05, ""max_depth"": 3, ""n_estimators"": 100, ""subsample"": 0.8}",132,none,42,7.267186062554142,2.6957718862237106,2.276979152278332,-0.1529260216584367,0.7377902004401734,69.2692504664,0.6812005978434553,9.12939635909075,3.021489096305124,2.612615629994203,-0.2462584690519687,0.5455466423884251,58.3214640228552,0.5519195882965656,4.911,weekly,2,origin3,weekly|N05C|A_lag1,-0.1947089998331155,5,linear,0.0,2.6957718862237106,0.0,-0.1789880285025316,3.021489096305124,5.0,,,,,,,
AR-LRX-g [linear],N05C,A_lag1,pacf_train,1,1,223,26,13,2014-01-12,2018-04-15,2018-04-22,2018-10-14,2018-10-21,2019-01-13,"{""colsample_bytree"": 0.8, ""learning_rate"": 0.05, ""max_depth"": 3, ""n_estimators"": 100, ""subsample"": 0.8}",132,none,42,7.267186062554142,2.6957718862237106,2.276979152278332,-0.1529260216584367,0.7377902004401734,69.2692504664,0.6812005978434553,9.12939635909075,3.021489096305124,2.612615629994203,-0.2462584690519687,0.5455466423884251,58.3214640228552,0.5519195882965656,4.78,weekly,2,origin3,weekly|N05C|A_lag1,-0.1947089998331155,5,linear,0.0,2.6957718862237106,0.0,-0.1789880285025316,3.021489096305124,5.0,False,global,1.0,"{""0"": 0.0}",0.0,0.0,2.6957718862237106
AR-LRX-Aug [linear],N05C,A_lag1,pacf_train,1,1,223,26,13,2014-01-12,2018-04-15,2018-04-22,2018-10-14,2018-10-21,2019-01-13,"{""colsample_bytree"": 0.8, ""learning_rate"": 0.05, ""max_depth"": 3, ""n_estimators"": 100, ""subsample"": 0.8}",132,none,42,7.267186062554142,2.6957718862237106,2.276979152278332,-0.1529260216584367,0.7377902004401734,69.2692504664,0.6812005978434553,9.12939635909075,3.021489096305124,2.612615629994203,-0.2462584690519687,0.5455466423884251,58.3214640228552,0.5519195882965656,4.651,weekly,2,origin3,weekly|N05C|A_lag1,-0.2803049668644444,5,linear,0.0,2.6957718862237106,0.0,-0.173793208298151,3.021489096305124,5.0,True,global,1.0,"{""0"": 0.0}",0.0,0.0,2.6957718862237106
XGBoost,N05C,A_lag1,pacf_train,1,1,223,26,13,2014-01-12,2018-04-15,2018-04-22,2018-10-14,2018-10-21,2019-01-13,"{""colsample_bytree"": 0.8, ""learning_rate"": 0.05, ""max_depth"": 3, ""n_estimators"": 100, ""subsample"": 0.8}",12,none,42,8.314708777347011,2.8835236737968724,2.487507251592783,-0.3191136196870636,0.7891749001970387,73.72245665759097,0.8285465000531594,9.04851229310298,3.0080745158827065,2.559957632651696,-0.2352169446966103,0.5431245653677109,58.26918836136339,0.4933273124605022,4.767,weekly,2,origin3,weekly|N05C|A_lag1,,5,,,,,,,,,,,,,,
"LR-XGB (residual, tanpa gerbang)",N05C,A_lag1,pacf_train,1,1,223,26,13,2014-01-12,2018-04-15,2018-04-22,2018-10-14,2018-10-21,2019-01-13,"{""colsample_bytree"": 0.8, ""learning_rate"": 0.1, ""max_depth"": 5, ""n_estimators"": 300, ""subsample"": 0.8}",12,none,42,8.47322066356502,2.9108797061309524,2.5143379546849185,-0.3442612458507281,0.7966618143095239,74.30291955036364,0.8497721556598233,8.682873611416937,2.946671615809427,2.4892819787082985,-0.1853034251449619,0.5320379306322577,56.900748376356326,0.4304483819897366,4.735,weekly,2,origin3,weekly|N05C|A_lag1,,5,,,,,,,5.0,,,,,,,
Naive,N05C,B_rich,pacf_train,1,1,223,26,13,2014-01-12,2018-04-15,2018-04-22,2018-10-14,2018-10-21,2019-01-13,{},0,none,42,16.076923076923077,4.009603855360661,3.615384615384616,-1.5505749823984971,1.0973652656776545,114.07925407925408,1.3865138655420444,14.23076923076923,3.7723691800736088,3.0,-0.9426494345718904,0.681122213068846,69.29623008570377,1.2629045821197635,0.0,weekly,2,origin3,weekly|N05C|B_rich,,5,,,,,,,,,,,,,,
SeasonalNaive(s=52),N05C,B_rich,pacf_train,1,1,223,26,13,2014-01-12,2018-04-15,2018-04-22,2018-10-14,2018-10-21,2019-01-13,{},0,none,42,20.76923076923077,4.5573271518765,3.615384615384616,-2.295001173433466,1.2472684836714631,110.45470085470087,1.624221381136307,15.538461538461538,3.941885530867372,3.076923076923077,-1.1211631663974155,0.7117293319621643,91.06790645252184,0.5994424707344022,0.0,weekly,2,origin3,weekly|N05C|B_rich,,5,,,,,,,,,,,,,,
S1 [linear],N05C,B_rich,pacf_train,1,1,223,26,13,2014-01-12,2018-04-15,2018-04-22,2018-10-14,2018-10-21,2019-01-13,{},0,none,42,7.267186062554142,2.6957718862237106,2.276979152278332,-0.1529260216584367,0.7377902004401734,69.2692504664,0.6812005978434553,9.12939635909075,3.021489096305124,2.612615629994203,-0.2462584690519687,0.5455466423884251,58.3214640228552,0.5519195882965656,0.005,weekly,2,origin3,weekly|N05C|B_rich,,5,linear,0.0,2.6957718862237106,0.0,,3.021489096305124,,,,,,,,
AR-LRX [linear],N05C,B_rich,pacf_train,1,1,223,26,13,2014-01-12,2018-04-15,2018-04-22,2018-10-14,2018-10-21,2019-01-13,"{""colsample_bytree"": 0.8, ""learning_rate"": 0.05, ""max_depth"": 3, ""n_estimators"": 100, ""subsample"": 0.8}",132,none,42,7.267186062554142,2.6957718862237106,2.276979152278332,-0.1529260216584367,0.7377902004401734,69.2692504664,0.6812005978434553,9.12939635909075,3.021489096305124,2.612615629994203,-0.2462584690519687,0.5455466423884251,58.3214640228552,0.5519195882965656,4.602,weekly,2,origin3,weekly|N05C|B_rich,-0.1947089998331155,5,linear,0.0,2.6957718862237106,0.0,-0.1789880285025316,3.021489096305124,5.0,,,,,,,
AR-LRX-g [linear],N05C,B_rich,pacf_train,1,1,223,26,13,2014-01-12,2018-04-15,2018-04-22,2018-10-14,2018-10-21,2019-01-13,"{""colsample_bytree"": 0.8, ""learning_rate"": 0.05, ""max_depth"": 3, ""n_estimators"": 100, ""subsample"": 0.8}",132,none,42,7.267186062554142,2.6957718862237106,2.276979152278332,-0.1529260216584367,0.7377902004401734,69.2692504664,0.6812005978434553,9.12939635909075,3.021489096305124,2.612615629994203,-0.2462584690519687,0.5455466423884251,58.3214640228552,0.5519195882965656,4.747,weekly,2,origin3,weekly|N05C|B_rich,-0.1947089998331155,5,linear,0.0,2.6957718862237106,0.0,-0.1789880285025316,3.021489096305124,5.0,False,global,1.0,"{""0"": 0.0}",0.0,0.0,2.6957718862237106
AR-LRX-Aug [linear],N05C,B_rich,pacf_train,1,1,223,26,13,2014-01-12,2018-04-15,2018-04-22,2018-10-14,2018-10-21,2019-01-13,"{""colsample_bytree"": 0.8, ""learning_rate"": 0.05, ""max_depth"": 3, ""n_estimators"": 100, ""subsample"": 0.8}",132,none,42,7.267186062554142,2.6957718862237106,2.276979152278332,-0.1529260216584367,0.7377902004401734,69.2692504664,0.6812005978434553,9.12939635909075,3.021489096305124,2.612615629994203,-0.2462584690519687,0.5455466423884251,58.3214640228552,0.5519195882965656,4.799,weekly,2,origin3,weekly|N05C|B_rich,-0.2803049668644444,5,linear,0.0,2.6957718862237106,0.0,-0.173793208298151,3.021489096305124,5.0,True,global,1.0,"{""0"": 0.0}",0.0,0.0,2.6957718862237106
XGBoost,N05C,B_rich,pacf_train,1,1,223,26,13,2014-01-12,2018-04-15,2018-04-22,2018-10-14,2018-10-21,2019-01-13,"{""colsample_bytree"": 0.8, ""learning_rate"": 0.05, ""max_depth"": 3, ""n_estimators"": 100, ""subsample"": 0.8}",12,none,42,8.314708777347011,2.8835236737968724,2.487507251592783,-0.3191136196870636,0.7891749001970387,73.72245665759097,0.8285465000531594,9.04851229310298,3.0080745158827065,2.559957632651696,-0.2352169446966103,0.5431245653677109,58.26918836136339,0.4933273124605022,4.709,weekly,2,origin3,weekly|N05C|B_rich,,5,,,,,,,,,,,,,,
"LR-XGB (residual, tanpa gerbang)",N05C,B_rich,pacf_train,1,1,223,26,13,2014-01-12,2018-04-15,2018-04-22,2018-10-14,2018-10-21,2019-01-13,"{""colsample_bytree"": 0.8, ""learning_rate"": 0.1, ""max_depth"": 5, ""n_estimators"": 300, ""subsample"": 0.8}",12,none,42,8.47322066356502,2.9108797061309524,2.5143379546849185,-0.3442612458507281,0.7966618143095239,74.30291955036364,0.8497721556598233,8.682873611416937,2.946671615809427,2.4892819787082985,-0.1853034251449619,0.5320379306322577,56.900748376356326,0.4304483819897366,4.656,weekly,2,origin3,weekly|N05C|B_rich,,5,,,,,,,5.0,,,,,,,
Naive,R03,A_lag1,pacf_train,1,1,223,26,13,2014-01-12,2018-04-15,2018-04-22,2018-10-14,2018-10-21,2019-01-13,{},0,none,42,457.0769230769231,21.37935740561262,16.615384615384617,-0.285590653396798,0.593871039044795,51.17237263770807,1.2514823723781747,1350.923076923077,36.75490548107935,30.76923076923077,-1.7837442387884996,0.4920842134439047,39.82544884828966,0.5893694927393797,0.0,weekly,2,origin3,weekly|R03|A_lag1,,5,,,,,,,,,,,,,,
SeasonalNaive(s=52),R03,A_lag1,pacf_train,1,1,223,26,13,2014-01-12,2018-04-15,2018-04-22,2018-10-14,2018-10-21,2019-01-13,{},0,none,42,359.5967548076923,18.96303653974469,14.427884615384617,-0.0114144985936823,0.5267510149929081,45.18183415320779,0.5702313159342395,1109.6923076923076,33.31204448382458,29.07692307692308,-1.2866583753993224,0.4459902968998141,47.909959825695694,0.404314509028114,0.0,weekly,2,origin3,weekly|R03|A_lag1,,5,,,,,,,,,,,,,,
S1 [linear],R03,A_lag1,pacf_train,1,1,223,26,13,2014-01-12,2018-04-15,2018-04-22,2018-10-14,2018-10-21,2019-01-13,{},0,none,42,312.7583756516364,17.684975986741865,13.916866069233018,0.1203247764017151,0.4912493329650518,42.00099564073263,1.476477977053278,1268.3560216490446,35.61398632067245,27.991250176844343,-1.61360459993036,0.4768092916258927,41.18958152299823,0.3865595760361799,0.005,weekly,2,origin3,weekly|R03|A_lag1,,5,linear,0.0,17.684975986741865,0.0,,35.61398632067245,,,,,,,,
AR-LRX [linear],R03,A_lag1,pacf_train,1,1,223,26,13,2014-01-12,2018-04-15,2018-04-22,2018-10-14,2018-10-21,2019-01-13,"{""colsample_bytree"": 0.8, ""learning_rate"": 0.05, ""max_depth"": 3, ""n_estimators"": 100, ""subsample"": 0.8}",132,none,42,297.72646347037085,17.254751909847062,14.231787384475812,0.1626040620694891,0.4792986641624184,43.35711911267796,1.3181970305481998,1372.5452110965898,37.0478772819252,29.90742604132257,-1.828299322985389,0.4960065959475053,45.10260761853233,0.392502656932287,4.729,weekly,2,origin3,weekly|R03|A_lag1,-0.97742396426784,5,linear,0.8,17.684975986741865,2.4327,0.0440894606066953,35.61398632067245,5.0,,,,,,,
AR-LRX-g [linear],R03,A_lag1,pacf_train,1,1,223,26,13,2014-01-12,2018-04-15,2018-04-22,2018-10-14,2018-10-21,2019-01-13,"{""colsample_bytree"": 0.8, ""learning_rate"": 0.1, ""max_depth"": 3, ""n_estimators"": 100, ""subsample"": 0.8}",132,none,42,299.14814418677395,17.29589963508039,14.418564699478036,0.1586053928108911,0.4804416565300108,43.82458925528763,1.267567117186827,1358.7610397710234,36.861375988574046,29.62376874841552,-1.7998953315446506,0.4935096682301365,44.49277425749362,0.3905721431142329,5.143,weekly,2,origin3,weekly|R03|A_lag1,-1.057423352460633,5,linear,0.5999999999999999,17.684975986741865,2.2,0.0213446072403972,35.61398632067245,5.0,False,global,1.0,"{""0"": 0.6}",0.6,0.6,17.30558939135645
AR-LRX-Aug [linear],R03,A_lag1,pacf_train,1,1,223,26,13,2014-01-12,2018-04-15,2018-04-22,2018-10-14,2018-10-21,2019-01-13,"{""colsample_bytree"": 0.8, ""learning_rate"": 0.1, ""max_depth"": 3, ""n_estimators"": 300, ""subsample"": 0.8}",132,none,42,274.48165641437816,16.567487933129094,14.208255029815234,0.2279832251434624,0.4602079981424748,43.78180891446063,1.2639637384797993,1408.855009878078,37.53471739440805,29.93434820331435,-1.9031201583802184,0.50252453772122,45.25333773292667,0.3990574240325745,5.212,weekly,2,origin3,weekly|R03|A_lag1,-1.1901588957882123,5,linear,0.5999999999999999,17.684975986741865,6.3189,0.0731239049446366,35.61398632067245,5.0,True,global,1.0,"{""0"": 0.6}",0.6,0.6,16.926093936168236
XGBoost,R03,A_lag1,pacf_train,1,1,223,26,13,2014-01-12,2018-04-15,2018-04-22,2018-10-14,2018-10-21,2019-01-13,"{""colsample_bytree"": 0.8, ""learning_rate"": 0.05, ""max_depth"": 3, ""n_estimators"": 100, ""subsample"": 0.8}",12,none,42,280.60588413292567,16.751294998683704,14.111263458545393,0.2107580065495384,0.4653137499634362,43.4563170047236,1.241074691068601,1530.5106019969155,39.12174078433775,32.7666376554049,-2.153806566409134,0.5237720187398462,51.8779393289208,0.4291498176404077,4.795,weekly,2,origin3,weekly|R03|A_lag1,,5,,,,,,,,,,,,,,
"LR-XGB (residual, tanpa gerbang)",R03,A_lag1,pacf_train,1,1,223,26,13,2014-01-12,2018-04-15,2018-04-22,2018-10-14,2018-10-21,2019-01-13,"{""colsample_bytree"": 0.8, ""learning_rate"": 0.05, ""max_depth"": 3, ""n_estimators"": 100, ""subsample"": 0.8}",12,none,42,298.6526126157212,17.281568580881807,14.335240676772296,0.159999142361667,0.4800435716911613,43.772644904266,1.2842661865993574,1428.0162384358732,37.78910211206232,30.703798940964926,-1.942604241905804,0.5059303063406903,46.98876491358182,0.4039423867755484,4.914,weekly,2,origin3,weekly|R03|A_lag1,,5,,,,,,,5.0,,,,,,,
Naive,R03,B_rich,pacf_train,1,1,223,26,13,2014-01-12,2018-04-15,2018-04-22,2018-10-14,2018-10-21,2019-01-13,{},0,none,42,457.0769230769231,21.37935740561262,16.615384615384617,-0.285590653396798,0.593871039044795,51.17237263770807,1.2514823723781747,1350.923076923077,36.75490548107935,30.76923076923077,-1.7837442387884996,0.4920842134439047,39.82544884828966,0.5893694927393797,0.0,weekly,2,origin3,weekly|R03|B_rich,,5,,,,,,,,,,,,,,
SeasonalNaive(s=52),R03,B_rich,pacf_train,1,1,223,26,13,2014-01-12,2018-04-15,2018-04-22,2018-10-14,2018-10-21,2019-01-13,{},0,none,42,359.5967548076923,18.96303653974469,14.427884615384617,-0.0114144985936823,0.5267510149929081,45.18183415320779,0.5702313159342395,1109.6923076923076,33.31204448382458,29.07692307692308,-1.2866583753993224,0.4459902968998141,47.909959825695694,0.404314509028114,0.0,weekly,2,origin3,weekly|R03|B_rich,,5,,,,,,,,,,,,,,
S1 [linear],R03,B_rich,pacf_train,1,1,223,26,13,2014-01-12,2018-04-15,2018-04-22,2018-10-14,2018-10-21,2019-01-13,{},0,none,42,312.7583756516364,17.684975986741865,13.916866069233018,0.1203247764017151,0.4912493329650518,42.00099564073263,1.476477977053278,1268.3560216490446,35.61398632067245,27.991250176844343,-1.61360459993036,0.4768092916258927,41.18958152299823,0.3865595760361799,0.008,weekly,2,origin3,weekly|R03|B_rich,,5,linear,0.0,17.684975986741865,0.0,,35.61398632067245,,,,,,,,
AR-LRX [linear],R03,B_rich,pacf_train,1,1,223,26,13,2014-01-12,2018-04-15,2018-04-22,2018-10-14,2018-10-21,2019-01-13,"{""colsample_bytree"": 0.8, ""learning_rate"": 0.05, ""max_depth"": 3, ""n_estimators"": 100, ""subsample"": 0.8}",132,none,42,297.72646347037085,17.254751909847062,14.231787384475812,0.1626040620694891,0.4792986641624184,43.35711911267796,1.3181970305481998,1372.5452110965898,37.0478772819252,29.90742604132257,-1.828299322985389,0.4960065959475053,45.10260761853233,0.392502656932287,4.718,weekly,2,origin3,weekly|R03|B_rich,-0.97742396426784,5,linear,0.8,17.684975986741865,2.4327,0.0440894606066953,35.61398632067245,5.0,,,,,,,
AR-LRX-g [linear],R03,B_rich,pacf_train,1,1,223,26,13,2014-01-12,2018-04-15,2018-04-22,2018-10-14,2018-10-21,2019-01-13,"{""colsample_bytree"": 0.8, ""learning_rate"": 0.1, ""max_depth"": 3, ""n_estimators"": 100, ""subsample"": 0.8}",132,none,42,299.14814418677395,17.29589963508039,14.418564699478036,0.1586053928108911,0.4804416565300108,43.82458925528763,1.267567117186827,1358.7610397710234,36.861375988574046,29.62376874841552,-1.7998953315446506,0.4935096682301365,44.49277425749362,0.3905721431142329,4.686,weekly,2,origin3,weekly|R03|B_rich,-1.057423352460633,5,linear,0.5999999999999999,17.684975986741865,2.2,0.0213446072403972,35.61398632067245,5.0,False,global,1.0,"{""0"": 0.6}",0.6,0.6,17.30558939135645
AR-LRX-Aug [linear],R03,B_rich,pacf_train,1,1,223,26,13,2014-01-12,2018-04-15,2018-04-22,2018-10-14,2018-10-21,2019-01-13,"{""colsample_bytree"": 0.8, ""learning_rate"": 0.1, ""max_depth"": 3, ""n_estimators"": 300, ""subsample"": 0.8}",132,none,42,274.48165641437816,16.567487933129094,14.208255029815234,0.2279832251434624,0.4602079981424748,43.78180891446063,1.2639637384797993,1408.855009878078,37.53471739440805,29.93434820331435,-1.9031201583802184,0.50252453772122,45.25333773292667,0.3990574240325745,4.89,weekly,2,origin3,weekly|R03|B_rich,-1.1901588957882123,5,linear,0.5999999999999999,17.684975986741865,6.3189,0.0731239049446366,35.61398632067245,5.0,True,global,1.0,"{""0"": 0.6}",0.6,0.6,16.926093936168236
XGBoost,R03,B_rich,pacf_train,1,1,223,26,13,2014-01-12,2018-04-15,2018-04-22,2018-10-14,2018-10-21,2019-01-13,"{""colsample_bytree"": 0.8, ""learning_rate"": 0.05, ""max_depth"": 3, ""n_estimators"": 100, ""subsample"": 0.8}",12,none,42,280.60588413292567,16.751294998683704,14.111263458545393,0.2107580065495384,0.4653137499634362,43.4563170047236,1.241074691068601,1530.5106019969155,39.12174078433775,32.7666376554049,-2.153806566409134,0.5237720187398462,51.8779393289208,0.4291498176404077,4.23,weekly,2,origin3,weekly|R03|B_rich,,5,,,,,,,,,,,,,,
"LR-XGB (residual, tanpa gerbang)",R03,B_rich,pacf_train,1,1,223,26,13,2014-01-12,2018-04-15,2018-04-22,2018-10-14,2018-10-21,2019-01-13,"{""colsample_bytree"": 0.8, ""learning_rate"": 0.05, ""max_depth"": 3, ""n_estimators"": 100, ""subsample"": 0.8}",12,none,42,298.6526126157212,17.281568580881807,14.335240676772296,0.159999142361667,0.4800435716911613,43.772644904266,1.2842661865993574,1428.0162384358732,37.78910211206232,30.703798940964926,-1.942604241905804,0.5059303063406903,46.98876491358182,0.4039423867755484,4.561,weekly,2,origin3,weekly|R03|B_rich,,5,,,,,,,5.0,,,,,,,
Naive,R06,A_lag1,pacf_train,1,1,223,26,13,2014-01-12,2018-04-15,2018-04-22,2018-10-14,2018-10-21,2019-01-13,{},0,none,42,87.97066153846153,9.379267644036048,8.276153846153846,0.4447405081407454,0.3124659919339568,29.54403896897245,0.3723983796469578,45.88153846153846,6.773591252912923,4.907692307692307,-0.4122487487523949,0.5493243062250031,35.09044626827113,0.6123956366637567,0.0,weekly,2,origin3,weekly|R06|A_lag1,,5,,,,,,,,,,,,,,
SeasonalNaive(s=52),R06,A_lag1,pacf_train,1,1,223,26,13,2014-01-12,2018-04-15,2018-04-22,2018-10-14,2018-10-21,2019-01-13,{},0,none,42,168.6478269230769,12.986447817747427,10.18653846153846,-0.064483374829841,0.4326375419781573,41.38673601621311,0.3944546330252105,27.283846153846152,5.223394122009764,3.4538461538461545,0.1601942985363864,0.4236065102066558,26.44507759084703,0.3060397948637084,0.0,weekly,2,origin3,weekly|R06|A_lag1,,5,,,,,,,,,,,,,,
S1 [linear],R06,A_lag1,pacf_train,1,1,223,26,13,2014-01-12,2018-04-15,2018-04-22,2018-10-14,2018-10-21,2019-01-13,{},0,none,42,75.22100806607062,8.673004558171904,7.216701613368857,0.5252146796958403,0.2889371617452584,26.58799057831576,0.3241887826631048,42.55496046528363,6.523416318562202,5.140875163001651,-0.3098555908425673,0.5290356340692989,36.6749777550233,0.653257376800783,0.01,weekly,2,origin3,weekly|R06|A_lag1,,5,linear,0.0,8.673004558171904,0.0,,6.523416318562202,,,,,,,,
AR-LRX [linear],R06,A_lag1,pacf_train,1,1,223,26,13,2014-01-12,2018-04-15,2018-04-22,2018-10-14,2018-10-21,2019-01-13,"{""colsample_bytree"": 0.8, ""learning_rate"": 0.1, ""max_depth"": 5, ""n_estimators"": 500, ""subsample"": 0.8}",132,none,42,75.15075011263025,8.668953230501954,6.9916350693679385,0.5256581388542021,0.2888021936254559,26.0398706346875,0.3205372040435288,39.94275783293378,6.320028309504142,4.924220631343955,-0.2294511401043633,0.5125412852373914,35.344061793062934,0.6385877992803403,5.045,weekly,2,origin3,weekly|R06|A_lag1,0.2150159245023654,5,linear,0.1,8.673004558171904,0.0467,-1.0316419929791216,6.523416318562202,5.0,,,,,,,
AR-LRX-g [linear],R06,A_lag1,pacf_train,1,1,223,26,13,2014-01-12,2018-04-15,2018-04-22,2018-10-14,2018-10-21,2019-01-13,"{""colsample_bytree"": 0.8, ""learning_rate"": 0.05, ""max_depth"": 3, ""n_estimators"": 100, ""subsample"": 0.8}",132,none,42,75.22100806607062,8.673004558171904,7.216701613368857,0.5252146796958403,0.2889371617452584,26.58799057831576,0.3241887826631048,42.55496046528363,6.523416318562202,5.140875163001651,-0.3098555908425673,0.5290356340692989,36.6749777550233,0.653257376800783,4.03,weekly,2,origin3,weekly|R06|A_lag1,-0.1929891720930787,5,linear,0.0,8.673004558171904,0.0,-0.5228925270723261,6.523416318562202,5.0,False,global,1.0,"{""0"": 0.0}",0.0,0.0,8.673004558171904
AR-LRX-Aug [linear],R06,A_lag1,pacf_train,1,1,223,26,13,2014-01-12,2018-04-15,2018-04-22,2018-10-14,2018-10-21,2019-01-13,"{""colsample_bytree"": 0.8, ""learning_rate"": 0.05, ""max_depth"": 3, ""n_estimators"": 100, ""subsample"": 0.8}",132,none,42,75.22100806607062,8.673004558171904,7.216701613368857,0.5252146796958403,0.2889371617452584,26.58799057831576,0.3241887826631048,42.55496046528363,6.523416318562202,5.140875163001651,-0.3098555908425673,0.5290356340692989,36.6749777550233,0.653257376800783,4.544,weekly,2,origin3,weekly|R06|A_lag1,-0.170467949397959,5,linear,0.0,8.673004558171904,0.0,-0.5247209243097932,6.523416318562202,5.0,True,global,1.0,"{""0"": 0.0}",0.0,0.0,8.673004558171904
XGBoost,R06,A_lag1,pacf_train,1,1,223,26,13,2014-01-12,2018-04-15,2018-04-22,2018-10-14,2018-10-21,2019-01-13,"{""colsample_bytree"": 0.8, ""learning_rate"": 0.05, ""max_depth"": 3, ""n_estimators"": 100, ""subsample"": 0.8}",12,none,42,151.15041972679387,12.294324695842135,9.574901017409106,0.0459580070894577,0.4095797781916555,34.04024471269948,0.3737557047187526,39.911336138559314,6.317541938013496,4.953960873530462,-0.2284839700823462,0.5123396456280439,35.849607402782866,0.6204041936568758,4.727,weekly,2,origin3,weekly|R06|A_lag1,,5,,,,,,,,,,,,,,
"LR-XGB (residual, tanpa gerbang)",R06,A_lag1,pacf_train,1,1,223,26,13,2014-01-12,2018-04-15,2018-04-22,2018-10-14,2018-10-21,2019-01-13,"{""colsample_bytree"": 0.8, ""learning_rate"": 0.05, ""max_depth"": 3, ""n_estimators"": 100, ""subsample"": 0.8}",12,none,42,108.7710854942783,10.429337730377624,8.537841268587842,0.3134509096066444,0.3474485943696097,31.06709061715153,0.359495891449115,41.75569254087255,6.461864478683575,5.037111847150555,-0.2852538629141612,0.524043906568225,36.40195577459489,0.6393047093285747,4.712,weekly,2,origin3,weekly|R06|A_lag1,,5,,,,,,,5.0,,,,,,,
Naive,R06,B_rich,pacf_train,1,1,223,26,13,2014-01-12,2018-04-15,2018-04-22,2018-10-14,2018-10-21,2019-01-13,{},0,none,42,87.97066153846153,9.379267644036048,8.276153846153846,0.4447405081407454,0.3124659919339568,29.54403896897245,0.3723983796469578,45.88153846153846,6.773591252912923,4.907692307692307,-0.4122487487523949,0.5493243062250031,35.09044626827113,0.6123956366637567,0.0,weekly,2,origin3,weekly|R06|B_rich,,5,,,,,,,,,,,,,,
SeasonalNaive(s=52),R06,B_rich,pacf_train,1,1,223,26,13,2014-01-12,2018-04-15,2018-04-22,2018-10-14,2018-10-21,2019-01-13,{},0,none,42,168.6478269230769,12.986447817747427,10.18653846153846,-0.064483374829841,0.4326375419781573,41.38673601621311,0.3944546330252105,27.283846153846152,5.223394122009764,3.4538461538461545,0.1601942985363864,0.4236065102066558,26.44507759084703,0.3060397948637084,0.0,weekly,2,origin3,weekly|R06|B_rich,,5,,,,,,,,,,,,,,
S1 [linear],R06,B_rich,pacf_train,1,1,223,26,13,2014-01-12,2018-04-15,2018-04-22,2018-10-14,2018-10-21,2019-01-13,{},0,none,42,75.22100806607062,8.673004558171904,7.216701613368857,0.5252146796958403,0.2889371617452584,26.58799057831576,0.3241887826631048,42.55496046528363,6.523416318562202,5.140875163001651,-0.3098555908425673,0.5290356340692989,36.6749777550233,0.653257376800783,0.006,weekly,2,origin3,weekly|R06|B_rich,,5,linear,0.0,8.673004558171904,0.0,,6.523416318562202,,,,,,,,
AR-LRX [linear],R06,B_rich,pacf_train,1,1,223,26,13,2014-01-12,2018-04-15,2018-04-22,2018-10-14,2018-10-21,2019-01-13,"{""colsample_bytree"": 0.8, ""learning_rate"": 0.1, ""max_depth"": 5, ""n_estimators"": 500, ""subsample"": 0.8}",132,none,42,75.15075011263025,8.668953230501954,6.9916350693679385,0.5256581388542021,0.2888021936254559,26.0398706346875,0.3205372040435288,39.94275783293378,6.320028309504142,4.924220631343955,-0.2294511401043633,0.5125412852373914,35.344061793062934,0.6385877992803403,5.965,weekly,2,origin3,weekly|R06|B_rich,0.2150159245023654,5,linear,0.1,8.673004558171904,0.0467,-1.0316419929791216,6.523416318562202,5.0,,,,,,,
AR-LRX-g [linear],R06,B_rich,pacf_train,1,1,223,26,13,2014-01-12,2018-04-15,2018-04-22,2018-10-14,2018-10-21,2019-01-13,"{""colsample_bytree"": 0.8, ""learning_rate"": 0.05, ""max_depth"": 3, ""n_estimators"": 100, ""subsample"": 0.8}",132,none,42,75.22100806607062,8.673004558171904,7.216701613368857,0.5252146796958403,0.2889371617452584,26.58799057831576,0.3241887826631048,42.55496046528363,6.523416318562202,5.140875163001651,-0.3098555908425673,0.5290356340692989,36.6749777550233,0.653257376800783,4.955,weekly,2,origin3,weekly|R06|B_rich,-0.1929891720930787,5,linear,0.0,8.673004558171904,0.0,-0.5228925270723261,6.523416318562202,5.0,False,global,1.0,"{""0"": 0.0}",0.0,0.0,8.673004558171904
AR-LRX-Aug [linear],R06,B_rich,pacf_train,1,1,223,26,13,2014-01-12,2018-04-15,2018-04-22,2018-10-14,2018-10-21,2019-01-13,"{""colsample_bytree"": 0.8, ""learning_rate"": 0.05, ""max_depth"": 3, ""n_estimators"": 100, ""subsample"": 0.8}",132,none,42,75.22100806607062,8.673004558171904,7.216701613368857,0.5252146796958403,0.2889371617452584,26.58799057831576,0.3241887826631048,42.55496046528363,6.523416318562202,5.140875163001651,-0.3098555908425673,0.5290356340692989,36.6749777550233,0.653257376800783,4.681,weekly,2,origin3,weekly|R06|B_rich,-0.170467949397959,5,linear,0.0,8.673004558171904,0.0,-0.5247209243097932,6.523416318562202,5.0,True,global,1.0,"{""0"": 0.0}",0.0,0.0,8.673004558171904
XGBoost,R06,B_rich,pacf_train,1,1,223,26,13,2014-01-12,2018-04-15,2018-04-22,2018-10-14,2018-10-21,2019-01-13,"{""colsample_bytree"": 0.8, ""learning_rate"": 0.05, ""max_depth"": 3, ""n_estimators"": 100, ""subsample"": 0.8}",12,none,42,151.15041972679387,12.294324695842135,9.574901017409106,0.0459580070894577,0.4095797781916555,34.04024471269948,0.3737557047187526,39.911336138559314,6.317541938013496,4.953960873530462,-0.2284839700823462,0.5123396456280439,35.849607402782866,0.6204041936568758,4.754,weekly,2,origin3,weekly|R06|B_rich,,5,,,,,,,,,,,,,,
"LR-XGB (residual, tanpa gerbang)",R06,B_rich,pacf_train,1,1,223,26,13,2014-01-12,2018-04-15,2018-04-22,2018-10-14,2018-10-21,2019-01-13,"{""colsample_bytree"": 0.8, ""learning_rate"": 0.05, ""max_depth"": 3, ""n_estimators"": 100, ""subsample"": 0.8}",12,none,42,108.7710854942783,10.429337730377624,8.537841268587842,0.31345090960664446,0.34744859436960973,31.06709061715153,0.359495891449115,41.75569254087255,6.461864478683575,5.037111847150555,-0.2852538629141612,0.524043906568225,36.40195577459489,0.6393047093285747,4.686,weekly,2,origin3,weekly|R06|B_rich,,5,,,,,,,5.0,,,,,,,
