config,stage1,learner,setting,subsampled,val_r2,test_r2_refit,is_best_on_val,runtime_s
pharma|daily|M01AB|A_lag1,linear,XGBoost,"{""colsample_bytree"": 0.8, ""learning_rate"": 0.05, ""max_depth"": 3, ""n_estimators"": 100, ""subsample"": 0.8}",False,-0.0026307873794957,,False,0.14
pharma|daily|M01AB|A_lag1,linear,XGBoost,"{""colsample_bytree"": 0.8, ""learning_rate"": 0.05, ""max_depth"": 3, ""n_estimators"": 300, ""subsample"": 0.8}",False,-0.0044485190667324,,False,0.36
pharma|daily|M01AB|A_lag1,linear,XGBoost,"{""colsample_bytree"": 0.8, ""learning_rate"": 0.05, ""max_depth"": 3, ""n_estimators"": 500, ""subsample"": 0.8}",False,-0.018340050548206,,False,0.59
pharma|daily|M01AB|A_lag1,linear,XGBoost,"{""colsample_bytree"": 0.8, ""learning_rate"": 0.05, ""max_depth"": 5, ""n_estimators"": 100, ""subsample"": 0.8}",False,5.638329992740943e-05,-0.0937277523108826,True,0.19
pharma|daily|M01AB|A_lag1,linear,XGBoost,"{""colsample_bytree"": 0.8, ""learning_rate"": 0.05, ""max_depth"": 5, ""n_estimators"": 300, ""subsample"": 0.8}",False,-0.0291183802392902,,False,0.54
pharma|daily|M01AB|A_lag1,linear,XGBoost,"{""colsample_bytree"": 0.8, ""learning_rate"": 0.05, ""max_depth"": 5, ""n_estimators"": 500, ""subsample"": 0.8}",False,-0.0504170549876472,,False,0.92
pharma|daily|M01AB|A_lag1,linear,XGBoost,"{""colsample_bytree"": 0.8, ""learning_rate"": 0.1, ""max_depth"": 3, ""n_estimators"": 100, ""subsample"": 0.8}",False,-0.0033672895244598,,False,0.14
pharma|daily|M01AB|A_lag1,linear,XGBoost,"{""colsample_bytree"": 0.8, ""learning_rate"": 0.1, ""max_depth"": 3, ""n_estimators"": 300, ""subsample"": 0.8}",False,-0.0154989386338866,,False,0.43
pharma|daily|M01AB|A_lag1,linear,XGBoost,"{""colsample_bytree"": 0.8, ""learning_rate"": 0.1, ""max_depth"": 3, ""n_estimators"": 500, ""subsample"": 0.8}",False,-0.0316187818386908,,False,0.84
pharma|daily|M01AB|A_lag1,linear,XGBoost,"{""colsample_bytree"": 0.8, ""learning_rate"": 0.1, ""max_depth"": 5, ""n_estimators"": 100, ""subsample"": 0.8}",False,-0.009651914259662,,False,0.22
pharma|daily|M01AB|A_lag1,linear,XGBoost,"{""colsample_bytree"": 0.8, ""learning_rate"": 0.1, ""max_depth"": 5, ""n_estimators"": 300, ""subsample"": 0.8}",False,-0.0538711239267974,,False,0.67
pharma|daily|M01AB|A_lag1,linear,XGBoost,"{""colsample_bytree"": 0.8, ""learning_rate"": 0.1, ""max_depth"": 5, ""n_estimators"": 500, ""subsample"": 0.8}",False,-0.0732554168268992,,False,1.01
pharma|daily|M01AB|A_lag1,linear,LightGBM,"leaves=15,n=100",False,0.0028744732372373,,False,0.49
pharma|daily|M01AB|A_lag1,linear,LightGBM,"leaves=15,n=400",False,0.0159250003313808,,False,0.83
pharma|daily|M01AB|A_lag1,linear,LightGBM,"leaves=63,n=100",False,0.0056622419412928,,False,0.38
pharma|daily|M01AB|A_lag1,linear,LightGBM,"leaves=63,n=400",False,0.0193587720430868,-0.1152182521376317,True,1.83
pharma|daily|M01AB|A_lag1,linear,RandomForest,"depth=6,leaf=5",False,0.0018852650176283,,False,0.81
pharma|daily|M01AB|A_lag1,linear,RandomForest,"depth=6,leaf=50",False,-0.0130652485508113,,False,0.64
pharma|daily|M01AB|A_lag1,linear,RandomForest,"depth=None,leaf=5",False,0.0043071510897226,-0.0996327601432998,True,0.79
pharma|daily|M01AB|A_lag1,linear,RandomForest,"depth=None,leaf=50",False,-0.0133392462798493,,False,0.59
pharma|daily|M01AB|A_lag1,linear,kNN,k=10,False,-0.0751188640192501,,False,0.02
pharma|daily|M01AB|A_lag1,linear,kNN,k=50,False,-0.0364557196814534,,False,0.01
pharma|daily|M01AB|A_lag1,linear,kNN,k=200,False,-0.0146667991597315,-0.027009555674214,True,0.02
pharma|daily|M01AB|A_lag1,linear,Ridge,alpha=0.1,False,-0.0050344355331388,,False,0.01
pharma|daily|M01AB|A_lag1,linear,Ridge,alpha=10,False,-0.0050013271725912,,False,0.0
pharma|daily|M01AB|A_lag1,linear,Ridge,alpha=1000,False,-0.0030718035292747,-0.0132112206471743,True,0.0
pharma|daily|M01AB|A_lag1,linear,MLP,"hidden=(32,)",False,-0.0094237151718068,,False,0.17
pharma|daily|M01AB|A_lag1,linear,MLP,"hidden=(64, 32)",False,-0.0049684168223251,-0.0171687302524332,True,0.18
pharma|daily|M01AE|A_lag1,linear,XGBoost,"{""colsample_bytree"": 0.8, ""learning_rate"": 0.05, ""max_depth"": 3, ""n_estimators"": 100, ""subsample"": 0.8}",False,-0.0326229141789218,0.0157892826570177,True,0.12
pharma|daily|M01AE|A_lag1,linear,XGBoost,"{""colsample_bytree"": 0.8, ""learning_rate"": 0.05, ""max_depth"": 3, ""n_estimators"": 300, ""subsample"": 0.8}",False,-0.0835543479016129,,False,0.33
pharma|daily|M01AE|A_lag1,linear,XGBoost,"{""colsample_bytree"": 0.8, ""learning_rate"": 0.05, ""max_depth"": 3, ""n_estimators"": 500, ""subsample"": 0.8}",False,-0.1157276739041335,,False,0.6
pharma|daily|M01AE|A_lag1,linear,XGBoost,"{""colsample_bytree"": 0.8, ""learning_rate"": 0.05, ""max_depth"": 5, ""n_estimators"": 100, ""subsample"": 0.8}",False,-0.0733429174832898,,False,0.3
pharma|daily|M01AE|A_lag1,linear,XGBoost,"{""colsample_bytree"": 0.8, ""learning_rate"": 0.05, ""max_depth"": 5, ""n_estimators"": 300, ""subsample"": 0.8}",False,-0.1473648919829369,,False,0.83
pharma|daily|M01AE|A_lag1,linear,XGBoost,"{""colsample_bytree"": 0.8, ""learning_rate"": 0.05, ""max_depth"": 5, ""n_estimators"": 500, ""subsample"": 0.8}",False,-0.1747350144532651,,False,0.82
pharma|daily|M01AE|A_lag1,linear,XGBoost,"{""colsample_bytree"": 0.8, ""learning_rate"": 0.1, ""max_depth"": 3, ""n_estimators"": 100, ""subsample"": 0.8}",False,-0.0624217549753061,,False,0.15
pharma|daily|M01AE|A_lag1,linear,XGBoost,"{""colsample_bytree"": 0.8, ""learning_rate"": 0.1, ""max_depth"": 3, ""n_estimators"": 300, ""subsample"": 0.8}",False,-0.1253811771895916,,False,0.38
pharma|daily|M01AE|A_lag1,linear,XGBoost,"{""colsample_bytree"": 0.8, ""learning_rate"": 0.1, ""max_depth"": 3, ""n_estimators"": 500, ""subsample"": 0.8}",False,-0.1536573919414225,,False,0.6
pharma|daily|M01AE|A_lag1,linear,XGBoost,"{""colsample_bytree"": 0.8, ""learning_rate"": 0.1, ""max_depth"": 5, ""n_estimators"": 100, ""subsample"": 0.8}",False,-0.1245506469259261,,False,0.16
pharma|daily|M01AE|A_lag1,linear,XGBoost,"{""colsample_bytree"": 0.8, ""learning_rate"": 0.1, ""max_depth"": 5, ""n_estimators"": 300, ""subsample"": 0.8}",False,-0.1787891965409693,,False,0.53
pharma|daily|M01AE|A_lag1,linear,XGBoost,"{""colsample_bytree"": 0.8, ""learning_rate"": 0.1, ""max_depth"": 5, ""n_estimators"": 500, ""subsample"": 0.8}",False,-0.1912429317171484,,False,0.8
pharma|daily|M01AE|A_lag1,linear,LightGBM,"leaves=15,n=100",False,-0.0867397791323987,-0.0013137704111678,True,0.23
pharma|daily|M01AE|A_lag1,linear,LightGBM,"leaves=15,n=400",False,-0.1651748771320285,,False,1.01
pharma|daily|M01AE|A_lag1,linear,LightGBM,"leaves=63,n=100",False,-0.1249912939041775,,False,0.48
pharma|daily|M01AE|A_lag1,linear,LightGBM,"leaves=63,n=400",False,-0.2288806522188233,,False,1.87
pharma|daily|M01AE|A_lag1,linear,RandomForest,"depth=6,leaf=5",False,-0.0307866941537728,,False,0.64
pharma|daily|M01AE|A_lag1,linear,RandomForest,"depth=6,leaf=50",False,-0.0195785020265386,0.0019306467595933,True,0.62
pharma|daily|M01AE|A_lag1,linear,RandomForest,"depth=None,leaf=5",False,-0.1532104958285676,,False,0.68
pharma|daily|M01AE|A_lag1,linear,RandomForest,"depth=None,leaf=50",False,-0.0231478898749128,,False,0.64
pharma|daily|M01AE|A_lag1,linear,kNN,k=10,False,-0.199972803579753,,False,0.0
pharma|daily|M01AE|A_lag1,linear,kNN,k=50,False,-0.0536982943224524,,False,0.0
pharma|daily|M01AE|A_lag1,linear,kNN,k=200,False,-0.0064337131792751,-0.0012900748398634,True,0.02
pharma|daily|M01AE|A_lag1,linear,Ridge,alpha=0.1,False,-0.0029650435668255,,False,0.0
pharma|daily|M01AE|A_lag1,linear,Ridge,alpha=10,False,-0.0029507965172443,,False,0.0
pharma|daily|M01AE|A_lag1,linear,Ridge,alpha=1000,False,-0.0021270344866834,0.0001448273070557,True,0.01
pharma|daily|M01AE|A_lag1,linear,MLP,"hidden=(32,)",False,-0.0118635968396572,,False,0.06
pharma|daily|M01AE|A_lag1,linear,MLP,"hidden=(64, 32)",False,-0.0081509037075042,-0.0009017937677662,True,0.31
pharma|daily|M01AE|B_rich,linear,XGBoost,"{""colsample_bytree"": 0.8, ""learning_rate"": 0.05, ""max_depth"": 3, ""n_estimators"": 100, ""subsample"": 0.8}",False,-0.0144510800297208,0.0184096021846558,True,0.17
pharma|daily|M01AE|B_rich,linear,XGBoost,"{""colsample_bytree"": 0.8, ""learning_rate"": 0.05, ""max_depth"": 3, ""n_estimators"": 300, ""subsample"": 0.8}",False,-0.0586278461414651,,False,0.49
pharma|daily|M01AE|B_rich,linear,XGBoost,"{""colsample_bytree"": 0.8, ""learning_rate"": 0.05, ""max_depth"": 3, ""n_estimators"": 500, ""subsample"": 0.8}",False,-0.08615901393295,,False,1.06
pharma|daily|M01AE|B_rich,linear,XGBoost,"{""colsample_bytree"": 0.8, ""learning_rate"": 0.05, ""max_depth"": 5, ""n_estimators"": 100, ""subsample"": 0.8}",False,-0.0379543762990277,,False,0.37
pharma|daily|M01AE|B_rich,linear,XGBoost,"{""colsample_bytree"": 0.8, ""learning_rate"": 0.05, ""max_depth"": 5, ""n_estimators"": 300, ""subsample"": 0.8}",False,-0.1224534040004363,,False,1.05
pharma|daily|M01AE|B_rich,linear,XGBoost,"{""colsample_bytree"": 0.8, ""learning_rate"": 0.05, ""max_depth"": 5, ""n_estimators"": 500, ""subsample"": 0.8}",False,-0.1533403174876395,,False,1.75
pharma|daily|M01AE|B_rich,linear,XGBoost,"{""colsample_bytree"": 0.8, ""learning_rate"": 0.1, ""max_depth"": 3, ""n_estimators"": 100, ""subsample"": 0.8}",False,-0.0392874744415161,,False,0.16
pharma|daily|M01AE|B_rich,linear,XGBoost,"{""colsample_bytree"": 0.8, ""learning_rate"": 0.1, ""max_depth"": 3, ""n_estimators"": 300, ""subsample"": 0.8}",False,-0.126322710184856,,False,0.46
pharma|daily|M01AE|B_rich,linear,XGBoost,"{""colsample_bytree"": 0.8, ""learning_rate"": 0.1, ""max_depth"": 3, ""n_estimators"": 500, ""subsample"": 0.8}",False,-0.1719155427429279,,False,0.72
pharma|daily|M01AE|B_rich,linear,XGBoost,"{""colsample_bytree"": 0.8, ""learning_rate"": 0.1, ""max_depth"": 5, ""n_estimators"": 100, ""subsample"": 0.8}",False,-0.1088818786809582,,False,0.33
pharma|daily|M01AE|B_rich,linear,XGBoost,"{""colsample_bytree"": 0.8, ""learning_rate"": 0.1, ""max_depth"": 5, ""n_estimators"": 300, ""subsample"": 0.8}",False,-0.1629326130814647,,False,0.85
pharma|daily|M01AE|B_rich,linear,XGBoost,"{""colsample_bytree"": 0.8, ""learning_rate"": 0.1, ""max_depth"": 5, ""n_estimators"": 500, ""subsample"": 0.8}",False,-0.1752975416039282,,False,1.45
pharma|daily|M01AE|B_rich,linear,LightGBM,"leaves=15,n=100",False,-0.0660238134105346,-0.0366539117187967,True,0.27
pharma|daily|M01AE|B_rich,linear,LightGBM,"leaves=15,n=400",False,-0.1741823534379758,,False,1.1
pharma|daily|M01AE|B_rich,linear,LightGBM,"leaves=63,n=100",False,-0.1176520831039817,,False,0.6
pharma|daily|M01AE|B_rich,linear,LightGBM,"leaves=63,n=400",False,-0.1916917729693221,,False,2.41
pharma|daily|M01AE|B_rich,linear,RandomForest,"depth=6,leaf=5",False,-0.0061088131307751,,False,0.72
pharma|daily|M01AE|B_rich,linear,RandomForest,"depth=6,leaf=50",False,0.0021430969584972,0.0027008077773902,True,0.65
pharma|daily|M01AE|B_rich,linear,RandomForest,"depth=None,leaf=5",False,-0.0189864095002658,,False,0.89
pharma|daily|M01AE|B_rich,linear,RandomForest,"depth=None,leaf=50",False,0.0011098077629281,,False,0.69
pharma|daily|M01AE|B_rich,linear,kNN,k=10,False,-0.1310985775278965,,False,3.65
pharma|daily|M01AE|B_rich,linear,kNN,k=50,False,-0.0190557053284898,,False,0.01
pharma|daily|M01AE|B_rich,linear,kNN,k=200,False,-0.0037564302313977,0.0006523891820698,True,0.02
pharma|daily|M01AE|B_rich,linear,Ridge,alpha=0.1,False,-0.0017032364387139,0.0074989100919197,True,0.01
pharma|daily|M01AE|B_rich,linear,Ridge,alpha=10,False,-0.0017107019165976,,False,0.0
pharma|daily|M01AE|B_rich,linear,Ridge,alpha=1000,False,-0.0018662351946323,,False,0.0
pharma|daily|M01AE|B_rich,linear,MLP,"hidden=(32,)",False,-0.0130931602161363,-0.0013771986188018,True,0.12
pharma|daily|M01AE|B_rich,linear,MLP,"hidden=(64, 32)",False,-0.0283179087624168,,False,0.1
pharma|daily|N02BA|A_lag1,linear,XGBoost,"{""colsample_bytree"": 0.8, ""learning_rate"": 0.05, ""max_depth"": 3, ""n_estimators"": 100, ""subsample"": 0.8}",False,-0.2222768132435115,-0.1857246025210901,True,0.12
pharma|daily|N02BA|A_lag1,linear,XGBoost,"{""colsample_bytree"": 0.8, ""learning_rate"": 0.05, ""max_depth"": 3, ""n_estimators"": 300, ""subsample"": 0.8}",False,-0.2475681684280815,,False,0.32
pharma|daily|N02BA|A_lag1,linear,XGBoost,"{""colsample_bytree"": 0.8, ""learning_rate"": 0.05, ""max_depth"": 3, ""n_estimators"": 500, ""subsample"": 0.8}",False,-0.2776599619320885,,False,0.61
pharma|daily|N02BA|A_lag1,linear,XGBoost,"{""colsample_bytree"": 0.8, ""learning_rate"": 0.05, ""max_depth"": 5, ""n_estimators"": 100, ""subsample"": 0.8}",False,-0.2536490111530169,,False,0.41
pharma|daily|N02BA|A_lag1,linear,XGBoost,"{""colsample_bytree"": 0.8, ""learning_rate"": 0.05, ""max_depth"": 5, ""n_estimators"": 300, ""subsample"": 0.8}",False,-0.3087070947844603,,False,0.79
pharma|daily|N02BA|A_lag1,linear,XGBoost,"{""colsample_bytree"": 0.8, ""learning_rate"": 0.05, ""max_depth"": 5, ""n_estimators"": 500, ""subsample"": 0.8}",False,-0.3613155367667604,,False,0.76
pharma|daily|N02BA|A_lag1,linear,XGBoost,"{""colsample_bytree"": 0.8, ""learning_rate"": 0.1, ""max_depth"": 3, ""n_estimators"": 100, ""subsample"": 0.8}",False,-0.2639310428898416,,False,0.13
pharma|daily|N02BA|A_lag1,linear,XGBoost,"{""colsample_bytree"": 0.8, ""learning_rate"": 0.1, ""max_depth"": 3, ""n_estimators"": 300, ""subsample"": 0.8}",False,-0.2872885099496911,,False,0.32
pharma|daily|N02BA|A_lag1,linear,XGBoost,"{""colsample_bytree"": 0.8, ""learning_rate"": 0.1, ""max_depth"": 3, ""n_estimators"": 500, ""subsample"": 0.8}",False,-0.3210587323892546,,False,0.51
pharma|daily|N02BA|A_lag1,linear,XGBoost,"{""colsample_bytree"": 0.8, ""learning_rate"": 0.1, ""max_depth"": 5, ""n_estimators"": 100, ""subsample"": 0.8}",False,-0.2813884674881068,,False,0.16
pharma|daily|N02BA|A_lag1,linear,XGBoost,"{""colsample_bytree"": 0.8, ""learning_rate"": 0.1, ""max_depth"": 5, ""n_estimators"": 300, ""subsample"": 0.8}",False,-0.362975885996049,,False,0.49
pharma|daily|N02BA|A_lag1,linear,XGBoost,"{""colsample_bytree"": 0.8, ""learning_rate"": 0.1, ""max_depth"": 5, ""n_estimators"": 500, ""subsample"": 0.8}",False,-0.4056746486123408,,False,0.83
pharma|daily|N02BA|A_lag1,linear,LightGBM,"leaves=15,n=100",False,-0.2334942675178386,-0.1951943006188725,True,0.24
pharma|daily|N02BA|A_lag1,linear,LightGBM,"leaves=15,n=400",False,-0.2447568286525057,,False,0.89
pharma|daily|N02BA|A_lag1,linear,LightGBM,"leaves=63,n=100",False,-0.2405450374676647,,False,0.3
pharma|daily|N02BA|A_lag1,linear,LightGBM,"leaves=63,n=400",False,-0.2498090227315599,,False,1.26
pharma|daily|N02BA|A_lag1,linear,RandomForest,"depth=6,leaf=5",False,-0.229190695947284,,False,0.58
pharma|daily|N02BA|A_lag1,linear,RandomForest,"depth=6,leaf=50",False,-0.2020870386415731,-0.1799908715420264,True,0.7
pharma|daily|N02BA|A_lag1,linear,RandomForest,"depth=None,leaf=5",False,-0.2762162593318666,,False,0.59
pharma|daily|N02BA|A_lag1,linear,RandomForest,"depth=None,leaf=50",False,-0.2021897390801272,,False,0.64
pharma|daily|N02BA|A_lag1,linear,kNN,k=10,False,-0.4914716937625989,,False,0.01
pharma|daily|N02BA|A_lag1,linear,kNN,k=50,False,-0.2680927685474241,,False,0.01
pharma|daily|N02BA|A_lag1,linear,kNN,k=200,False,-0.2058396998453422,-0.1647121980334451,True,0.02
pharma|daily|N02BA|A_lag1,linear,Ridge,alpha=0.1,False,-0.2043779383455608,-0.1783803437198192,True,0.0
pharma|daily|N02BA|A_lag1,linear,Ridge,alpha=10,False,-0.2043975821128307,,False,0.0
pharma|daily|N02BA|A_lag1,linear,Ridge,alpha=1000,False,-0.2055836900602925,,False,0.0
pharma|daily|N02BA|A_lag1,linear,MLP,"hidden=(32,)",False,-0.1671129538785813,-0.1725379197144811,True,0.05
pharma|daily|N02BA|A_lag1,linear,MLP,"hidden=(64, 32)",False,-0.1928368073894315,,False,0.11
pharma|daily|N02BE|A_lag1,linear,XGBoost,"{""colsample_bytree"": 0.8, ""learning_rate"": 0.05, ""max_depth"": 3, ""n_estimators"": 100, ""subsample"": 0.8}",False,-0.0358840175845072,0.01549479352617,True,0.14
pharma|daily|N02BE|A_lag1,linear,XGBoost,"{""colsample_bytree"": 0.8, ""learning_rate"": 0.05, ""max_depth"": 3, ""n_estimators"": 300, ""subsample"": 0.8}",False,-0.06315770055569,,False,0.45
pharma|daily|N02BE|A_lag1,linear,XGBoost,"{""colsample_bytree"": 0.8, ""learning_rate"": 0.05, ""max_depth"": 3, ""n_estimators"": 500, ""subsample"": 0.8}",False,-0.0805914685989506,,False,0.76
pharma|daily|N02BE|A_lag1,linear,XGBoost,"{""colsample_bytree"": 0.8, ""learning_rate"": 0.05, ""max_depth"": 5, ""n_estimators"": 100, ""subsample"": 0.8}",False,-0.0623103644530949,,False,0.36
pharma|daily|N02BE|A_lag1,linear,XGBoost,"{""colsample_bytree"": 0.8, ""learning_rate"": 0.05, ""max_depth"": 5, ""n_estimators"": 300, ""subsample"": 0.8}",False,-0.1003431976378654,,False,0.71
pharma|daily|N02BE|A_lag1,linear,XGBoost,"{""colsample_bytree"": 0.8, ""learning_rate"": 0.05, ""max_depth"": 5, ""n_estimators"": 500, ""subsample"": 0.8}",False,-0.1134283293433937,,False,0.81
pharma|daily|N02BE|A_lag1,linear,XGBoost,"{""colsample_bytree"": 0.8, ""learning_rate"": 0.1, ""max_depth"": 3, ""n_estimators"": 100, ""subsample"": 0.8}",False,-0.0557639668259886,,False,0.12
pharma|daily|N02BE|A_lag1,linear,XGBoost,"{""colsample_bytree"": 0.8, ""learning_rate"": 0.1, ""max_depth"": 3, ""n_estimators"": 300, ""subsample"": 0.8}",False,-0.0838994761353895,,False,0.33
pharma|daily|N02BE|A_lag1,linear,XGBoost,"{""colsample_bytree"": 0.8, ""learning_rate"": 0.1, ""max_depth"": 3, ""n_estimators"": 500, ""subsample"": 0.8}",False,-0.1032614163607834,,False,0.54
pharma|daily|N02BE|A_lag1,linear,XGBoost,"{""colsample_bytree"": 0.8, ""learning_rate"": 0.1, ""max_depth"": 5, ""n_estimators"": 100, ""subsample"": 0.8}",False,-0.0839924222277386,,False,0.17
pharma|daily|N02BE|A_lag1,linear,XGBoost,"{""colsample_bytree"": 0.8, ""learning_rate"": 0.1, ""max_depth"": 5, ""n_estimators"": 300, ""subsample"": 0.8}",False,-0.1228658358896983,,False,0.5
pharma|daily|N02BE|A_lag1,linear,XGBoost,"{""colsample_bytree"": 0.8, ""learning_rate"": 0.1, ""max_depth"": 5, ""n_estimators"": 500, ""subsample"": 0.8}",False,-0.125908322158885,,False,0.84
pharma|daily|N02BE|A_lag1,linear,LightGBM,"leaves=15,n=100",False,-0.0402334454824004,0.0095162492923609,True,0.23
pharma|daily|N02BE|A_lag1,linear,LightGBM,"leaves=15,n=400",False,-0.1143260887246471,,False,0.89
pharma|daily|N02BE|A_lag1,linear,LightGBM,"leaves=63,n=100",False,-0.0558414853428379,,False,0.56
pharma|daily|N02BE|A_lag1,linear,LightGBM,"leaves=63,n=400",False,-0.1649631081383378,,False,1.99
pharma|daily|N02BE|A_lag1,linear,RandomForest,"depth=6,leaf=5",False,-0.0316406570206941,,False,0.66
pharma|daily|N02BE|A_lag1,linear,RandomForest,"depth=6,leaf=50",False,-0.0153862824821375,0.0001965426542905,True,0.7
pharma|daily|N02BE|A_lag1,linear,RandomForest,"depth=None,leaf=5",False,-0.141283596387328,,False,0.72
pharma|daily|N02BE|A_lag1,linear,RandomForest,"depth=None,leaf=50",False,-0.0166682284519534,,False,0.61
pharma|daily|N02BE|A_lag1,linear,kNN,k=10,False,-0.1313582030234126,,False,0.01
pharma|daily|N02BE|A_lag1,linear,kNN,k=50,False,-0.0228969490845656,,False,0.01
pharma|daily|N02BE|A_lag1,linear,kNN,k=200,False,-0.0111151044767414,0.0114896107770698,True,0.02
pharma|daily|N02BE|A_lag1,linear,Ridge,alpha=0.1,False,-0.0027800987865158,,False,0.01
pharma|daily|N02BE|A_lag1,linear,Ridge,alpha=10,False,-0.0027551792714999,,False,0.0
pharma|daily|N02BE|A_lag1,linear,Ridge,alpha=1000,False,-0.0014739861796888,0.002283112022091,True,0.0
pharma|daily|N02BE|A_lag1,linear,MLP,"hidden=(32,)",False,-0.0021659459632841,0.0034901608765899,True,0.36
pharma|daily|N02BE|A_lag1,linear,MLP,"hidden=(64, 32)",False,-0.0073051643475303,,False,3.14
pharma|daily|N05B|A_lag1,linear,XGBoost,"{""colsample_bytree"": 0.8, ""learning_rate"": 0.05, ""max_depth"": 3, ""n_estimators"": 100, ""subsample"": 0.8}",False,-0.018501795636417,-0.0296611068898553,True,0.17
pharma|daily|N05B|A_lag1,linear,XGBoost,"{""colsample_bytree"": 0.8, ""learning_rate"": 0.05, ""max_depth"": 3, ""n_estimators"": 300, ""subsample"": 0.8}",False,-0.0367972560582552,,False,0.81
pharma|daily|N05B|A_lag1,linear,XGBoost,"{""colsample_bytree"": 0.8, ""learning_rate"": 0.05, ""max_depth"": 3, ""n_estimators"": 500, ""subsample"": 0.8}",False,-0.0397453131444847,,False,1.86
pharma|daily|N05B|A_lag1,linear,XGBoost,"{""colsample_bytree"": 0.8, ""learning_rate"": 0.05, ""max_depth"": 5, ""n_estimators"": 100, ""subsample"": 0.8}",False,-0.0318441064440149,,False,0.2
pharma|daily|N05B|A_lag1,linear,XGBoost,"{""colsample_bytree"": 0.8, ""learning_rate"": 0.05, ""max_depth"": 5, ""n_estimators"": 300, ""subsample"": 0.8}",False,-0.0319707723785338,,False,0.57
pharma|daily|N05B|A_lag1,linear,XGBoost,"{""colsample_bytree"": 0.8, ""learning_rate"": 0.05, ""max_depth"": 5, ""n_estimators"": 500, ""subsample"": 0.8}",False,-0.0370404945010474,,False,1.22
pharma|daily|N05B|A_lag1,linear,XGBoost,"{""colsample_bytree"": 0.8, ""learning_rate"": 0.1, ""max_depth"": 3, ""n_estimators"": 100, ""subsample"": 0.8}",False,-0.0292215231530366,,False,0.28
pharma|daily|N05B|A_lag1,linear,XGBoost,"{""colsample_bytree"": 0.8, ""learning_rate"": 0.1, ""max_depth"": 3, ""n_estimators"": 300, ""subsample"": 0.8}",False,-0.0341603238966854,,False,0.36
pharma|daily|N05B|A_lag1,linear,XGBoost,"{""colsample_bytree"": 0.8, ""learning_rate"": 0.1, ""max_depth"": 3, ""n_estimators"": 500, ""subsample"": 0.8}",False,-0.0368738838561264,,False,0.64
pharma|daily|N05B|A_lag1,linear,XGBoost,"{""colsample_bytree"": 0.8, ""learning_rate"": 0.1, ""max_depth"": 5, ""n_estimators"": 100, ""subsample"": 0.8}",False,-0.0281562583358319,,False,0.21
pharma|daily|N05B|A_lag1,linear,XGBoost,"{""colsample_bytree"": 0.8, ""learning_rate"": 0.1, ""max_depth"": 5, ""n_estimators"": 300, ""subsample"": 0.8}",False,-0.0265945307878152,,False,0.63
pharma|daily|N05B|A_lag1,linear,XGBoost,"{""colsample_bytree"": 0.8, ""learning_rate"": 0.1, ""max_depth"": 5, ""n_estimators"": 500, ""subsample"": 0.8}",False,-0.039357212804622,,False,1.05
pharma|daily|N05B|A_lag1,linear,LightGBM,"leaves=15,n=100",False,-0.0347403818416238,-0.0300172744796032,True,0.26
pharma|daily|N05B|A_lag1,linear,LightGBM,"leaves=15,n=400",False,-0.0512294061509701,,False,1.31
pharma|daily|N05B|A_lag1,linear,LightGBM,"leaves=63,n=100",False,-0.0354272547615297,,False,2.44
pharma|daily|N05B|A_lag1,linear,LightGBM,"leaves=63,n=400",False,-0.0522652744164351,,False,3.09
pharma|daily|N05B|A_lag1,linear,RandomForest,"depth=6,leaf=5",False,-0.0291540306077005,,False,0.78
pharma|daily|N05B|A_lag1,linear,RandomForest,"depth=6,leaf=50",False,-0.0111908171290202,-0.0143325862045262,True,0.67
pharma|daily|N05B|A_lag1,linear,RandomForest,"depth=None,leaf=5",False,-0.0410494199316027,,False,0.67
pharma|daily|N05B|A_lag1,linear,RandomForest,"depth=None,leaf=50",False,-0.0113278525408999,,False,0.6
pharma|daily|N05B|A_lag1,linear,kNN,k=10,False,-0.1572073523392374,,False,0.01
pharma|daily|N05B|A_lag1,linear,kNN,k=50,False,-0.045010640406629,,False,0.01
pharma|daily|N05B|A_lag1,linear,kNN,k=200,False,0.0019202395650512,-0.0157339812670787,True,0.02
pharma|daily|N05B|A_lag1,linear,Ridge,alpha=0.1,False,-0.0050044320530815,,False,0.01
pharma|daily|N05B|A_lag1,linear,Ridge,alpha=10,False,-0.0049834166213558,,False,0.0
pharma|daily|N05B|A_lag1,linear,Ridge,alpha=1000,False,-0.0037732169537638,-0.0086731214339155,True,0.0
pharma|daily|N05B|A_lag1,linear,MLP,"hidden=(32,)",False,-0.0079230746962302,-0.011690238235233,True,0.07
pharma|daily|N05B|A_lag1,linear,MLP,"hidden=(64, 32)",False,-0.0082472621038496,,False,0.11
pharma|daily|N05C|A_lag1,linear,XGBoost,"{""colsample_bytree"": 0.8, ""learning_rate"": 0.05, ""max_depth"": 3, ""n_estimators"": 100, ""subsample"": 0.8}",False,-0.021378154784662,,False,0.21
pharma|daily|N05C|A_lag1,linear,XGBoost,"{""colsample_bytree"": 0.8, ""learning_rate"": 0.05, ""max_depth"": 3, ""n_estimators"": 300, ""subsample"": 0.8}",False,-0.0243514096058468,,False,0.38
pharma|daily|N05C|A_lag1,linear,XGBoost,"{""colsample_bytree"": 0.8, ""learning_rate"": 0.05, ""max_depth"": 3, ""n_estimators"": 500, ""subsample"": 0.8}",False,-0.0251963256549458,,False,0.81
pharma|daily|N05C|A_lag1,linear,XGBoost,"{""colsample_bytree"": 0.8, ""learning_rate"": 0.05, ""max_depth"": 5, ""n_estimators"": 100, ""subsample"": 0.8}",False,-0.0213972484901778,,False,0.31
pharma|daily|N05C|A_lag1,linear,XGBoost,"{""colsample_bytree"": 0.8, ""learning_rate"": 0.05, ""max_depth"": 5, ""n_estimators"": 300, ""subsample"": 0.8}",False,-0.0248743923377645,,False,0.58
pharma|daily|N05C|A_lag1,linear,XGBoost,"{""colsample_bytree"": 0.8, ""learning_rate"": 0.05, ""max_depth"": 5, ""n_estimators"": 500, ""subsample"": 0.8}",False,-0.0257960447959384,,False,0.78
pharma|daily|N05C|A_lag1,linear,XGBoost,"{""colsample_bytree"": 0.8, ""learning_rate"": 0.1, ""max_depth"": 3, ""n_estimators"": 100, ""subsample"": 0.8}",False,-0.0216234009870628,,False,0.11
pharma|daily|N05C|A_lag1,linear,XGBoost,"{""colsample_bytree"": 0.8, ""learning_rate"": 0.1, ""max_depth"": 3, ""n_estimators"": 300, ""subsample"": 0.8}",False,-0.0244727280331487,,False,0.31
pharma|daily|N05C|A_lag1,linear,XGBoost,"{""colsample_bytree"": 0.8, ""learning_rate"": 0.1, ""max_depth"": 3, ""n_estimators"": 500, ""subsample"": 0.8}",False,-0.0246487047295531,,False,0.55
pharma|daily|N05C|A_lag1,linear,XGBoost,"{""colsample_bytree"": 0.8, ""learning_rate"": 0.1, ""max_depth"": 5, ""n_estimators"": 100, ""subsample"": 0.8}",False,-0.021284241583336,-0.014032762004851,True,0.17
pharma|daily|N05C|A_lag1,linear,XGBoost,"{""colsample_bytree"": 0.8, ""learning_rate"": 0.1, ""max_depth"": 5, ""n_estimators"": 300, ""subsample"": 0.8}",False,-0.0247829525003684,,False,0.49
pharma|daily|N05C|A_lag1,linear,XGBoost,"{""colsample_bytree"": 0.8, ""learning_rate"": 0.1, ""max_depth"": 5, ""n_estimators"": 500, ""subsample"": 0.8}",False,-0.0253865451253936,,False,0.78
pharma|daily|N05C|A_lag1,linear,LightGBM,"leaves=15,n=100",False,-0.0057454823723921,-0.0147669371950789,True,0.12
pharma|daily|N05C|A_lag1,linear,LightGBM,"leaves=15,n=400",False,-0.0064974496411507,,False,0.36
pharma|daily|N05C|A_lag1,linear,LightGBM,"leaves=63,n=100",False,-0.0057454823723921,,False,0.11
pharma|daily|N05C|A_lag1,linear,LightGBM,"leaves=63,n=400",False,-0.0064974496411507,,False,0.46
pharma|daily|N05C|A_lag1,linear,RandomForest,"depth=6,leaf=5",False,-0.0068668909982634,,False,0.66
pharma|daily|N05C|A_lag1,linear,RandomForest,"depth=6,leaf=50",False,-0.0065171316669929,-0.0159302488270902,True,0.61
pharma|daily|N05C|A_lag1,linear,RandomForest,"depth=None,leaf=5",False,-0.0068585934294036,,False,0.58
pharma|daily|N05C|A_lag1,linear,RandomForest,"depth=None,leaf=50",False,-0.0065171316669929,,False,0.58
pharma|daily|N05C|A_lag1,linear,kNN,k=10,False,-0.1808377072378537,,False,0.01
pharma|daily|N05C|A_lag1,linear,kNN,k=50,False,-0.0524632380434029,,False,0.02
pharma|daily|N05C|A_lag1,linear,kNN,k=200,False,-0.0031910803219026,0.0111155805386619,True,0.03
pharma|daily|N05C|A_lag1,linear,Ridge,alpha=0.1,False,-0.0033528484196103,-0.0145691248446693,True,0.0
pharma|daily|N05C|A_lag1,linear,Ridge,alpha=10,False,-0.0033530321171213,,False,0.0
pharma|daily|N05C|A_lag1,linear,Ridge,alpha=1000,False,-0.0033648235678269,,False,0.0
pharma|daily|N05C|A_lag1,linear,MLP,"hidden=(32,)",False,-0.0090911446194379,-0.0526700118860818,True,0.14
pharma|daily|N05C|A_lag1,linear,MLP,"hidden=(64, 32)",False,-0.0329063945641601,,False,0.11
pharma|daily|N05C|B_rich,linear,XGBoost,"{""colsample_bytree"": 0.8, ""learning_rate"": 0.05, ""max_depth"": 3, ""n_estimators"": 100, ""subsample"": 0.8}",False,-0.0307640772617681,,False,0.13
pharma|daily|N05C|B_rich,linear,XGBoost,"{""colsample_bytree"": 0.8, ""learning_rate"": 0.05, ""max_depth"": 3, ""n_estimators"": 300, ""subsample"": 0.8}",False,-0.034223909443982,,False,0.35
pharma|daily|N05C|B_rich,linear,XGBoost,"{""colsample_bytree"": 0.8, ""learning_rate"": 0.05, ""max_depth"": 3, ""n_estimators"": 500, ""subsample"": 0.8}",False,-0.0284474114273471,,False,0.71
pharma|daily|N05C|B_rich,linear,XGBoost,"{""colsample_bytree"": 0.8, ""learning_rate"": 0.05, ""max_depth"": 5, ""n_estimators"": 100, ""subsample"": 0.8}",False,-0.0168836176139626,-0.0343724876023834,True,0.39
pharma|daily|N05C|B_rich,linear,XGBoost,"{""colsample_bytree"": 0.8, ""learning_rate"": 0.05, ""max_depth"": 5, ""n_estimators"": 300, ""subsample"": 0.8}",False,-0.0631476083480739,,False,0.94
pharma|daily|N05C|B_rich,linear,XGBoost,"{""colsample_bytree"": 0.8, ""learning_rate"": 0.05, ""max_depth"": 5, ""n_estimators"": 500, ""subsample"": 0.8}",False,-0.1047199752433887,,False,0.89
pharma|daily|N05C|B_rich,linear,XGBoost,"{""colsample_bytree"": 0.8, ""learning_rate"": 0.1, ""max_depth"": 3, ""n_estimators"": 100, ""subsample"": 0.8}",False,-0.0448949528817472,,False,0.12
pharma|daily|N05C|B_rich,linear,XGBoost,"{""colsample_bytree"": 0.8, ""learning_rate"": 0.1, ""max_depth"": 3, ""n_estimators"": 300, ""subsample"": 0.8}",False,-0.0642000738134891,,False,0.31
pharma|daily|N05C|B_rich,linear,XGBoost,"{""colsample_bytree"": 0.8, ""learning_rate"": 0.1, ""max_depth"": 3, ""n_estimators"": 500, ""subsample"": 0.8}",False,-0.0812284718548195,,False,0.67
pharma|daily|N05C|B_rich,linear,XGBoost,"{""colsample_bytree"": 0.8, ""learning_rate"": 0.1, ""max_depth"": 5, ""n_estimators"": 100, ""subsample"": 0.8}",False,-0.0433414681131538,,False,0.18
pharma|daily|N05C|B_rich,linear,XGBoost,"{""colsample_bytree"": 0.8, ""learning_rate"": 0.1, ""max_depth"": 5, ""n_estimators"": 300, ""subsample"": 0.8}",False,-0.137836560017341,,False,0.54
pharma|daily|N05C|B_rich,linear,XGBoost,"{""colsample_bytree"": 0.8, ""learning_rate"": 0.1, ""max_depth"": 5, ""n_estimators"": 500, ""subsample"": 0.8}",False,-0.177547049772621,,False,0.89
pharma|daily|N05C|B_rich,linear,LightGBM,"leaves=15,n=100",False,-0.032960572199336,-0.0465957001638233,True,0.3
pharma|daily|N05C|B_rich,linear,LightGBM,"leaves=15,n=400",False,-0.0653816805733253,,False,1.01
pharma|daily|N05C|B_rich,linear,LightGBM,"leaves=63,n=100",False,-0.0433051476877668,,False,0.52
pharma|daily|N05C|B_rich,linear,LightGBM,"leaves=63,n=400",False,-0.0873161325485094,,False,2.11
pharma|daily|N05C|B_rich,linear,RandomForest,"depth=6,leaf=5",False,-0.0105340513329807,,False,0.75
pharma|daily|N05C|B_rich,linear,RandomForest,"depth=6,leaf=50",False,-0.0057408528304969,-0.0128701459287261,True,0.63
pharma|daily|N05C|B_rich,linear,RandomForest,"depth=None,leaf=5",False,-0.0262439086226127,,False,0.61
pharma|daily|N05C|B_rich,linear,RandomForest,"depth=None,leaf=50",False,-0.0067474050098019,,False,0.67
pharma|daily|N05C|B_rich,linear,kNN,k=10,False,-0.0257326219039033,,False,0.01
pharma|daily|N05C|B_rich,linear,kNN,k=50,False,-0.027043024879348,,False,0.02
pharma|daily|N05C|B_rich,linear,kNN,k=200,False,0.0006197385341318,-0.0139306636518179,True,0.04
pharma|daily|N05C|B_rich,linear,Ridge,alpha=0.1,False,-0.0009207673157787,-0.0105911634017448,True,0.01
pharma|daily|N05C|B_rich,linear,Ridge,alpha=10,False,-0.0009274355202124,,False,0.0
pharma|daily|N05C|B_rich,linear,Ridge,alpha=1000,False,-0.0013768529575666,,False,0.01
pharma|daily|N05C|B_rich,linear,MLP,"hidden=(32,)",False,-0.0292277137376311,-0.0269124938612521,True,0.19
pharma|daily|N05C|B_rich,linear,MLP,"hidden=(64, 32)",False,-0.0455251713948687,,False,0.14
pharma|daily|R03|A_lag1,linear,XGBoost,"{""colsample_bytree"": 0.8, ""learning_rate"": 0.05, ""max_depth"": 3, ""n_estimators"": 100, ""subsample"": 0.8}",False,-0.0540157087435295,-0.0798517401990888,True,0.13
pharma|daily|R03|A_lag1,linear,XGBoost,"{""colsample_bytree"": 0.8, ""learning_rate"": 0.05, ""max_depth"": 3, ""n_estimators"": 300, ""subsample"": 0.8}",False,-0.0669515233805817,,False,0.36
pharma|daily|R03|A_lag1,linear,XGBoost,"{""colsample_bytree"": 0.8, ""learning_rate"": 0.05, ""max_depth"": 3, ""n_estimators"": 500, ""subsample"": 0.8}",False,-0.0680206776416216,,False,0.72
pharma|daily|R03|A_lag1,linear,XGBoost,"{""colsample_bytree"": 0.8, ""learning_rate"": 0.05, ""max_depth"": 5, ""n_estimators"": 100, ""subsample"": 0.8}",False,-0.0666800965392768,,False,0.36
pharma|daily|R03|A_lag1,linear,XGBoost,"{""colsample_bytree"": 0.8, ""learning_rate"": 0.05, ""max_depth"": 5, ""n_estimators"": 300, ""subsample"": 0.8}",False,-0.0690894089421738,,False,0.71
pharma|daily|R03|A_lag1,linear,XGBoost,"{""colsample_bytree"": 0.8, ""learning_rate"": 0.05, ""max_depth"": 5, ""n_estimators"": 500, ""subsample"": 0.8}",False,-0.0667839537154135,,False,0.99
pharma|daily|R03|A_lag1,linear,XGBoost,"{""colsample_bytree"": 0.8, ""learning_rate"": 0.1, ""max_depth"": 3, ""n_estimators"": 100, ""subsample"": 0.8}",False,-0.0649000490715785,,False,0.12
pharma|daily|R03|A_lag1,linear,XGBoost,"{""colsample_bytree"": 0.8, ""learning_rate"": 0.1, ""max_depth"": 3, ""n_estimators"": 300, ""subsample"": 0.8}",False,-0.0663856858591986,,False,0.37
pharma|daily|R03|A_lag1,linear,XGBoost,"{""colsample_bytree"": 0.8, ""learning_rate"": 0.1, ""max_depth"": 3, ""n_estimators"": 500, ""subsample"": 0.8}",False,-0.0677810902039097,,False,0.56
pharma|daily|R03|A_lag1,linear,XGBoost,"{""colsample_bytree"": 0.8, ""learning_rate"": 0.1, ""max_depth"": 5, ""n_estimators"": 100, ""subsample"": 0.8}",False,-0.0706041933579857,,False,0.16
pharma|daily|R03|A_lag1,linear,XGBoost,"{""colsample_bytree"": 0.8, ""learning_rate"": 0.1, ""max_depth"": 5, ""n_estimators"": 300, ""subsample"": 0.8}",False,-0.0680785409632225,,False,0.55
pharma|daily|R03|A_lag1,linear,XGBoost,"{""colsample_bytree"": 0.8, ""learning_rate"": 0.1, ""max_depth"": 5, ""n_estimators"": 500, ""subsample"": 0.8}",False,-0.0674564952640282,,False,0.85
pharma|daily|R03|A_lag1,linear,LightGBM,"leaves=15,n=100",False,-0.0633962660733504,-0.0776393312310188,True,0.26
pharma|daily|R03|A_lag1,linear,LightGBM,"leaves=15,n=400",False,-0.0751061600200921,,False,1.1
pharma|daily|R03|A_lag1,linear,LightGBM,"leaves=63,n=100",False,-0.0634622630943753,,False,0.24
pharma|daily|R03|A_lag1,linear,LightGBM,"leaves=63,n=400",False,-0.0752645142661549,,False,1.07
pharma|daily|R03|A_lag1,linear,RandomForest,"depth=6,leaf=5",False,-0.0560808527792173,,False,0.8
pharma|daily|R03|A_lag1,linear,RandomForest,"depth=6,leaf=50",False,-0.0546230899278976,-0.0726618356786263,True,0.69
pharma|daily|R03|A_lag1,linear,RandomForest,"depth=None,leaf=5",False,-0.0625400216955345,,False,0.61
pharma|daily|R03|A_lag1,linear,RandomForest,"depth=None,leaf=50",False,-0.0547492817765622,,False,0.59
pharma|daily|R03|A_lag1,linear,kNN,k=10,False,-0.164984522901693,,False,0.01
pharma|daily|R03|A_lag1,linear,kNN,k=50,False,-0.1088157402676242,,False,0.01
pharma|daily|R03|A_lag1,linear,kNN,k=200,False,-0.0584201224580605,-0.0585407692211756,True,0.02
pharma|daily|R03|A_lag1,linear,Ridge,alpha=0.1,False,-0.063365038226868,-0.0518357067587766,True,0.0
pharma|daily|R03|A_lag1,linear,Ridge,alpha=10,False,-0.0633698337545658,,False,0.01
pharma|daily|R03|A_lag1,linear,Ridge,alpha=1000,False,-0.0636657913613829,,False,0.01
pharma|daily|R03|A_lag1,linear,MLP,"hidden=(32,)",False,-0.0635581482821743,,False,0.62
pharma|daily|R03|A_lag1,linear,MLP,"hidden=(64, 32)",False,-0.0593115204976768,-0.0506382745287381,True,0.19
pharma|daily|R06|A_lag1,linear,XGBoost,"{""colsample_bytree"": 0.8, ""learning_rate"": 0.05, ""max_depth"": 3, ""n_estimators"": 100, ""subsample"": 0.8}",False,-0.088748669641681,-0.0459051027548118,True,0.13
pharma|daily|R06|A_lag1,linear,XGBoost,"{""colsample_bytree"": 0.8, ""learning_rate"": 0.05, ""max_depth"": 3, ""n_estimators"": 300, ""subsample"": 0.8}",False,-0.1186229823400815,,False,0.86
pharma|daily|R06|A_lag1,linear,XGBoost,"{""colsample_bytree"": 0.8, ""learning_rate"": 0.05, ""max_depth"": 3, ""n_estimators"": 500, ""subsample"": 0.8}",False,-0.1261417465199126,,False,0.99
pharma|daily|R06|A_lag1,linear,XGBoost,"{""colsample_bytree"": 0.8, ""learning_rate"": 0.05, ""max_depth"": 5, ""n_estimators"": 100, ""subsample"": 0.8}",False,-0.1136782710415549,,False,0.18
pharma|daily|R06|A_lag1,linear,XGBoost,"{""colsample_bytree"": 0.8, ""learning_rate"": 0.05, ""max_depth"": 5, ""n_estimators"": 300, ""subsample"": 0.8}",False,-0.1370715891442602,,False,0.54
pharma|daily|R06|A_lag1,linear,XGBoost,"{""colsample_bytree"": 0.8, ""learning_rate"": 0.05, ""max_depth"": 5, ""n_estimators"": 500, ""subsample"": 0.8}",False,-0.1337656769237147,,False,1.01
pharma|daily|R06|A_lag1,linear,XGBoost,"{""colsample_bytree"": 0.8, ""learning_rate"": 0.1, ""max_depth"": 3, ""n_estimators"": 100, ""subsample"": 0.8}",False,-0.1118131572340688,,False,0.13
pharma|daily|R06|A_lag1,linear,XGBoost,"{""colsample_bytree"": 0.8, ""learning_rate"": 0.1, ""max_depth"": 3, ""n_estimators"": 300, ""subsample"": 0.8}",False,-0.133937155749741,,False,0.43
pharma|daily|R06|A_lag1,linear,XGBoost,"{""colsample_bytree"": 0.8, ""learning_rate"": 0.1, ""max_depth"": 3, ""n_estimators"": 500, ""subsample"": 0.8}",False,-0.1350078602907598,,False,0.65
pharma|daily|R06|A_lag1,linear,XGBoost,"{""colsample_bytree"": 0.8, ""learning_rate"": 0.1, ""max_depth"": 5, ""n_estimators"": 100, ""subsample"": 0.8}",False,-0.1333706319417245,,False,0.18
pharma|daily|R06|A_lag1,linear,XGBoost,"{""colsample_bytree"": 0.8, ""learning_rate"": 0.1, ""max_depth"": 5, ""n_estimators"": 300, ""subsample"": 0.8}",False,-0.1401715550114759,,False,0.55
pharma|daily|R06|A_lag1,linear,XGBoost,"{""colsample_bytree"": 0.8, ""learning_rate"": 0.1, ""max_depth"": 5, ""n_estimators"": 500, ""subsample"": 0.8}",False,-0.1319669004901817,,False,1.12
pharma|daily|R06|A_lag1,linear,LightGBM,"leaves=15,n=100",False,-0.0712186862025481,-0.0667831562890355,True,0.25
pharma|daily|R06|A_lag1,linear,LightGBM,"leaves=15,n=400",False,-0.0881812058524018,,False,0.74
pharma|daily|R06|A_lag1,linear,LightGBM,"leaves=63,n=100",False,-0.0712186862025481,,False,0.21
pharma|daily|R06|A_lag1,linear,LightGBM,"leaves=63,n=400",False,-0.0881812058524018,,False,0.75
pharma|daily|R06|A_lag1,linear,RandomForest,"depth=6,leaf=5",False,-0.0750415382781224,,False,0.74
pharma|daily|R06|A_lag1,linear,RandomForest,"depth=6,leaf=50",False,-0.053803501684243,-0.0537116405594788,True,0.56
pharma|daily|R06|A_lag1,linear,RandomForest,"depth=None,leaf=5",False,-0.0823306074239818,,False,0.59
pharma|daily|R06|A_lag1,linear,RandomForest,"depth=None,leaf=50",False,-0.053803501684243,,False,0.55
pharma|daily|R06|A_lag1,linear,kNN,k=10,False,-0.2565312860024185,,False,0.01
pharma|daily|R06|A_lag1,linear,kNN,k=50,False,-0.102664002307381,,False,0.01
pharma|daily|R06|A_lag1,linear,kNN,k=200,False,-0.0446336691085194,-0.0463942934840639,True,0.03
pharma|daily|R06|A_lag1,linear,Ridge,alpha=0.1,False,-0.0560273847861041,-0.0451224727441121,True,0.01
pharma|daily|R06|A_lag1,linear,Ridge,alpha=10,False,-0.0560343956676021,,False,0.01
pharma|daily|R06|A_lag1,linear,Ridge,alpha=1000,False,-0.0564546406959098,,False,0.01
pharma|daily|R06|A_lag1,linear,MLP,"hidden=(32,)",False,-0.0569323447127281,-0.0500035850580395,True,0.09
pharma|daily|R06|A_lag1,linear,MLP,"hidden=(64, 32)",False,-0.059269404712434,,False,0.18
pharma|weekly|M01AB|A_lag1,linear,XGBoost,"{""colsample_bytree"": 0.8, ""learning_rate"": 0.05, ""max_depth"": 3, ""n_estimators"": 100, ""subsample"": 0.8}",False,-0.2503921726089466,-0.0701408892297246,True,0.12
pharma|weekly|M01AB|A_lag1,linear,XGBoost,"{""colsample_bytree"": 0.8, ""learning_rate"": 0.05, ""max_depth"": 3, ""n_estimators"": 300, ""subsample"": 0.8}",False,-0.4362422249820492,,False,0.34
pharma|weekly|M01AB|A_lag1,linear,XGBoost,"{""colsample_bytree"": 0.8, ""learning_rate"": 0.05, ""max_depth"": 3, ""n_estimators"": 500, ""subsample"": 0.8}",False,-0.5912209229975385,,False,2.22
pharma|weekly|M01AB|A_lag1,linear,XGBoost,"{""colsample_bytree"": 0.8, ""learning_rate"": 0.05, ""max_depth"": 5, ""n_estimators"": 100, ""subsample"": 0.8}",False,-0.4725728756569118,,False,0.26
pharma|weekly|M01AB|A_lag1,linear,XGBoost,"{""colsample_bytree"": 0.8, ""learning_rate"": 0.05, ""max_depth"": 5, ""n_estimators"": 300, ""subsample"": 0.8}",False,-0.907308736199306,,False,0.59
pharma|weekly|M01AB|A_lag1,linear,XGBoost,"{""colsample_bytree"": 0.8, ""learning_rate"": 0.05, ""max_depth"": 5, ""n_estimators"": 500, ""subsample"": 0.8}",False,-1.1840036650816077,,False,1.49
pharma|weekly|M01AB|A_lag1,linear,XGBoost,"{""colsample_bytree"": 0.8, ""learning_rate"": 0.1, ""max_depth"": 3, ""n_estimators"": 100, ""subsample"": 0.8}",False,-0.3954294991493001,,False,0.27
pharma|weekly|M01AB|A_lag1,linear,XGBoost,"{""colsample_bytree"": 0.8, ""learning_rate"": 0.1, ""max_depth"": 3, ""n_estimators"": 300, ""subsample"": 0.8}",False,-0.7319301657502411,,False,0.6
pharma|weekly|M01AB|A_lag1,linear,XGBoost,"{""colsample_bytree"": 0.8, ""learning_rate"": 0.1, ""max_depth"": 3, ""n_estimators"": 500, ""subsample"": 0.8}",False,-0.9795996270153108,,False,0.77
pharma|weekly|M01AB|A_lag1,linear,XGBoost,"{""colsample_bytree"": 0.8, ""learning_rate"": 0.1, ""max_depth"": 5, ""n_estimators"": 100, ""subsample"": 0.8}",False,-0.7202379928807505,,False,0.19
pharma|weekly|M01AB|A_lag1,linear,XGBoost,"{""colsample_bytree"": 0.8, ""learning_rate"": 0.1, ""max_depth"": 5, ""n_estimators"": 300, ""subsample"": 0.8}",False,-1.335947082120304,,False,0.63
pharma|weekly|M01AB|A_lag1,linear,XGBoost,"{""colsample_bytree"": 0.8, ""learning_rate"": 0.1, ""max_depth"": 5, ""n_estimators"": 500, ""subsample"": 0.8}",False,-1.5161491900382922,,False,0.96
pharma|weekly|M01AB|A_lag1,linear,LightGBM,"leaves=15,n=100",False,-0.1165109618499242,0.0134794608196541,True,0.12
pharma|weekly|M01AB|A_lag1,linear,LightGBM,"leaves=15,n=400",False,-0.15408648401826,,False,0.44
pharma|weekly|M01AB|A_lag1,linear,LightGBM,"leaves=63,n=100",False,-0.1165109618499242,,False,0.11
pharma|weekly|M01AB|A_lag1,linear,LightGBM,"leaves=63,n=400",False,-0.15408648401826,,False,0.54
pharma|weekly|M01AB|A_lag1,linear,RandomForest,"depth=6,leaf=5",False,-0.1843982472824616,,False,0.83
pharma|weekly|M01AB|A_lag1,linear,RandomForest,"depth=6,leaf=50",False,-0.1331846887326586,-0.0408169306933436,True,0.57
pharma|weekly|M01AB|A_lag1,linear,RandomForest,"depth=None,leaf=5",False,-0.229507046721179,,False,0.56
pharma|weekly|M01AB|A_lag1,linear,RandomForest,"depth=None,leaf=50",False,-0.1331846887326586,,False,0.63
pharma|weekly|M01AB|A_lag1,linear,kNN,k=10,False,-0.082382313046512,,False,0.0
pharma|weekly|M01AB|A_lag1,linear,kNN,k=50,False,-0.08811942635532,,False,0.0
pharma|weekly|M01AB|A_lag1,linear,kNN,k=200,False,-0.012415847802927,-0.0139327691430766,True,0.01
pharma|weekly|M01AB|A_lag1,linear,Ridge,alpha=0.1,False,-0.0824156246256071,,False,0.0
pharma|weekly|M01AB|A_lag1,linear,Ridge,alpha=10,False,-0.0784037907192098,,False,0.0
pharma|weekly|M01AB|A_lag1,linear,Ridge,alpha=1000,False,-0.0136402338406962,-0.0361678337185946,True,0.0
pharma|weekly|M01AB|A_lag1,linear,MLP,"hidden=(32,)",False,-0.0167514173146237,-0.0285797150596305,True,0.02
pharma|weekly|M01AB|A_lag1,linear,MLP,"hidden=(64, 32)",False,-0.0305022244949866,,False,0.03
pharma|weekly|M01AB|B_rich,linear,XGBoost,"{""colsample_bytree"": 0.8, ""learning_rate"": 0.05, ""max_depth"": 3, ""n_estimators"": 100, ""subsample"": 0.8}",False,-0.2303714389721964,-0.2131973818833226,True,0.15
pharma|weekly|M01AB|B_rich,linear,XGBoost,"{""colsample_bytree"": 0.8, ""learning_rate"": 0.05, ""max_depth"": 3, ""n_estimators"": 300, ""subsample"": 0.8}",False,-0.4522086009797224,,False,0.39
pharma|weekly|M01AB|B_rich,linear,XGBoost,"{""colsample_bytree"": 0.8, ""learning_rate"": 0.05, ""max_depth"": 3, ""n_estimators"": 500, ""subsample"": 0.8}",False,-0.5660050554835947,,False,1.17
pharma|weekly|M01AB|B_rich,linear,XGBoost,"{""colsample_bytree"": 0.8, ""learning_rate"": 0.05, ""max_depth"": 5, ""n_estimators"": 100, ""subsample"": 0.8}",False,-0.3858979607673614,,False,0.33
pharma|weekly|M01AB|B_rich,linear,XGBoost,"{""colsample_bytree"": 0.8, ""learning_rate"": 0.05, ""max_depth"": 5, ""n_estimators"": 300, ""subsample"": 0.8}",False,-0.6527346023984066,,False,0.61
pharma|weekly|M01AB|B_rich,linear,XGBoost,"{""colsample_bytree"": 0.8, ""learning_rate"": 0.05, ""max_depth"": 5, ""n_estimators"": 500, ""subsample"": 0.8}",False,-0.7323787808839592,,False,1.12
pharma|weekly|M01AB|B_rich,linear,XGBoost,"{""colsample_bytree"": 0.8, ""learning_rate"": 0.1, ""max_depth"": 3, ""n_estimators"": 100, ""subsample"": 0.8}",False,-0.3856235390287088,,False,0.16
pharma|weekly|M01AB|B_rich,linear,XGBoost,"{""colsample_bytree"": 0.8, ""learning_rate"": 0.1, ""max_depth"": 3, ""n_estimators"": 300, ""subsample"": 0.8}",False,-0.650301908828619,,False,0.41
pharma|weekly|M01AB|B_rich,linear,XGBoost,"{""colsample_bytree"": 0.8, ""learning_rate"": 0.1, ""max_depth"": 3, ""n_estimators"": 500, ""subsample"": 0.8}",False,-0.7800141821048223,,False,0.78
pharma|weekly|M01AB|B_rich,linear,XGBoost,"{""colsample_bytree"": 0.8, ""learning_rate"": 0.1, ""max_depth"": 5, ""n_estimators"": 100, ""subsample"": 0.8}",False,-0.5018257985392034,,False,0.23
pharma|weekly|M01AB|B_rich,linear,XGBoost,"{""colsample_bytree"": 0.8, ""learning_rate"": 0.1, ""max_depth"": 5, ""n_estimators"": 300, ""subsample"": 0.8}",False,-0.6835078567616621,,False,0.8
pharma|weekly|M01AB|B_rich,linear,XGBoost,"{""colsample_bytree"": 0.8, ""learning_rate"": 0.1, ""max_depth"": 5, ""n_estimators"": 500, ""subsample"": 0.8}",False,-0.70727990023905,,False,1.35
pharma|weekly|M01AB|B_rich,linear,LightGBM,"leaves=15,n=100",False,-0.2371563344188503,-0.1628653340634838,True,0.12
pharma|weekly|M01AB|B_rich,linear,LightGBM,"leaves=15,n=400",False,-0.3347154589353571,,False,0.62
pharma|weekly|M01AB|B_rich,linear,LightGBM,"leaves=63,n=100",False,-0.2371563344188503,,False,0.12
pharma|weekly|M01AB|B_rich,linear,LightGBM,"leaves=63,n=400",False,-0.3347154589353571,,False,0.34
pharma|weekly|M01AB|B_rich,linear,RandomForest,"depth=6,leaf=5",False,-0.2305054594453819,,False,0.88
pharma|weekly|M01AB|B_rich,linear,RandomForest,"depth=6,leaf=50",False,-0.0736771004275074,-0.0497205720519431,True,0.61
pharma|weekly|M01AB|B_rich,linear,RandomForest,"depth=None,leaf=5",False,-0.2474982740870408,,False,0.65
pharma|weekly|M01AB|B_rich,linear,RandomForest,"depth=None,leaf=50",False,-0.0736771004275074,,False,0.68
pharma|weekly|M01AB|B_rich,linear,kNN,k=10,False,-0.270160713305128,,False,0.01
pharma|weekly|M01AB|B_rich,linear,kNN,k=50,False,-0.1088602984562403,,False,0.01
pharma|weekly|M01AB|B_rich,linear,kNN,k=200,False,-0.0065234748274618,-0.0134435187011932,True,0.04
pharma|weekly|M01AB|B_rich,linear,Ridge,alpha=0.1,False,-0.0556819938625161,,False,0.01
pharma|weekly|M01AB|B_rich,linear,Ridge,alpha=10,False,-0.0544964459112509,,False,0.0
pharma|weekly|M01AB|B_rich,linear,Ridge,alpha=1000,False,-0.0169087576030975,-0.0217206407758248,True,0.0
pharma|weekly|M01AB|B_rich,linear,MLP,"hidden=(32,)",False,-0.0094015953003432,-0.0297516236337789,True,0.02
pharma|weekly|M01AB|B_rich,linear,MLP,"hidden=(64, 32)",False,-0.145444627896915,,False,0.42
pharma|weekly|M01AE|A_lag1,linear,XGBoost,"{""colsample_bytree"": 0.8, ""learning_rate"": 0.05, ""max_depth"": 3, ""n_estimators"": 100, ""subsample"": 0.8}",False,-0.1159922050104245,-0.0128860402350439,True,0.12
pharma|weekly|M01AE|A_lag1,linear,XGBoost,"{""colsample_bytree"": 0.8, ""learning_rate"": 0.05, ""max_depth"": 3, ""n_estimators"": 300, ""subsample"": 0.8}",False,-0.4116869551559321,,False,0.39
pharma|weekly|M01AE|A_lag1,linear,XGBoost,"{""colsample_bytree"": 0.8, ""learning_rate"": 0.05, ""max_depth"": 3, ""n_estimators"": 500, ""subsample"": 0.8}",False,-0.6388102686168142,,False,0.61
pharma|weekly|M01AE|A_lag1,linear,XGBoost,"{""colsample_bytree"": 0.8, ""learning_rate"": 0.05, ""max_depth"": 5, ""n_estimators"": 100, ""subsample"": 0.8}",False,-0.3928266702281402,,False,0.87
pharma|weekly|M01AE|A_lag1,linear,XGBoost,"{""colsample_bytree"": 0.8, ""learning_rate"": 0.05, ""max_depth"": 5, ""n_estimators"": 300, ""subsample"": 0.8}",False,-1.0026047300289331,,False,0.68
pharma|weekly|M01AE|A_lag1,linear,XGBoost,"{""colsample_bytree"": 0.8, ""learning_rate"": 0.05, ""max_depth"": 5, ""n_estimators"": 500, ""subsample"": 0.8}",False,-1.300103589131628,,False,1.08
pharma|weekly|M01AE|A_lag1,linear,XGBoost,"{""colsample_bytree"": 0.8, ""learning_rate"": 0.1, ""max_depth"": 3, ""n_estimators"": 100, ""subsample"": 0.8}",False,-0.3198909718771094,,False,0.13
pharma|weekly|M01AE|A_lag1,linear,XGBoost,"{""colsample_bytree"": 0.8, ""learning_rate"": 0.1, ""max_depth"": 3, ""n_estimators"": 300, ""subsample"": 0.8}",False,-0.7844760867427405,,False,0.33
pharma|weekly|M01AE|A_lag1,linear,XGBoost,"{""colsample_bytree"": 0.8, ""learning_rate"": 0.1, ""max_depth"": 3, ""n_estimators"": 500, ""subsample"": 0.8}",False,-1.0740381161677646,,False,0.51
pharma|weekly|M01AE|A_lag1,linear,XGBoost,"{""colsample_bytree"": 0.8, ""learning_rate"": 0.1, ""max_depth"": 5, ""n_estimators"": 100, ""subsample"": 0.8}",False,-0.7390995164212386,,False,0.16
pharma|weekly|M01AE|A_lag1,linear,XGBoost,"{""colsample_bytree"": 0.8, ""learning_rate"": 0.1, ""max_depth"": 5, ""n_estimators"": 300, ""subsample"": 0.8}",False,-1.4128474562929083,,False,0.62
pharma|weekly|M01AE|A_lag1,linear,XGBoost,"{""colsample_bytree"": 0.8, ""learning_rate"": 0.1, ""max_depth"": 5, ""n_estimators"": 500, ""subsample"": 0.8}",False,-1.659845865845437,,False,0.75
pharma|weekly|M01AE|A_lag1,linear,LightGBM,"leaves=15,n=100",False,-0.0304688125925061,0.015849256715559,True,0.1
pharma|weekly|M01AE|A_lag1,linear,LightGBM,"leaves=15,n=400",False,-0.2099509572168325,,False,0.41
pharma|weekly|M01AE|A_lag1,linear,LightGBM,"leaves=63,n=100",False,-0.0304688125925061,,False,0.09
pharma|weekly|M01AE|A_lag1,linear,LightGBM,"leaves=63,n=400",False,-0.2099509572168325,,False,0.37
pharma|weekly|M01AE|A_lag1,linear,RandomForest,"depth=6,leaf=5",False,-0.1172037486040311,,False,0.52
pharma|weekly|M01AE|A_lag1,linear,RandomForest,"depth=6,leaf=50",False,-0.0077628878967572,-0.0144222542643916,True,0.53
pharma|weekly|M01AE|A_lag1,linear,RandomForest,"depth=None,leaf=5",False,-0.1829327579431836,,False,0.48
pharma|weekly|M01AE|A_lag1,linear,RandomForest,"depth=None,leaf=50",False,-0.0077628878967572,,False,0.51
pharma|weekly|M01AE|A_lag1,linear,kNN,k=10,False,-0.1675629665430009,,False,0.01
pharma|weekly|M01AE|A_lag1,linear,kNN,k=50,False,0.0264850424226059,0.0085861234080916,True,0.0
pharma|weekly|M01AE|A_lag1,linear,kNN,k=200,False,-0.001629171106189,,False,0.01
pharma|weekly|M01AE|A_lag1,linear,Ridge,alpha=0.1,False,-0.0130679896628669,,False,0.0
pharma|weekly|M01AE|A_lag1,linear,Ridge,alpha=10,False,-0.0126903919170888,,False,0.0
pharma|weekly|M01AE|A_lag1,linear,Ridge,alpha=1000,False,-0.0084943015053053,-0.003167056379471,True,0.0
pharma|weekly|M01AE|A_lag1,linear,MLP,"hidden=(32,)",False,0.0014993920976138,0.0051530898709656,True,0.34
pharma|weekly|M01AE|A_lag1,linear,MLP,"hidden=(64, 32)",False,-0.0206424758431214,,False,0.02
pharma|weekly|N02BA|A_lag1,linear,XGBoost,"{""colsample_bytree"": 0.8, ""learning_rate"": 0.05, ""max_depth"": 3, ""n_estimators"": 100, ""subsample"": 0.8}",False,-1.1573538322034378,-0.7339906483821683,True,0.12
pharma|weekly|N02BA|A_lag1,linear,XGBoost,"{""colsample_bytree"": 0.8, ""learning_rate"": 0.05, ""max_depth"": 3, ""n_estimators"": 300, ""subsample"": 0.8}",False,-1.5123166157033872,,False,0.29
pharma|weekly|N02BA|A_lag1,linear,XGBoost,"{""colsample_bytree"": 0.8, ""learning_rate"": 0.05, ""max_depth"": 3, ""n_estimators"": 500, ""subsample"": 0.8}",False,-1.6999505866085969,,False,0.46
pharma|weekly|N02BA|A_lag1,linear,XGBoost,"{""colsample_bytree"": 0.8, ""learning_rate"": 0.05, ""max_depth"": 5, ""n_estimators"": 100, ""subsample"": 0.8}",False,-1.3863461353800512,,False,0.17
pharma|weekly|N02BA|A_lag1,linear,XGBoost,"{""colsample_bytree"": 0.8, ""learning_rate"": 0.05, ""max_depth"": 5, ""n_estimators"": 300, ""subsample"": 0.8}",False,-2.081557346575868,,False,1.99
pharma|weekly|N02BA|A_lag1,linear,XGBoost,"{""colsample_bytree"": 0.8, ""learning_rate"": 0.05, ""max_depth"": 5, ""n_estimators"": 500, ""subsample"": 0.8}",False,-2.446559640791663,,False,1.06
pharma|weekly|N02BA|A_lag1,linear,XGBoost,"{""colsample_bytree"": 0.8, ""learning_rate"": 0.1, ""max_depth"": 3, ""n_estimators"": 100, ""subsample"": 0.8}",False,-1.3414159635880931,,False,0.2
pharma|weekly|N02BA|A_lag1,linear,XGBoost,"{""colsample_bytree"": 0.8, ""learning_rate"": 0.1, ""max_depth"": 3, ""n_estimators"": 300, ""subsample"": 0.8}",False,-1.821535572130046,,False,0.35
pharma|weekly|N02BA|A_lag1,linear,XGBoost,"{""colsample_bytree"": 0.8, ""learning_rate"": 0.1, ""max_depth"": 3, ""n_estimators"": 500, ""subsample"": 0.8}",False,-2.114239748370594,,False,0.5
pharma|weekly|N02BA|A_lag1,linear,XGBoost,"{""colsample_bytree"": 0.8, ""learning_rate"": 0.1, ""max_depth"": 5, ""n_estimators"": 100, ""subsample"": 0.8}",False,-1.8115087413856583,,False,0.23
pharma|weekly|N02BA|A_lag1,linear,XGBoost,"{""colsample_bytree"": 0.8, ""learning_rate"": 0.1, ""max_depth"": 5, ""n_estimators"": 300, ""subsample"": 0.8}",False,-2.6904727221721143,,False,0.53
pharma|weekly|N02BA|A_lag1,linear,XGBoost,"{""colsample_bytree"": 0.8, ""learning_rate"": 0.1, ""max_depth"": 5, ""n_estimators"": 500, ""subsample"": 0.8}",False,-2.824674024652882,,False,0.9
pharma|weekly|N02BA|A_lag1,linear,LightGBM,"leaves=15,n=100",False,-0.7560855138010467,,False,0.13
pharma|weekly|N02BA|A_lag1,linear,LightGBM,"leaves=15,n=400",False,-0.709593326821554,-0.5131843001475469,True,0.34
pharma|weekly|N02BA|A_lag1,linear,LightGBM,"leaves=63,n=100",False,-0.7560855138010467,,False,0.09
pharma|weekly|N02BA|A_lag1,linear,LightGBM,"leaves=63,n=400",False,-0.709593326821554,,False,0.35
pharma|weekly|N02BA|A_lag1,linear,RandomForest,"depth=6,leaf=5",False,-1.2293572783804383,,False,0.55
pharma|weekly|N02BA|A_lag1,linear,RandomForest,"depth=6,leaf=50",False,-0.6127268185244328,-0.5357514812706023,True,0.65
pharma|weekly|N02BA|A_lag1,linear,RandomForest,"depth=None,leaf=5",False,-1.2875710733826566,,False,0.6
pharma|weekly|N02BA|A_lag1,linear,RandomForest,"depth=None,leaf=50",False,-0.6127268185244328,,False,0.48
pharma|weekly|N02BA|A_lag1,linear,kNN,k=10,False,-1.454918406868293,,False,0.0
pharma|weekly|N02BA|A_lag1,linear,kNN,k=50,False,-0.6784086547132404,-0.6256498728222937,True,0.0
pharma|weekly|N02BA|A_lag1,linear,kNN,k=200,False,-0.7515970303491384,,False,0.01
pharma|weekly|N02BA|A_lag1,linear,Ridge,alpha=0.1,False,-0.628762121023634,-0.5712922194439547,True,0.0
pharma|weekly|N02BA|A_lag1,linear,Ridge,alpha=10,False,-0.6345573941206168,,False,0.0
pharma|weekly|N02BA|A_lag1,linear,Ridge,alpha=1000,False,-0.7458004638976665,,False,0.0
pharma|weekly|N02BA|A_lag1,linear,MLP,"hidden=(32,)",False,-0.784981975056084,-0.6428944527624005,True,0.03
pharma|weekly|N02BA|A_lag1,linear,MLP,"hidden=(64, 32)",False,-0.8754588167095372,,False,0.03
pharma|weekly|N02BE|A_lag1,linear,XGBoost,"{""colsample_bytree"": 0.8, ""learning_rate"": 0.05, ""max_depth"": 3, ""n_estimators"": 100, ""subsample"": 0.8}",False,-0.6747563632010964,0.0759586679121533,True,0.12
pharma|weekly|N02BE|A_lag1,linear,XGBoost,"{""colsample_bytree"": 0.8, ""learning_rate"": 0.05, ""max_depth"": 3, ""n_estimators"": 300, ""subsample"": 0.8}",False,-1.3738495671814124,,False,0.32
pharma|weekly|N02BE|A_lag1,linear,XGBoost,"{""colsample_bytree"": 0.8, ""learning_rate"": 0.05, ""max_depth"": 3, ""n_estimators"": 500, ""subsample"": 0.8}",False,-1.7934438015757603,,False,0.54
pharma|weekly|N02BE|A_lag1,linear,XGBoost,"{""colsample_bytree"": 0.8, ""learning_rate"": 0.05, ""max_depth"": 5, ""n_estimators"": 100, ""subsample"": 0.8}",False,-1.2102575512610905,,False,0.2
pharma|weekly|N02BE|A_lag1,linear,XGBoost,"{""colsample_bytree"": 0.8, ""learning_rate"": 0.05, ""max_depth"": 5, ""n_estimators"": 300, ""subsample"": 0.8}",False,-2.070667976979195,,False,0.73
pharma|weekly|N02BE|A_lag1,linear,XGBoost,"{""colsample_bytree"": 0.8, ""learning_rate"": 0.05, ""max_depth"": 5, ""n_estimators"": 500, ""subsample"": 0.8}",False,-2.526219027879825,,False,0.77
pharma|weekly|N02BE|A_lag1,linear,XGBoost,"{""colsample_bytree"": 0.8, ""learning_rate"": 0.1, ""max_depth"": 3, ""n_estimators"": 100, ""subsample"": 0.8}",False,-1.1437746187689166,,False,0.11
pharma|weekly|N02BE|A_lag1,linear,XGBoost,"{""colsample_bytree"": 0.8, ""learning_rate"": 0.1, ""max_depth"": 3, ""n_estimators"": 300, ""subsample"": 0.8}",False,-1.8424938606411465,,False,0.3
pharma|weekly|N02BE|A_lag1,linear,XGBoost,"{""colsample_bytree"": 0.8, ""learning_rate"": 0.1, ""max_depth"": 3, ""n_estimators"": 500, ""subsample"": 0.8}",False,-2.241401370668876,,False,0.5
pharma|weekly|N02BE|A_lag1,linear,XGBoost,"{""colsample_bytree"": 0.8, ""learning_rate"": 0.1, ""max_depth"": 5, ""n_estimators"": 100, ""subsample"": 0.8}",False,-1.7238895125171094,,False,0.14
pharma|weekly|N02BE|A_lag1,linear,XGBoost,"{""colsample_bytree"": 0.8, ""learning_rate"": 0.1, ""max_depth"": 5, ""n_estimators"": 300, ""subsample"": 0.8}",False,-2.673251286515006,,False,0.59
pharma|weekly|N02BE|A_lag1,linear,XGBoost,"{""colsample_bytree"": 0.8, ""learning_rate"": 0.1, ""max_depth"": 5, ""n_estimators"": 500, ""subsample"": 0.8}",False,-2.9399575503793365,,False,0.88
pharma|weekly|N02BE|A_lag1,linear,LightGBM,"leaves=15,n=100",False,0.0134338263406276,0.0269891660090699,True,0.11
pharma|weekly|N02BE|A_lag1,linear,LightGBM,"leaves=15,n=400",False,-0.0330471680625332,,False,0.34
pharma|weekly|N02BE|A_lag1,linear,LightGBM,"leaves=63,n=100",False,0.0134338263406276,,False,0.09
pharma|weekly|N02BE|A_lag1,linear,LightGBM,"leaves=63,n=400",False,-0.0330471680625332,,False,0.34
pharma|weekly|N02BE|A_lag1,linear,RandomForest,"depth=6,leaf=5",False,-0.1306250854256343,,False,0.58
pharma|weekly|N02BE|A_lag1,linear,RandomForest,"depth=6,leaf=50",False,-0.0114484465838762,0.0091716128292357,True,0.56
pharma|weekly|N02BE|A_lag1,linear,RandomForest,"depth=None,leaf=5",False,-0.1549841472641393,,False,0.5
pharma|weekly|N02BE|A_lag1,linear,RandomForest,"depth=None,leaf=50",False,-0.0114484465838762,,False,0.59
pharma|weekly|N02BE|A_lag1,linear,kNN,k=10,False,-0.0460392875363957,,False,0.0
pharma|weekly|N02BE|A_lag1,linear,kNN,k=50,False,0.0170043540203679,0.0253033092394902,True,0.0
pharma|weekly|N02BE|A_lag1,linear,kNN,k=200,False,-0.0043637787380728,,False,0.01
pharma|weekly|N02BE|A_lag1,linear,Ridge,alpha=0.1,False,-0.0046169341656574,,False,0.0
pharma|weekly|N02BE|A_lag1,linear,Ridge,alpha=10,False,-0.0044599686334105,,False,0.0
pharma|weekly|N02BE|A_lag1,linear,Ridge,alpha=1000,False,-0.0021794888381478,-0.0039776264358371,True,0.0
pharma|weekly|N02BE|A_lag1,linear,MLP,"hidden=(32,)",False,-0.0014900139286035,-0.0033490221090994,True,0.02
pharma|weekly|N02BE|A_lag1,linear,MLP,"hidden=(64, 32)",False,-0.0022971522130343,,False,0.03
pharma|weekly|N05B|A_lag1,linear,XGBoost,"{""colsample_bytree"": 0.8, ""learning_rate"": 0.05, ""max_depth"": 3, ""n_estimators"": 100, ""subsample"": 0.8}",False,-0.341410336835678,-0.1261116597586833,True,0.11
pharma|weekly|N05B|A_lag1,linear,XGBoost,"{""colsample_bytree"": 0.8, ""learning_rate"": 0.05, ""max_depth"": 3, ""n_estimators"": 300, ""subsample"": 0.8}",False,-0.5393724414752761,,False,0.3
pharma|weekly|N05B|A_lag1,linear,XGBoost,"{""colsample_bytree"": 0.8, ""learning_rate"": 0.05, ""max_depth"": 3, ""n_estimators"": 500, ""subsample"": 0.8}",False,-0.6090464675648144,,False,0.54
pharma|weekly|N05B|A_lag1,linear,XGBoost,"{""colsample_bytree"": 0.8, ""learning_rate"": 0.05, ""max_depth"": 5, ""n_estimators"": 100, ""subsample"": 0.8}",False,-0.4383165957851229,,False,0.27
pharma|weekly|N05B|A_lag1,linear,XGBoost,"{""colsample_bytree"": 0.8, ""learning_rate"": 0.05, ""max_depth"": 5, ""n_estimators"": 300, ""subsample"": 0.8}",False,-0.6766961301228471,,False,1.05
pharma|weekly|N05B|A_lag1,linear,XGBoost,"{""colsample_bytree"": 0.8, ""learning_rate"": 0.05, ""max_depth"": 5, ""n_estimators"": 500, ""subsample"": 0.8}",False,-0.8077432120666974,,False,0.8
pharma|weekly|N05B|A_lag1,linear,XGBoost,"{""colsample_bytree"": 0.8, ""learning_rate"": 0.1, ""max_depth"": 3, ""n_estimators"": 100, ""subsample"": 0.8}",False,-0.4457010743229557,,False,0.11
pharma|weekly|N05B|A_lag1,linear,XGBoost,"{""colsample_bytree"": 0.8, ""learning_rate"": 0.1, ""max_depth"": 3, ""n_estimators"": 300, ""subsample"": 0.8}",False,-0.6255664172284956,,False,0.38
pharma|weekly|N05B|A_lag1,linear,XGBoost,"{""colsample_bytree"": 0.8, ""learning_rate"": 0.1, ""max_depth"": 3, ""n_estimators"": 500, ""subsample"": 0.8}",False,-0.7605404141072802,,False,0.44
pharma|weekly|N05B|A_lag1,linear,XGBoost,"{""colsample_bytree"": 0.8, ""learning_rate"": 0.1, ""max_depth"": 5, ""n_estimators"": 100, ""subsample"": 0.8}",False,-0.5920614573000753,,False,0.14
pharma|weekly|N05B|A_lag1,linear,XGBoost,"{""colsample_bytree"": 0.8, ""learning_rate"": 0.1, ""max_depth"": 5, ""n_estimators"": 300, ""subsample"": 0.8}",False,-0.7606569262417584,,False,0.44
pharma|weekly|N05B|A_lag1,linear,XGBoost,"{""colsample_bytree"": 0.8, ""learning_rate"": 0.1, ""max_depth"": 5, ""n_estimators"": 500, ""subsample"": 0.8}",False,-0.9241664629349792,,False,0.84
pharma|weekly|N05B|A_lag1,linear,LightGBM,"leaves=15,n=100",False,-0.2412631134849745,-0.1141220886853013,True,0.1
pharma|weekly|N05B|A_lag1,linear,LightGBM,"leaves=15,n=400",False,-0.2763116080852641,,False,0.34
pharma|weekly|N05B|A_lag1,linear,LightGBM,"leaves=63,n=100",False,-0.2412631134849745,,False,0.08
pharma|weekly|N05B|A_lag1,linear,LightGBM,"leaves=63,n=400",False,-0.2763116080852641,,False,0.32
pharma|weekly|N05B|A_lag1,linear,RandomForest,"depth=6,leaf=5",False,-0.1929212218892897,,False,0.52
pharma|weekly|N05B|A_lag1,linear,RandomForest,"depth=6,leaf=50",False,-0.1011389581381865,-0.1502870672628724,True,0.49
pharma|weekly|N05B|A_lag1,linear,RandomForest,"depth=None,leaf=5",False,-0.2222051172503198,,False,0.59
pharma|weekly|N05B|A_lag1,linear,RandomForest,"depth=None,leaf=50",False,-0.1011389581381865,,False,0.53
pharma|weekly|N05B|A_lag1,linear,kNN,k=10,False,-0.2686064289291505,,False,0.0
pharma|weekly|N05B|A_lag1,linear,kNN,k=50,False,-0.1546046599012609,,False,0.0
pharma|weekly|N05B|A_lag1,linear,kNN,k=200,False,-0.0135997243717644,-0.0412253633868968,True,0.01
pharma|weekly|N05B|A_lag1,linear,Ridge,alpha=0.1,False,-0.0412242162703808,,False,0.0
pharma|weekly|N05B|A_lag1,linear,Ridge,alpha=10,False,-0.0393807529577407,,False,0.0
pharma|weekly|N05B|A_lag1,linear,Ridge,alpha=1000,False,-0.0088052676584071,-0.0553865749025956,True,0.0
pharma|weekly|N05B|A_lag1,linear,MLP,"hidden=(32,)",False,-0.0091396347452143,-0.0289613333781757,True,0.02
pharma|weekly|N05B|A_lag1,linear,MLP,"hidden=(64, 32)",False,-0.011990319915043,,False,0.02
pharma|weekly|N05C|A_lag1,linear,XGBoost,"{""colsample_bytree"": 0.8, ""learning_rate"": 0.05, ""max_depth"": 3, ""n_estimators"": 100, ""subsample"": 0.8}",False,-0.097776491126557,-0.2159959576851888,True,0.1
pharma|weekly|N05C|A_lag1,linear,XGBoost,"{""colsample_bytree"": 0.8, ""learning_rate"": 0.05, ""max_depth"": 3, ""n_estimators"": 300, ""subsample"": 0.8}",False,-0.134715131645843,,False,0.31
pharma|weekly|N05C|A_lag1,linear,XGBoost,"{""colsample_bytree"": 0.8, ""learning_rate"": 0.05, ""max_depth"": 3, ""n_estimators"": 500, ""subsample"": 0.8}",False,-0.1447915273950326,,False,0.52
pharma|weekly|N05C|A_lag1,linear,XGBoost,"{""colsample_bytree"": 0.8, ""learning_rate"": 0.05, ""max_depth"": 5, ""n_estimators"": 100, ""subsample"": 0.8}",False,-0.1197888927749188,,False,0.14
pharma|weekly|N05C|A_lag1,linear,XGBoost,"{""colsample_bytree"": 0.8, ""learning_rate"": 0.05, ""max_depth"": 5, ""n_estimators"": 300, ""subsample"": 0.8}",False,-0.1539195579818006,,False,0.7
pharma|weekly|N05C|A_lag1,linear,XGBoost,"{""colsample_bytree"": 0.8, ""learning_rate"": 0.05, ""max_depth"": 5, ""n_estimators"": 500, ""subsample"": 0.8}",False,-0.1507599036758518,,False,0.73
pharma|weekly|N05C|A_lag1,linear,XGBoost,"{""colsample_bytree"": 0.8, ""learning_rate"": 0.1, ""max_depth"": 3, ""n_estimators"": 100, ""subsample"": 0.8}",False,-0.118700668370014,,False,0.1
pharma|weekly|N05C|A_lag1,linear,XGBoost,"{""colsample_bytree"": 0.8, ""learning_rate"": 0.1, ""max_depth"": 3, ""n_estimators"": 300, ""subsample"": 0.8}",False,-0.1508339647845902,,False,0.27
pharma|weekly|N05C|A_lag1,linear,XGBoost,"{""colsample_bytree"": 0.8, ""learning_rate"": 0.1, ""max_depth"": 3, ""n_estimators"": 500, ""subsample"": 0.8}",False,-0.1511026048534705,,False,0.46
pharma|weekly|N05C|A_lag1,linear,XGBoost,"{""colsample_bytree"": 0.8, ""learning_rate"": 0.1, ""max_depth"": 5, ""n_estimators"": 100, ""subsample"": 0.8}",False,-0.1347818908070128,,False,0.15
pharma|weekly|N05C|A_lag1,linear,XGBoost,"{""colsample_bytree"": 0.8, ""learning_rate"": 0.1, ""max_depth"": 5, ""n_estimators"": 300, ""subsample"": 0.8}",False,-0.1626923119364354,,False,0.44
pharma|weekly|N05C|A_lag1,linear,XGBoost,"{""colsample_bytree"": 0.8, ""learning_rate"": 0.1, ""max_depth"": 5, ""n_estimators"": 500, ""subsample"": 0.8}",False,-0.1518501662270637,,False,0.69
pharma|weekly|N05C|A_lag1,linear,LightGBM,"leaves=15,n=100",False,-0.0385337867588708,-0.2632800507872304,True,0.1
pharma|weekly|N05C|A_lag1,linear,LightGBM,"leaves=15,n=400",False,-0.0532627796754032,,False,0.36
pharma|weekly|N05C|A_lag1,linear,LightGBM,"leaves=63,n=100",False,-0.0385337867588708,,False,0.09
pharma|weekly|N05C|A_lag1,linear,LightGBM,"leaves=63,n=400",False,-0.0532627796754032,,False,0.34
pharma|weekly|N05C|A_lag1,linear,RandomForest,"depth=6,leaf=5",False,-0.0671243596150472,,False,0.58
pharma|weekly|N05C|A_lag1,linear,RandomForest,"depth=6,leaf=50",False,-0.040731740764228,-0.0897448206406998,True,0.59
pharma|weekly|N05C|A_lag1,linear,RandomForest,"depth=None,leaf=5",False,-0.0682003067358758,,False,0.5
pharma|weekly|N05C|A_lag1,linear,RandomForest,"depth=None,leaf=50",False,-0.040731740764228,,False,0.59
pharma|weekly|N05C|A_lag1,linear,kNN,k=10,False,-0.0577355957626593,,False,0.0
pharma|weekly|N05C|A_lag1,linear,kNN,k=50,False,-0.0414433318330205,,False,0.0
pharma|weekly|N05C|A_lag1,linear,kNN,k=200,False,-0.0396481039977665,-0.1116569622009158,True,0.01
pharma|weekly|N05C|A_lag1,linear,Ridge,alpha=0.1,False,-0.0409763042517081,-0.091974953204716,True,0.0
pharma|weekly|N05C|A_lag1,linear,Ridge,alpha=10,False,-0.0410126146011582,,False,0.0
pharma|weekly|N05C|A_lag1,linear,Ridge,alpha=1000,False,-0.0416478226392218,,False,0.0
pharma|weekly|N05C|A_lag1,linear,MLP,"hidden=(32,)",False,-0.0476936277847419,,False,0.07
pharma|weekly|N05C|A_lag1,linear,MLP,"hidden=(64, 32)",False,-0.040102459536597,-0.0748324304326462,True,0.07
pharma|weekly|N05C|B_rich,linear,XGBoost,"{""colsample_bytree"": 0.8, ""learning_rate"": 0.05, ""max_depth"": 3, ""n_estimators"": 100, ""subsample"": 0.8}",False,-0.0416408767537708,,False,0.12
pharma|weekly|N05C|B_rich,linear,XGBoost,"{""colsample_bytree"": 0.8, ""learning_rate"": 0.05, ""max_depth"": 3, ""n_estimators"": 300, ""subsample"": 0.8}",False,-0.0825677984375719,,False,0.3
pharma|weekly|N05C|B_rich,linear,XGBoost,"{""colsample_bytree"": 0.8, ""learning_rate"": 0.05, ""max_depth"": 3, ""n_estimators"": 500, ""subsample"": 0.8}",False,-0.0895200872441526,,False,0.52
pharma|weekly|N05C|B_rich,linear,XGBoost,"{""colsample_bytree"": 0.8, ""learning_rate"": 0.05, ""max_depth"": 5, ""n_estimators"": 100, ""subsample"": 0.8}",False,-0.0425037379669595,,False,0.17
pharma|weekly|N05C|B_rich,linear,XGBoost,"{""colsample_bytree"": 0.8, ""learning_rate"": 0.05, ""max_depth"": 5, ""n_estimators"": 300, ""subsample"": 0.8}",False,-0.0288597979381355,,False,0.84
pharma|weekly|N05C|B_rich,linear,XGBoost,"{""colsample_bytree"": 0.8, ""learning_rate"": 0.05, ""max_depth"": 5, ""n_estimators"": 500, ""subsample"": 0.8}",False,-0.0212181807990152,,False,0.78
pharma|weekly|N05C|B_rich,linear,XGBoost,"{""colsample_bytree"": 0.8, ""learning_rate"": 0.1, ""max_depth"": 3, ""n_estimators"": 100, ""subsample"": 0.8}",False,-0.0962056988894017,,False,0.1
pharma|weekly|N05C|B_rich,linear,XGBoost,"{""colsample_bytree"": 0.8, ""learning_rate"": 0.1, ""max_depth"": 3, ""n_estimators"": 300, ""subsample"": 0.8}",False,-0.1318188403244031,,False,0.3
pharma|weekly|N05C|B_rich,linear,XGBoost,"{""colsample_bytree"": 0.8, ""learning_rate"": 0.1, ""max_depth"": 3, ""n_estimators"": 500, ""subsample"": 0.8}",False,-0.1372816445441549,,False,0.5
pharma|weekly|N05C|B_rich,linear,XGBoost,"{""colsample_bytree"": 0.8, ""learning_rate"": 0.1, ""max_depth"": 5, ""n_estimators"": 100, ""subsample"": 0.8}",False,0.0071865085144715,,False,0.16
pharma|weekly|N05C|B_rich,linear,XGBoost,"{""colsample_bytree"": 0.8, ""learning_rate"": 0.1, ""max_depth"": 5, ""n_estimators"": 300, ""subsample"": 0.8}",False,0.0146164455972312,-0.2356006749058363,True,0.48
pharma|weekly|N05C|B_rich,linear,XGBoost,"{""colsample_bytree"": 0.8, ""learning_rate"": 0.1, ""max_depth"": 5, ""n_estimators"": 500, ""subsample"": 0.8}",False,0.0145344687226824,,False,0.79
pharma|weekly|N05C|B_rich,linear,LightGBM,"leaves=15,n=100",False,-0.0610426048221548,-0.0169023234768352,True,0.11
pharma|weekly|N05C|B_rich,linear,LightGBM,"leaves=15,n=400",False,-0.1594738413748753,,False,0.34
pharma|weekly|N05C|B_rich,linear,LightGBM,"leaves=63,n=100",False,-0.0610426048221548,,False,0.09
pharma|weekly|N05C|B_rich,linear,LightGBM,"leaves=63,n=400",False,-0.1594738413748753,,False,1.17
pharma|weekly|N05C|B_rich,linear,RandomForest,"depth=6,leaf=5",False,-0.0220167856591595,0.0070424064248061,True,0.79
pharma|weekly|N05C|B_rich,linear,RandomForest,"depth=6,leaf=50",False,-0.0416483501538076,,False,0.54
pharma|weekly|N05C|B_rich,linear,RandomForest,"depth=None,leaf=5",False,-0.0273503737119698,,False,0.75
pharma|weekly|N05C|B_rich,linear,RandomForest,"depth=None,leaf=50",False,-0.0416483501538076,,False,0.63
pharma|weekly|N05C|B_rich,linear,kNN,k=10,False,-0.1202725718553339,,False,0.01
pharma|weekly|N05C|B_rich,linear,kNN,k=50,False,-0.0507637879105631,,False,0.0
pharma|weekly|N05C|B_rich,linear,kNN,k=200,False,-0.033848249869717,-0.0377025615449206,True,0.01
pharma|weekly|N05C|B_rich,linear,Ridge,alpha=0.1,False,-0.05980935567144,,False,0.0
pharma|weekly|N05C|B_rich,linear,Ridge,alpha=10,False,-0.0586544352786981,,False,0.0
pharma|weekly|N05C|B_rich,linear,Ridge,alpha=1000,False,-0.0368850851177791,-0.0429529508847523,True,0.0
pharma|weekly|N05C|B_rich,linear,MLP,"hidden=(32,)",False,-0.0459287218442561,-0.1531735138084937,True,0.09
pharma|weekly|N05C|B_rich,linear,MLP,"hidden=(64, 32)",False,-0.1090661365248442,,False,0.04
pharma|weekly|R03|A_lag1,linear,XGBoost,"{""colsample_bytree"": 0.8, ""learning_rate"": 0.05, ""max_depth"": 3, ""n_estimators"": 100, ""subsample"": 0.8}",False,-0.367194176751151,-0.0198274487570113,True,0.13
pharma|weekly|R03|A_lag1,linear,XGBoost,"{""colsample_bytree"": 0.8, ""learning_rate"": 0.05, ""max_depth"": 3, ""n_estimators"": 300, ""subsample"": 0.8}",False,-0.526205126863754,,False,0.51
pharma|weekly|R03|A_lag1,linear,XGBoost,"{""colsample_bytree"": 0.8, ""learning_rate"": 0.05, ""max_depth"": 3, ""n_estimators"": 500, ""subsample"": 0.8}",False,-0.5863488644539432,,False,1.45
pharma|weekly|R03|A_lag1,linear,XGBoost,"{""colsample_bytree"": 0.8, ""learning_rate"": 0.05, ""max_depth"": 5, ""n_estimators"": 100, ""subsample"": 0.8}",False,-0.5122138716263076,,False,0.66
pharma|weekly|R03|A_lag1,linear,XGBoost,"{""colsample_bytree"": 0.8, ""learning_rate"": 0.05, ""max_depth"": 5, ""n_estimators"": 300, ""subsample"": 0.8}",False,-0.6429071878523553,,False,2.74
pharma|weekly|R03|A_lag1,linear,XGBoost,"{""colsample_bytree"": 0.8, ""learning_rate"": 0.05, ""max_depth"": 5, ""n_estimators"": 500, ""subsample"": 0.8}",False,-0.6725817210411529,,False,1.71
pharma|weekly|R03|A_lag1,linear,XGBoost,"{""colsample_bytree"": 0.8, ""learning_rate"": 0.1, ""max_depth"": 3, ""n_estimators"": 100, ""subsample"": 0.8}",False,-0.5079501550978047,,False,0.14
pharma|weekly|R03|A_lag1,linear,XGBoost,"{""colsample_bytree"": 0.8, ""learning_rate"": 0.1, ""max_depth"": 3, ""n_estimators"": 300, ""subsample"": 0.8}",False,-0.6200484099561887,,False,0.36
pharma|weekly|R03|A_lag1,linear,XGBoost,"{""colsample_bytree"": 0.8, ""learning_rate"": 0.1, ""max_depth"": 3, ""n_estimators"": 500, ""subsample"": 0.8}",False,-0.6234397243891194,,False,0.6
pharma|weekly|R03|A_lag1,linear,XGBoost,"{""colsample_bytree"": 0.8, ""learning_rate"": 0.1, ""max_depth"": 5, ""n_estimators"": 100, ""subsample"": 0.8}",False,-0.5921923318575406,,False,0.19
pharma|weekly|R03|A_lag1,linear,XGBoost,"{""colsample_bytree"": 0.8, ""learning_rate"": 0.1, ""max_depth"": 5, ""n_estimators"": 300, ""subsample"": 0.8}",False,-0.6681139133095533,,False,0.56
pharma|weekly|R03|A_lag1,linear,XGBoost,"{""colsample_bytree"": 0.8, ""learning_rate"": 0.1, ""max_depth"": 5, ""n_estimators"": 500, ""subsample"": 0.8}",False,-0.6824380917925041,,False,0.89
pharma|weekly|R03|A_lag1,linear,LightGBM,"leaves=15,n=100",False,-0.177467459871824,,False,0.14
pharma|weekly|R03|A_lag1,linear,LightGBM,"leaves=15,n=400",False,-0.1700424123722979,-0.0912549635249206,True,0.37
pharma|weekly|R03|A_lag1,linear,LightGBM,"leaves=63,n=100",False,-0.177467459871824,,False,0.1
pharma|weekly|R03|A_lag1,linear,LightGBM,"leaves=63,n=400",False,-0.1700424123722979,,False,0.34
pharma|weekly|R03|A_lag1,linear,RandomForest,"depth=6,leaf=5",False,-0.2507218581345187,,False,0.53
pharma|weekly|R03|A_lag1,linear,RandomForest,"depth=6,leaf=50",False,-0.1363698668416415,-0.0463531114027806,True,0.53
pharma|weekly|R03|A_lag1,linear,RandomForest,"depth=None,leaf=5",False,-0.2615728028114998,,False,0.56
pharma|weekly|R03|A_lag1,linear,RandomForest,"depth=None,leaf=50",False,-0.1363698668416415,,False,0.48
pharma|weekly|R03|A_lag1,linear,kNN,k=10,False,-0.1788642785328045,,False,0.01
pharma|weekly|R03|A_lag1,linear,kNN,k=50,False,-0.0964407473507242,-0.0356562504920272,True,0.0
pharma|weekly|R03|A_lag1,linear,kNN,k=200,False,-0.1923223147675139,,False,0.01
pharma|weekly|R03|A_lag1,linear,Ridge,alpha=0.1,False,-0.1813991789833,-0.062050869397785,True,0.0
pharma|weekly|R03|A_lag1,linear,Ridge,alpha=10,False,-0.1824406770056947,,False,0.0
pharma|weekly|R03|A_lag1,linear,Ridge,alpha=1000,False,-0.2014188322786241,,False,0.0
pharma|weekly|R03|A_lag1,linear,MLP,"hidden=(32,)",False,-0.2002315720968221,,False,0.02
pharma|weekly|R03|A_lag1,linear,MLP,"hidden=(64, 32)",False,-0.1871196300550681,-0.0734929957705317,True,0.03
pharma|weekly|R06|A_lag1,linear,XGBoost,"{""colsample_bytree"": 0.8, ""learning_rate"": 0.05, ""max_depth"": 3, ""n_estimators"": 100, ""subsample"": 0.8}",False,-0.4314917954962967,-0.2602974460185301,True,0.13
pharma|weekly|R06|A_lag1,linear,XGBoost,"{""colsample_bytree"": 0.8, ""learning_rate"": 0.05, ""max_depth"": 3, ""n_estimators"": 300, ""subsample"": 0.8}",False,-0.5918687714514224,,False,0.3
pharma|weekly|R06|A_lag1,linear,XGBoost,"{""colsample_bytree"": 0.8, ""learning_rate"": 0.05, ""max_depth"": 3, ""n_estimators"": 500, ""subsample"": 0.8}",False,-0.6773342281606065,,False,0.55
pharma|weekly|R06|A_lag1,linear,XGBoost,"{""colsample_bytree"": 0.8, ""learning_rate"": 0.05, ""max_depth"": 5, ""n_estimators"": 100, ""subsample"": 0.8}",False,-0.5382246011236773,,False,0.15
pharma|weekly|R06|A_lag1,linear,XGBoost,"{""colsample_bytree"": 0.8, ""learning_rate"": 0.05, ""max_depth"": 5, ""n_estimators"": 300, ""subsample"": 0.8}",False,-0.7449676388476603,,False,0.87
pharma|weekly|R06|A_lag1,linear,XGBoost,"{""colsample_bytree"": 0.8, ""learning_rate"": 0.05, ""max_depth"": 5, ""n_estimators"": 500, ""subsample"": 0.8}",False,-0.842443279515914,,False,0.77
pharma|weekly|R06|A_lag1,linear,XGBoost,"{""colsample_bytree"": 0.8, ""learning_rate"": 0.1, ""max_depth"": 3, ""n_estimators"": 100, ""subsample"": 0.8}",False,-0.5131370378246489,,False,0.11
pharma|weekly|R06|A_lag1,linear,XGBoost,"{""colsample_bytree"": 0.8, ""learning_rate"": 0.1, ""max_depth"": 3, ""n_estimators"": 300, ""subsample"": 0.8}",False,-0.66126456467687,,False,0.33
pharma|weekly|R06|A_lag1,linear,XGBoost,"{""colsample_bytree"": 0.8, ""learning_rate"": 0.1, ""max_depth"": 3, ""n_estimators"": 500, ""subsample"": 0.8}",False,-0.7817076344262406,,False,0.47
pharma|weekly|R06|A_lag1,linear,XGBoost,"{""colsample_bytree"": 0.8, ""learning_rate"": 0.1, ""max_depth"": 5, ""n_estimators"": 100, ""subsample"": 0.8}",False,-0.681086132960411,,False,0.18
pharma|weekly|R06|A_lag1,linear,XGBoost,"{""colsample_bytree"": 0.8, ""learning_rate"": 0.1, ""max_depth"": 5, ""n_estimators"": 300, ""subsample"": 0.8}",False,-0.8580284973377492,,False,0.45
pharma|weekly|R06|A_lag1,linear,XGBoost,"{""colsample_bytree"": 0.8, ""learning_rate"": 0.1, ""max_depth"": 5, ""n_estimators"": 500, ""subsample"": 0.8}",False,-0.9141588970365198,,False,0.73
pharma|weekly|R06|A_lag1,linear,LightGBM,"leaves=15,n=100",False,-0.2828289106095014,0.0196133907734907,True,0.12
pharma|weekly|R06|A_lag1,linear,LightGBM,"leaves=15,n=400",False,-0.35269616946847,,False,0.38
pharma|weekly|R06|A_lag1,linear,LightGBM,"leaves=63,n=100",False,-0.2828289106095014,,False,0.1
pharma|weekly|R06|A_lag1,linear,LightGBM,"leaves=63,n=400",False,-0.35269616946847,,False,0.42
pharma|weekly|R06|A_lag1,linear,RandomForest,"depth=6,leaf=5",False,-0.3023294660710811,,False,0.61
pharma|weekly|R06|A_lag1,linear,RandomForest,"depth=6,leaf=50",False,-0.0269723599814457,-0.0017640916788757,True,0.54
pharma|weekly|R06|A_lag1,linear,RandomForest,"depth=None,leaf=5",False,-0.3058503949820781,,False,0.59
pharma|weekly|R06|A_lag1,linear,RandomForest,"depth=None,leaf=50",False,-0.0269723599814457,,False,0.55
pharma|weekly|R06|A_lag1,linear,kNN,k=10,False,-0.3511761300653666,,False,0.01
pharma|weekly|R06|A_lag1,linear,kNN,k=50,False,-0.052911693689043,,False,0.01
pharma|weekly|R06|A_lag1,linear,kNN,k=200,False,-0.051794936751444,-0.0232784784170687,True,0.01
pharma|weekly|R06|A_lag1,linear,Ridge,alpha=0.1,False,-0.0464770911895611,-0.0135957624636555,True,0.0
pharma|weekly|R06|A_lag1,linear,Ridge,alpha=10,False,-0.0466201637101928,,False,0.0
pharma|weekly|R06|A_lag1,linear,Ridge,alpha=1000,False,-0.0491460967298027,,False,0.0
pharma|weekly|R06|A_lag1,linear,MLP,"hidden=(32,)",False,-0.0467912985437048,-0.0162992901591856,True,0.02
pharma|weekly|R06|A_lag1,linear,MLP,"hidden=(64, 32)",False,-0.2190809317455302,,False,0.32
rossmann|V1_customers_dropped|linear,linear,XGBoost,"{""colsample_bytree"": 0.8, ""learning_rate"": 0.1, ""max_bin"": 256, ""max_depth"": 6, ""n_estimators"": 300, ""subsample"": 0.8}",False,0.4697675766108116,,False,12.07
rossmann|V1_customers_dropped|linear,linear,XGBoost,"{""colsample_bytree"": 0.8, ""learning_rate"": 0.1, ""max_bin"": 256, ""max_depth"": 6, ""n_estimators"": 900, ""subsample"": 0.8}",False,0.5726833145623551,,False,38.21
rossmann|V1_customers_dropped|linear,linear,XGBoost,"{""colsample_bytree"": 0.8, ""learning_rate"": 0.1, ""max_bin"": 256, ""max_depth"": 9, ""n_estimators"": 300, ""subsample"": 0.8}",False,0.5762511878884516,,False,17.33
rossmann|V1_customers_dropped|linear,linear,XGBoost,"{""colsample_bytree"": 0.8, ""learning_rate"": 0.1, ""max_bin"": 256, ""max_depth"": 9, ""n_estimators"": 900, ""subsample"": 0.8}",False,0.5872126052508602,0.6563044731787322,True,59.96
rossmann|V1_customers_dropped|linear,linear,XGBoost,"{""colsample_bytree"": 0.8, ""learning_rate"": 0.2, ""max_bin"": 256, ""max_depth"": 6, ""n_estimators"": 300, ""subsample"": 0.8}",False,0.5424217753229654,,False,18.27
rossmann|V1_customers_dropped|linear,linear,XGBoost,"{""colsample_bytree"": 0.8, ""learning_rate"": 0.2, ""max_bin"": 256, ""max_depth"": 6, ""n_estimators"": 900, ""subsample"": 0.8}",False,0.584588782813814,,False,49.32
rossmann|V1_customers_dropped|linear,linear,XGBoost,"{""colsample_bytree"": 0.8, ""learning_rate"": 0.2, ""max_bin"": 256, ""max_depth"": 9, ""n_estimators"": 300, ""subsample"": 0.8}",False,0.5852974969646707,,False,19.49
rossmann|V1_customers_dropped|linear,linear,XGBoost,"{""colsample_bytree"": 0.8, ""learning_rate"": 0.2, ""max_bin"": 256, ""max_depth"": 9, ""n_estimators"": 900, ""subsample"": 0.8}",False,0.5793785644259783,,False,63.53
rossmann|V1_customers_dropped|linear,linear,LightGBM,"leaves=15,n=100",True,0.1255357434722933,,False,1.95
rossmann|V1_customers_dropped|linear,linear,LightGBM,"leaves=15,n=400",True,0.3019000009360879,,False,3.33
rossmann|V1_customers_dropped|linear,linear,LightGBM,"leaves=63,n=100",True,0.3128897058721873,,False,2.56
rossmann|V1_customers_dropped|linear,linear,LightGBM,"leaves=63,n=400",True,0.5189889636143901,0.5623235147175588,True,10.87
rossmann|V1_customers_dropped|linear,linear,RandomForest,"depth=6,leaf=5",True,0.0448336636854285,,False,5.28
rossmann|V1_customers_dropped|linear,linear,RandomForest,"depth=6,leaf=50",True,0.0430712914950589,,False,5.01
rossmann|V1_customers_dropped|linear,linear,RandomForest,"depth=None,leaf=5",True,0.4769745978210674,0.5147911898180764,True,10.81
rossmann|V1_customers_dropped|linear,linear,RandomForest,"depth=None,leaf=50",True,0.179018555751962,,False,7.8
rossmann|V1_customers_dropped|linear,linear,kNN,k=10,True,0.2944839545514158,0.2923410864193534,True,156.08
rossmann|V1_customers_dropped|linear,linear,kNN,k=50,True,0.1243800598880846,,False,221.38
rossmann|V1_customers_dropped|linear,linear,kNN,k=200,True,0.0711920527878727,,False,298.99
rossmann|V1_customers_dropped|linear,linear,Ridge,alpha=0.1,True,-0.0128496139024334,,False,0.23
rossmann|V1_customers_dropped|linear,linear,Ridge,alpha=10,True,-0.0128495603215532,,False,0.19
rossmann|V1_customers_dropped|linear,linear,Ridge,alpha=1000,True,-0.0128442560192194,-0.0118395935944568,True,0.19
rossmann|V1_customers_dropped|linear,linear,MLP,"hidden=(32,)",True,0.052795092172833,,False,14.79
rossmann|V1_customers_dropped|linear,linear,MLP,"hidden=(64, 32)",True,0.1061549660627647,0.1141666301752194,True,54.69
rossmann|V1_customers_dropped|structural,structural,XGBoost,"{""colsample_bytree"": 0.8, ""learning_rate"": 0.1, ""max_bin"": 256, ""max_depth"": 6, ""n_estimators"": 300, ""subsample"": 0.8}",False,-0.0208683894372456,-0.0524773576198405,True,13.71
rossmann|V1_customers_dropped|structural,structural,XGBoost,"{""colsample_bytree"": 0.8, ""learning_rate"": 0.1, ""max_bin"": 256, ""max_depth"": 6, ""n_estimators"": 900, ""subsample"": 0.8}",False,-0.0220105679234716,,False,39.29
rossmann|V1_customers_dropped|structural,structural,XGBoost,"{""colsample_bytree"": 0.8, ""learning_rate"": 0.1, ""max_bin"": 256, ""max_depth"": 9, ""n_estimators"": 300, ""subsample"": 0.8}",False,-0.0258980004574516,,False,18.19
rossmann|V1_customers_dropped|structural,structural,XGBoost,"{""colsample_bytree"": 0.8, ""learning_rate"": 0.1, ""max_bin"": 256, ""max_depth"": 9, ""n_estimators"": 900, ""subsample"": 0.8}",False,-0.0487812956412514,,False,54.88
rossmann|V1_customers_dropped|structural,structural,XGBoost,"{""colsample_bytree"": 0.8, ""learning_rate"": 0.2, ""max_bin"": 256, ""max_depth"": 6, ""n_estimators"": 300, ""subsample"": 0.8}",False,-0.0239545475428437,,False,17.1
rossmann|V1_customers_dropped|structural,structural,XGBoost,"{""colsample_bytree"": 0.8, ""learning_rate"": 0.2, ""max_bin"": 256, ""max_depth"": 6, ""n_estimators"": 900, ""subsample"": 0.8}",False,-0.0366110298971187,,False,38.55
rossmann|V1_customers_dropped|structural,structural,XGBoost,"{""colsample_bytree"": 0.8, ""learning_rate"": 0.2, ""max_bin"": 256, ""max_depth"": 9, ""n_estimators"": 300, ""subsample"": 0.8}",False,-0.0444244591738414,,False,14.36
rossmann|V1_customers_dropped|structural,structural,XGBoost,"{""colsample_bytree"": 0.8, ""learning_rate"": 0.2, ""max_bin"": 256, ""max_depth"": 9, ""n_estimators"": 900, ""subsample"": 0.8}",False,-0.0803063006167723,,False,40.86
rossmann|V1_customers_dropped|structural,structural,LightGBM,"leaves=15,n=100",True,-0.0415723852652605,,False,0.81
rossmann|V1_customers_dropped|structural,structural,LightGBM,"leaves=15,n=400",True,-0.0360073743893252,,False,2.37
rossmann|V1_customers_dropped|structural,structural,LightGBM,"leaves=63,n=100",True,-0.0352708434609478,,False,1.89
rossmann|V1_customers_dropped|structural,structural,LightGBM,"leaves=63,n=400",True,-0.0333683405009039,-0.0680074644843808,True,7.07
rossmann|V1_customers_dropped|structural,structural,RandomForest,"depth=6,leaf=5",True,-0.0406968962357074,,False,4.16
rossmann|V1_customers_dropped|structural,structural,RandomForest,"depth=6,leaf=50",True,-0.0416046427682943,,False,3.88
rossmann|V1_customers_dropped|structural,structural,RandomForest,"depth=None,leaf=5",True,-0.0561768400797062,,False,8.33
rossmann|V1_customers_dropped|structural,structural,RandomForest,"depth=None,leaf=50",True,-0.0370366672912876,-0.0756051852183021,True,5.96
rossmann|V1_customers_dropped|structural,structural,kNN,k=10,True,-0.1027501165952662,,False,113.88
rossmann|V1_customers_dropped|structural,structural,kNN,k=50,True,-0.0427439065772308,-0.093147756375109,True,155.4
rossmann|V1_customers_dropped|structural,structural,kNN,k=200,True,-0.0430644836039944,,False,226.07
rossmann|V1_customers_dropped|structural,structural,Ridge,alpha=0.1,True,-0.0658844433636558,-0.0831935564621777,True,0.25
rossmann|V1_customers_dropped|structural,structural,Ridge,alpha=10,True,-0.0658854356872458,,False,0.16
rossmann|V1_customers_dropped|structural,structural,Ridge,alpha=1000,True,-0.0659830468645119,,False,0.17
rossmann|V1_customers_dropped|structural,structural,MLP,"hidden=(32,)",True,-0.02753612197651,-0.0758935460012029,True,8.69
rossmann|V1_customers_dropped|structural,structural,MLP,"hidden=(64, 32)",True,-0.0306744546580859,,False,19.69
rossmann|V1_customers_dropped|struct_linear,struct_linear,XGBoost,"{""colsample_bytree"": 0.8, ""learning_rate"": 0.1, ""max_bin"": 256, ""max_depth"": 6, ""n_estimators"": 300, ""subsample"": 0.8}",False,-0.0291159987323215,,False,10.31
rossmann|V1_customers_dropped|struct_linear,struct_linear,XGBoost,"{""colsample_bytree"": 0.8, ""learning_rate"": 0.1, ""max_bin"": 256, ""max_depth"": 6, ""n_estimators"": 900, ""subsample"": 0.8}",False,-0.027830343153494,-0.0352680180486599,True,28.92
rossmann|V1_customers_dropped|struct_linear,struct_linear,XGBoost,"{""colsample_bytree"": 0.8, ""learning_rate"": 0.1, ""max_bin"": 256, ""max_depth"": 9, ""n_estimators"": 300, ""subsample"": 0.8}",False,-0.0383146461662011,,False,12.07
rossmann|V1_customers_dropped|struct_linear,struct_linear,XGBoost,"{""colsample_bytree"": 0.8, ""learning_rate"": 0.1, ""max_bin"": 256, ""max_depth"": 9, ""n_estimators"": 900, ""subsample"": 0.8}",False,-0.0600152464587988,,False,38.06
rossmann|V1_customers_dropped|struct_linear,struct_linear,XGBoost,"{""colsample_bytree"": 0.8, ""learning_rate"": 0.2, ""max_bin"": 256, ""max_depth"": 6, ""n_estimators"": 300, ""subsample"": 0.8}",False,-0.0365451632235682,,False,11.27
rossmann|V1_customers_dropped|struct_linear,struct_linear,XGBoost,"{""colsample_bytree"": 0.8, ""learning_rate"": 0.2, ""max_bin"": 256, ""max_depth"": 6, ""n_estimators"": 900, ""subsample"": 0.8}",False,-0.04849330320282,,False,27.87
rossmann|V1_customers_dropped|struct_linear,struct_linear,XGBoost,"{""colsample_bytree"": 0.8, ""learning_rate"": 0.2, ""max_bin"": 256, ""max_depth"": 9, ""n_estimators"": 300, ""subsample"": 0.8}",False,-0.051978674958661,,False,13.45
rossmann|V1_customers_dropped|struct_linear,struct_linear,XGBoost,"{""colsample_bytree"": 0.8, ""learning_rate"": 0.2, ""max_bin"": 256, ""max_depth"": 9, ""n_estimators"": 900, ""subsample"": 0.8}",False,-0.086388690300857,,False,37.29
rossmann|V1_customers_dropped|struct_linear,struct_linear,LightGBM,"leaves=15,n=100",True,-0.0621053807416454,,False,0.77
rossmann|V1_customers_dropped|struct_linear,struct_linear,LightGBM,"leaves=15,n=400",True,-0.046272862844074,,False,2.15
rossmann|V1_customers_dropped|struct_linear,struct_linear,LightGBM,"leaves=63,n=100",True,-0.0531167972224613,,False,1.75
rossmann|V1_customers_dropped|struct_linear,struct_linear,LightGBM,"leaves=63,n=400",True,-0.0456810198514452,-0.0689664017537052,True,5.47
rossmann|V1_customers_dropped|struct_linear,struct_linear,RandomForest,"depth=6,leaf=5",True,-0.0654684485494827,,False,4.02
rossmann|V1_customers_dropped|struct_linear,struct_linear,RandomForest,"depth=6,leaf=50",True,-0.0627364478625447,,False,4.01
rossmann|V1_customers_dropped|struct_linear,struct_linear,RandomForest,"depth=None,leaf=5",True,-0.0661148420946629,,False,8.78
rossmann|V1_customers_dropped|struct_linear,struct_linear,RandomForest,"depth=None,leaf=50",True,-0.0516397369011167,-0.0742219605637435,True,6.21
rossmann|V1_customers_dropped|struct_linear,struct_linear,kNN,k=10,True,-0.1118024115258455,,False,106.43
rossmann|V1_customers_dropped|struct_linear,struct_linear,kNN,k=50,True,-0.0505859611896646,,False,148.57
rossmann|V1_customers_dropped|struct_linear,struct_linear,kNN,k=200,True,-0.0503924652241694,-0.0820005414193902,True,255.99
rossmann|V1_customers_dropped|struct_linear,struct_linear,Ridge,alpha=0.1,True,-0.0750155454724752,-0.0884505862633815,True,0.2
rossmann|V1_customers_dropped|struct_linear,struct_linear,Ridge,alpha=10,True,-0.0750156255564669,,False,0.17
rossmann|V1_customers_dropped|struct_linear,struct_linear,Ridge,alpha=1000,True,-0.0750233293935442,,False,0.18
rossmann|V1_customers_dropped|struct_linear,struct_linear,MLP,"hidden=(32,)",True,-0.0335567925618989,-0.0952150254416495,True,8.93
rossmann|V1_customers_dropped|struct_linear,struct_linear,MLP,"hidden=(64, 32)",True,-0.0433691298515894,,False,19.77
rossmann|V2_customers_lagged|linear,linear,XGBoost,"{""colsample_bytree"": 0.8, ""learning_rate"": 0.1, ""max_bin"": 256, ""max_depth"": 6, ""n_estimators"": 300, ""subsample"": 0.8}",False,0.4134579090363219,,False,12.91
rossmann|V2_customers_lagged|linear,linear,XGBoost,"{""colsample_bytree"": 0.8, ""learning_rate"": 0.1, ""max_bin"": 256, ""max_depth"": 6, ""n_estimators"": 900, ""subsample"": 0.8}",False,0.4895009806111617,,False,37.99
rossmann|V2_customers_lagged|linear,linear,XGBoost,"{""colsample_bytree"": 0.8, ""learning_rate"": 0.1, ""max_bin"": 256, ""max_depth"": 9, ""n_estimators"": 300, ""subsample"": 0.8}",False,0.5061973517489264,,False,17.31
rossmann|V2_customers_lagged|linear,linear,XGBoost,"{""colsample_bytree"": 0.8, ""learning_rate"": 0.1, ""max_bin"": 256, ""max_depth"": 9, ""n_estimators"": 900, ""subsample"": 0.8}",False,0.5336476374746978,0.7204727378518487,True,56.5
rossmann|V2_customers_lagged|linear,linear,XGBoost,"{""colsample_bytree"": 0.8, ""learning_rate"": 0.2, ""max_bin"": 256, ""max_depth"": 6, ""n_estimators"": 300, ""subsample"": 0.8}",False,0.4663452742371152,,False,12.04
rossmann|V2_customers_lagged|linear,linear,XGBoost,"{""colsample_bytree"": 0.8, ""learning_rate"": 0.2, ""max_bin"": 256, ""max_depth"": 6, ""n_estimators"": 900, ""subsample"": 0.8}",False,0.511590583036074,,False,38.76
rossmann|V2_customers_lagged|linear,linear,XGBoost,"{""colsample_bytree"": 0.8, ""learning_rate"": 0.2, ""max_bin"": 256, ""max_depth"": 9, ""n_estimators"": 300, ""subsample"": 0.8}",False,0.5153627834257761,,False,19.34
rossmann|V2_customers_lagged|linear,linear,XGBoost,"{""colsample_bytree"": 0.8, ""learning_rate"": 0.2, ""max_bin"": 256, ""max_depth"": 9, ""n_estimators"": 900, ""subsample"": 0.8}",False,0.5190501148125093,,False,56.33
rossmann|V2_customers_lagged|linear,linear,LightGBM,"leaves=15,n=100",True,0.2585585545719512,,False,2.32
rossmann|V2_customers_lagged|linear,linear,LightGBM,"leaves=15,n=400",True,0.3262776967600682,,False,5.72
rossmann|V2_customers_lagged|linear,linear,LightGBM,"leaves=63,n=100",True,0.3367342651620021,,False,3.85
rossmann|V2_customers_lagged|linear,linear,LightGBM,"leaves=63,n=400",True,0.4377534816590062,0.5728878712620393,True,10.49
rossmann|V2_customers_lagged|linear,linear,RandomForest,"depth=6,leaf=5",True,0.1898983371538072,,False,7.56
rossmann|V2_customers_lagged|linear,linear,RandomForest,"depth=6,leaf=50",True,0.1896839030508014,,False,7.22
rossmann|V2_customers_lagged|linear,linear,RandomForest,"depth=None,leaf=5",True,0.3642155223482627,0.4855419483287801,True,18.65
rossmann|V2_customers_lagged|linear,linear,RandomForest,"depth=None,leaf=50",True,0.2806075596235439,,False,13.56
rossmann|V2_customers_lagged|linear,linear,kNN,k=10,True,0.2798880292855065,0.3471412736544451,True,31.26
rossmann|V2_customers_lagged|linear,linear,kNN,k=50,True,0.2554200374743921,,False,28.58
rossmann|V2_customers_lagged|linear,linear,kNN,k=200,True,0.2045311843634718,,False,38.15
rossmann|V2_customers_lagged|linear,linear,Ridge,alpha=0.1,True,-0.0121000313629648,,False,0.27
rossmann|V2_customers_lagged|linear,linear,Ridge,alpha=10,True,-0.0120996971869811,,False,0.22
rossmann|V2_customers_lagged|linear,linear,Ridge,alpha=1000,True,-0.0120676313787437,-0.0340799247636816,True,0.22
rossmann|V2_customers_lagged|linear,linear,MLP,"hidden=(32,)",True,0.2260125401560245,,False,17.49
rossmann|V2_customers_lagged|linear,linear,MLP,"hidden=(64, 32)",True,0.2716761990427339,0.3610763480038262,True,49.61
rossmann|V2_customers_lagged|structural,structural,XGBoost,"{""colsample_bytree"": 0.8, ""learning_rate"": 0.1, ""max_bin"": 256, ""max_depth"": 6, ""n_estimators"": 300, ""subsample"": 0.8}",False,-0.0024515930763349,,False,15.58
rossmann|V2_customers_lagged|structural,structural,XGBoost,"{""colsample_bytree"": 0.8, ""learning_rate"": 0.1, ""max_bin"": 256, ""max_depth"": 6, ""n_estimators"": 900, ""subsample"": 0.8}",False,0.0466053697038895,,False,41.91
rossmann|V2_customers_lagged|structural,structural,XGBoost,"{""colsample_bytree"": 0.8, ""learning_rate"": 0.1, ""max_bin"": 256, ""max_depth"": 9, ""n_estimators"": 300, ""subsample"": 0.8}",False,0.0428891875228092,,False,20.02
rossmann|V2_customers_lagged|structural,structural,XGBoost,"{""colsample_bytree"": 0.8, ""learning_rate"": 0.1, ""max_bin"": 256, ""max_depth"": 9, ""n_estimators"": 900, ""subsample"": 0.8}",False,0.0871931716478299,0.2416432968234382,True,58.25
rossmann|V2_customers_lagged|structural,structural,XGBoost,"{""colsample_bytree"": 0.8, ""learning_rate"": 0.2, ""max_bin"": 256, ""max_depth"": 6, ""n_estimators"": 300, ""subsample"": 0.8}",False,0.0276860455868207,,False,14.72
rossmann|V2_customers_lagged|structural,structural,XGBoost,"{""colsample_bytree"": 0.8, ""learning_rate"": 0.2, ""max_bin"": 256, ""max_depth"": 6, ""n_estimators"": 900, ""subsample"": 0.8}",False,0.0734717671787451,,False,43.69
rossmann|V2_customers_lagged|structural,structural,XGBoost,"{""colsample_bytree"": 0.8, ""learning_rate"": 0.2, ""max_bin"": 256, ""max_depth"": 9, ""n_estimators"": 300, ""subsample"": 0.8}",False,0.0651353113421027,,False,19.67
rossmann|V2_customers_lagged|structural,structural,XGBoost,"{""colsample_bytree"": 0.8, ""learning_rate"": 0.2, ""max_bin"": 256, ""max_depth"": 9, ""n_estimators"": 900, ""subsample"": 0.8}",False,0.0751288099515198,,False,56.49
rossmann|V2_customers_lagged|structural,structural,LightGBM,"leaves=15,n=100",True,-0.0450242814686976,,False,2.49
rossmann|V2_customers_lagged|structural,structural,LightGBM,"leaves=15,n=400",True,-0.0530670221521718,,False,5.22
rossmann|V2_customers_lagged|structural,structural,LightGBM,"leaves=63,n=100",True,-0.0485156817290817,,False,3.67
rossmann|V2_customers_lagged|structural,structural,LightGBM,"leaves=63,n=400",True,-0.0309163693057643,0.108566589316481,True,10.76
rossmann|V2_customers_lagged|structural,structural,RandomForest,"depth=6,leaf=5",True,-0.0375872609062852,,False,8.6
rossmann|V2_customers_lagged|structural,structural,RandomForest,"depth=6,leaf=50",True,-0.0400633254396485,,False,8.38
rossmann|V2_customers_lagged|structural,structural,RandomForest,"depth=None,leaf=5",True,-0.0259104523946664,0.0977604119432434,True,21.64
rossmann|V2_customers_lagged|structural,structural,RandomForest,"depth=None,leaf=50",True,-0.0376082204062864,,False,13.96
rossmann|V2_customers_lagged|structural,structural,kNN,k=10,True,-0.0740837095318796,,False,27.44
rossmann|V2_customers_lagged|structural,structural,kNN,k=50,True,-0.0483599613537735,-0.0394985369552414,True,29.7
rossmann|V2_customers_lagged|structural,structural,kNN,k=200,True,-0.0547478048675917,,False,35.36
rossmann|V2_customers_lagged|structural,structural,Ridge,alpha=0.1,True,-0.0623118768782786,,False,0.23
rossmann|V2_customers_lagged|structural,structural,Ridge,alpha=10,True,-0.06230871625556,,False,0.24
rossmann|V2_customers_lagged|structural,structural,Ridge,alpha=1000,True,-0.0620282166099583,-0.0868466976376511,True,0.21
rossmann|V2_customers_lagged|structural,structural,MLP,"hidden=(32,)",True,-0.0489500212797027,0.0159541606339816,True,22.41
rossmann|V2_customers_lagged|structural,structural,MLP,"hidden=(64, 32)",True,-0.0608248653221921,,False,25.17
rossmann|V2_customers_lagged|struct_linear,struct_linear,XGBoost,"{""colsample_bytree"": 0.8, ""learning_rate"": 0.1, ""max_bin"": 256, ""max_depth"": 6, ""n_estimators"": 300, ""subsample"": 0.8}",False,-0.0130948375640329,,False,14.63
rossmann|V2_customers_lagged|struct_linear,struct_linear,XGBoost,"{""colsample_bytree"": 0.8, ""learning_rate"": 0.1, ""max_bin"": 256, ""max_depth"": 6, ""n_estimators"": 900, ""subsample"": 0.8}",False,0.0378115576472417,,False,37.86
rossmann|V2_customers_lagged|struct_linear,struct_linear,XGBoost,"{""colsample_bytree"": 0.8, ""learning_rate"": 0.1, ""max_bin"": 256, ""max_depth"": 9, ""n_estimators"": 300, ""subsample"": 0.8}",False,0.0441658840701331,,False,17.77
rossmann|V2_customers_lagged|struct_linear,struct_linear,XGBoost,"{""colsample_bytree"": 0.8, ""learning_rate"": 0.1, ""max_bin"": 256, ""max_depth"": 9, ""n_estimators"": 900, ""subsample"": 0.8}",False,0.0840117736041381,0.2435942792912426,True,45.61
rossmann|V2_customers_lagged|struct_linear,struct_linear,XGBoost,"{""colsample_bytree"": 0.8, ""learning_rate"": 0.2, ""max_bin"": 256, ""max_depth"": 6, ""n_estimators"": 300, ""subsample"": 0.8}",False,0.0077422123137302,,False,11.09
rossmann|V2_customers_lagged|struct_linear,struct_linear,XGBoost,"{""colsample_bytree"": 0.8, ""learning_rate"": 0.2, ""max_bin"": 256, ""max_depth"": 6, ""n_estimators"": 900, ""subsample"": 0.8}",False,0.0576246860486957,,False,35.89
rossmann|V2_customers_lagged|struct_linear,struct_linear,XGBoost,"{""colsample_bytree"": 0.8, ""learning_rate"": 0.2, ""max_bin"": 256, ""max_depth"": 9, ""n_estimators"": 300, ""subsample"": 0.8}",False,0.0527621347360452,,False,16.71
rossmann|V2_customers_lagged|struct_linear,struct_linear,XGBoost,"{""colsample_bytree"": 0.8, ""learning_rate"": 0.2, ""max_bin"": 256, ""max_depth"": 9, ""n_estimators"": 900, ""subsample"": 0.8}",False,0.0578656461851785,,False,57.14
rossmann|V2_customers_lagged|struct_linear,struct_linear,LightGBM,"leaves=15,n=100",True,-0.0635436830420899,,False,1.99
rossmann|V2_customers_lagged|struct_linear,struct_linear,LightGBM,"leaves=15,n=400",True,-0.0714362373748511,,False,4.63
rossmann|V2_customers_lagged|struct_linear,struct_linear,LightGBM,"leaves=63,n=100",True,-0.0594392348616135,,False,3.02
rossmann|V2_customers_lagged|struct_linear,struct_linear,LightGBM,"leaves=63,n=400",True,-0.0429008505416519,0.105807845201802,True,7.54
rossmann|V2_customers_lagged|struct_linear,struct_linear,RandomForest,"depth=6,leaf=5",True,-0.0572923511139911,,False,6.04
rossmann|V2_customers_lagged|struct_linear,struct_linear,RandomForest,"depth=6,leaf=50",True,-0.0570733731193222,,False,5.73
rossmann|V2_customers_lagged|struct_linear,struct_linear,RandomForest,"depth=None,leaf=5",True,-0.0561326519254745,0.082304839308882,True,16.39
rossmann|V2_customers_lagged|struct_linear,struct_linear,RandomForest,"depth=None,leaf=50",True,-0.0623725725953157,,False,11.72
rossmann|V2_customers_lagged|struct_linear,struct_linear,kNN,k=10,True,-0.0856779458445953,,False,24.17
rossmann|V2_customers_lagged|struct_linear,struct_linear,kNN,k=50,True,-0.0569521682135552,-0.0375047547491185,True,25.08
rossmann|V2_customers_lagged|struct_linear,struct_linear,kNN,k=200,True,-0.0597164409434232,,False,29.17
rossmann|V2_customers_lagged|struct_linear,struct_linear,Ridge,alpha=0.1,True,-0.0734610421718797,,False,0.22
rossmann|V2_customers_lagged|struct_linear,struct_linear,Ridge,alpha=10,True,-0.0734607491334924,,False,0.21
rossmann|V2_customers_lagged|struct_linear,struct_linear,Ridge,alpha=1000,True,-0.0734332159665189,-0.0918647634087932,True,0.21
rossmann|V2_customers_lagged|struct_linear,struct_linear,MLP,"hidden=(32,)",True,-0.0885683377800061,0.0628679864565301,True,25.56
rossmann|V2_customers_lagged|struct_linear,struct_linear,MLP,"hidden=(64, 32)",True,-0.0887135639748533,,False,28.43
rossmann|V3_sales_lagged|linear,linear,XGBoost,"{""colsample_bytree"": 0.8, ""learning_rate"": 0.1, ""max_bin"": 256, ""max_depth"": 6, ""n_estimators"": 300, ""subsample"": 0.8}",False,0.3564973271472257,,False,15.23
rossmann|V3_sales_lagged|linear,linear,XGBoost,"{""colsample_bytree"": 0.8, ""learning_rate"": 0.1, ""max_bin"": 256, ""max_depth"": 6, ""n_estimators"": 900, ""subsample"": 0.8}",False,0.4025526025526676,,False,37.49
rossmann|V3_sales_lagged|linear,linear,XGBoost,"{""colsample_bytree"": 0.8, ""learning_rate"": 0.1, ""max_bin"": 256, ""max_depth"": 9, ""n_estimators"": 300, ""subsample"": 0.8}",False,0.4019378221219036,,False,16.51
rossmann|V3_sales_lagged|linear,linear,XGBoost,"{""colsample_bytree"": 0.8, ""learning_rate"": 0.1, ""max_bin"": 256, ""max_depth"": 9, ""n_estimators"": 900, ""subsample"": 0.8}",False,0.436096186154476,0.7014848288087887,True,46.85
rossmann|V3_sales_lagged|linear,linear,XGBoost,"{""colsample_bytree"": 0.8, ""learning_rate"": 0.2, ""max_bin"": 256, ""max_depth"": 6, ""n_estimators"": 300, ""subsample"": 0.8}",False,0.3759603830186357,,False,12.67
rossmann|V3_sales_lagged|linear,linear,XGBoost,"{""colsample_bytree"": 0.8, ""learning_rate"": 0.2, ""max_bin"": 256, ""max_depth"": 6, ""n_estimators"": 900, ""subsample"": 0.8}",False,0.4197975293779602,,False,41.79
rossmann|V3_sales_lagged|linear,linear,XGBoost,"{""colsample_bytree"": 0.8, ""learning_rate"": 0.2, ""max_bin"": 256, ""max_depth"": 9, ""n_estimators"": 300, ""subsample"": 0.8}",False,0.4148681529278303,,False,21.45
rossmann|V3_sales_lagged|linear,linear,XGBoost,"{""colsample_bytree"": 0.8, ""learning_rate"": 0.2, ""max_bin"": 256, ""max_depth"": 9, ""n_estimators"": 900, ""subsample"": 0.8}",False,0.426372220101475,,False,55.73
rossmann|V3_sales_lagged|linear,linear,LightGBM,"leaves=15,n=100",True,0.3136638196054453,,False,2.51
rossmann|V3_sales_lagged|linear,linear,LightGBM,"leaves=15,n=400",True,0.3304232184849726,,False,4.34
rossmann|V3_sales_lagged|linear,linear,LightGBM,"leaves=63,n=100",True,0.3412896061481567,,False,3.56
rossmann|V3_sales_lagged|linear,linear,LightGBM,"leaves=63,n=400",True,0.3684107556722612,0.5983474864630962,True,9.81
rossmann|V3_sales_lagged|linear,linear,RandomForest,"depth=6,leaf=5",True,0.2274281957641665,,False,6.58
rossmann|V3_sales_lagged|linear,linear,RandomForest,"depth=6,leaf=50",True,0.2239585824380995,,False,6.43
rossmann|V3_sales_lagged|linear,linear,RandomForest,"depth=None,leaf=5",True,0.3397120019703474,0.5670796889526795,True,16.31
rossmann|V3_sales_lagged|linear,linear,RandomForest,"depth=None,leaf=50",True,0.3161080974296113,,False,12.88
rossmann|V3_sales_lagged|linear,linear,kNN,k=10,True,0.3002772766506615,0.4371618060566293,True,25.77
rossmann|V3_sales_lagged|linear,linear,kNN,k=50,True,0.2936266198270522,,False,30.71
rossmann|V3_sales_lagged|linear,linear,kNN,k=200,True,0.254476081228547,,False,30.3
rossmann|V3_sales_lagged|linear,linear,Ridge,alpha=0.1,True,-0.0019156043971613,,False,0.22
rossmann|V3_sales_lagged|linear,linear,Ridge,alpha=10,True,-0.0019152775117619,,False,0.2
rossmann|V3_sales_lagged|linear,linear,Ridge,alpha=1000,True,-0.001883258498005,-0.0211226700336999,True,0.2
rossmann|V3_sales_lagged|linear,linear,MLP,"hidden=(32,)",True,0.2126298478439673,,False,15.61
rossmann|V3_sales_lagged|linear,linear,MLP,"hidden=(64, 32)",True,0.3015947557346634,0.5047810573119627,True,41.68
rossmann|V3_sales_lagged|structural,structural,XGBoost,"{""colsample_bytree"": 0.8, ""learning_rate"": 0.1, ""max_bin"": 256, ""max_depth"": 6, ""n_estimators"": 300, ""subsample"": 0.8}",False,0.0342651523559027,,False,13.77
rossmann|V3_sales_lagged|structural,structural,XGBoost,"{""colsample_bytree"": 0.8, ""learning_rate"": 0.1, ""max_bin"": 256, ""max_depth"": 6, ""n_estimators"": 900, ""subsample"": 0.8}",False,0.0856742214206659,,False,36.29
rossmann|V3_sales_lagged|structural,structural,XGBoost,"{""colsample_bytree"": 0.8, ""learning_rate"": 0.1, ""max_bin"": 256, ""max_depth"": 9, ""n_estimators"": 300, ""subsample"": 0.8}",False,0.0796199895395748,,False,19.21
rossmann|V3_sales_lagged|structural,structural,XGBoost,"{""colsample_bytree"": 0.8, ""learning_rate"": 0.1, ""max_bin"": 256, ""max_depth"": 9, ""n_estimators"": 900, ""subsample"": 0.8}",False,0.1165479218633469,0.3038480639122494,True,55.85
rossmann|V3_sales_lagged|structural,structural,XGBoost,"{""colsample_bytree"": 0.8, ""learning_rate"": 0.2, ""max_bin"": 256, ""max_depth"": 6, ""n_estimators"": 300, ""subsample"": 0.8}",False,0.0646609063136071,,False,13.71
rossmann|V3_sales_lagged|structural,structural,XGBoost,"{""colsample_bytree"": 0.8, ""learning_rate"": 0.2, ""max_bin"": 256, ""max_depth"": 6, ""n_estimators"": 900, ""subsample"": 0.8}",False,0.1111529283363546,,False,38.24
rossmann|V3_sales_lagged|structural,structural,XGBoost,"{""colsample_bytree"": 0.8, ""learning_rate"": 0.2, ""max_bin"": 256, ""max_depth"": 9, ""n_estimators"": 300, ""subsample"": 0.8}",False,0.1024437992791974,,False,16.67
rossmann|V3_sales_lagged|structural,structural,XGBoost,"{""colsample_bytree"": 0.8, ""learning_rate"": 0.2, ""max_bin"": 256, ""max_depth"": 9, ""n_estimators"": 900, ""subsample"": 0.8}",False,0.1027161851631726,,False,44.7
rossmann|V3_sales_lagged|structural,structural,LightGBM,"leaves=15,n=100",True,-0.0058902856570544,,False,1.84
rossmann|V3_sales_lagged|structural,structural,LightGBM,"leaves=15,n=400",True,-0.0169772699070409,,False,3.45
rossmann|V3_sales_lagged|structural,structural,LightGBM,"leaves=63,n=100",True,-0.0071374173497407,,False,2.45
rossmann|V3_sales_lagged|structural,structural,LightGBM,"leaves=63,n=400",True,0.0101400429382468,0.1516445518233312,True,7.82
rossmann|V3_sales_lagged|structural,structural,RandomForest,"depth=6,leaf=5",True,-0.0025348313751352,,False,6.72
rossmann|V3_sales_lagged|structural,structural,RandomForest,"depth=6,leaf=50",True,-0.0048037665589975,,False,7.08
rossmann|V3_sales_lagged|structural,structural,RandomForest,"depth=None,leaf=5",True,-0.0003910407283602,0.1201144146649292,True,21.68
rossmann|V3_sales_lagged|structural,structural,RandomForest,"depth=None,leaf=50",True,-0.0056094526021699,,False,12.94
rossmann|V3_sales_lagged|structural,structural,kNN,k=10,True,-0.0354706354797358,,False,33.34
rossmann|V3_sales_lagged|structural,structural,kNN,k=50,True,-0.0186241184382305,-0.0163866049805609,True,26.07
rossmann|V3_sales_lagged|structural,structural,kNN,k=200,True,-0.0318556219705472,,False,35.56
rossmann|V3_sales_lagged|structural,structural,Ridge,alpha=0.1,True,-0.0341827253631468,-0.0813012419486798,True,0.22
rossmann|V3_sales_lagged|structural,structural,Ridge,alpha=10,True,-0.0341834779175436,,False,0.21
rossmann|V3_sales_lagged|structural,structural,Ridge,alpha=1000,True,-0.0342691696194408,,False,0.23
rossmann|V3_sales_lagged|structural,structural,MLP,"hidden=(32,)",True,0.0116083098828562,0.0692771164747919,True,17.27
rossmann|V3_sales_lagged|structural,structural,MLP,"hidden=(64, 32)",True,-0.0070793062583534,,False,20.24
rossmann|V3_sales_lagged|struct_linear,struct_linear,XGBoost,"{""colsample_bytree"": 0.8, ""learning_rate"": 0.1, ""max_bin"": 256, ""max_depth"": 6, ""n_estimators"": 300, ""subsample"": 0.8}",False,0.005427370279862731,,False,13.5
rossmann|V3_sales_lagged|struct_linear,struct_linear,XGBoost,"{""colsample_bytree"": 0.8, ""learning_rate"": 0.1, ""max_bin"": 256, ""max_depth"": 6, ""n_estimators"": 900, ""subsample"": 0.8}",False,0.05615883236800778,,False,37.01
rossmann|V3_sales_lagged|struct_linear,struct_linear,XGBoost,"{""colsample_bytree"": 0.8, ""learning_rate"": 0.1, ""max_bin"": 256, ""max_depth"": 9, ""n_estimators"": 300, ""subsample"": 0.8}",False,0.0568593888756741,,False,17.24
rossmann|V3_sales_lagged|struct_linear,struct_linear,XGBoost,"{""colsample_bytree"": 0.8, ""learning_rate"": 0.1, ""max_bin"": 256, ""max_depth"": 9, ""n_estimators"": 900, ""subsample"": 0.8}",False,0.09715667343381551,0.2972376911765494,True,47.78
rossmann|V3_sales_lagged|struct_linear,struct_linear,XGBoost,"{""colsample_bytree"": 0.8, ""learning_rate"": 0.2, ""max_bin"": 256, ""max_depth"": 6, ""n_estimators"": 300, ""subsample"": 0.8}",False,0.03241504546684504,,False,11.8
rossmann|V3_sales_lagged|struct_linear,struct_linear,XGBoost,"{""colsample_bytree"": 0.8, ""learning_rate"": 0.2, ""max_bin"": 256, ""max_depth"": 6, ""n_estimators"": 900, ""subsample"": 0.8}",False,0.07682559791333621,,False,34.5
rossmann|V3_sales_lagged|struct_linear,struct_linear,XGBoost,"{""colsample_bytree"": 0.8, ""learning_rate"": 0.2, ""max_bin"": 256, ""max_depth"": 9, ""n_estimators"": 300, ""subsample"": 0.8}",False,0.07405634525672744,,False,16.08
rossmann|V3_sales_lagged|struct_linear,struct_linear,XGBoost,"{""colsample_bytree"": 0.8, ""learning_rate"": 0.2, ""max_bin"": 256, ""max_depth"": 9, ""n_estimators"": 900, ""subsample"": 0.8}",False,0.06930341384764649,,False,45.78
rossmann|V3_sales_lagged|struct_linear,struct_linear,LightGBM,"leaves=15,n=100",True,-0.05021522742504647,,False,1.57
rossmann|V3_sales_lagged|struct_linear,struct_linear,LightGBM,"leaves=15,n=400",True,-0.054752814089064294,,False,2.84
rossmann|V3_sales_lagged|struct_linear,struct_linear,LightGBM,"leaves=63,n=100",True,-0.03193312083814348,,False,3.4
rossmann|V3_sales_lagged|struct_linear,struct_linear,LightGBM,"leaves=63,n=400",True,-0.012467381706811054,0.1436209932496434,True,7.87
rossmann|V3_sales_lagged|struct_linear,struct_linear,RandomForest,"depth=6,leaf=5",True,-0.0434995672035039,,False,6.83
rossmann|V3_sales_lagged|struct_linear,struct_linear,RandomForest,"depth=6,leaf=50",True,-0.04191293622900072,,False,6.58
rossmann|V3_sales_lagged|struct_linear,struct_linear,RandomForest,"depth=None,leaf=5",True,-0.03907942824545119,0.10524702640724581,True,18.99
rossmann|V3_sales_lagged|struct_linear,struct_linear,RandomForest,"depth=None,leaf=50",True,-0.04612663738461431,,False,13.36
rossmann|V3_sales_lagged|struct_linear,struct_linear,kNN,k=10,True,-0.06443904575580661,,False,23.89
rossmann|V3_sales_lagged|struct_linear,struct_linear,kNN,k=50,True,-0.04245524640043108,-0.015228403457972384,True,24.55
rossmann|V3_sales_lagged|struct_linear,struct_linear,kNN,k=200,True,-0.049203552194136524,,False,29.56
rossmann|V3_sales_lagged|struct_linear,struct_linear,Ridge,alpha=0.1,True,-0.06515100652270434,-0.08909715609672464,True,0.24
rossmann|V3_sales_lagged|struct_linear,struct_linear,Ridge,alpha=10,True,-0.06515112983105831,,False,0.22
rossmann|V3_sales_lagged|struct_linear,struct_linear,Ridge,alpha=1000,True,-0.06516353655542972,,False,0.24
rossmann|V3_sales_lagged|struct_linear,struct_linear,MLP,"hidden=(32,)",True,-0.04823712897156818,0.05650577946585056,True,21.06
rossmann|V3_sales_lagged|struct_linear,struct_linear,MLP,"hidden=(64, 32)",True,-0.058917843552281024,,False,31.5
