model,category,feature_set,lag_rule,n_features,n_lags,n_train,n_val,n_test,train_start,train_end,val_start,val_end,test_start,test_end,params,n_grid,scaler,seed,val_MSE,val_RMSE,val_MAE,val_R2,val_nRMSE,val_SMAPE,val_RMSPE,test_MSE,test_RMSE,test_MAE,test_R2,test_nRMSE,test_SMAPE,test_RMSPE,runtime_s,granularity,n_folds,group,config,resid_test_r2,cross_fit_folds_protocol,stage1,gate_w,stage1_val_RMSE,gate_val_gain_pct,resid_val_r2,stage1_only_test_RMSE,cross_fit_folds,augment_stage1,segment_scheme,n_segments,gate_w_map,gate_w_min,gate_w_max,val_oof_RMSE
Naive,M01AB,A_lag1,pacf_train,1,1,1473,315,317,2014-01-03,2018-01-14,2018-01-15,2018-11-25,2018-11-26,2019-10-08,{},0,none,42,15.112755555555555,3.887512772397739,2.996063492063492,-1.0889083838028977,0.7876292158258805,64.5043814997324,1.5568921901843953,17.410850473186123,4.172631121149594,3.291482649842272,-1.0779070449005217,0.784236153182909,66.44657397551136,2.203789023711625,0.0,daily,5,seed42,daily|M01AB|A_lag1,,5,,,,,,,,,,,,,,
SeasonalNaive(s=7),M01AB,A_lag1,pacf_train,1,1,1473,315,317,2014-01-03,2018-01-14,2018-01-15,2018-11-25,2018-11-26,2019-10-08,{},0,none,42,13.7917673015873,3.713726874931341,2.996412698412698,-0.9063193497597276,0.7524193379021529,64.36533562242663,1.7661914785085977,16.361037223974765,4.044877899760976,3.161135646687697,-0.9526165342660348,0.7602252372908443,64.38007169290704,2.59657683376552,0.0,daily,5,seed42,daily|M01AB|A_lag1,,5,,,,,,,,,,,,,,
S1 [linear],M01AB,A_lag1,pacf_train,1,1,1473,315,317,2014-01-03,2018-01-14,2018-01-15,2018-11-25,2018-11-26,2019-10-08,{},0,none,42,7.3605331683239426,2.713030255696376,2.175527732894381,-0.0173842478990571,0.5496732790122904,47.36724549852949,1.3729886170064014,8.566003196532822,2.926773513022971,2.263650267843024,-0.0223141262472013,0.5500801615212979,46.915710730110106,1.864103666903613,0.458,daily,5,seed42,daily|M01AB|A_lag1,,5,linear,0.0,2.713030255696376,0.0,,2.926773513022971,,,,,,,,
AR-LRX [linear],M01AB,A_lag1,pacf_train,1,1,1473,315,317,2014-01-03,2018-01-14,2018-01-15,2018-11-25,2018-11-26,2019-10-08,"{""colsample_bytree"": 0.8, ""learning_rate"": 0.1, ""max_depth"": 5, ""n_estimators"": 100, ""subsample"": 0.8}",132,none,42,7.28190397242516,2.698500319144906,2.1711738112885786,-0.0065159991590537,0.5467294423737871,47.322973941126605,1.350044996953268,8.787350852231569,2.964346614725,2.322216056000765,-0.048730977845403,0.5571419371459382,47.969800876783154,1.8422656856732664,6.183,daily,5,seed42,daily|M01AB|A_lag1,-0.142464833837097,5,linear,0.4,2.713030255696376,0.5356,-0.009651914259662,2.926773513022971,5.0,,,,,,,
AR-LRX-g [linear],M01AB,A_lag1,pacf_train,1,1,1473,315,317,2014-01-03,2018-01-14,2018-01-15,2018-11-25,2018-11-26,2019-10-08,"{""colsample_bytree"": 0.8, ""learning_rate"": 0.1, ""max_depth"": 5, ""n_estimators"": 100, ""subsample"": 0.8}",132,none,42,7.28190397242516,2.698500319144906,2.1711738112885786,-0.0065159991590537,0.5467294423737871,47.322973941126605,1.350044996953268,8.787350842980763,2.9643466131646554,2.322216054147558,-0.0487309767413608,0.5571419368526751,47.96980084284148,1.842265686844193,5.681,daily,5,seed42,daily|M01AB|A_lag1,-0.142464833837097,5,linear,0.3999999999999999,2.713030255696376,0.5356,-0.009651914259662,2.926773513022971,5.0,False,global,1.0,"{""0"": 0.4}",0.4,0.4,2.706770491677012
AR-LRX-Aug [linear],M01AB,A_lag1,pacf_train,1,1,1473,315,317,2014-01-03,2018-01-14,2018-01-15,2018-11-25,2018-11-26,2019-10-08,"{""colsample_bytree"": 0.8, ""learning_rate"": 0.05, ""max_depth"": 3, ""n_estimators"": 100, ""subsample"": 0.8}",132,none,42,7.270359854194485,2.696360482983402,2.182741551461691,-0.0049203533307982,0.5462959010386053,47.509125612342174,1.37167028705755,8.477637783459441,2.9116383332171325,2.2748442361936325,-0.0117681098631363,0.5472355402633823,47.30426628240212,1.8723524637013425,5.342,daily,5,seed42,daily|M01AB|A_lag1,-0.0022894950530985,5,linear,0.7000000000000001,2.713030255696376,0.6144,0.0104909715535008,2.926773513022971,5.0,True,global,1.0,"{""0"": 0.7}",0.7,0.7,2.706165285955928
XGBoost,M01AB,A_lag1,pacf_train,1,1,1473,315,317,2014-01-03,2018-01-14,2018-01-15,2018-11-25,2018-11-26,2019-10-08,"{""colsample_bytree"": 0.8, ""learning_rate"": 0.05, ""max_depth"": 5, ""n_estimators"": 100, ""subsample"": 0.8}",12,none,42,7.306749701534913,2.70310001693147,2.173739280337379,-0.0099502141603,0.5476613637777218,47.43292570255277,1.3357027062905813,9.196900043833027,3.0326391219254933,2.3991443322058355,-0.0976088400596923,0.5699773523990783,49.38125516295228,1.8524969406197325,5.491,daily,5,seed42,daily|M01AB|A_lag1,,5,,,,,,,,,,,,,,
"LR-XGB (residual, tanpa gerbang)",M01AB,A_lag1,pacf_train,1,1,1473,315,317,2014-01-03,2018-01-14,2018-01-15,2018-11-25,2018-11-26,2019-10-08,"{""colsample_bytree"": 0.8, ""learning_rate"": 0.05, ""max_depth"": 5, ""n_estimators"": 100, ""subsample"": 0.8}",12,none,42,7.357102683724141,2.7123979582141224,2.178872327904994,-0.0169100810262661,0.5495451724312259,47.51682175411712,1.3351727176684045,9.263438409345456,3.043589724214723,2.412122974952439,-0.1055498960504592,0.5720354922070313,49.59204456859843,1.852406401639836,6.805,daily,5,seed42,daily|M01AB|A_lag1,,5,,,,,,,5.0,,,,,,,
Naive,M01AB,B_rich,pacf_train,1,1,1473,315,317,2014-01-03,2018-01-14,2018-01-15,2018-11-25,2018-11-26,2019-10-08,{},0,none,42,15.112755555555555,3.887512772397739,2.996063492063492,-1.0889083838028977,0.7876292158258805,64.5043814997324,1.5568921901843953,17.410850473186123,4.172631121149594,3.291482649842272,-1.0779070449005217,0.784236153182909,66.44657397551136,2.203789023711625,0.0,daily,5,seed42,daily|M01AB|B_rich,,5,,,,,,,,,,,,,,
SeasonalNaive(s=7),M01AB,B_rich,pacf_train,1,1,1473,315,317,2014-01-03,2018-01-14,2018-01-15,2018-11-25,2018-11-26,2019-10-08,{},0,none,42,13.7917673015873,3.713726874931341,2.996412698412698,-0.9063193497597276,0.7524193379021529,64.36533562242663,1.7661914785085977,16.361037223974765,4.044877899760976,3.161135646687697,-0.9526165342660348,0.7602252372908443,64.38007169290704,2.59657683376552,0.0,daily,5,seed42,daily|M01AB|B_rich,,5,,,,,,,,,,,,,,
S1 [linear],M01AB,B_rich,pacf_train,1,1,1473,315,317,2014-01-03,2018-01-14,2018-01-15,2018-11-25,2018-11-26,2019-10-08,{},0,none,42,7.3605331683239426,2.713030255696376,2.175527732894381,-0.0173842478990571,0.5496732790122904,47.36724549852949,1.3729886170064014,8.566003196532822,2.926773513022971,2.263650267843024,-0.0223141262472013,0.5500801615212979,46.915710730110106,1.864103666903613,0.009,daily,5,seed42,daily|M01AB|B_rich,,5,linear,0.0,2.713030255696376,0.0,,2.926773513022971,,,,,,,,
AR-LRX [linear],M01AB,B_rich,pacf_train,1,1,1473,315,317,2014-01-03,2018-01-14,2018-01-15,2018-11-25,2018-11-26,2019-10-08,"{""colsample_bytree"": 0.8, ""learning_rate"": 0.1, ""max_depth"": 5, ""n_estimators"": 100, ""subsample"": 0.8}",132,none,42,7.28190397242516,2.698500319144906,2.1711738112885786,-0.0065159991590537,0.5467294423737871,47.322973941126605,1.350044996953268,8.787350852231569,2.964346614725,2.322216056000765,-0.048730977845403,0.5571419371459382,47.969800876783154,1.8422656856732664,5.916,daily,5,seed42,daily|M01AB|B_rich,-0.142464833837097,5,linear,0.4,2.713030255696376,0.5356,-0.009651914259662,2.926773513022971,5.0,,,,,,,
AR-LRX-g [linear],M01AB,B_rich,pacf_train,1,1,1473,315,317,2014-01-03,2018-01-14,2018-01-15,2018-11-25,2018-11-26,2019-10-08,"{""colsample_bytree"": 0.8, ""learning_rate"": 0.1, ""max_depth"": 5, ""n_estimators"": 100, ""subsample"": 0.8}",132,none,42,7.28190397242516,2.698500319144906,2.1711738112885786,-0.0065159991590537,0.5467294423737871,47.322973941126605,1.350044996953268,8.787350842980763,2.9643466131646554,2.322216054147558,-0.0487309767413608,0.5571419368526751,47.96980084284148,1.842265686844193,6.462,daily,5,seed42,daily|M01AB|B_rich,-0.142464833837097,5,linear,0.3999999999999999,2.713030255696376,0.5356,-0.009651914259662,2.926773513022971,5.0,False,global,1.0,"{""0"": 0.4}",0.4,0.4,2.706770491677012
AR-LRX-Aug [linear],M01AB,B_rich,pacf_train,1,1,1473,315,317,2014-01-03,2018-01-14,2018-01-15,2018-11-25,2018-11-26,2019-10-08,"{""colsample_bytree"": 0.8, ""learning_rate"": 0.05, ""max_depth"": 3, ""n_estimators"": 100, ""subsample"": 0.8}",132,none,42,7.270359854194485,2.696360482983402,2.182741551461691,-0.0049203533307982,0.5462959010386053,47.509125612342174,1.37167028705755,8.477637783459441,2.9116383332171325,2.2748442361936325,-0.0117681098631363,0.5472355402633823,47.30426628240212,1.8723524637013425,6.146,daily,5,seed42,daily|M01AB|B_rich,-0.0022894950530985,5,linear,0.7000000000000001,2.713030255696376,0.6144,0.0104909715535008,2.926773513022971,5.0,True,global,1.0,"{""0"": 0.7}",0.7,0.7,2.706165285955928
XGBoost,M01AB,B_rich,pacf_train,1,1,1473,315,317,2014-01-03,2018-01-14,2018-01-15,2018-11-25,2018-11-26,2019-10-08,"{""colsample_bytree"": 0.8, ""learning_rate"": 0.05, ""max_depth"": 5, ""n_estimators"": 100, ""subsample"": 0.8}",12,none,42,7.306749701534913,2.70310001693147,2.173739280337379,-0.0099502141603,0.5476613637777218,47.43292570255277,1.3357027062905813,9.196900043833027,3.0326391219254933,2.3991443322058355,-0.0976088400596923,0.5699773523990783,49.38125516295228,1.8524969406197325,6.63,daily,5,seed42,daily|M01AB|B_rich,,5,,,,,,,,,,,,,,
"LR-XGB (residual, tanpa gerbang)",M01AB,B_rich,pacf_train,1,1,1473,315,317,2014-01-03,2018-01-14,2018-01-15,2018-11-25,2018-11-26,2019-10-08,"{""colsample_bytree"": 0.8, ""learning_rate"": 0.05, ""max_depth"": 5, ""n_estimators"": 100, ""subsample"": 0.8}",12,none,42,7.357102683724141,2.7123979582141224,2.178872327904994,-0.0169100810262661,0.5495451724312259,47.51682175411712,1.3351727176684045,9.263438409345456,3.043589724214723,2.412122974952439,-0.1055498960504592,0.5720354922070313,49.59204456859843,1.852406401639836,10.488,daily,5,seed42,daily|M01AB|B_rich,,5,,,,,,,5.0,,,,,,,
Naive,M01AE,A_lag1,pacf_train,1,21,1459,312,314,2014-01-23,2018-01-20,2018-01-21,2018-11-28,2018-11-29,2019-10-08,{},0,none,42,8.063918044871794,2.839703865700048,2.218602564102564,-1.0160140755539473,0.7349227624344821,60.37815381835404,19.092561696684115,8.127574394904459,2.850890105722151,2.2165859872611464,-0.4660092267111404,0.7429677004131198,66.51148449675807,2.7600257404290813,0.0,daily,5,seed42,daily|M01AE|A_lag1,,5,,,,,,,,,,,,,,
SeasonalNaive(s=7),M01AE,A_lag1,pacf_train,1,21,1459,312,314,2014-01-23,2018-01-20,2018-01-21,2018-11-28,2018-11-29,2019-10-08,{},0,none,42,7.688206141025641,2.7727614648623566,2.131211538461538,-0.9220844891801484,0.7175978946051728,58.50321369891426,11.658897336905705,8.206476410828024,2.864694819841727,2.21325796178344,-0.4802411583711663,0.7465653335466087,66.23754139148446,6.085345931316496,0.0,daily,5,seed42,daily|M01AE|A_lag1,,5,,,,,,,,,,,,,,
S1 [linear],M01AE,A_lag1,pacf_train,1,21,1459,312,314,2014-01-23,2018-01-20,2018-01-21,2018-11-28,2018-11-29,2019-10-08,{},0,none,42,4.030009093885328,2.007488254980668,1.604507226399023,-0.0075195472813609,0.519543193121465,44.18282874781168,8.974778377032807,5.39158856688948,2.3219794501436657,1.7570176272245002,0.0274935421513066,0.6051288083736097,50.103371144787765,3.901992843556399,0.008,daily,5,seed42,daily|M01AE|A_lag1,,5,linear,0.0,2.007488254980668,0.0,,2.3219794501436657,,,,,,,,
AR-LRX [linear],M01AE,A_lag1,pacf_train,1,21,1459,312,314,2014-01-23,2018-01-20,2018-01-21,2018-11-28,2018-11-29,2019-10-08,"{""colsample_bytree"": 0.8, ""learning_rate"": 0.05, ""max_depth"": 3, ""n_estimators"": 100, ""subsample"": 0.8}",132,none,42,4.030009093885328,2.007488254980668,1.604507226399023,-0.0075195472813609,0.519543193121465,44.18282874781168,8.974778377032807,5.39158856688948,2.3219794501436657,1.7570176272245002,0.0274935421513066,0.6051288083736097,50.103371144787765,3.901992843556399,16.74,daily,5,seed42,daily|M01AE|A_lag1,0.0157892826570177,5,linear,0.0,2.007488254980668,0.0,-0.0326229141789218,2.3219794501436657,5.0,,,,,,,
AR-LRX-g [linear],M01AE,A_lag1,pacf_train,1,21,1459,312,314,2014-01-23,2018-01-20,2018-01-21,2018-11-28,2018-11-29,2019-10-08,"{""colsample_bytree"": 0.8, ""learning_rate"": 0.05, ""max_depth"": 3, ""n_estimators"": 100, ""subsample"": 0.8}",132,none,42,4.030009093885328,2.007488254980668,1.604507226399023,-0.0075195472813609,0.519543193121465,44.18282874781168,8.974778377032807,5.39158856688948,2.3219794501436657,1.7570176272245002,0.0274935421513066,0.6051288083736097,50.103371144787765,3.901992843556399,10.874,daily,5,seed42,daily|M01AE|A_lag1,0.0157892826570177,5,linear,0.0,2.007488254980668,0.0,-0.0326229141789218,2.3219794501436657,5.0,False,global,1.0,"{""0"": 0.0}",0.0,0.0,2.007488254980668
AR-LRX-Aug [linear],M01AE,A_lag1,pacf_train,1,21,1459,312,314,2014-01-23,2018-01-20,2018-01-21,2018-11-28,2018-11-29,2019-10-08,"{""colsample_bytree"": 0.8, ""learning_rate"": 0.05, ""max_depth"": 3, ""n_estimators"": 100, ""subsample"": 0.8}",132,none,42,4.020366037967231,2.0050850450709645,1.6070817241559627,-0.0051087419688493,0.5189212361326105,44.25634438132903,9.048097281358087,5.393526119288768,2.322396632638096,1.7638211966629147,0.0271440566152071,0.605237529898132,50.24463940095942,4.000155731996157,6.835,daily,5,seed42,daily|M01AE|A_lag1,-0.0133149450410274,5,linear,0.3,2.007488254980668,0.1197,-0.0069470311500523,2.3219794501436657,5.0,True,global,1.0,"{""0"": 0.3}",0.3,0.3,2.007699818990769
XGBoost,M01AE,A_lag1,pacf_train,1,21,1459,312,314,2014-01-23,2018-01-20,2018-01-21,2018-11-28,2018-11-29,2019-10-08,"{""colsample_bytree"": 0.8, ""learning_rate"": 0.05, ""max_depth"": 3, ""n_estimators"": 100, ""subsample"": 0.8}",12,none,42,4.146593883941135,2.036318708832469,1.6288393891835824,-0.0366662445121792,0.5270045897279672,44.69920984650791,9.582399653500117,5.3194486649593244,2.3063929988099003,1.7637240654222528,0.0405057591677328,0.6010668384359381,50.411534961428096,3.5090514062897897,7.285,daily,5,seed42,daily|M01AE|A_lag1,,5,,,,,,,,,,,,,,
"LR-XGB (residual, tanpa gerbang)",M01AE,A_lag1,pacf_train,1,21,1459,312,314,2014-01-23,2018-01-20,2018-01-21,2018-11-28,2018-11-29,2019-10-08,"{""colsample_bytree"": 0.8, ""learning_rate"": 0.05, ""max_depth"": 3, ""n_estimators"": 100, ""subsample"": 0.8}",12,none,42,4.157718281754721,2.039048376511632,1.6313511993076015,-0.0394473916480324,0.5277110348385048,44.73340172659191,9.73882632001692,5.300605637270277,2.302304418896484,1.7608041776470744,0.043904565639272,0.6000013175973309,50.3602567985356,3.5765234797874634,6.54,daily,5,seed42,daily|M01AE|A_lag1,,5,,,,,,,5.0,,,,,,,
Naive,M01AE,B_rich,pacf_train,22,21,1459,312,314,2014-01-23,2018-01-20,2018-01-21,2018-11-28,2018-11-29,2019-10-08,{},0,none,42,8.063918044871794,2.839703865700048,2.218602564102564,-1.0160140755539473,0.7349227624344821,60.37815381835404,19.092561696684115,8.127574394904459,2.850890105722151,2.2165859872611464,-0.4660092267111404,0.7429677004131198,66.51148449675807,2.7600257404290813,0.0,daily,5,seed42,daily|M01AE|B_rich,,5,,,,,,,,,,,,,,
SeasonalNaive(s=7),M01AE,B_rich,pacf_train,22,21,1459,312,314,2014-01-23,2018-01-20,2018-01-21,2018-11-28,2018-11-29,2019-10-08,{},0,none,42,7.688206141025641,2.7727614648623566,2.131211538461538,-0.9220844891801484,0.7175978946051728,58.50321369891426,11.658897336905705,8.206476410828024,2.864694819841727,2.21325796178344,-0.4802411583711663,0.7465653335466087,66.23754139148446,6.085345931316496,0.0,daily,5,seed42,daily|M01AE|B_rich,,5,,,,,,,,,,,,,,
S1 [linear],M01AE,B_rich,pacf_train,22,21,1459,312,314,2014-01-23,2018-01-20,2018-01-21,2018-11-28,2018-11-29,2019-10-08,{},0,none,42,4.001935488421122,2.000483813586384,1.5815566832610757,-0.0005010255835395,0.5177304254308,43.62955907641378,8.745514089424283,4.850956322761249,2.2024886657509155,1.678172644923681,0.1250099498321069,0.573988431155052,48.66748692964677,3.912127464558648,0.024,daily,5,seed42,daily|M01AE|B_rich,,5,linear,0.0,2.000483813586384,0.0,,2.2024886657509155,,,,,,,,
AR-LRX [linear],M01AE,B_rich,pacf_train,22,21,1459,312,314,2014-01-23,2018-01-20,2018-01-21,2018-11-28,2018-11-29,2019-10-08,"{""colsample_bytree"": 0.8, ""learning_rate"": 0.05, ""max_depth"": 3, ""n_estimators"": 100, ""subsample"": 0.8}",132,none,42,4.001006958935665,2.0002517238926867,1.5812407657903254,-0.0002688892322235,0.5176703600131045,43.62477731159512,8.758604613081117,4.831850059137226,2.198146960313897,1.6782474899214417,0.1284562374204867,0.5728569435196857,48.695391397736735,3.9054671248267696,10.528,daily,5,seed42,daily|M01AE|B_rich,0.0184096021846558,5,linear,0.1,2.000483813586384,0.0116,-0.0144510800297208,2.2024886657509155,5.0,,,,,,,
AR-LRX-g [linear],M01AE,B_rich,pacf_train,22,21,1459,312,314,2014-01-23,2018-01-20,2018-01-21,2018-11-28,2018-11-29,2019-10-08,"{""colsample_bytree"": 0.8, ""learning_rate"": 0.1, ""max_depth"": 3, ""n_estimators"": 100, ""subsample"": 0.8}",132,none,42,4.001935488421122,2.000483813586384,1.5815566832610757,-0.0005010255835395,0.5177304254308,43.62955907641378,8.745514089424283,4.850956322761249,2.2024886657509155,1.678172644923681,0.1250099498321069,0.573988431155052,48.66748692964677,3.912127464558648,10.572,daily,5,seed42,daily|M01AE|B_rich,-0.0316435981339058,5,linear,0.0,2.000483813586384,0.0,-0.0392874744415161,2.2024886657509155,5.0,False,global,1.0,"{""0"": 0.0}",0.0,0.0,2.003233494454593
AR-LRX-Aug [linear],M01AE,B_rich,pacf_train,22,21,1459,312,314,2014-01-23,2018-01-20,2018-01-21,2018-11-28,2018-11-29,2019-10-08,"{""colsample_bytree"": 0.8, ""learning_rate"": 0.05, ""max_depth"": 3, ""n_estimators"": 100, ""subsample"": 0.8}",132,none,42,3.986697631503222,1.9966716383780336,1.5809328644695897,0.0033085039598936,0.5167438245500372,43.65385868713064,8.742280765484871,4.828932778973694,2.1974832829793485,1.6829003624944738,0.1289824411103994,0.5726839832143845,48.83030362388321,3.911267077532127,8.91,daily,5,seed42,daily|M01AE|B_rich,-0.0047921347680697,5,linear,0.3999999999999999,2.000483813586384,0.1906,-0.0088508809756595,2.2024886657509155,5.0,True,global,1.0,"{""0"": 0.4}",0.4,0.4,2.003274490181957
XGBoost,M01AE,B_rich,pacf_train,22,21,1459,312,314,2014-01-23,2018-01-20,2018-01-21,2018-11-28,2018-11-29,2019-10-08,"{""colsample_bytree"": 0.8, ""learning_rate"": 0.05, ""max_depth"": 3, ""n_estimators"": 100, ""subsample"": 0.8}",12,none,42,4.010450250705011,2.002610858530686,1.5898411670036805,-0.0026297526512994,0.518280910206755,43.88304419006916,9.239336590892153,5.001747363845778,2.236458665803099,1.7271177625595389,0.097811052991016,0.5828413198620376,49.83094658199001,3.890056635293408,8.972,daily,5,seed42,daily|M01AE|B_rich,,5,,,,,,,,,,,,,,
"LR-XGB (residual, tanpa gerbang)",M01AE,B_rich,pacf_train,22,21,1459,312,314,2014-01-23,2018-01-20,2018-01-21,2018-11-28,2018-11-29,2019-10-08,"{""colsample_bytree"": 0.8, ""learning_rate"": 0.05, ""max_depth"": 3, ""n_estimators"": 100, ""subsample"": 0.8}",12,none,42,4.059169020173665,2.014737953227085,1.5890344368143026,-0.0148096538415076,0.5214194339247503,43.8128125073618,8.898100968362245,4.7595754619203126,2.181645127402785,1.6876985784847334,0.1414927500660374,0.5685564168785633,49.13630372193194,3.847902698083476,10.084,daily,5,seed42,daily|M01AE|B_rich,,5,,,,,,,5.0,,,,,,,
Naive,N02BA,A_lag1,pacf_train,1,1,1473,315,317,2014-01-03,2018-01-14,2018-01-15,2018-11-25,2018-11-26,2019-10-08,{},0,none,42,8.334103174603174,2.886884683288055,2.2893650793650795,-0.9287620753697006,0.9162404788269394,82.69963604275131,2.342371831447952,7.760276025236593,2.7857271986389107,2.134542586750789,-1.0094483557731615,0.9089347145988728,77.96042411378919,4.514916652855951,0.0,daily,5,seed42,daily|N02BA|A_lag1,,5,,,,,,,,,,,,,,
SeasonalNaive(s=7),N02BA,A_lag1,pacf_train,1,1,1473,315,317,2014-01-03,2018-01-14,2018-01-15,2018-11-25,2018-11-26,2019-10-08,{},0,none,42,7.847873015873016,2.801405542914666,2.178730158730158,-0.8162337960321493,0.8891110791114557,79.36972426456744,2.511528605299084,7.255528391167193,2.693608804404825,2.1228706624605675,-0.8787488419848966,0.8788780721489677,78.63586500450135,5.112774483243222,0.0,daily,5,seed42,daily|N02BA|A_lag1,,5,,,,,,,,,,,,,,
S1 [linear],N02BA,A_lag1,pacf_train,1,1,1473,315,317,2014-01-03,2018-01-14,2018-01-15,2018-11-25,2018-11-26,2019-10-08,{},0,none,42,5.2531433805716725,2.2919736867101403,1.905808851129704,-0.2157353366828771,0.7274274169407499,62.32415222541202,3.320251974157873,4.645671054039993,2.155381881254455,1.7629831366345512,-0.2029515484559096,0.7032639147317814,59.40873592073984,4.295684500120711,0.014,daily,5,seed42,daily|N02BA|A_lag1,,5,linear,0.0,2.2919736867101403,0.0,,2.155381881254455,,,,,,,,
AR-LRX [linear],N02BA,A_lag1,pacf_train,1,1,1473,315,317,2014-01-03,2018-01-14,2018-01-15,2018-11-25,2018-11-26,2019-10-08,"{""colsample_bytree"": 0.8, ""learning_rate"": 0.1, ""max_depth"": 3, ""n_estimators"": 500, ""subsample"": 0.8}",132,none,42,5.230464309152608,2.2870208370613083,1.897433677620708,-0.2104867176123823,0.7258554797726067,62.23584709695516,3.2195266456389526,4.624400028412417,2.15044182167582,1.752006446650938,-0.1974436222772608,0.7016520585366012,59.11961957657804,4.260234444535585,13.067,daily,5,seed42,daily|N02BA|A_lag1,-0.2325094127032789,5,linear,0.2,2.2919736867101403,0.2161,-0.3210587323892546,2.155381881254455,5.0,,,,,,,
AR-LRX-g [linear],N02BA,A_lag1,pacf_train,1,1,1473,315,317,2014-01-03,2018-01-14,2018-01-15,2018-11-25,2018-11-26,2019-10-08,"{""colsample_bytree"": 0.8, ""learning_rate"": 0.1, ""max_depth"": 5, ""n_estimators"": 300, ""subsample"": 0.8}",132,none,42,5.235688155625422,2.2881626156428267,1.9005145504024017,-0.211695672763672,0.7262178578614513,62.25977063200355,3.2681861786222406,4.629337061237442,2.151589426734906,1.7552422087751087,-0.1987220191358758,0.702026502264387,59.21935713157299,4.269072011972654,8.179,daily,5,seed42,daily|N02BA|A_lag1,-0.2482201867430615,5,linear,0.0999999999999999,2.2919736867101403,0.1663,-0.362975885996049,2.155381881254455,5.0,False,global,1.0,"{""0"": 0.1}",0.1,0.1,2.2983089780002515
AR-LRX-Aug [linear],N02BA,A_lag1,pacf_train,1,1,1473,315,317,2014-01-03,2018-01-14,2018-01-15,2018-11-25,2018-11-26,2019-10-08,"{""colsample_bytree"": 0.8, ""learning_rate"": 0.05, ""max_depth"": 3, ""n_estimators"": 100, ""subsample"": 0.8}",132,none,42,5.2531433805716725,2.2919736867101403,1.905808851129704,-0.2157353366828771,0.7274274169407499,62.32415222541202,3.320251974157873,4.645671054039993,2.155381881254455,1.7629831366345512,-0.2029515484559096,0.7032639147317814,59.40873592073984,4.295684500120711,8.323,daily,5,seed42,daily|N02BA|A_lag1,-0.3039779820240817,5,linear,0.0,2.2919736867101403,0.0,-0.2693269253890327,2.155381881254455,5.0,True,global,1.0,"{""0"": 0.0}",0.0,0.0,2.2919736867101403
XGBoost,N02BA,A_lag1,pacf_train,1,1,1473,315,317,2014-01-03,2018-01-14,2018-01-15,2018-11-25,2018-11-26,2019-10-08,"{""colsample_bytree"": 0.8, ""learning_rate"": 0.05, ""max_depth"": 3, ""n_estimators"": 100, ""subsample"": 0.8}",12,none,42,5.331220175999178,2.308943519447624,1.9189018702128573,-0.2338046548604915,0.732813308439296,62.54711440172541,3.317541156670962,4.67996274712004,2.163322155186333,1.7687966103057378,-0.2118310504288152,0.7058546890989322,59.417350130956606,4.196046041834413,7.0,daily,5,seed42,daily|N02BA|A_lag1,,5,,,,,,,,,,,,,,
"LR-XGB (residual, tanpa gerbang)",N02BA,A_lag1,pacf_train,1,1,1473,315,317,2014-01-03,2018-01-14,2018-01-15,2018-11-25,2018-11-26,2019-10-08,"{""colsample_bytree"": 0.8, ""learning_rate"": 0.05, ""max_depth"": 3, ""n_estimators"": 100, ""subsample"": 0.8}",12,none,42,5.291299172309176,2.300282411424557,1.910696164630286,-0.2245657342094238,0.7300644429206403,62.45950919532785,3.2493799840221524,4.643632404861224,2.154908908715453,1.758859426776177,-0.2024236599855828,0.7031095919538867,59.25933036986437,4.172618641620661,6.155,daily,5,seed42,daily|N02BA|A_lag1,,5,,,,,,,5.0,,,,,,,
Naive,N02BA,B_rich,pacf_train,1,1,1473,315,317,2014-01-03,2018-01-14,2018-01-15,2018-11-25,2018-11-26,2019-10-08,{},0,none,42,8.334103174603174,2.886884683288055,2.2893650793650795,-0.9287620753697006,0.9162404788269394,82.69963604275131,2.342371831447952,7.760276025236593,2.7857271986389107,2.134542586750789,-1.0094483557731615,0.9089347145988728,77.96042411378919,4.514916652855951,0.0,daily,5,seed42,daily|N02BA|B_rich,,5,,,,,,,,,,,,,,
SeasonalNaive(s=7),N02BA,B_rich,pacf_train,1,1,1473,315,317,2014-01-03,2018-01-14,2018-01-15,2018-11-25,2018-11-26,2019-10-08,{},0,none,42,7.847873015873016,2.801405542914666,2.178730158730158,-0.8162337960321493,0.8891110791114557,79.36972426456744,2.511528605299084,7.255528391167193,2.693608804404825,2.1228706624605675,-0.8787488419848966,0.8788780721489677,78.63586500450135,5.112774483243222,0.0,daily,5,seed42,daily|N02BA|B_rich,,5,,,,,,,,,,,,,,
S1 [linear],N02BA,B_rich,pacf_train,1,1,1473,315,317,2014-01-03,2018-01-14,2018-01-15,2018-11-25,2018-11-26,2019-10-08,{},0,none,42,5.2531433805716725,2.2919736867101403,1.905808851129704,-0.2157353366828771,0.7274274169407499,62.32415222541202,3.320251974157873,4.645671054039993,2.155381881254455,1.7629831366345512,-0.2029515484559096,0.7032639147317814,59.40873592073984,4.295684500120711,0.008,daily,5,seed42,daily|N02BA|B_rich,,5,linear,0.0,2.2919736867101403,0.0,,2.155381881254455,,,,,,,,
AR-LRX [linear],N02BA,B_rich,pacf_train,1,1,1473,315,317,2014-01-03,2018-01-14,2018-01-15,2018-11-25,2018-11-26,2019-10-08,"{""colsample_bytree"": 0.8, ""learning_rate"": 0.1, ""max_depth"": 3, ""n_estimators"": 500, ""subsample"": 0.8}",132,none,42,5.230464309152608,2.2870208370613083,1.897433677620708,-0.2104867176123823,0.7258554797726067,62.23584709695516,3.2195266456389526,4.624400028412417,2.15044182167582,1.752006446650938,-0.1974436222772608,0.7016520585366012,59.11961957657804,4.260234444535585,7.902,daily,5,seed42,daily|N02BA|B_rich,-0.2325094127032789,5,linear,0.2,2.2919736867101403,0.2161,-0.3210587323892546,2.155381881254455,5.0,,,,,,,
AR-LRX-g [linear],N02BA,B_rich,pacf_train,1,1,1473,315,317,2014-01-03,2018-01-14,2018-01-15,2018-11-25,2018-11-26,2019-10-08,"{""colsample_bytree"": 0.8, ""learning_rate"": 0.1, ""max_depth"": 5, ""n_estimators"": 300, ""subsample"": 0.8}",132,none,42,5.235688155625422,2.2881626156428267,1.9005145504024017,-0.211695672763672,0.7262178578614513,62.25977063200355,3.2681861786222406,4.629337061237442,2.151589426734906,1.7552422087751087,-0.1987220191358758,0.702026502264387,59.21935713157299,4.269072011972654,9.727,daily,5,seed42,daily|N02BA|B_rich,-0.2482201867430615,5,linear,0.0999999999999999,2.2919736867101403,0.1663,-0.362975885996049,2.155381881254455,5.0,False,global,1.0,"{""0"": 0.1}",0.1,0.1,2.2983089780002515
AR-LRX-Aug [linear],N02BA,B_rich,pacf_train,1,1,1473,315,317,2014-01-03,2018-01-14,2018-01-15,2018-11-25,2018-11-26,2019-10-08,"{""colsample_bytree"": 0.8, ""learning_rate"": 0.05, ""max_depth"": 3, ""n_estimators"": 100, ""subsample"": 0.8}",132,none,42,5.2531433805716725,2.2919736867101403,1.905808851129704,-0.2157353366828771,0.7274274169407499,62.32415222541202,3.320251974157873,4.645671054039993,2.155381881254455,1.7629831366345512,-0.2029515484559096,0.7032639147317814,59.40873592073984,4.295684500120711,15.356,daily,5,seed42,daily|N02BA|B_rich,-0.3039779820240817,5,linear,0.0,2.2919736867101403,0.0,-0.2693269253890327,2.155381881254455,5.0,True,global,1.0,"{""0"": 0.0}",0.0,0.0,2.2919736867101403
XGBoost,N02BA,B_rich,pacf_train,1,1,1473,315,317,2014-01-03,2018-01-14,2018-01-15,2018-11-25,2018-11-26,2019-10-08,"{""colsample_bytree"": 0.8, ""learning_rate"": 0.05, ""max_depth"": 3, ""n_estimators"": 100, ""subsample"": 0.8}",12,none,42,5.331220175999178,2.308943519447624,1.9189018702128573,-0.2338046548604915,0.732813308439296,62.54711440172541,3.317541156670962,4.67996274712004,2.163322155186333,1.7687966103057378,-0.2118310504288152,0.7058546890989322,59.417350130956606,4.196046041834413,11.875,daily,5,seed42,daily|N02BA|B_rich,,5,,,,,,,,,,,,,,
"LR-XGB (residual, tanpa gerbang)",N02BA,B_rich,pacf_train,1,1,1473,315,317,2014-01-03,2018-01-14,2018-01-15,2018-11-25,2018-11-26,2019-10-08,"{""colsample_bytree"": 0.8, ""learning_rate"": 0.05, ""max_depth"": 3, ""n_estimators"": 100, ""subsample"": 0.8}",12,none,42,5.291299172309176,2.300282411424557,1.910696164630286,-0.2245657342094238,0.7300644429206403,62.45950919532785,3.2493799840221524,4.643632404861224,2.154908908715453,1.758859426776177,-0.2024236599855828,0.7031095919538867,59.25933036986437,4.172618641620661,7.193,daily,5,seed42,daily|N02BA|B_rich,,5,,,,,,,5.0,,,,,,,
Naive,N02BE,A_lag1,pacf_train,1,1,1473,315,317,2014-01-03,2018-01-14,2018-01-15,2018-11-25,2018-11-26,2019-10-08,{},0,none,42,217.44338421587304,14.745961623979396,11.26143492063492,-0.1773857646180414,0.4949864836135261,39.65327459694022,0.6401810403773499,267.6145699621451,16.358929364788672,12.260832807570978,0.0353746408762239,0.5550064058152501,45.59922383129986,0.6090563105445783,0.0,daily,5,seed42,daily|N02BE|A_lag1,,5,,,,,,,,,,,,,,
SeasonalNaive(s=7),N02BE,A_lag1,pacf_train,1,1,1473,315,317,2014-01-03,2018-01-14,2018-01-15,2018-11-25,2018-11-26,2019-10-08,{},0,none,42,230.10919060634924,15.169350368633102,11.791273015873015,-0.2459670194367673,0.5091986259791271,41.05185459429482,0.6799729413046828,266.48052583596217,16.32423124793208,11.935097791798109,0.0394623395491182,0.5538292091481757,44.49239311465449,0.6478070977049389,0.0,daily,5,seed42,daily|N02BE|A_lag1,,5,,,,,,,,,,,,,,
S1 [linear],N02BE,A_lag1,pacf_train,1,1,1473,315,317,2014-01-03,2018-01-14,2018-01-15,2018-11-25,2018-11-26,2019-10-08,{},0,none,42,153.57083492845794,12.392370028709518,9.86939933741544,0.1684634804719228,0.4159820716048506,34.57583006066338,0.6084517399038339,205.6223851477789,14.339539223691215,11.141617867165255,0.2588274728647224,0.4864949256836939,40.123373437841536,0.62185815126519,0.008,daily,5,seed42,daily|N02BE|A_lag1,,5,linear,0.0,12.392370028709518,0.0,,14.339539223691215,,,,,,,,
AR-LRX [linear],N02BE,A_lag1,pacf_train,1,1,1473,315,317,2014-01-03,2018-01-14,2018-01-15,2018-11-25,2018-11-26,2019-10-08,"{""colsample_bytree"": 0.8, ""learning_rate"": 0.05, ""max_depth"": 3, ""n_estimators"": 100, ""subsample"": 0.8}",132,none,42,153.57083492845794,12.392370028709518,9.86939933741544,0.1684634804719228,0.4159820716048506,34.57583006066338,0.6084517399038339,205.6223851477789,14.339539223691215,11.141617867165255,0.2588274728647224,0.4864949256836939,40.123373437841536,0.62185815126519,6.83,daily,5,seed42,daily|N02BE|A_lag1,0.01549479352617,5,linear,0.0,12.392370028709518,0.0,-0.0358840175845072,14.339539223691215,5.0,,,,,,,
AR-LRX-g [linear],N02BE,A_lag1,pacf_train,1,1,1473,315,317,2014-01-03,2018-01-14,2018-01-15,2018-11-25,2018-11-26,2019-10-08,"{""colsample_bytree"": 0.8, ""learning_rate"": 0.05, ""max_depth"": 5, ""n_estimators"": 300, ""subsample"": 0.8}",132,none,42,153.57083492845794,12.392370028709518,9.86939933741544,0.1684634804719228,0.4159820716048506,34.57583006066338,0.6084517399038339,205.6223851477789,14.339539223691215,11.141617867165255,0.2588274728647224,0.4864949256836939,40.123373437841536,0.62185815126519,7.151,daily,5,seed42,daily|N02BE|A_lag1,-0.0564206232542503,5,linear,0.0,12.392370028709518,0.0,-0.1003431976378654,14.339539223691215,5.0,False,global,1.0,"{""0"": 0.0}",0.0,0.0,12.397536255518135
AR-LRX-Aug [linear],N02BE,A_lag1,pacf_train,1,1,1473,315,317,2014-01-03,2018-01-14,2018-01-15,2018-11-25,2018-11-26,2019-10-08,"{""colsample_bytree"": 0.8, ""learning_rate"": 0.1, ""max_depth"": 5, ""n_estimators"": 500, ""subsample"": 0.8}",132,none,42,152.98155173700857,12.368571127539695,9.83292444306996,0.1716542588138031,0.4151831997032202,34.4160015250496,0.6025201067232765,206.24563295045257,14.361254574390518,11.141811597086908,0.2565809560343337,0.4872316584168628,40.05327256609333,0.6215266207366177,8.454,daily,5,seed42,daily|N02BE|A_lag1,-0.1999735287633499,5,linear,0.0999999999999999,12.392370028709518,0.192,-0.282741842008676,14.339539223691215,5.0,True,global,1.0,"{""0"": 0.1}",0.1,0.1,12.368571127539694
XGBoost,N02BE,A_lag1,pacf_train,1,1,1473,315,317,2014-01-03,2018-01-14,2018-01-15,2018-11-25,2018-11-26,2019-10-08,"{""colsample_bytree"": 0.8, ""learning_rate"": 0.05, ""max_depth"": 3, ""n_estimators"": 100, ""subsample"": 0.8}",12,none,42,156.3816289320099,12.505264048871975,9.946712917654857,0.1532439378816074,0.4197716524735772,34.66386722907912,0.5987058025031782,203.4899291194104,14.26498962913785,10.946068590952397,0.2665139794793347,0.483965695218459,39.07560741324525,0.6022380834744682,6.987,daily,5,seed42,daily|N02BE|A_lag1,,5,,,,,,,,,,,,,,
"LR-XGB (residual, tanpa gerbang)",N02BE,A_lag1,pacf_train,1,1,1473,315,317,2014-01-03,2018-01-14,2018-01-15,2018-11-25,2018-11-26,2019-10-08,"{""colsample_bytree"": 0.8, ""learning_rate"": 0.05, ""max_depth"": 3, ""n_estimators"": 100, ""subsample"": 0.8}",12,none,42,159.05322247268745,12.611630444660491,10.002369149886784,0.1387781208829329,0.4233421166839537,34.79414263425038,0.600545415162171,202.36899724644908,14.22564575850422,10.94033012134183,0.2705544146120763,0.4826308829123291,39.056518346656624,0.6012197962831002,7.007,daily,5,seed42,daily|N02BE|A_lag1,,5,,,,,,,5.0,,,,,,,
Naive,N02BE,B_rich,pacf_train,1,1,1473,315,317,2014-01-03,2018-01-14,2018-01-15,2018-11-25,2018-11-26,2019-10-08,{},0,none,42,217.44338421587304,14.745961623979396,11.26143492063492,-0.1773857646180414,0.4949864836135261,39.65327459694022,0.6401810403773499,267.6145699621451,16.358929364788672,12.260832807570978,0.0353746408762239,0.5550064058152501,45.59922383129986,0.6090563105445783,0.0,daily,5,seed42,daily|N02BE|B_rich,,5,,,,,,,,,,,,,,
SeasonalNaive(s=7),N02BE,B_rich,pacf_train,1,1,1473,315,317,2014-01-03,2018-01-14,2018-01-15,2018-11-25,2018-11-26,2019-10-08,{},0,none,42,230.10919060634924,15.169350368633102,11.791273015873015,-0.2459670194367673,0.5091986259791271,41.05185459429482,0.6799729413046828,266.48052583596217,16.32423124793208,11.935097791798109,0.0394623395491182,0.5538292091481757,44.49239311465449,0.6478070977049389,0.0,daily,5,seed42,daily|N02BE|B_rich,,5,,,,,,,,,,,,,,
S1 [linear],N02BE,B_rich,pacf_train,1,1,1473,315,317,2014-01-03,2018-01-14,2018-01-15,2018-11-25,2018-11-26,2019-10-08,{},0,none,42,153.57083492845794,12.392370028709518,9.86939933741544,0.1684634804719228,0.4159820716048506,34.57583006066338,0.6084517399038339,205.6223851477789,14.339539223691215,11.141617867165255,0.2588274728647224,0.4864949256836939,40.123373437841536,0.62185815126519,0.008,daily,5,seed42,daily|N02BE|B_rich,,5,linear,0.0,12.392370028709518,0.0,,14.339539223691215,,,,,,,,
AR-LRX [linear],N02BE,B_rich,pacf_train,1,1,1473,315,317,2014-01-03,2018-01-14,2018-01-15,2018-11-25,2018-11-26,2019-10-08,"{""colsample_bytree"": 0.8, ""learning_rate"": 0.05, ""max_depth"": 3, ""n_estimators"": 100, ""subsample"": 0.8}",132,none,42,153.57083492845794,12.392370028709518,9.86939933741544,0.1684634804719228,0.4159820716048506,34.57583006066338,0.6084517399038339,205.6223851477789,14.339539223691215,11.141617867165255,0.2588274728647224,0.4864949256836939,40.123373437841536,0.62185815126519,6.939,daily,5,seed42,daily|N02BE|B_rich,0.01549479352617,5,linear,0.0,12.392370028709518,0.0,-0.0358840175845072,14.339539223691215,5.0,,,,,,,
AR-LRX-g [linear],N02BE,B_rich,pacf_train,1,1,1473,315,317,2014-01-03,2018-01-14,2018-01-15,2018-11-25,2018-11-26,2019-10-08,"{""colsample_bytree"": 0.8, ""learning_rate"": 0.05, ""max_depth"": 5, ""n_estimators"": 300, ""subsample"": 0.8}",132,none,42,153.57083492845794,12.392370028709518,9.86939933741544,0.1684634804719228,0.4159820716048506,34.57583006066338,0.6084517399038339,205.6223851477789,14.339539223691215,11.141617867165255,0.2588274728647224,0.4864949256836939,40.123373437841536,0.62185815126519,6.695,daily,5,seed42,daily|N02BE|B_rich,-0.0564206232542503,5,linear,0.0,12.392370028709518,0.0,-0.1003431976378654,14.339539223691215,5.0,False,global,1.0,"{""0"": 0.0}",0.0,0.0,12.397536255518135
AR-LRX-Aug [linear],N02BE,B_rich,pacf_train,1,1,1473,315,317,2014-01-03,2018-01-14,2018-01-15,2018-11-25,2018-11-26,2019-10-08,"{""colsample_bytree"": 0.8, ""learning_rate"": 0.1, ""max_depth"": 5, ""n_estimators"": 500, ""subsample"": 0.8}",132,none,42,152.98155173700857,12.368571127539695,9.83292444306996,0.1716542588138031,0.4151831997032202,34.4160015250496,0.6025201067232765,206.24563295045257,14.361254574390518,11.141811597086908,0.2565809560343337,0.4872316584168628,40.05327256609333,0.6215266207366177,6.941,daily,5,seed42,daily|N02BE|B_rich,-0.1999735287633499,5,linear,0.0999999999999999,12.392370028709518,0.192,-0.282741842008676,14.339539223691215,5.0,True,global,1.0,"{""0"": 0.1}",0.1,0.1,12.368571127539694
XGBoost,N02BE,B_rich,pacf_train,1,1,1473,315,317,2014-01-03,2018-01-14,2018-01-15,2018-11-25,2018-11-26,2019-10-08,"{""colsample_bytree"": 0.8, ""learning_rate"": 0.05, ""max_depth"": 3, ""n_estimators"": 100, ""subsample"": 0.8}",12,none,42,156.3816289320099,12.505264048871975,9.946712917654857,0.1532439378816074,0.4197716524735772,34.66386722907912,0.5987058025031782,203.4899291194104,14.26498962913785,10.946068590952397,0.2665139794793347,0.483965695218459,39.07560741324525,0.6022380834744682,6.825,daily,5,seed42,daily|N02BE|B_rich,,5,,,,,,,,,,,,,,
"LR-XGB (residual, tanpa gerbang)",N02BE,B_rich,pacf_train,1,1,1473,315,317,2014-01-03,2018-01-14,2018-01-15,2018-11-25,2018-11-26,2019-10-08,"{""colsample_bytree"": 0.8, ""learning_rate"": 0.05, ""max_depth"": 3, ""n_estimators"": 100, ""subsample"": 0.8}",12,none,42,159.05322247268745,12.611630444660491,10.002369149886784,0.1387781208829329,0.4233421166839537,34.79414263425038,0.600545415162171,202.36899724644908,14.22564575850422,10.94033012134183,0.2705544146120763,0.4826308829123291,39.056518346656624,0.6012197962831002,6.142,daily,5,seed42,daily|N02BE|B_rich,,5,,,,,,,5.0,,,,,,,
Naive,N05B,A_lag1,pacf_train,1,1,1473,315,317,2014-01-03,2018-01-14,2018-01-15,2018-11-25,2018-11-26,2019-10-08,{},0,none,42,36.112,6.009326085344346,4.477460317460317,-0.5700891855747092,0.6556309631765964,51.48284895274944,1.037593235641704,34.789652996845426,5.898275425651589,4.513564668769717,-0.8613666472123493,0.6920910978425946,58.41854125142585,1.4696289793176036,0.0,daily,5,seed42,daily|N05B|A_lag1,,5,,,,,,,,,,,,,,
SeasonalNaive(s=7),N05B,A_lag1,pacf_train,1,1,1473,315,317,2014-01-03,2018-01-14,2018-01-15,2018-11-25,2018-11-26,2019-10-08,{},0,none,42,42.73676190476191,6.5373359944829135,4.9523809523809526,-0.8581227207894293,0.7132380293232605,55.1438964833201,1.2884391726352744,33.49817034700316,5.7877603912915365,4.490220820189275,-0.7922678628672513,0.6791234986820466,58.98982476196507,1.3497836088745436,0.0,daily,5,seed42,daily|N05B|A_lag1,,5,,,,,,,,,,,,,,
S1 [linear],N05B,A_lag1,pacf_train,1,1,1473,315,317,2014-01-03,2018-01-14,2018-01-15,2018-11-25,2018-11-26,2019-10-08,{},0,none,42,22.121535572971776,4.703353651701281,3.4966883742269155,0.0381927400468207,0.5131464395559379,39.37344562383443,0.8682197354640178,19.65860909717409,4.433803006130751,3.492097883087328,-0.0518035148951647,0.5202530178203465,44.6846688968021,1.2961836959440327,0.01,daily,5,seed42,daily|N05B|A_lag1,,5,linear,0.0,4.703353651701281,0.0,,4.433803006130751,,,,,,,,
AR-LRX [linear],N05B,A_lag1,pacf_train,1,1,1473,315,317,2014-01-03,2018-01-14,2018-01-15,2018-11-25,2018-11-26,2019-10-08,"{""colsample_bytree"": 0.8, ""learning_rate"": 0.1, ""max_depth"": 5, ""n_estimators"": 300, ""subsample"": 0.8}",132,none,42,22.10774987857504,4.701887905785828,3.494233499488412,0.0387921189150073,0.5129865233868578,39.34498570944101,0.8683921553124293,19.678215520328784,4.436013471612635,3.489299279086933,-0.0528525262818144,0.5205123891402151,44.652227133530346,1.2942116064786042,6.879,daily,5,seed42,daily|N05B|A_lag1,-0.093064108117352,5,linear,0.1,4.703353651701281,0.0312,-0.0265945307878152,4.433803006130751,5.0,,,,,,,
AR-LRX-g [linear],N05B,A_lag1,pacf_train,1,1,1473,315,317,2014-01-03,2018-01-14,2018-01-15,2018-11-25,2018-11-26,2019-10-08,"{""colsample_bytree"": 0.8, ""learning_rate"": 0.05, ""max_depth"": 3, ""n_estimators"": 500, ""subsample"": 0.8}",132,none,42,22.121535572971776,4.703353651701281,3.4966883742269155,0.0381927400468207,0.5131464395559379,39.37344562383443,0.8682197354640178,19.65860909717409,4.433803006130751,3.492097883087328,-0.0518035148951647,0.5202530178203465,44.6846688968021,1.2961836959440327,6.742,daily,5,seed42,daily|N05B|A_lag1,-0.0510878848335345,5,linear,0.0,4.703353651701281,0.0,-0.0397453131444847,4.433803006130751,5.0,False,global,1.0,"{""0"": 0.0}",0.0,0.0,4.721266805762297
AR-LRX-Aug [linear],N05B,A_lag1,pacf_train,1,1,1473,315,317,2014-01-03,2018-01-14,2018-01-15,2018-11-25,2018-11-26,2019-10-08,"{""colsample_bytree"": 0.8, ""learning_rate"": 0.05, ""max_depth"": 3, ""n_estimators"": 500, ""subsample"": 0.8}",132,none,42,22.121535572971776,4.703353651701281,3.4966883742269155,0.0381927400468207,0.5131464395559379,39.37344562383443,0.8682197354640178,19.65860909717409,4.433803006130751,3.492097883087328,-0.0518035148951647,0.5202530178203465,44.6846688968021,1.2961836959440327,8.054,daily,5,seed42,daily|N05B|A_lag1,-0.0204201237540011,5,linear,0.0,4.703353651701281,0.0,-0.0907880651016519,4.433803006130751,5.0,True,global,1.0,"{""0"": 0.0}",0.0,0.0,4.703353651701281
XGBoost,N05B,A_lag1,pacf_train,1,1,1473,315,317,2014-01-03,2018-01-14,2018-01-15,2018-11-25,2018-11-26,2019-10-08,"{""colsample_bytree"": 0.8, ""learning_rate"": 0.05, ""max_depth"": 3, ""n_estimators"": 100, ""subsample"": 0.8}",12,none,42,22.54809776265884,4.748483733009816,3.513976276639908,0.0196465315564927,0.5180702327161583,39.508421515890255,0.8808568297522316,19.87770140679056,4.458441589478386,3.49944596756896,-0.063525710509412,0.5231440568050963,44.77593477520431,1.2772689667062351,7.313,daily,5,seed42,daily|N05B|A_lag1,,5,,,,,,,,,,,,,,
"LR-XGB (residual, tanpa gerbang)",N05B,A_lag1,pacf_train,1,1,1473,315,317,2014-01-03,2018-01-14,2018-01-15,2018-11-25,2018-11-26,2019-10-08,"{""colsample_bytree"": 0.8, ""learning_rate"": 0.05, ""max_depth"": 3, ""n_estimators"": 100, ""subsample"": 0.8}",12,none,42,22.4817847056052,4.741496040872037,3.516905800497767,0.0225297120433756,0.5173078598208269,39.52596424193362,0.878376853860614,20.16949514709152,4.49104610832393,3.519230915716045,-0.0791376838772064,0.5269698017244173,44.89894351903723,1.2859621683890237,7.026,daily,5,seed42,daily|N05B|A_lag1,,5,,,,,,,5.0,,,,,,,
Naive,N05B,B_rich,pacf_train,1,1,1473,315,317,2014-01-03,2018-01-14,2018-01-15,2018-11-25,2018-11-26,2019-10-08,{},0,none,42,36.112,6.009326085344346,4.477460317460317,-0.5700891855747092,0.6556309631765964,51.48284895274944,1.037593235641704,34.789652996845426,5.898275425651589,4.513564668769717,-0.8613666472123493,0.6920910978425946,58.41854125142585,1.4696289793176036,0.0,daily,5,seed42,daily|N05B|B_rich,,5,,,,,,,,,,,,,,
SeasonalNaive(s=7),N05B,B_rich,pacf_train,1,1,1473,315,317,2014-01-03,2018-01-14,2018-01-15,2018-11-25,2018-11-26,2019-10-08,{},0,none,42,42.73676190476191,6.5373359944829135,4.9523809523809526,-0.8581227207894293,0.7132380293232605,55.1438964833201,1.2884391726352744,33.49817034700316,5.7877603912915365,4.490220820189275,-0.7922678628672513,0.6791234986820466,58.98982476196507,1.3497836088745436,0.0,daily,5,seed42,daily|N05B|B_rich,,5,,,,,,,,,,,,,,
S1 [linear],N05B,B_rich,pacf_train,1,1,1473,315,317,2014-01-03,2018-01-14,2018-01-15,2018-11-25,2018-11-26,2019-10-08,{},0,none,42,22.121535572971776,4.703353651701281,3.4966883742269155,0.0381927400468207,0.5131464395559379,39.37344562383443,0.8682197354640178,19.65860909717409,4.433803006130751,3.492097883087328,-0.0518035148951647,0.5202530178203465,44.6846688968021,1.2961836959440327,0.008,daily,5,seed42,daily|N05B|B_rich,,5,linear,0.0,4.703353651701281,0.0,,4.433803006130751,,,,,,,,
AR-LRX [linear],N05B,B_rich,pacf_train,1,1,1473,315,317,2014-01-03,2018-01-14,2018-01-15,2018-11-25,2018-11-26,2019-10-08,"{""colsample_bytree"": 0.8, ""learning_rate"": 0.1, ""max_depth"": 5, ""n_estimators"": 300, ""subsample"": 0.8}",132,none,42,22.10774987857504,4.701887905785828,3.494233499488412,0.0387921189150073,0.5129865233868578,39.34498570944101,0.8683921553124293,19.678215520328784,4.436013471612635,3.489299279086933,-0.0528525262818144,0.5205123891402151,44.652227133530346,1.2942116064786042,7.22,daily,5,seed42,daily|N05B|B_rich,-0.093064108117352,5,linear,0.1,4.703353651701281,0.0312,-0.0265945307878152,4.433803006130751,5.0,,,,,,,
AR-LRX-g [linear],N05B,B_rich,pacf_train,1,1,1473,315,317,2014-01-03,2018-01-14,2018-01-15,2018-11-25,2018-11-26,2019-10-08,"{""colsample_bytree"": 0.8, ""learning_rate"": 0.05, ""max_depth"": 3, ""n_estimators"": 500, ""subsample"": 0.8}",132,none,42,22.121535572971776,4.703353651701281,3.4966883742269155,0.0381927400468207,0.5131464395559379,39.37344562383443,0.8682197354640178,19.65860909717409,4.433803006130751,3.492097883087328,-0.0518035148951647,0.5202530178203465,44.6846688968021,1.2961836959440327,8.54,daily,5,seed42,daily|N05B|B_rich,-0.0510878848335345,5,linear,0.0,4.703353651701281,0.0,-0.0397453131444847,4.433803006130751,5.0,False,global,1.0,"{""0"": 0.0}",0.0,0.0,4.721266805762297
AR-LRX-Aug [linear],N05B,B_rich,pacf_train,1,1,1473,315,317,2014-01-03,2018-01-14,2018-01-15,2018-11-25,2018-11-26,2019-10-08,"{""colsample_bytree"": 0.8, ""learning_rate"": 0.05, ""max_depth"": 3, ""n_estimators"": 500, ""subsample"": 0.8}",132,none,42,22.121535572971776,4.703353651701281,3.4966883742269155,0.0381927400468207,0.5131464395559379,39.37344562383443,0.8682197354640178,19.65860909717409,4.433803006130751,3.492097883087328,-0.0518035148951647,0.5202530178203465,44.6846688968021,1.2961836959440327,7.879,daily,5,seed42,daily|N05B|B_rich,-0.0204201237540011,5,linear,0.0,4.703353651701281,0.0,-0.0907880651016519,4.433803006130751,5.0,True,global,1.0,"{""0"": 0.0}",0.0,0.0,4.703353651701281
XGBoost,N05B,B_rich,pacf_train,1,1,1473,315,317,2014-01-03,2018-01-14,2018-01-15,2018-11-25,2018-11-26,2019-10-08,"{""colsample_bytree"": 0.8, ""learning_rate"": 0.05, ""max_depth"": 3, ""n_estimators"": 100, ""subsample"": 0.8}",12,none,42,22.54809776265884,4.748483733009816,3.513976276639908,0.0196465315564927,0.5180702327161583,39.508421515890255,0.8808568297522316,19.87770140679056,4.458441589478386,3.49944596756896,-0.063525710509412,0.5231440568050963,44.77593477520431,1.2772689667062351,7.838,daily,5,seed42,daily|N05B|B_rich,,5,,,,,,,,,,,,,,
"LR-XGB (residual, tanpa gerbang)",N05B,B_rich,pacf_train,1,1,1473,315,317,2014-01-03,2018-01-14,2018-01-15,2018-11-25,2018-11-26,2019-10-08,"{""colsample_bytree"": 0.8, ""learning_rate"": 0.05, ""max_depth"": 3, ""n_estimators"": 100, ""subsample"": 0.8}",12,none,42,22.4817847056052,4.741496040872037,3.516905800497767,0.0225297120433756,0.5173078598208269,39.52596424193362,0.878376853860614,20.16949514709152,4.49104610832393,3.519230915716045,-0.0791376838772064,0.5269698017244173,44.89894351903723,1.2859621683890237,6.707,daily,5,seed42,daily|N05B|B_rich,,5,,,,,,,5.0,,,,,,,
Naive,N05C,A_lag1,pacf_train,1,7,1469,314,316,2014-01-09,2018-01-16,2018-01-17,2018-11-26,2018-11-27,2019-10-08,{},0,none,42,3.245222929936306,1.801450229658401,0.9968152866242038,-0.9423898790733812,2.828276860563689,170.12558275058277,1.14360616103027,2.7626582278481013,1.662124612611251,1.1044303797468351,-1.146047749072324,2.3343616781562457,170.49054797798516,1.0397716095374023,0.0,daily,5,seed42,daily|N05C|A_lag1,,5,,,,,,,,,,,,,,
SeasonalNaive(s=7),N05C,A_lag1,pacf_train,1,7,1469,314,316,2014-01-09,2018-01-16,2018-01-17,2018-11-26,2018-11-27,2019-10-08,{},0,none,42,2.8853503184713376,1.6986318961067868,0.961783439490446,-0.726992375309601,2.666852076887656,174.4593489569741,1.0456056110833476,2.6487341772151898,1.6274932187923823,1.0727848101265822,-1.0575509346775886,2.2857238095039683,166.73606125867434,1.0011821716055178,0.0,daily,5,seed42,daily|N05C|A_lag1,,5,,,,,,,,,,,,,,
S1 [linear],N05C,A_lag1,pacf_train,1,7,1469,314,316,2014-01-09,2018-01-16,2018-01-17,2018-11-26,2018-11-27,2019-10-08,{},0,none,42,1.6750876542176854,1.2942517738901058,0.8495322279728027,-0.0026039431987692,2.031975285007466,166.9933340045415,0.6374896487402409,1.311529447006751,1.145220261350082,0.8518890191874211,-0.0188031183948758,1.6083982337183376,158.08401182796632,0.6219326037169545,0.007,daily,5,seed42,daily|N05C|A_lag1,,5,linear,0.0,1.2942517738901058,0.0,,1.145220261350082,,,,,,,,
AR-LRX [linear],N05C,A_lag1,pacf_train,1,7,1469,314,316,2014-01-09,2018-01-16,2018-01-17,2018-11-26,2018-11-27,2019-10-08,"{""colsample_bytree"": 0.8, ""learning_rate"": 0.05, ""max_depth"": 3, ""n_estimators"": 100, ""subsample"": 0.8}",132,none,42,1.6750876542176854,1.2942517738901058,0.8495322279728027,-0.0026039431987692,2.031975285007466,166.9933340045415,0.6374896487402409,1.311529447006751,1.145220261350082,0.8518890191874211,-0.0188031183948758,1.6083982337183376,158.08401182796632,0.6219326037169545,8.097,daily,5,seed42,daily|N05C|A_lag1,-0.0140326375668633,5,linear,0.0,1.2942517738901058,0.0,-0.021378154784662,1.145220261350082,5.0,,,,,,,
AR-LRX-g [linear],N05C,A_lag1,pacf_train,1,7,1469,314,316,2014-01-09,2018-01-16,2018-01-17,2018-11-26,2018-11-27,2019-10-08,"{""colsample_bytree"": 0.8, ""learning_rate"": 0.05, ""max_depth"": 3, ""n_estimators"": 500, ""subsample"": 0.8}",132,none,42,1.6750876542176854,1.2942517738901058,0.8495322279728027,-0.0026039431987692,2.031975285007466,166.9933340045415,0.6374896487402409,1.311529447006751,1.145220261350082,0.8518890191874211,-0.0188031183948758,1.6083982337183376,158.08401182796632,0.6219326037169545,7.348,daily,5,seed42,daily|N05C|A_lag1,-0.0162888370179288,5,linear,0.0,1.2942517738901058,0.0,-0.0251963256549458,1.145220261350082,5.0,False,global,1.0,"{""0"": 0.0}",0.0,0.0,1.2964493865450235
AR-LRX-Aug [linear],N05C,A_lag1,pacf_train,1,7,1469,314,316,2014-01-09,2018-01-16,2018-01-17,2018-11-26,2018-11-27,2019-10-08,"{""colsample_bytree"": 0.8, ""learning_rate"": 0.05, ""max_depth"": 3, ""n_estimators"": 500, ""subsample"": 0.8}",132,none,42,1.6750876542176854,1.2942517738901058,0.8495322279728027,-0.0026039431987692,2.031975285007466,166.9933340045415,0.6374896487402409,1.311529447006751,1.145220261350082,0.8518890191874211,-0.0188031183948758,1.6083982337183376,158.08401182796632,0.6219326037169545,6.918,daily,5,seed42,daily|N05C|A_lag1,0.0054437662144791,5,linear,0.0,1.2942517738901058,0.0,-0.0513297626517075,1.145220261350082,5.0,True,global,1.0,"{""0"": 0.0}",0.0,0.0,1.3023493033974458
XGBoost,N05C,A_lag1,pacf_train,1,7,1469,314,316,2014-01-09,2018-01-16,2018-01-17,2018-11-26,2018-11-27,2019-10-08,"{""colsample_bytree"": 0.8, ""learning_rate"": 0.05, ""max_depth"": 3, ""n_estimators"": 100, ""subsample"": 0.8}",12,none,42,1.702841166242428,1.3049295637092555,0.8490909117801934,-0.0192154802270312,2.0487394150235314,167.61966890076948,0.6465352974569292,1.3105261975321847,1.1447821616063838,0.8496733883136436,-0.0180237888147825,1.6077829469671878,158.4525885495531,0.6275932928890113,7.326,daily,5,seed42,daily|N05C|A_lag1,,5,,,,,,,,,,,,,,
"LR-XGB (residual, tanpa gerbang)",N05C,A_lag1,pacf_train,1,7,1469,314,316,2014-01-09,2018-01-16,2018-01-17,2018-11-26,2018-11-27,2019-10-08,"{""colsample_bytree"": 0.8, ""learning_rate"": 0.1, ""max_depth"": 5, ""n_estimators"": 100, ""subsample"": 0.8}",12,none,42,1.7025030073476488,1.3047999874876028,0.8495695198985016,-0.0190130792120875,2.0485359803555365,167.46201950571074,0.6457933331902529,1.3113639044561043,1.1451479836493206,0.8504568582923773,-0.0186745240524384,1.6082967237030457,158.39424732793827,0.6269645347641175,6.652,daily,5,seed42,daily|N05C|A_lag1,,5,,,,,,,5.0,,,,,,,
Naive,N05C,B_rich,pacf_train,8,7,1469,314,316,2014-01-09,2018-01-16,2018-01-17,2018-11-26,2018-11-27,2019-10-08,{},0,none,42,3.245222929936306,1.801450229658401,0.9968152866242038,-0.9423898790733812,2.828276860563689,170.12558275058277,1.14360616103027,2.7626582278481013,1.662124612611251,1.1044303797468351,-1.146047749072324,2.3343616781562457,170.49054797798516,1.0397716095374023,0.0,daily,5,seed42,daily|N05C|B_rich,,5,,,,,,,,,,,,,,
SeasonalNaive(s=7),N05C,B_rich,pacf_train,8,7,1469,314,316,2014-01-09,2018-01-16,2018-01-17,2018-11-26,2018-11-27,2019-10-08,{},0,none,42,2.8853503184713376,1.6986318961067868,0.961783439490446,-0.726992375309601,2.666852076887656,174.4593489569741,1.0456056110833476,2.6487341772151898,1.6274932187923823,1.0727848101265822,-1.0575509346775886,2.2857238095039683,166.73606125867434,1.0011821716055178,0.0,daily,5,seed42,daily|N05C|B_rich,,5,,,,,,,,,,,,,,
S1 [linear],N05C,B_rich,pacf_train,8,7,1469,314,316,2014-01-09,2018-01-16,2018-01-17,2018-11-26,2018-11-27,2019-10-08,{},0,none,42,1.6328380334848944,1.2778255097957991,0.8435138580167302,0.0226840685889672,2.006186050379405,166.4662038517874,0.6325619685318218,1.3157798107060052,1.1470744573505267,0.8571858049201146,-0.0221048237443026,1.611002348990073,157.0940017377655,0.6141574023080745,0.012,daily,5,seed42,daily|N05C|B_rich,,5,linear,0.0,1.2778255097957991,0.0,,1.1470744573505267,,,,,,,,
AR-LRX [linear],N05C,B_rich,pacf_train,8,7,1469,314,316,2014-01-09,2018-01-16,2018-01-17,2018-11-26,2018-11-27,2019-10-08,"{""colsample_bytree"": 0.8, ""learning_rate"": 0.05, ""max_depth"": 5, ""n_estimators"": 300, ""subsample"": 0.8}",132,none,42,1.6241839521328811,1.2744347578957822,0.8384078912078877,0.027863866832029,2.0008625698963782,166.44112095092888,0.6340937052970885,1.3207035925198425,1.1492186878570338,0.8564885994247858,-0.02592964390193,1.6140138016125454,156.91984511502335,0.6131440418279335,11.214,daily,5,seed42,daily|N05C|B_rich,-0.1101657091409591,5,linear,0.2,1.2778255097957991,0.2654,-0.0631476083480739,1.1470744573505267,5.0,,,,,,,
AR-LRX-g [linear],N05C,B_rich,pacf_train,8,7,1469,314,316,2014-01-09,2018-01-16,2018-01-17,2018-11-26,2018-11-27,2019-10-08,"{""colsample_bytree"": 0.8, ""learning_rate"": 0.1, ""max_depth"": 3, ""n_estimators"": 100, ""subsample"": 0.8}",132,none,42,1.6328380334848944,1.2778255097957991,0.8435138580167302,0.0226840685889672,2.006186050379405,166.4662038517874,0.6325619685318218,1.3157798107060052,1.1470744573505267,0.8571858049201146,-0.0221048237443026,1.611002348990073,157.0940017377655,0.6141574023080745,10.559,daily,5,seed42,daily|N05C|B_rich,-0.0314910716023935,5,linear,0.0,1.2778255097957991,0.0,-0.0448949528817472,1.1470744573505267,5.0,False,global,1.0,"{""0"": 0.0}",0.0,0.0,1.2778255097957991
AR-LRX-Aug [linear],N05C,B_rich,pacf_train,8,7,1469,314,316,2014-01-09,2018-01-16,2018-01-17,2018-11-26,2018-11-27,2019-10-08,"{""colsample_bytree"": 0.8, ""learning_rate"": 0.05, ""max_depth"": 3, ""n_estimators"": 500, ""subsample"": 0.8}",132,none,42,1.6268261807213409,1.2754709642799953,0.8390591194684321,0.0262823920984818,2.002489413919593,166.77720202679106,0.6371736507039956,1.3190206441215504,1.1484862402839446,0.8568545508729183,-0.0246223205473603,1.6129851196876732,157.4013885789866,0.6179670928453161,7.943,daily,5,seed42,daily|N05C|B_rich,-0.0770406231173321,5,linear,0.1999999999999999,1.2778255097957991,0.1843,-0.0373326830773055,1.1470744573505267,5.0,True,global,1.0,"{""0"": 0.2}",0.2,0.2,1.2763642748414772
XGBoost,N05C,B_rich,pacf_train,8,7,1469,314,316,2014-01-09,2018-01-16,2018-01-17,2018-11-26,2018-11-27,2019-10-08,"{""colsample_bytree"": 0.8, ""learning_rate"": 0.05, ""max_depth"": 5, ""n_estimators"": 100, ""subsample"": 0.8}",12,none,42,1.663909800270813,1.2899262770681172,0.8327761454400933,0.0040864293410892,2.0251842549969443,168.11172452527413,0.6612747647804266,1.3453687688798135,1.1599003271315227,0.8549156139923048,-0.0450896853700408,1.629015570549161,158.16710874820487,0.6295910645002329,6.755,daily,5,seed42,daily|N05C|B_rich,,5,,,,,,,,,,,,,,
"LR-XGB (residual, tanpa gerbang)",N05C,B_rich,pacf_train,8,7,1469,314,316,2014-01-09,2018-01-16,2018-01-17,2018-11-26,2018-11-27,2019-10-08,"{""colsample_bytree"": 0.8, ""learning_rate"": 0.05, ""max_depth"": 5, ""n_estimators"": 100, ""subsample"": 0.8}",12,none,42,1.655962375372622,1.286842016477789,0.8318329127400743,0.0088432667048771,2.020341965870129,168.1360848673012,0.659725748006903,1.3486742454274905,1.161324349795306,0.8596790748354399,-0.0476573973053238,1.6310155312680743,157.8523997541507,0.6250328459104504,6.884,daily,5,seed42,daily|N05C|B_rich,,5,,,,,,,5.0,,,,,,,
Naive,R03,A_lag1,pacf_train,1,1,1473,315,317,2014-01-03,2018-01-14,2018-01-15,2018-11-25,2018-11-26,2019-10-08,{},0,none,42,93.93055555555556,9.69177772937223,6.792063492063492,-0.7667535335805216,1.395137660117561,112.863476008676,3.275596500445437,118.7064164918472,10.895247426830068,7.588590956908518,-0.8056465862630271,1.48186428344732,116.8205138789049,4.156248040245456,0.0,daily,5,seed42,daily|R03|A_lag1,,5,,,,,,,,,,,,,,
SeasonalNaive(s=7),R03,A_lag1,pacf_train,1,1,1473,315,317,2014-01-03,2018-01-14,2018-01-15,2018-11-25,2018-11-26,2019-10-08,{},0,none,42,90.34960317460316,9.505240826754637,6.712698412698413,-0.699398877417658,1.3682855525774982,110.89724197734942,3.147523277675398,118.44248378881878,10.883128400823852,7.757097791798107,-0.8016318986133568,1.4802159728504856,117.31593920483728,2.6596602356187984,0.0,daily,5,seed42,daily|R03|A_lag1,,5,,,,,,,,,,,,,,
S1 [linear],R03,A_lag1,pacf_train,1,1,1473,315,317,2014-01-03,2018-01-14,2018-01-15,2018-11-25,2018-11-26,2019-10-08,{},0,none,42,55.86248272495644,7.474120866359899,5.098668280401342,-0.0507255936597115,1.0759045232050122,89.90307176351305,1.534883973521318,68.69126047976773,8.288019092628089,5.640236283663765,-0.044864664075809,1.127254755468032,91.40346584251876,1.8249838135443173,0.006,daily,5,seed42,daily|R03|A_lag1,,5,linear,0.0,7.474120866359899,0.0,,8.288019092628089,,,,,,,,
AR-LRX [linear],R03,A_lag1,pacf_train,1,1,1473,315,317,2014-01-03,2018-01-14,2018-01-15,2018-11-25,2018-11-26,2019-10-08,"{""colsample_bytree"": 0.8, ""learning_rate"": 0.05, ""max_depth"": 3, ""n_estimators"": 100, ""subsample"": 0.8}",132,none,42,55.157632535893256,7.426818466604207,5.071382300430277,-0.0374679635434311,1.0690953122268136,89.5104845530672,1.6021913075950245,69.67260118097978,8.347011511971203,5.686922579628264,-0.0597918646389412,1.1352783235242685,91.49126382803146,1.9385826414639569,5.078,daily,5,seed42,daily|R03|A_lag1,-0.0798517401990888,5,linear,0.7,7.474120866359899,0.6329,-0.0540157087435295,8.288019092628089,5.0,,,,,,,
AR-LRX-g [linear],R03,A_lag1,pacf_train,1,1,1473,315,317,2014-01-03,2018-01-14,2018-01-15,2018-11-25,2018-11-26,2019-10-08,"{""colsample_bytree"": 0.8, ""learning_rate"": 0.05, ""max_depth"": 3, ""n_estimators"": 100, ""subsample"": 0.8}",132,none,42,55.157632535893256,7.426818466604207,5.071382300430277,-0.0374679635434311,1.0690953122268136,89.5104845530672,1.6021913075950245,69.67260122057326,8.347011514342919,5.686922580423561,-0.0597918652411983,1.1352783238468458,91.49126382038143,1.938582642232251,6.308,daily,5,seed42,daily|R03|A_lag1,-0.0798517401990888,5,linear,0.7000000000000001,7.474120866359899,0.6329,-0.0540157087435295,8.288019092628089,5.0,False,global,1.0,"{""0"": 0.7}",0.7,0.7,7.437972583696098
AR-LRX-Aug [linear],R03,A_lag1,pacf_train,1,1,1473,315,317,2014-01-03,2018-01-14,2018-01-15,2018-11-25,2018-11-26,2019-10-08,"{""colsample_bytree"": 0.8, ""learning_rate"": 0.05, ""max_depth"": 5, ""n_estimators"": 300, ""subsample"": 0.8}",132,none,42,55.86248272495644,7.474120866359899,5.098668280401342,-0.0507255936597115,1.0759045232050122,89.90307176351305,1.534883973521318,68.69126047976773,8.288019092628089,5.640236283663765,-0.044864664075809,1.127254755468032,91.40346584251876,1.8249838135443173,7.083,daily,5,seed42,daily|R03|A_lag1,-0.095404458807133,5,linear,0.0,7.474120866359899,0.0,-0.1369195828067353,8.288019092628089,5.0,True,global,1.0,"{""0"": 0.0}",0.0,0.0,7.474120866359899
XGBoost,R03,A_lag1,pacf_train,1,1,1473,315,317,2014-01-03,2018-01-14,2018-01-15,2018-11-25,2018-11-26,2019-10-08,"{""colsample_bytree"": 0.8, ""learning_rate"": 0.05, ""max_depth"": 3, ""n_estimators"": 100, ""subsample"": 0.8}",12,none,42,55.42903490693568,7.445067824199836,5.09006395718408,-0.0425728103659088,1.071722319032537,89.70085900163357,1.6289123815332394,70.40643659736021,8.39085434251842,5.703273836379986,-0.0709542554651965,1.141241393671089,91.591104172431,1.9652206403236616,5.793,daily,5,seed42,daily|R03|A_lag1,,5,,,,,,,,,,,,,,
"LR-XGB (residual, tanpa gerbang)",R03,A_lag1,pacf_train,1,1,1473,315,317,2014-01-03,2018-01-14,2018-01-15,2018-11-25,2018-11-26,2019-10-08,"{""colsample_bytree"": 0.8, ""learning_rate"": 0.05, ""max_depth"": 3, ""n_estimators"": 100, ""subsample"": 0.8}",12,none,42,55.30008507555787,7.436402697242658,5.094876404637,-0.0401473741604707,1.0704749684137722,89.7575169214025,1.6475982686664596,70.49745444938283,8.396276225171658,5.723294183112669,-0.0723387305310823,1.1419788247672469,91.7807921631,2.000189586547051,6.481,daily,5,seed42,daily|R03|A_lag1,,5,,,,,,,5.0,,,,,,,
Naive,R03,B_rich,pacf_train,1,1,1473,315,317,2014-01-03,2018-01-14,2018-01-15,2018-11-25,2018-11-26,2019-10-08,{},0,none,42,93.93055555555556,9.69177772937223,6.792063492063492,-0.7667535335805216,1.395137660117561,112.863476008676,3.275596500445437,118.7064164918472,10.895247426830068,7.588590956908518,-0.8056465862630271,1.48186428344732,116.8205138789049,4.156248040245456,0.0,daily,5,seed42,daily|R03|B_rich,,5,,,,,,,,,,,,,,
SeasonalNaive(s=7),R03,B_rich,pacf_train,1,1,1473,315,317,2014-01-03,2018-01-14,2018-01-15,2018-11-25,2018-11-26,2019-10-08,{},0,none,42,90.34960317460316,9.505240826754637,6.712698412698413,-0.699398877417658,1.3682855525774982,110.89724197734942,3.147523277675398,118.44248378881878,10.883128400823852,7.757097791798107,-0.8016318986133568,1.4802159728504856,117.31593920483728,2.6596602356187984,0.0,daily,5,seed42,daily|R03|B_rich,,5,,,,,,,,,,,,,,
S1 [linear],R03,B_rich,pacf_train,1,1,1473,315,317,2014-01-03,2018-01-14,2018-01-15,2018-11-25,2018-11-26,2019-10-08,{},0,none,42,55.86248272495644,7.474120866359899,5.098668280401342,-0.0507255936597115,1.0759045232050122,89.90307176351305,1.534883973521318,68.69126047976773,8.288019092628089,5.640236283663765,-0.044864664075809,1.127254755468032,91.40346584251876,1.8249838135443173,0.007,daily,5,seed42,daily|R03|B_rich,,5,linear,0.0,7.474120866359899,0.0,,8.288019092628089,,,,,,,,
AR-LRX [linear],R03,B_rich,pacf_train,1,1,1473,315,317,2014-01-03,2018-01-14,2018-01-15,2018-11-25,2018-11-26,2019-10-08,"{""colsample_bytree"": 0.8, ""learning_rate"": 0.05, ""max_depth"": 3, ""n_estimators"": 100, ""subsample"": 0.8}",132,none,42,55.157632535893256,7.426818466604207,5.071382300430277,-0.0374679635434311,1.0690953122268136,89.5104845530672,1.6021913075950245,69.67260118097978,8.347011511971203,5.686922579628264,-0.0597918646389412,1.1352783235242685,91.49126382803146,1.9385826414639569,8.036,daily,5,seed42,daily|R03|B_rich,-0.0798517401990888,5,linear,0.7,7.474120866359899,0.6329,-0.0540157087435295,8.288019092628089,5.0,,,,,,,
AR-LRX-g [linear],R03,B_rich,pacf_train,1,1,1473,315,317,2014-01-03,2018-01-14,2018-01-15,2018-11-25,2018-11-26,2019-10-08,"{""colsample_bytree"": 0.8, ""learning_rate"": 0.05, ""max_depth"": 3, ""n_estimators"": 100, ""subsample"": 0.8}",132,none,42,55.157632535893256,7.426818466604207,5.071382300430277,-0.0374679635434311,1.0690953122268136,89.5104845530672,1.6021913075950245,69.67260122057326,8.347011514342919,5.686922580423561,-0.0597918652411983,1.1352783238468458,91.49126382038143,1.938582642232251,6.003,daily,5,seed42,daily|R03|B_rich,-0.0798517401990888,5,linear,0.7000000000000001,7.474120866359899,0.6329,-0.0540157087435295,8.288019092628089,5.0,False,global,1.0,"{""0"": 0.7}",0.7,0.7,7.437972583696098
AR-LRX-Aug [linear],R03,B_rich,pacf_train,1,1,1473,315,317,2014-01-03,2018-01-14,2018-01-15,2018-11-25,2018-11-26,2019-10-08,"{""colsample_bytree"": 0.8, ""learning_rate"": 0.05, ""max_depth"": 5, ""n_estimators"": 300, ""subsample"": 0.8}",132,none,42,55.86248272495644,7.474120866359899,5.098668280401342,-0.0507255936597115,1.0759045232050122,89.90307176351305,1.534883973521318,68.69126047976773,8.288019092628089,5.640236283663765,-0.044864664075809,1.127254755468032,91.40346584251876,1.8249838135443173,11.601,daily,5,seed42,daily|R03|B_rich,-0.095404458807133,5,linear,0.0,7.474120866359899,0.0,-0.1369195828067353,8.288019092628089,5.0,True,global,1.0,"{""0"": 0.0}",0.0,0.0,7.474120866359899
XGBoost,R03,B_rich,pacf_train,1,1,1473,315,317,2014-01-03,2018-01-14,2018-01-15,2018-11-25,2018-11-26,2019-10-08,"{""colsample_bytree"": 0.8, ""learning_rate"": 0.05, ""max_depth"": 3, ""n_estimators"": 100, ""subsample"": 0.8}",12,none,42,55.42903490693568,7.445067824199836,5.09006395718408,-0.0425728103659088,1.071722319032537,89.70085900163357,1.6289123815332394,70.40643659736021,8.39085434251842,5.703273836379986,-0.0709542554651965,1.141241393671089,91.591104172431,1.9652206403236616,7.336,daily,5,seed42,daily|R03|B_rich,,5,,,,,,,,,,,,,,
"LR-XGB (residual, tanpa gerbang)",R03,B_rich,pacf_train,1,1,1473,315,317,2014-01-03,2018-01-14,2018-01-15,2018-11-25,2018-11-26,2019-10-08,"{""colsample_bytree"": 0.8, ""learning_rate"": 0.05, ""max_depth"": 3, ""n_estimators"": 100, ""subsample"": 0.8}",12,none,42,55.30008507555787,7.436402697242658,5.094876404637,-0.0401473741604707,1.0704749684137722,89.7575169214025,1.6475982686664596,70.49745444938283,8.396276225171658,5.723294183112669,-0.0723387305310823,1.1419788247672469,91.7807921631,2.000189586547051,7.948,daily,5,seed42,daily|R03|B_rich,,5,,,,,,,5.0,,,,,,,
Naive,R06,A_lag1,pacf_train,1,1,1473,315,317,2014-01-03,2018-01-14,2018-01-15,2018-11-25,2018-11-26,2019-10-08,{},0,none,42,9.688604444444444,3.112652316665715,2.3900952380952383,-0.2610183509699195,0.8855540821438769,82.50612949788051,1.508581024997902,9.05630599369085,3.0093697004008746,2.3206940063091483,-0.2716879959630176,0.8359580036515833,78.61483989833405,1.431620528497761,0.0,daily,5,seed42,daily|R06|A_lag1,,5,,,,,,,,,,,,,,
SeasonalNaive(s=7),R06,A_lag1,pacf_train,1,1,1473,315,317,2014-01-03,2018-01-14,2018-01-15,2018-11-25,2018-11-26,2019-10-08,{},0,none,42,9.546223492063492,3.089696343018759,2.336063492063492,-0.2424867869236748,0.8790230744679456,83.76773845957486,1.4661327819832108,10.220126498422712,3.1968932572769324,2.403753943217666,-0.4351118650719232,0.8880492499424167,79.71016355745981,1.3420733814878152,0.0,daily,5,seed42,daily|R06|A_lag1,,5,,,,,,,,,,,,,,
S1 [linear],R06,A_lag1,pacf_train,1,1,1473,315,317,2014-01-03,2018-01-14,2018-01-15,2018-11-25,2018-11-26,2019-10-08,{},0,none,42,7.041915450053448,2.65366076393601,1.9937033643500504,0.0834609195354361,0.7549703221096851,67.28898489770721,1.5434353427329148,6.482149897726687,2.5460066570468127,1.8974653696979376,0.0897754317583048,0.7072426634803226,62.52055378314043,0.9984928028599572,0.005,daily,5,seed42,daily|R06|A_lag1,,5,linear,0.0,2.65366076393601,0.0,,2.5460066570468127,,,,,,,,
AR-LRX [linear],R06,A_lag1,pacf_train,1,1,1473,315,317,2014-01-03,2018-01-14,2018-01-15,2018-11-25,2018-11-26,2019-10-08,"{""colsample_bytree"": 0.8, ""learning_rate"": 0.05, ""max_depth"": 3, ""n_estimators"": 100, ""subsample"": 0.8}",132,none,42,7.041915450053448,2.65366076393601,1.9937033643500504,0.0834609195354361,0.7549703221096851,67.28898489770721,1.5434353427329148,6.482149897726687,2.5460066570468127,1.8974653696979376,0.0897754317583048,0.7072426634803226,62.52055378314043,0.9984928028599572,9.317,daily,5,seed42,daily|R06|A_lag1,-0.0459051027548118,5,linear,0.0,2.65366076393601,0.0,-0.088748669641681,2.5460066570468127,5.0,,,,,,,
AR-LRX-g [linear],R06,A_lag1,pacf_train,1,1,1473,315,317,2014-01-03,2018-01-14,2018-01-15,2018-11-25,2018-11-26,2019-10-08,"{""colsample_bytree"": 0.8, ""learning_rate"": 0.05, ""max_depth"": 3, ""n_estimators"": 100, ""subsample"": 0.8}",132,none,42,7.041915450053448,2.65366076393601,1.9937033643500504,0.0834609195354361,0.7549703221096851,67.28898489770721,1.5434353427329148,6.482149897726687,2.5460066570468127,1.8974653696979376,0.0897754317583048,0.7072426634803226,62.52055378314043,0.9984928028599572,14.737,daily,5,seed42,daily|R06|A_lag1,-0.0459051027548118,5,linear,0.0,2.65366076393601,0.0,-0.088748669641681,2.5460066570468127,5.0,False,global,1.0,"{""0"": 0.0}",0.0,0.0,2.65366076393601
AR-LRX-Aug [linear],R06,A_lag1,pacf_train,1,1,1473,315,317,2014-01-03,2018-01-14,2018-01-15,2018-11-25,2018-11-26,2019-10-08,"{""colsample_bytree"": 0.8, ""learning_rate"": 0.05, ""max_depth"": 5, ""n_estimators"": 100, ""subsample"": 0.8}",132,none,42,7.033847321480303,2.6521401398644646,1.9962569247139788,0.0845110251772817,0.7545377023638967,67.32712012189818,1.5436051941031408,6.47796358237212,2.5451843906428704,1.8987061745671368,0.0903632748576244,0.7070142501413373,62.5174192159201,0.9962837175028958,8.765,daily,5,seed42,daily|R06|A_lag1,-0.0623874790913139,5,linear,0.1999999999999999,2.65366076393601,0.0573,-0.0757871136712267,2.5460066570468127,5.0,True,global,1.0,"{""0"": 0.2}",0.2,0.2,2.660206435173835
XGBoost,R06,A_lag1,pacf_train,1,1,1473,315,317,2014-01-03,2018-01-14,2018-01-15,2018-11-25,2018-11-26,2019-10-08,"{""colsample_bytree"": 0.8, ""learning_rate"": 0.05, ""max_depth"": 3, ""n_estimators"": 100, ""subsample"": 0.8}",12,none,42,7.228240714349805,2.688538769359632,2.0255604949224564,0.0592097924640079,0.7648931650544474,67.98405114229779,1.5384278643908864,6.4934038579783815,2.5482158185637225,1.9005164637700989,0.0881951487854133,0.7078563355895267,62.66185108888153,1.0122770332847484,7.129,daily,5,seed42,daily|R06|A_lag1,,5,,,,,,,,,,,,,,
"LR-XGB (residual, tanpa gerbang)",R06,A_lag1,pacf_train,1,1,1473,315,317,2014-01-03,2018-01-14,2018-01-15,2018-11-25,2018-11-26,2019-10-08,"{""colsample_bytree"": 0.8, ""learning_rate"": 0.05, ""max_depth"": 3, ""n_estimators"": 100, ""subsample"": 0.8}",12,none,42,7.249337473341095,2.692459372644478,2.030670751854809,0.0564639480664423,0.7660085823545978,68.09037805075556,1.5439286439593085,6.472888186389073,2.544187136668424,1.90116264919962,0.0910759628068716,0.7067372278660413,62.67970071782091,1.0121392083526768,7.687,daily,5,seed42,daily|R06|A_lag1,,5,,,,,,,5.0,,,,,,,
Naive,R06,B_rich,pacf_train,1,1,1473,315,317,2014-01-03,2018-01-14,2018-01-15,2018-11-25,2018-11-26,2019-10-08,{},0,none,42,9.688604444444444,3.112652316665715,2.3900952380952383,-0.2610183509699195,0.8855540821438769,82.50612949788051,1.508581024997902,9.05630599369085,3.0093697004008746,2.3206940063091483,-0.2716879959630176,0.8359580036515833,78.61483989833405,1.431620528497761,0.0,daily,5,seed42,daily|R06|B_rich,,5,,,,,,,,,,,,,,
SeasonalNaive(s=7),R06,B_rich,pacf_train,1,1,1473,315,317,2014-01-03,2018-01-14,2018-01-15,2018-11-25,2018-11-26,2019-10-08,{},0,none,42,9.546223492063492,3.089696343018759,2.336063492063492,-0.2424867869236748,0.8790230744679456,83.76773845957486,1.4661327819832108,10.220126498422712,3.1968932572769324,2.403753943217666,-0.4351118650719232,0.8880492499424167,79.71016355745981,1.3420733814878152,0.0,daily,5,seed42,daily|R06|B_rich,,5,,,,,,,,,,,,,,
S1 [linear],R06,B_rich,pacf_train,1,1,1473,315,317,2014-01-03,2018-01-14,2018-01-15,2018-11-25,2018-11-26,2019-10-08,{},0,none,42,7.041915450053448,2.65366076393601,1.9937033643500504,0.0834609195354361,0.7549703221096851,67.28898489770721,1.5434353427329148,6.482149897726687,2.5460066570468127,1.8974653696979376,0.0897754317583048,0.7072426634803226,62.52055378314043,0.9984928028599572,0.008,daily,5,seed42,daily|R06|B_rich,,5,linear,0.0,2.65366076393601,0.0,,2.5460066570468127,,,,,,,,
AR-LRX [linear],R06,B_rich,pacf_train,1,1,1473,315,317,2014-01-03,2018-01-14,2018-01-15,2018-11-25,2018-11-26,2019-10-08,"{""colsample_bytree"": 0.8, ""learning_rate"": 0.05, ""max_depth"": 3, ""n_estimators"": 100, ""subsample"": 0.8}",132,none,42,7.041915450053448,2.65366076393601,1.9937033643500504,0.0834609195354361,0.7549703221096851,67.28898489770721,1.5434353427329148,6.482149897726687,2.5460066570468127,1.8974653696979376,0.0897754317583048,0.7072426634803226,62.52055378314043,0.9984928028599572,6.287,daily,5,seed42,daily|R06|B_rich,-0.0459051027548118,5,linear,0.0,2.65366076393601,0.0,-0.088748669641681,2.5460066570468127,5.0,,,,,,,
AR-LRX-g [linear],R06,B_rich,pacf_train,1,1,1473,315,317,2014-01-03,2018-01-14,2018-01-15,2018-11-25,2018-11-26,2019-10-08,"{""colsample_bytree"": 0.8, ""learning_rate"": 0.05, ""max_depth"": 3, ""n_estimators"": 100, ""subsample"": 0.8}",132,none,42,7.041915450053448,2.65366076393601,1.9937033643500504,0.0834609195354361,0.7549703221096851,67.28898489770721,1.5434353427329148,6.482149897726687,2.5460066570468127,1.8974653696979376,0.0897754317583048,0.7072426634803226,62.52055378314043,0.9984928028599572,7.693,daily,5,seed42,daily|R06|B_rich,-0.0459051027548118,5,linear,0.0,2.65366076393601,0.0,-0.088748669641681,2.5460066570468127,5.0,False,global,1.0,"{""0"": 0.0}",0.0,0.0,2.65366076393601
AR-LRX-Aug [linear],R06,B_rich,pacf_train,1,1,1473,315,317,2014-01-03,2018-01-14,2018-01-15,2018-11-25,2018-11-26,2019-10-08,"{""colsample_bytree"": 0.8, ""learning_rate"": 0.05, ""max_depth"": 5, ""n_estimators"": 100, ""subsample"": 0.8}",132,none,42,7.033847321480303,2.6521401398644646,1.9962569247139788,0.0845110251772817,0.7545377023638967,67.32712012189818,1.5436051941031408,6.47796358237212,2.5451843906428704,1.8987061745671368,0.0903632748576244,0.7070142501413373,62.5174192159201,0.9962837175028958,6.701,daily,5,seed42,daily|R06|B_rich,-0.0623874790913139,5,linear,0.1999999999999999,2.65366076393601,0.0573,-0.0757871136712267,2.5460066570468127,5.0,True,global,1.0,"{""0"": 0.2}",0.2,0.2,2.660206435173835
XGBoost,R06,B_rich,pacf_train,1,1,1473,315,317,2014-01-03,2018-01-14,2018-01-15,2018-11-25,2018-11-26,2019-10-08,"{""colsample_bytree"": 0.8, ""learning_rate"": 0.05, ""max_depth"": 3, ""n_estimators"": 100, ""subsample"": 0.8}",12,none,42,7.228240714349805,2.688538769359632,2.0255604949224564,0.0592097924640079,0.7648931650544474,67.98405114229779,1.5384278643908864,6.4934038579783815,2.5482158185637225,1.9005164637700989,0.0881951487854133,0.7078563355895267,62.66185108888153,1.0122770332847484,4.785,daily,5,seed42,daily|R06|B_rich,,5,,,,,,,,,,,,,,
"LR-XGB (residual, tanpa gerbang)",R06,B_rich,pacf_train,1,1,1473,315,317,2014-01-03,2018-01-14,2018-01-15,2018-11-25,2018-11-26,2019-10-08,"{""colsample_bytree"": 0.8, ""learning_rate"": 0.05, ""max_depth"": 3, ""n_estimators"": 100, ""subsample"": 0.8}",12,none,42,7.249337473341095,2.692459372644478,2.030670751854809,0.0564639480664423,0.7660085823545978,68.09037805075556,1.5439286439593085,6.472888186389073,2.544187136668424,1.90116264919962,0.0910759628068716,0.7067372278660413,62.67970071782091,1.0121392083526768,4.863,daily,5,seed42,daily|R06|B_rich,,5,,,,,,,5.0,,,,,,,
Naive,M01AB,A_lag1,pacf_train,1,2,210,45,45,2014-01-19,2018-01-21,2018-01-28,2018-12-02,2018-12-09,2019-10-13,{},0,none,42,116.87771555555555,10.810999748198848,8.296888888888889,-1.3783796475988883,0.3138819099371895,23.32963922164917,0.3176660823344512,119.25805777777776,10.92053376798853,8.319555555555553,-0.6164832561297386,0.2969670352242758,22.935915307261524,0.6606806987698898,0.0,weekly,2,seed42,weekly|M01AB|A_lag1,,5,,,,,,,,,,,,,,
SeasonalNaive(s=52),M01AB,A_lag1,pacf_train,1,2,210,45,45,2014-01-19,2018-01-21,2018-01-28,2018-12-02,2018-12-09,2019-10-13,{},0,none,42,129.6039682534853,11.384373863040746,8.50768518511111,-1.6373499762289798,0.330529007011177,24.06189369717972,0.3865061773117904,115.75853111111113,10.759113862726387,9.071777777777775,-0.5690489245092532,0.2925774704181673,26.511852462194813,0.5543948566692719,0.0,weekly,2,seed42,weekly|M01AB|A_lag1,,5,,,,,,,,,,,,,,
S1 [linear],M01AB,A_lag1,pacf_train,1,2,210,45,45,2014-01-19,2018-01-21,2018-01-28,2018-12-02,2018-12-09,2019-10-13,{},0,none,42,58.25809865115139,7.6326993030743315,6.062764552912976,-0.1855115021806272,0.2216045038410411,17.337583988198872,0.2288240041505057,76.0256622599075,8.71926959440454,6.422269794233635,-0.0304897829907042,0.2371070586642601,18.51808775832242,0.5814653539143978,0.008,weekly,2,seed42,weekly|M01AB|A_lag1,,5,linear,0.0,7.6326993030743315,0.0,,8.71926959440454,,,,,,,,
AR-LRX [linear],M01AB,A_lag1,pacf_train,1,2,210,45,45,2014-01-19,2018-01-21,2018-01-28,2018-12-02,2018-12-09,2019-10-13,"{""colsample_bytree"": 0.8, ""learning_rate"": 0.05, ""max_depth"": 3, ""n_estimators"": 100, ""subsample"": 0.8}",132,none,42,58.25809865115139,7.6326993030743315,6.062764552912976,-0.1855115021806272,0.2216045038410411,17.337583988198872,0.2288240041505057,76.0256622599075,8.71926959440454,6.422269794233635,-0.0304897829907042,0.2371070586642601,18.51808775832242,0.5814653539143978,4.863,weekly,2,seed42,weekly|M01AB|A_lag1,-0.0701408892297246,5,linear,0.0,7.6326993030743315,0.0,-0.2503921726089466,8.71926959440454,5.0,,,,,,,
AR-LRX-g [linear],M01AB,A_lag1,pacf_train,1,2,210,45,45,2014-01-19,2018-01-21,2018-01-28,2018-12-02,2018-12-09,2019-10-13,"{""colsample_bytree"": 0.8, ""learning_rate"": 0.05, ""max_depth"": 3, ""n_estimators"": 100, ""subsample"": 0.8}",132,none,42,58.25809865115139,7.6326993030743315,6.062764552912976,-0.1855115021806272,0.2216045038410411,17.337583988198872,0.2288240041505057,76.0256622599075,8.71926959440454,6.422269794233635,-0.0304897829907042,0.2371070586642601,18.51808775832242,0.5814653539143978,4.814,weekly,2,seed42,weekly|M01AB|A_lag1,-0.0701408892297246,5,linear,0.0,7.6326993030743315,0.0,-0.2503921726089466,8.71926959440454,5.0,False,global,1.0,"{""0"": 0.0}",0.0,0.0,7.6326993030743315
AR-LRX-Aug [linear],M01AB,A_lag1,pacf_train,1,2,210,45,45,2014-01-19,2018-01-21,2018-01-28,2018-12-02,2018-12-09,2019-10-13,"{""colsample_bytree"": 0.8, ""learning_rate"": 0.05, ""max_depth"": 3, ""n_estimators"": 500, ""subsample"": 0.8}",132,none,42,58.25809865115139,7.6326993030743315,6.062764552912976,-0.1855115021806272,0.2216045038410411,17.337583988198872,0.2288240041505057,76.0256622599075,8.71926959440454,6.422269794233635,-0.0304897829907042,0.2371070586642601,18.51808775832242,0.5814653539143978,5.787,weekly,2,seed42,weekly|M01AB|A_lag1,-0.1445299867782583,5,linear,0.0,7.6326993030743315,0.0,-0.3436220156221292,8.71926959440454,5.0,True,global,1.0,"{""0"": 0.0}",0.0,0.0,7.6326993030743315
XGBoost,M01AB,A_lag1,pacf_train,1,2,210,45,45,2014-01-19,2018-01-21,2018-01-28,2018-12-02,2018-12-09,2019-10-13,"{""colsample_bytree"": 0.8, ""learning_rate"": 0.05, ""max_depth"": 3, ""n_estimators"": 100, ""subsample"": 0.8}",12,none,42,65.97469678301235,8.12248094999381,6.179791573418511,-0.3425388692734927,0.2358246132081587,17.68829609227071,0.2308532733939561,78.96787195279003,8.886386889663877,6.5979072367350255,-0.0703699621013642,0.2416515551845072,19.058644348776905,0.5765826234359173,4.688,weekly,2,seed42,weekly|M01AB|A_lag1,,5,,,,,,,,,,,,,,
"LR-XGB (residual, tanpa gerbang)",M01AB,A_lag1,pacf_train,1,2,210,45,45,2014-01-19,2018-01-21,2018-01-28,2018-12-02,2018-12-09,2019-10-13,"{""colsample_bytree"": 0.8, ""learning_rate"": 0.05, ""max_depth"": 3, ""n_estimators"": 100, ""subsample"": 0.8}",12,none,42,72.58984358223013,8.519967346312434,6.389123291501302,-0.4771524732300138,0.247365062024775,18.442677077623628,0.2388043316126619,79.47007996090798,8.914599259692382,6.545516848596289,-0.0771771401767411,0.2424187469776936,18.843031713262093,0.5796655462488663,5.853,weekly,2,seed42,weekly|M01AB|A_lag1,,5,,,,,,,5.0,,,,,,,
Naive,M01AB,B_rich,pacf_train,3,2,210,45,45,2014-01-19,2018-01-21,2018-01-28,2018-12-02,2018-12-09,2019-10-13,{},0,none,42,116.87771555555555,10.810999748198848,8.296888888888889,-1.3783796475988883,0.3138819099371895,23.32963922164917,0.3176660823344512,119.25805777777776,10.92053376798853,8.319555555555553,-0.6164832561297386,0.2969670352242758,22.935915307261524,0.6606806987698898,0.0,weekly,2,seed42,weekly|M01AB|B_rich,,5,,,,,,,,,,,,,,
SeasonalNaive(s=52),M01AB,B_rich,pacf_train,3,2,210,45,45,2014-01-19,2018-01-21,2018-01-28,2018-12-02,2018-12-09,2019-10-13,{},0,none,42,129.6039682534853,11.384373863040746,8.50768518511111,-1.6373499762289798,0.330529007011177,24.06189369717972,0.3865061773117904,115.75853111111113,10.759113862726387,9.071777777777775,-0.5690489245092532,0.2925774704181673,26.511852462194813,0.5543948566692719,0.0,weekly,2,seed42,weekly|M01AB|B_rich,,5,,,,,,,,,,,,,,
S1 [linear],M01AB,B_rich,pacf_train,3,2,210,45,45,2014-01-19,2018-01-21,2018-01-28,2018-12-02,2018-12-09,2019-10-13,{},0,none,42,53.0614683834258,7.284330331844225,5.794794692892386,-0.0797637160769535,0.2114901091875053,16.615655355185332,0.2185907443432074,75.19148156849673,8.671302184129944,6.475317760284488,-0.019182881424649,0.2358026590882624,18.69895700095755,0.5749275958283854,0.007,weekly,2,seed42,weekly|M01AB|B_rich,,5,linear,0.0,7.284330331844225,0.0,,8.671302184129944,,,,,,,,
AR-LRX [linear],M01AB,B_rich,pacf_train,3,2,210,45,45,2014-01-19,2018-01-21,2018-01-28,2018-12-02,2018-12-09,2019-10-13,"{""colsample_bytree"": 0.8, ""learning_rate"": 0.05, ""max_depth"": 3, ""n_estimators"": 100, ""subsample"": 0.8}",132,none,42,53.0614683834258,7.284330331844225,5.794794692892386,-0.0797637160769535,0.2114901091875053,16.615655355185332,0.2185907443432074,75.19148156849673,8.671302184129944,6.475317760284488,-0.019182881424649,0.2358026590882624,18.69895700095755,0.5749275958283854,5.461,weekly,2,seed42,weekly|M01AB|B_rich,-0.2131973818833226,5,linear,0.0,7.284330331844225,0.0,-0.2303714389721964,8.671302184129944,5.0,,,,,,,
AR-LRX-g [linear],M01AB,B_rich,pacf_train,3,2,210,45,45,2014-01-19,2018-01-21,2018-01-28,2018-12-02,2018-12-09,2019-10-13,"{""colsample_bytree"": 0.8, ""learning_rate"": 0.05, ""max_depth"": 3, ""n_estimators"": 100, ""subsample"": 0.8}",132,none,42,53.0614683834258,7.284330331844225,5.794794692892386,-0.0797637160769535,0.2114901091875053,16.615655355185332,0.2185907443432074,75.19148156849673,8.671302184129944,6.475317760284488,-0.019182881424649,0.2358026590882624,18.69895700095755,0.5749275958283854,4.641,weekly,2,seed42,weekly|M01AB|B_rich,-0.2131973818833226,5,linear,0.0,7.284330331844225,0.0,-0.2303714389721964,8.671302184129944,5.0,False,global,1.0,"{""0"": 0.0}",0.0,0.0,7.284330331844225
AR-LRX-Aug [linear],M01AB,B_rich,pacf_train,3,2,210,45,45,2014-01-19,2018-01-21,2018-01-28,2018-12-02,2018-12-09,2019-10-13,"{""colsample_bytree"": 0.8, ""learning_rate"": 0.05, ""max_depth"": 3, ""n_estimators"": 300, ""subsample"": 0.8}",132,none,42,52.821503198072485,7.267840339335509,5.733966389333519,-0.0748805926323878,0.2110113458479401,16.42719264748638,0.2172874438453522,73.72064672999271,8.586072835120413,6.400119980049979,0.0007535483082948,0.2334849786866278,18.525776396595845,0.5565145304959719,5.767,weekly,2,seed42,weekly|M01AB|B_rich,-0.0840285218429344,5,linear,0.1999999999999999,7.284330331844225,0.2264,-0.153200854775739,8.671302184129944,5.0,True,global,1.0,"{""0"": 0.2}",0.2,0.2,7.2722086770685666
XGBoost,M01AB,B_rich,pacf_train,3,2,210,45,45,2014-01-19,2018-01-21,2018-01-28,2018-12-02,2018-12-09,2019-10-13,"{""colsample_bytree"": 0.8, ""learning_rate"": 0.05, ""max_depth"": 3, ""n_estimators"": 100, ""subsample"": 0.8}",12,none,42,66.26731672822334,8.140473986705157,6.357846669514973,-0.3484934802005046,0.2363470152856787,18.09696871042473,0.2380522616862207,82.04073466536177,9.057634054506826,6.798825690375434,-0.1120210774709724,0.2463083571242663,19.699105700147648,0.5557266108384038,4.624,weekly,2,seed42,weekly|M01AB|B_rich,,5,,,,,,,,,,,,,,
"LR-XGB (residual, tanpa gerbang)",M01AB,B_rich,pacf_train,3,2,210,45,45,2014-01-19,2018-01-21,2018-01-28,2018-12-02,2018-12-09,2019-10-13,"{""colsample_bytree"": 0.8, ""learning_rate"": 0.05, ""max_depth"": 3, ""n_estimators"": 100, ""subsample"": 0.8}",12,none,42,65.14412676651165,8.071191161564174,6.443161358945559,-0.3256373511888739,0.2343354875835604,18.552531800755418,0.2336894836584623,90.54590519139188,9.51556121263438,7.109682962884311,-0.2273044050887536,0.2587609783410464,20.671256389850143,0.5733924004464791,5.025,weekly,2,seed42,weekly|M01AB|B_rich,,5,,,,,,,5.0,,,,,,,
Naive,M01AE,A_lag1,pacf_train,1,1,210,45,46,2014-01-12,2018-01-14,2018-01-21,2018-11-25,2018-12-02,2019-10-13,{},0,none,42,45.908203888888885,6.775559304506816,5.505622222222224,-0.5028531878042071,0.2521991261150493,20.14832613520521,0.2609274473557304,99.00320602173912,9.9500354784161,7.71463043478261,0.0553625698283433,0.3759201938377401,30.265748716527487,0.717837483642111,0.0,weekly,2,seed42,weekly|M01AE|A_lag1,,5,,,,,,,,,,,,,,
SeasonalNaive(s=52),M01AE,A_lag1,pacf_train,1,1,210,45,46,2014-01-12,2018-01-14,2018-01-21,2018-11-25,2018-12-02,2019-10-13,{},0,none,42,57.89583167521637,7.608931046817047,5.929825926,-0.8952807520908783,0.2832187978047084,22.669814585063577,0.2870582277992738,110.82956356521738,10.527562090304544,7.920347826086957,-0.0574784223685096,0.3977396050708463,29.493879602230432,0.6388227637679597,0.0,weekly,2,seed42,weekly|M01AE|A_lag1,,5,,,,,,,,,,,,,,
S1 [linear],M01AE,A_lag1,pacf_train,1,1,210,45,46,2014-01-12,2018-01-14,2018-01-21,2018-11-25,2018-12-02,2019-10-13,{},0,none,42,28.86272463150085,5.372403989975144,4.376200802707008,0.0551484474071438,0.1999710327245609,16.335850128153716,0.2131124701590943,85.1469526480301,9.227510641989534,7.280131693320726,0.1875717790520701,0.3486226352359398,27.57759171854261,0.6299231042993104,0.006,weekly,2,seed42,weekly|M01AE|A_lag1,,5,linear,0.0,5.372403989975144,0.0,,9.227510641989534,,,,,,,,
AR-LRX [linear],M01AE,A_lag1,pacf_train,1,1,210,45,46,2014-01-12,2018-01-14,2018-01-21,2018-11-25,2018-12-02,2019-10-13,"{""colsample_bytree"": 0.8, ""learning_rate"": 0.05, ""max_depth"": 3, ""n_estimators"": 100, ""subsample"": 0.8}",132,none,42,28.726479177932983,5.3597088706321525,4.35870607338803,0.0596085851793352,0.199498496383229,16.257108545746128,0.2078128548254241,84.61079026463172,9.198412377395988,7.237606522837052,0.1926875634429002,0.3475232798326272,27.4622195209679,0.6289359905696627,4.577,weekly,2,seed42,weekly|M01AE|A_lag1,-0.0128860402350439,5,linear,0.2,5.372403989975144,0.2363,-0.1159922050104245,9.227510641989534,5.0,,,,,,,
AR-LRX-g [linear],M01AE,A_lag1,pacf_train,1,1,210,45,46,2014-01-12,2018-01-14,2018-01-21,2018-11-25,2018-12-02,2019-10-13,"{""colsample_bytree"": 0.8, ""learning_rate"": 0.05, ""max_depth"": 3, ""n_estimators"": 100, ""subsample"": 0.8}",132,none,42,28.726479177932983,5.3597088706321525,4.35870607338803,0.0596085851793352,0.199498496383229,16.257108545746128,0.2078128548254241,84.61079023917894,9.198412376012447,7.2376065205046975,0.1926875636857575,0.347523279780356,27.46221951354333,0.6289359905979631,4.519,weekly,2,seed42,weekly|M01AE|A_lag1,-0.0128860402350439,5,linear,0.1999999999999999,5.372403989975144,0.2363,-0.1159922050104245,9.227510641989534,5.0,False,global,1.0,"{""0"": 0.2}",0.2,0.2,5.878551765474445
AR-LRX-Aug [linear],M01AE,A_lag1,pacf_train,1,1,210,45,46,2014-01-12,2018-01-14,2018-01-21,2018-11-25,2018-12-02,2019-10-13,"{""colsample_bytree"": 0.8, ""learning_rate"": 0.1, ""max_depth"": 3, ""n_estimators"": 100, ""subsample"": 0.8}",132,none,42,28.763473819242776,5.363158940330109,4.330041430515534,0.0583975268081854,0.1996269144995433,16.1499836359118,0.2118405964661928,84.44977530111976,9.18965588589256,7.251084676667689,0.1942238850173524,0.3471924526722169,27.49105422544919,0.626436507851195,4.574,weekly,2,seed42,weekly|M01AE|A_lag1,0.0335691990158089,5,linear,0.0999999999999999,5.372403989975144,0.1721,-0.1898894689544872,9.227510641989534,5.0,True,global,1.0,"{""0"": 0.1}",0.1,0.1,5.368326624928507
XGBoost,M01AE,A_lag1,pacf_train,1,1,210,45,46,2014-01-12,2018-01-14,2018-01-21,2018-11-25,2018-12-02,2019-10-13,"{""colsample_bytree"": 0.8, ""learning_rate"": 0.05, ""max_depth"": 3, ""n_estimators"": 100, ""subsample"": 0.8}",12,none,42,30.955241784446137,5.563743504552141,4.351468146091037,-0.0133522955417635,0.207093051173355,16.089591762024096,0.2001393852197442,92.9774933385195,9.642483774345669,7.492563684214715,0.1128568063561934,0.3643006477104847,28.16715782247377,0.6276418614819219,4.068,weekly,2,seed42,weekly|M01AE|A_lag1,,5,,,,,,,,,,,,,,
"LR-XGB (residual, tanpa gerbang)",M01AE,A_lag1,pacf_train,1,1,210,45,46,2014-01-12,2018-01-14,2018-01-21,2018-11-25,2018-12-02,2019-10-13,"{""colsample_bytree"": 0.8, ""learning_rate"": 0.05, ""max_depth"": 3, ""n_estimators"": 100, ""subsample"": 0.8}",12,none,42,31.970726086854864,5.6542661846480895,4.442514033954427,-0.0465952388887467,0.2104624764543949,16.414808027404238,0.2015980726145726,85.59014188129738,9.251494035089545,7.326003496014311,0.1833430964142429,0.3495287467571096,27.67423434556565,0.6285565555120503,4.537,weekly,2,seed42,weekly|M01AE|A_lag1,,5,,,,,,,5.0,,,,,,,
Naive,M01AE,B_rich,pacf_train,1,1,210,45,46,2014-01-12,2018-01-14,2018-01-21,2018-11-25,2018-12-02,2019-10-13,{},0,none,42,45.908203888888885,6.775559304506816,5.505622222222224,-0.5028531878042071,0.2521991261150493,20.14832613520521,0.2609274473557304,99.00320602173912,9.9500354784161,7.71463043478261,0.0553625698283433,0.3759201938377401,30.265748716527487,0.717837483642111,0.0,weekly,2,seed42,weekly|M01AE|B_rich,,5,,,,,,,,,,,,,,
SeasonalNaive(s=52),M01AE,B_rich,pacf_train,1,1,210,45,46,2014-01-12,2018-01-14,2018-01-21,2018-11-25,2018-12-02,2019-10-13,{},0,none,42,57.89583167521637,7.608931046817047,5.929825926,-0.8952807520908783,0.2832187978047084,22.669814585063577,0.2870582277992738,110.82956356521738,10.527562090304544,7.920347826086957,-0.0574784223685096,0.3977396050708463,29.493879602230432,0.6388227637679597,0.0,weekly,2,seed42,weekly|M01AE|B_rich,,5,,,,,,,,,,,,,,
S1 [linear],M01AE,B_rich,pacf_train,1,1,210,45,46,2014-01-12,2018-01-14,2018-01-21,2018-11-25,2018-12-02,2019-10-13,{},0,none,42,28.86272463150085,5.372403989975144,4.376200802707008,0.0551484474071438,0.1999710327245609,16.335850128153716,0.2131124701590943,85.1469526480301,9.227510641989534,7.280131693320726,0.1875717790520701,0.3486226352359398,27.57759171854261,0.6299231042993104,0.007,weekly,2,seed42,weekly|M01AE|B_rich,,5,linear,0.0,5.372403989975144,0.0,,9.227510641989534,,,,,,,,
AR-LRX [linear],M01AE,B_rich,pacf_train,1,1,210,45,46,2014-01-12,2018-01-14,2018-01-21,2018-11-25,2018-12-02,2019-10-13,"{""colsample_bytree"": 0.8, ""learning_rate"": 0.05, ""max_depth"": 3, ""n_estimators"": 100, ""subsample"": 0.8}",132,none,42,28.726479177932983,5.3597088706321525,4.35870607338803,0.0596085851793352,0.199498496383229,16.257108545746128,0.2078128548254241,84.61079026463172,9.198412377395988,7.237606522837052,0.1926875634429002,0.3475232798326272,27.4622195209679,0.6289359905696627,4.422,weekly,2,seed42,weekly|M01AE|B_rich,-0.0128860402350439,5,linear,0.2,5.372403989975144,0.2363,-0.1159922050104245,9.227510641989534,5.0,,,,,,,
AR-LRX-g [linear],M01AE,B_rich,pacf_train,1,1,210,45,46,2014-01-12,2018-01-14,2018-01-21,2018-11-25,2018-12-02,2019-10-13,"{""colsample_bytree"": 0.8, ""learning_rate"": 0.05, ""max_depth"": 3, ""n_estimators"": 100, ""subsample"": 0.8}",132,none,42,28.726479177932983,5.3597088706321525,4.35870607338803,0.0596085851793352,0.199498496383229,16.257108545746128,0.2078128548254241,84.61079023917894,9.198412376012447,7.2376065205046975,0.1926875636857575,0.347523279780356,27.46221951354333,0.6289359905979631,4.492,weekly,2,seed42,weekly|M01AE|B_rich,-0.0128860402350439,5,linear,0.1999999999999999,5.372403989975144,0.2363,-0.1159922050104245,9.227510641989534,5.0,False,global,1.0,"{""0"": 0.2}",0.2,0.2,5.878551765474445
AR-LRX-Aug [linear],M01AE,B_rich,pacf_train,1,1,210,45,46,2014-01-12,2018-01-14,2018-01-21,2018-11-25,2018-12-02,2019-10-13,"{""colsample_bytree"": 0.8, ""learning_rate"": 0.1, ""max_depth"": 3, ""n_estimators"": 100, ""subsample"": 0.8}",132,none,42,28.763473819242776,5.363158940330109,4.330041430515534,0.0583975268081854,0.1996269144995433,16.1499836359118,0.2118405964661928,84.44977530111976,9.18965588589256,7.251084676667689,0.1942238850173524,0.3471924526722169,27.49105422544919,0.626436507851195,4.241,weekly,2,seed42,weekly|M01AE|B_rich,0.0335691990158089,5,linear,0.0999999999999999,5.372403989975144,0.1721,-0.1898894689544872,9.227510641989534,5.0,True,global,1.0,"{""0"": 0.1}",0.1,0.1,5.368326624928507
XGBoost,M01AE,B_rich,pacf_train,1,1,210,45,46,2014-01-12,2018-01-14,2018-01-21,2018-11-25,2018-12-02,2019-10-13,"{""colsample_bytree"": 0.8, ""learning_rate"": 0.05, ""max_depth"": 3, ""n_estimators"": 100, ""subsample"": 0.8}",12,none,42,30.955241784446137,5.563743504552141,4.351468146091037,-0.0133522955417635,0.207093051173355,16.089591762024096,0.2001393852197442,92.9774933385195,9.642483774345669,7.492563684214715,0.1128568063561934,0.3643006477104847,28.16715782247377,0.6276418614819219,4.332,weekly,2,seed42,weekly|M01AE|B_rich,,5,,,,,,,,,,,,,,
"LR-XGB (residual, tanpa gerbang)",M01AE,B_rich,pacf_train,1,1,210,45,46,2014-01-12,2018-01-14,2018-01-21,2018-11-25,2018-12-02,2019-10-13,"{""colsample_bytree"": 0.8, ""learning_rate"": 0.05, ""max_depth"": 3, ""n_estimators"": 100, ""subsample"": 0.8}",12,none,42,31.970726086854864,5.6542661846480895,4.442514033954427,-0.0465952388887467,0.2104624764543949,16.414808027404238,0.2015980726145726,85.59014188129738,9.251494035089545,7.326003496014311,0.1833430964142429,0.3495287467571096,27.67423434556565,0.6285565555120503,4.456,weekly,2,seed42,weekly|M01AE|B_rich,,5,,,,,,,5.0,,,,,,,
Naive,N02BA,A_lag1,pacf_train,1,1,210,45,46,2014-01-12,2018-01-14,2018-01-21,2018-11-25,2018-12-02,2019-10-13,{},0,none,42,49.19444444444444,7.01387513750027,5.391111111111111,-0.5938228589736254,0.3180094520780979,25.109810773395424,0.3725147465421816,38.93119565217392,6.2394868100007965,5.060869565217392,-0.3633468510784168,0.2954211242448012,25.279798597319925,0.73400085945753,0.0,weekly,2,seed42,weekly|N02BA|A_lag1,,5,,,,,,,,,,,,,,
SeasonalNaive(s=52),N02BA,A_lag1,pacf_train,1,1,210,45,46,2014-01-12,2018-01-14,2018-01-21,2018-11-25,2018-12-02,2019-10-13,{},0,none,42,65.91587345219507,8.118859122573507,6.734814814666667,-1.1355709382177106,0.368109481628018,30.532345050571653,0.437846578175141,51.94179347826088,7.207065524765325,5.744565217391305,-0.8189700930492263,0.3412330957122175,27.667323161502104,0.8050507911847538,0.0,weekly,2,seed42,weekly|N02BA|A_lag1,,5,,,,,,,,,,,,,,
S1 [linear],N02BA,A_lag1,pacf_train,1,1,210,45,46,2014-01-12,2018-01-14,2018-01-21,2018-11-25,2018-12-02,2019-10-13,{},0,none,42,55.76310318721868,7.467469664298522,6.280953746808672,-0.806637102030147,0.3385754507742403,27.31280964135922,0.4743527058695995,47.144018591692,6.866150201655364,5.402531053338721,-0.6509549274676998,0.325091770136531,25.549350364411723,0.9667978071238208,0.006,weekly,2,seed42,weekly|N02BA|A_lag1,,5,linear,0.0,7.467469664298522,0.0,,6.866150201655364,,,,,,,,
AR-LRX [linear],N02BA,A_lag1,pacf_train,1,1,210,45,46,2014-01-12,2018-01-14,2018-01-21,2018-11-25,2018-12-02,2019-10-13,"{""colsample_bytree"": 0.8, ""learning_rate"": 0.05, ""max_depth"": 5, ""n_estimators"": 500, ""subsample"": 0.8}",132,none,42,55.10030062904451,7.422957673935944,6.278960623269953,-0.7851633384754599,0.3365572748887834,27.269060334078173,0.4654365256233672,46.917867695259496,6.849661867220855,5.389408070719584,-0.6430352602867975,0.324311096590149,25.499332113265368,0.9368348452887986,5.135,weekly,2,seed42,weekly|N02BA|A_lag1,-1.6140889088063757,5,linear,0.1,7.467469664298522,0.5961,-2.446559640791663,6.866150201655364,5.0,,,,,,,
AR-LRX-g [linear],N02BA,A_lag1,pacf_train,1,1,210,45,46,2014-01-12,2018-01-14,2018-01-21,2018-11-25,2018-12-02,2019-10-13,"{""colsample_bytree"": 0.8, ""learning_rate"": 0.05, ""max_depth"": 5, ""n_estimators"": 500, ""subsample"": 0.8}",132,none,42,55.10030062904451,7.422957673935944,6.278960623269953,-0.7851633384754599,0.3365572748887834,27.269060334078173,0.4654365256233672,46.91786769103063,6.849661866912164,5.389408071966747,-0.6430352601387053,0.3243110965755335,25.499332119206684,0.9368348448464726,4.519,weekly,2,seed42,weekly|N02BA|A_lag1,-1.6140889088063757,5,linear,0.0999999999999999,7.467469664298522,0.5961,-2.446559640791663,6.866150201655364,5.0,False,global,1.0,"{""0"": 0.1}",0.1,0.1,7.5269174579653
AR-LRX-Aug [linear],N02BA,A_lag1,pacf_train,1,1,210,45,46,2014-01-12,2018-01-14,2018-01-21,2018-11-25,2018-12-02,2019-10-13,"{""colsample_bytree"": 0.8, ""learning_rate"": 0.05, ""max_depth"": 3, ""n_estimators"": 100, ""subsample"": 0.8}",132,none,42,55.76310318721868,7.467469664298522,6.280953746808672,-0.806637102030147,0.3385754507742403,27.31280964135922,0.4743527058695995,47.144018591692,6.866150201655364,5.402531053338721,-0.6509549274676998,0.325091770136531,25.549350364411723,0.9667978071238208,4.373,weekly,2,seed42,weekly|N02BA|A_lag1,-1.3626118236286469,5,linear,0.0,7.467469664298522,0.0,-1.823379861064728,6.866150201655364,5.0,True,global,1.0,"{""0"": 0.0}",0.0,0.0,7.467469664298522
XGBoost,N02BA,A_lag1,pacf_train,1,1,210,45,46,2014-01-12,2018-01-14,2018-01-21,2018-11-25,2018-12-02,2019-10-13,"{""colsample_bytree"": 0.8, ""learning_rate"": 0.05, ""max_depth"": 3, ""n_estimators"": 100, ""subsample"": 0.8}",12,none,42,67.6721896799193,8.226310818338881,6.81726533677843,-1.1924728299444165,0.3729813469272037,28.900227202,0.5011228948549035,51.29036438218966,7.161729147502694,5.5211410356604524,-0.7961574413453227,0.3390865532243569,25.80424506409592,0.9476206007750516,4.938,weekly,2,seed42,weekly|N02BA|A_lag1,,5,,,,,,,,,,,,,,
"LR-XGB (residual, tanpa gerbang)",N02BA,A_lag1,pacf_train,1,1,210,45,46,2014-01-12,2018-01-14,2018-01-21,2018-11-25,2018-12-02,2019-10-13,"{""colsample_bytree"": 0.8, ""learning_rate"": 0.05, ""max_depth"": 3, ""n_estimators"": 100, ""subsample"": 0.8}",12,none,42,64.36183421276668,8.022582764469725,6.489062788093434,-1.0852225037244598,0.3637443067013981,27.58012293811265,0.481006287210162,47.46338240339044,6.889367344204433,5.209826434419364,-0.6621388543862958,0.3261910327141206,24.50082784547761,0.8870672712293275,5.318,weekly,2,seed42,weekly|N02BA|A_lag1,,5,,,,,,,5.0,,,,,,,
Naive,N02BA,B_rich,pacf_train,1,1,210,45,46,2014-01-12,2018-01-14,2018-01-21,2018-11-25,2018-12-02,2019-10-13,{},0,none,42,49.19444444444444,7.01387513750027,5.391111111111111,-0.5938228589736254,0.3180094520780979,25.109810773395424,0.3725147465421816,38.93119565217392,6.2394868100007965,5.060869565217392,-0.3633468510784168,0.2954211242448012,25.279798597319925,0.73400085945753,0.0,weekly,2,seed42,weekly|N02BA|B_rich,,5,,,,,,,,,,,,,,
SeasonalNaive(s=52),N02BA,B_rich,pacf_train,1,1,210,45,46,2014-01-12,2018-01-14,2018-01-21,2018-11-25,2018-12-02,2019-10-13,{},0,none,42,65.91587345219507,8.118859122573507,6.734814814666667,-1.1355709382177106,0.368109481628018,30.532345050571653,0.437846578175141,51.94179347826088,7.207065524765325,5.744565217391305,-0.8189700930492263,0.3412330957122175,27.667323161502104,0.8050507911847538,0.0,weekly,2,seed42,weekly|N02BA|B_rich,,5,,,,,,,,,,,,,,
S1 [linear],N02BA,B_rich,pacf_train,1,1,210,45,46,2014-01-12,2018-01-14,2018-01-21,2018-11-25,2018-12-02,2019-10-13,{},0,none,42,55.76310318721868,7.467469664298522,6.280953746808672,-0.806637102030147,0.3385754507742403,27.31280964135922,0.4743527058695995,47.144018591692,6.866150201655364,5.402531053338721,-0.6509549274676998,0.325091770136531,25.549350364411723,0.9667978071238208,0.005,weekly,2,seed42,weekly|N02BA|B_rich,,5,linear,0.0,7.467469664298522,0.0,,6.866150201655364,,,,,,,,
AR-LRX [linear],N02BA,B_rich,pacf_train,1,1,210,45,46,2014-01-12,2018-01-14,2018-01-21,2018-11-25,2018-12-02,2019-10-13,"{""colsample_bytree"": 0.8, ""learning_rate"": 0.05, ""max_depth"": 5, ""n_estimators"": 500, ""subsample"": 0.8}",132,none,42,55.10030062904451,7.422957673935944,6.278960623269953,-0.7851633384754599,0.3365572748887834,27.269060334078173,0.4654365256233672,46.917867695259496,6.849661867220855,5.389408070719584,-0.6430352602867975,0.324311096590149,25.499332113265368,0.9368348452887986,5.867,weekly,2,seed42,weekly|N02BA|B_rich,-1.6140889088063757,5,linear,0.1,7.467469664298522,0.5961,-2.446559640791663,6.866150201655364,5.0,,,,,,,
AR-LRX-g [linear],N02BA,B_rich,pacf_train,1,1,210,45,46,2014-01-12,2018-01-14,2018-01-21,2018-11-25,2018-12-02,2019-10-13,"{""colsample_bytree"": 0.8, ""learning_rate"": 0.05, ""max_depth"": 5, ""n_estimators"": 500, ""subsample"": 0.8}",132,none,42,55.10030062904451,7.422957673935944,6.278960623269953,-0.7851633384754599,0.3365572748887834,27.269060334078173,0.4654365256233672,46.91786769103063,6.849661866912164,5.389408071966747,-0.6430352601387053,0.3243110965755335,25.499332119206684,0.9368348448464726,5.142,weekly,2,seed42,weekly|N02BA|B_rich,-1.6140889088063757,5,linear,0.0999999999999999,7.467469664298522,0.5961,-2.446559640791663,6.866150201655364,5.0,False,global,1.0,"{""0"": 0.1}",0.1,0.1,7.5269174579653
AR-LRX-Aug [linear],N02BA,B_rich,pacf_train,1,1,210,45,46,2014-01-12,2018-01-14,2018-01-21,2018-11-25,2018-12-02,2019-10-13,"{""colsample_bytree"": 0.8, ""learning_rate"": 0.05, ""max_depth"": 3, ""n_estimators"": 100, ""subsample"": 0.8}",132,none,42,55.76310318721868,7.467469664298522,6.280953746808672,-0.806637102030147,0.3385754507742403,27.31280964135922,0.4743527058695995,47.144018591692,6.866150201655364,5.402531053338721,-0.6509549274676998,0.325091770136531,25.549350364411723,0.9667978071238208,5.189,weekly,2,seed42,weekly|N02BA|B_rich,-1.3626118236286469,5,linear,0.0,7.467469664298522,0.0,-1.823379861064728,6.866150201655364,5.0,True,global,1.0,"{""0"": 0.0}",0.0,0.0,7.467469664298522
XGBoost,N02BA,B_rich,pacf_train,1,1,210,45,46,2014-01-12,2018-01-14,2018-01-21,2018-11-25,2018-12-02,2019-10-13,"{""colsample_bytree"": 0.8, ""learning_rate"": 0.05, ""max_depth"": 3, ""n_estimators"": 100, ""subsample"": 0.8}",12,none,42,67.6721896799193,8.226310818338881,6.81726533677843,-1.1924728299444165,0.3729813469272037,28.900227202,0.5011228948549035,51.29036438218966,7.161729147502694,5.5211410356604524,-0.7961574413453227,0.3390865532243569,25.80424506409592,0.9476206007750516,5.381,weekly,2,seed42,weekly|N02BA|B_rich,,5,,,,,,,,,,,,,,
"LR-XGB (residual, tanpa gerbang)",N02BA,B_rich,pacf_train,1,1,210,45,46,2014-01-12,2018-01-14,2018-01-21,2018-11-25,2018-12-02,2019-10-13,"{""colsample_bytree"": 0.8, ""learning_rate"": 0.05, ""max_depth"": 3, ""n_estimators"": 100, ""subsample"": 0.8}",12,none,42,64.36183421276668,8.022582764469725,6.489062788093434,-1.0852225037244598,0.3637443067013981,27.58012293811265,0.481006287210162,47.46338240339044,6.889367344204433,5.209826434419364,-0.6621388543862958,0.3261910327141206,24.50082784547761,0.8870672712293275,5.048,weekly,2,seed42,weekly|N02BA|B_rich,,5,,,,,,,5.0,,,,,,,
Naive,N02BE,A_lag1,pacf_train,1,1,210,45,46,2014-01-12,2018-01-14,2018-01-21,2018-11-25,2018-12-02,2019-10-13,{},0,none,42,1680.9681508666667,40.999611594095214,33.66975555555555,0.5778299809887086,0.1966083430644854,16.091032387206173,0.1901027589132943,2872.5362513913046,53.59604697541886,41.5418695652174,0.6070022317317492,0.2638605401116403,20.08585888444381,0.3344249193079274,0.0,weekly,2,seed42,weekly|N02BE|A_lag1,,5,,,,,,,,,,,,,,
SeasonalNaive(s=52),N02BE,A_lag1,pacf_train,1,1,210,45,46,2014-01-12,2018-01-14,2018-01-21,2018-11-25,2018-12-02,2019-10-13,{},0,none,42,4928.619016884084,70.20412393074986,52.44873333333334,-0.2378076187729074,0.3366548107569486,28.57719475004721,0.2851328006650804,3827.384787608696,61.86586124518672,46.530130434782606,0.4763673812278127,0.3045739468456235,22.53129637433621,0.3785512957226687,0.0,weekly,2,seed42,weekly|N02BE|A_lag1,,5,,,,,,,,,,,,,,
S1 [linear],N02BE,A_lag1,pacf_train,1,1,210,45,46,2014-01-12,2018-01-14,2018-01-21,2018-11-25,2018-12-02,2019-10-13,{},0,none,42,1499.4320458283644,38.72250051105125,31.647842601792338,0.6234222195303742,0.1856887509121654,15.244489991691704,0.1862344902896344,2636.4831549119726,51.34669565718882,39.33803413707109,0.6392971557955466,0.252786681362296,19.063345346674403,0.3279954691336632,0.008,weekly,2,seed42,weekly|N02BE|A_lag1,,5,linear,0.0,38.72250051105125,0.0,,51.34669565718882,,,,,,,,
AR-LRX [linear],N02BE,A_lag1,pacf_train,1,1,210,45,46,2014-01-12,2018-01-14,2018-01-21,2018-11-25,2018-12-02,2019-10-13,"{""colsample_bytree"": 0.8, ""learning_rate"": 0.05, ""max_depth"": 3, ""n_estimators"": 100, ""subsample"": 0.8}",132,none,42,1499.4320458283644,38.72250051105125,31.647842601792338,0.6234222195303742,0.1856887509121654,15.244489991691704,0.1862344902896344,2636.4831549119726,51.34669565718882,39.33803413707109,0.6392971557955466,0.252786681362296,19.063345346674403,0.3279954691336632,5.013,weekly,2,seed42,weekly|N02BE|A_lag1,0.0759586679121533,5,linear,0.0,38.72250051105125,0.0,-0.6747563632010964,51.34669565718882,5.0,,,,,,,
AR-LRX-g [linear],N02BE,A_lag1,pacf_train,1,1,210,45,46,2014-01-12,2018-01-14,2018-01-21,2018-11-25,2018-12-02,2019-10-13,"{""colsample_bytree"": 0.8, ""learning_rate"": 0.05, ""max_depth"": 3, ""n_estimators"": 100, ""subsample"": 0.8}",132,none,42,1499.4320458283644,38.72250051105125,31.647842601792338,0.6234222195303742,0.1856887509121654,15.244489991691704,0.1862344902896344,2636.4831549119726,51.34669565718882,39.33803413707109,0.6392971557955466,0.252786681362296,19.063345346674403,0.3279954691336632,5.042,weekly,2,seed42,weekly|N02BE|A_lag1,0.0759586679121533,5,linear,0.0,38.72250051105125,0.0,-0.6747563632010964,51.34669565718882,5.0,False,global,1.0,"{""0"": 0.0}",0.0,0.0,39.45447947127989
AR-LRX-Aug [linear],N02BE,A_lag1,pacf_train,1,1,210,45,46,2014-01-12,2018-01-14,2018-01-21,2018-11-25,2018-12-02,2019-10-13,"{""colsample_bytree"": 0.8, ""learning_rate"": 0.05, ""max_depth"": 3, ""n_estimators"": 100, ""subsample"": 0.8}",132,none,42,1490.2711034549422,38.60402962716383,31.704002810176537,0.6257229622386493,0.1851206390867879,15.256608424052434,0.1871900142893205,2612.2288895790107,51.1099685930153,39.17271265862909,0.6426154332036118,0.2516212422201049,19.00445745829733,0.3269391646184816,4.977,weekly,2,seed42,weekly|N02BE|A_lag1,0.044968754989898,5,linear,0.0999999999999999,38.72250051105125,0.3059,-0.5213671007891076,51.34669565718882,5.0,True,global,1.0,"{""0"": 0.1}",0.1,0.1,39.79035935759622
XGBoost,N02BE,A_lag1,pacf_train,1,1,210,45,46,2014-01-12,2018-01-14,2018-01-21,2018-11-25,2018-12-02,2019-10-13,"{""colsample_bytree"": 0.8, ""learning_rate"": 0.05, ""max_depth"": 3, ""n_estimators"": 100, ""subsample"": 0.8}",12,none,42,2335.638184007332,48.32844073635453,35.24635277370877,0.4134116009054086,0.231752796834624,16.020512042445954,0.2257822501096585,2374.291981880481,48.7267070699476,36.3201208190918,0.6751680854700124,0.2398881255409523,18.262068573842782,0.3231572837429486,5.461,weekly,2,seed42,weekly|N02BE|A_lag1,,5,,,,,,,,,,,,,,
"LR-XGB (residual, tanpa gerbang)",N02BE,A_lag1,pacf_train,1,1,210,45,46,2014-01-12,2018-01-14,2018-01-21,2018-11-25,2018-12-02,2019-10-13,"{""colsample_bytree"": 0.8, ""learning_rate"": 0.05, ""max_depth"": 3, ""n_estimators"": 100, ""subsample"": 0.8}",12,none,42,2507.309518535992,50.07304183426439,36.4163365095594,0.3702968693596075,0.2401188061169641,16.393194213958687,0.2275884383789881,2426.904004445557,49.26361745188387,37.45574698453828,0.667970123236415,0.2425314074873657,18.55645141191123,0.3244237291576879,5.17,weekly,2,seed42,weekly|N02BE|A_lag1,,5,,,,,,,5.0,,,,,,,
Naive,N02BE,B_rich,pacf_train,1,1,210,45,46,2014-01-12,2018-01-14,2018-01-21,2018-11-25,2018-12-02,2019-10-13,{},0,none,42,1680.9681508666667,40.999611594095214,33.66975555555555,0.5778299809887086,0.1966083430644854,16.091032387206173,0.1901027589132943,2872.5362513913046,53.59604697541886,41.5418695652174,0.6070022317317492,0.2638605401116403,20.08585888444381,0.3344249193079274,0.0,weekly,2,seed42,weekly|N02BE|B_rich,,5,,,,,,,,,,,,,,
SeasonalNaive(s=52),N02BE,B_rich,pacf_train,1,1,210,45,46,2014-01-12,2018-01-14,2018-01-21,2018-11-25,2018-12-02,2019-10-13,{},0,none,42,4928.619016884084,70.20412393074986,52.44873333333334,-0.2378076187729074,0.3366548107569486,28.57719475004721,0.2851328006650804,3827.384787608696,61.86586124518672,46.530130434782606,0.4763673812278127,0.3045739468456235,22.53129637433621,0.3785512957226687,0.0,weekly,2,seed42,weekly|N02BE|B_rich,,5,,,,,,,,,,,,,,
S1 [linear],N02BE,B_rich,pacf_train,1,1,210,45,46,2014-01-12,2018-01-14,2018-01-21,2018-11-25,2018-12-02,2019-10-13,{},0,none,42,1499.4320458283644,38.72250051105125,31.647842601792338,0.6234222195303742,0.1856887509121654,15.244489991691704,0.1862344902896344,2636.4831549119726,51.34669565718882,39.33803413707109,0.6392971557955466,0.252786681362296,19.063345346674403,0.3279954691336632,0.006,weekly,2,seed42,weekly|N02BE|B_rich,,5,linear,0.0,38.72250051105125,0.0,,51.34669565718882,,,,,,,,
AR-LRX [linear],N02BE,B_rich,pacf_train,1,1,210,45,46,2014-01-12,2018-01-14,2018-01-21,2018-11-25,2018-12-02,2019-10-13,"{""colsample_bytree"": 0.8, ""learning_rate"": 0.05, ""max_depth"": 3, ""n_estimators"": 100, ""subsample"": 0.8}",132,none,42,1499.4320458283644,38.72250051105125,31.647842601792338,0.6234222195303742,0.1856887509121654,15.244489991691704,0.1862344902896344,2636.4831549119726,51.34669565718882,39.33803413707109,0.6392971557955466,0.252786681362296,19.063345346674403,0.3279954691336632,6.556,weekly,2,seed42,weekly|N02BE|B_rich,0.0759586679121533,5,linear,0.0,38.72250051105125,0.0,-0.6747563632010964,51.34669565718882,5.0,,,,,,,
AR-LRX-g [linear],N02BE,B_rich,pacf_train,1,1,210,45,46,2014-01-12,2018-01-14,2018-01-21,2018-11-25,2018-12-02,2019-10-13,"{""colsample_bytree"": 0.8, ""learning_rate"": 0.05, ""max_depth"": 3, ""n_estimators"": 100, ""subsample"": 0.8}",132,none,42,1499.4320458283644,38.72250051105125,31.647842601792338,0.6234222195303742,0.1856887509121654,15.244489991691704,0.1862344902896344,2636.4831549119726,51.34669565718882,39.33803413707109,0.6392971557955466,0.252786681362296,19.063345346674403,0.3279954691336632,6.299,weekly,2,seed42,weekly|N02BE|B_rich,0.0759586679121533,5,linear,0.0,38.72250051105125,0.0,-0.6747563632010964,51.34669565718882,5.0,False,global,1.0,"{""0"": 0.0}",0.0,0.0,39.45447947127989
AR-LRX-Aug [linear],N02BE,B_rich,pacf_train,1,1,210,45,46,2014-01-12,2018-01-14,2018-01-21,2018-11-25,2018-12-02,2019-10-13,"{""colsample_bytree"": 0.8, ""learning_rate"": 0.05, ""max_depth"": 3, ""n_estimators"": 100, ""subsample"": 0.8}",132,none,42,1490.2711034549422,38.60402962716383,31.704002810176537,0.6257229622386493,0.1851206390867879,15.256608424052434,0.1871900142893205,2612.2288895790107,51.1099685930153,39.17271265862909,0.6426154332036118,0.2516212422201049,19.00445745829733,0.3269391646184816,5.244,weekly,2,seed42,weekly|N02BE|B_rich,0.044968754989898,5,linear,0.0999999999999999,38.72250051105125,0.3059,-0.5213671007891076,51.34669565718882,5.0,True,global,1.0,"{""0"": 0.1}",0.1,0.1,39.79035935759622
XGBoost,N02BE,B_rich,pacf_train,1,1,210,45,46,2014-01-12,2018-01-14,2018-01-21,2018-11-25,2018-12-02,2019-10-13,"{""colsample_bytree"": 0.8, ""learning_rate"": 0.05, ""max_depth"": 3, ""n_estimators"": 100, ""subsample"": 0.8}",12,none,42,2335.638184007332,48.32844073635453,35.24635277370877,0.4134116009054086,0.231752796834624,16.020512042445954,0.2257822501096585,2374.291981880481,48.7267070699476,36.3201208190918,0.6751680854700124,0.2398881255409523,18.262068573842782,0.3231572837429486,5.165,weekly,2,seed42,weekly|N02BE|B_rich,,5,,,,,,,,,,,,,,
"LR-XGB (residual, tanpa gerbang)",N02BE,B_rich,pacf_train,1,1,210,45,46,2014-01-12,2018-01-14,2018-01-21,2018-11-25,2018-12-02,2019-10-13,"{""colsample_bytree"": 0.8, ""learning_rate"": 0.05, ""max_depth"": 3, ""n_estimators"": 100, ""subsample"": 0.8}",12,none,42,2507.309518535992,50.07304183426439,36.4163365095594,0.3702968693596075,0.2401188061169641,16.393194213958687,0.2275884383789881,2426.904004445557,49.26361745188387,37.45574698453828,0.667970123236415,0.2425314074873657,18.55645141191123,0.3244237291576879,5.469,weekly,2,seed42,weekly|N02BE|B_rich,,5,,,,,,,5.0,,,,,,,
Naive,N05B,A_lag1,pacf_train,1,1,210,45,46,2014-01-12,2018-01-14,2018-01-21,2018-11-25,2018-12-02,2019-10-13,{},0,none,42,426.96177777777774,20.663053447585565,15.013333333333332,-0.801173853632781,0.3220550724374308,22.340031684847204,0.2828881884247876,240.0434782608696,15.493336576117798,12.104347826086956,-0.5862350330555679,0.2638042206475491,21.2661248034866,0.3667312182996869,0.0,weekly,2,seed42,weekly|N05B|A_lag1,,5,,,,,,,,,,,,,,
SeasonalNaive(s=52),N05B,A_lag1,pacf_train,1,1,210,45,46,2014-01-12,2018-01-14,2018-01-21,2018-11-25,2018-12-02,2019-10-13,{},0,none,42,942.2986433552592,30.696883284060927,24.86833333177778,-2.975165382622386,0.4784426945770095,44.187967319122926,0.440706007994517,457.088695652174,21.379632729590423,16.165217391304346,-2.020494901632767,0.3640298732459134,26.617268981956737,0.5087289643221211,0.0,weekly,2,seed42,weekly|N05B|A_lag1,,5,,,,,,,,,,,,,,
S1 [linear],N05B,A_lag1,pacf_train,1,1,210,45,46,2014-01-12,2018-01-14,2018-01-21,2018-11-25,2018-12-02,2019-10-13,{},0,none,42,280.1724738223089,16.738353378463156,11.053311405027056,-0.1819309376658278,0.2608845601381415,16.80006438157009,0.223534293627507,168.22555190185386,12.970179331908016,9.770105004562676,-0.1116538796018928,0.2208425559919191,17.156348590497235,0.3310900704837283,0.006,weekly,2,seed42,weekly|N05B|A_lag1,,5,linear,0.0,16.738353378463156,0.0,,12.970179331908016,,,,,,,,
AR-LRX [linear],N05B,A_lag1,pacf_train,1,1,210,45,46,2014-01-12,2018-01-14,2018-01-21,2018-11-25,2018-12-02,2019-10-13,"{""colsample_bytree"": 0.8, ""learning_rate"": 0.05, ""max_depth"": 3, ""n_estimators"": 100, ""subsample"": 0.8}",132,none,42,280.1724738223089,16.738353378463156,11.053311405027056,-0.1819309376658278,0.2608845601381415,16.80006438157009,0.223534293627507,168.22555190185386,12.970179331908016,9.770105004562676,-0.1116538796018928,0.2208425559919191,17.156348590497235,0.3310900704837283,5.962,weekly,2,seed42,weekly|N05B|A_lag1,-0.1261116597586833,5,linear,0.0,16.738353378463156,0.0,-0.341410336835678,12.970179331908016,5.0,,,,,,,
AR-LRX-g [linear],N05B,A_lag1,pacf_train,1,1,210,45,46,2014-01-12,2018-01-14,2018-01-21,2018-11-25,2018-12-02,2019-10-13,"{""colsample_bytree"": 0.8, ""learning_rate"": 0.05, ""max_depth"": 3, ""n_estimators"": 100, ""subsample"": 0.8}",132,none,42,280.1724738223089,16.738353378463156,11.053311405027056,-0.1819309376658278,0.2608845601381415,16.80006438157009,0.223534293627507,168.22555190185386,12.970179331908016,9.770105004562676,-0.1116538796018928,0.2208425559919191,17.156348590497235,0.3310900704837283,6.524,weekly,2,seed42,weekly|N05B|A_lag1,-0.1261116597586833,5,linear,0.0,16.738353378463156,0.0,-0.341410336835678,12.970179331908016,5.0,False,global,1.0,"{""0"": 0.0}",0.0,0.0,16.738353378463152
AR-LRX-Aug [linear],N05B,A_lag1,pacf_train,1,1,210,45,46,2014-01-12,2018-01-14,2018-01-21,2018-11-25,2018-12-02,2019-10-13,"{""colsample_bytree"": 0.8, ""learning_rate"": 0.05, ""max_depth"": 3, ""n_estimators"": 100, ""subsample"": 0.8}",132,none,42,280.1724738223089,16.738353378463156,11.053311405027056,-0.1819309376658278,0.2608845601381415,16.80006438157009,0.223534293627507,168.22555190185386,12.970179331908016,9.770105004562676,-0.1116538796018928,0.2208425559919191,17.156348590497235,0.3310900704837283,5.734,weekly,2,seed42,weekly|N05B|A_lag1,-0.1195392475896153,5,linear,0.0,16.738353378463156,0.0,-0.2582249474423557,12.970179331908016,5.0,True,global,1.0,"{""0"": 0.0}",0.0,0.0,16.738353378463152
XGBoost,N05B,A_lag1,pacf_train,1,1,210,45,46,2014-01-12,2018-01-14,2018-01-21,2018-11-25,2018-12-02,2019-10-13,"{""colsample_bytree"": 0.8, ""learning_rate"": 0.05, ""max_depth"": 3, ""n_estimators"": 100, ""subsample"": 0.8}",12,none,42,372.768508581751,19.3072139000362,13.666486460367835,-0.5725550296555906,0.3009229099132824,20.249201460947283,0.2476714024689588,186.54184600753484,13.65803228900616,10.656571512636932,-0.2326900668654588,0.2325545918323525,18.54658861937829,0.3359197602013467,5.445,weekly,2,seed42,weekly|N05B|A_lag1,,5,,,,,,,,,,,,,,
"LR-XGB (residual, tanpa gerbang)",N05B,A_lag1,pacf_train,1,1,210,45,46,2014-01-12,2018-01-14,2018-01-21,2018-11-25,2018-12-02,2019-10-13,"{""colsample_bytree"": 0.8, ""learning_rate"": 0.05, ""max_depth"": 3, ""n_estimators"": 100, ""subsample"": 0.8}",12,none,42,374.45200065169263,19.35076227572683,13.49358200623078,-0.5796569812985668,0.3016016564171888,19.96848209616325,0.2474501353498088,184.2776203265933,13.574889330178472,10.68910096331487,-0.2177278020129627,0.231138921079438,18.63573647421044,0.3362690154550159,5.415,weekly,2,seed42,weekly|N05B|A_lag1,,5,,,,,,,5.0,,,,,,,
Naive,N05B,B_rich,pacf_train,1,1,210,45,46,2014-01-12,2018-01-14,2018-01-21,2018-11-25,2018-12-02,2019-10-13,{},0,none,42,426.96177777777774,20.663053447585565,15.013333333333332,-0.801173853632781,0.3220550724374308,22.340031684847204,0.2828881884247876,240.0434782608696,15.493336576117798,12.104347826086956,-0.5862350330555679,0.2638042206475491,21.2661248034866,0.3667312182996869,0.0,weekly,2,seed42,weekly|N05B|B_rich,,5,,,,,,,,,,,,,,
SeasonalNaive(s=52),N05B,B_rich,pacf_train,1,1,210,45,46,2014-01-12,2018-01-14,2018-01-21,2018-11-25,2018-12-02,2019-10-13,{},0,none,42,942.2986433552592,30.696883284060927,24.86833333177778,-2.975165382622386,0.4784426945770095,44.187967319122926,0.440706007994517,457.088695652174,21.379632729590423,16.165217391304346,-2.020494901632767,0.3640298732459134,26.617268981956737,0.5087289643221211,0.0,weekly,2,seed42,weekly|N05B|B_rich,,5,,,,,,,,,,,,,,
S1 [linear],N05B,B_rich,pacf_train,1,1,210,45,46,2014-01-12,2018-01-14,2018-01-21,2018-11-25,2018-12-02,2019-10-13,{},0,none,42,280.1724738223089,16.738353378463156,11.053311405027056,-0.1819309376658278,0.2608845601381415,16.80006438157009,0.223534293627507,168.22555190185386,12.970179331908016,9.770105004562676,-0.1116538796018928,0.2208425559919191,17.156348590497235,0.3310900704837283,0.006,weekly,2,seed42,weekly|N05B|B_rich,,5,linear,0.0,16.738353378463156,0.0,,12.970179331908016,,,,,,,,
AR-LRX [linear],N05B,B_rich,pacf_train,1,1,210,45,46,2014-01-12,2018-01-14,2018-01-21,2018-11-25,2018-12-02,2019-10-13,"{""colsample_bytree"": 0.8, ""learning_rate"": 0.05, ""max_depth"": 3, ""n_estimators"": 100, ""subsample"": 0.8}",132,none,42,280.1724738223089,16.738353378463156,11.053311405027056,-0.1819309376658278,0.2608845601381415,16.80006438157009,0.223534293627507,168.22555190185386,12.970179331908016,9.770105004562676,-0.1116538796018928,0.2208425559919191,17.156348590497235,0.3310900704837283,7.074,weekly,2,seed42,weekly|N05B|B_rich,-0.1261116597586833,5,linear,0.0,16.738353378463156,0.0,-0.341410336835678,12.970179331908016,5.0,,,,,,,
AR-LRX-g [linear],N05B,B_rich,pacf_train,1,1,210,45,46,2014-01-12,2018-01-14,2018-01-21,2018-11-25,2018-12-02,2019-10-13,"{""colsample_bytree"": 0.8, ""learning_rate"": 0.05, ""max_depth"": 3, ""n_estimators"": 100, ""subsample"": 0.8}",132,none,42,280.1724738223089,16.738353378463156,11.053311405027056,-0.1819309376658278,0.2608845601381415,16.80006438157009,0.223534293627507,168.22555190185386,12.970179331908016,9.770105004562676,-0.1116538796018928,0.2208425559919191,17.156348590497235,0.3310900704837283,5.734,weekly,2,seed42,weekly|N05B|B_rich,-0.1261116597586833,5,linear,0.0,16.738353378463156,0.0,-0.341410336835678,12.970179331908016,5.0,False,global,1.0,"{""0"": 0.0}",0.0,0.0,16.738353378463152
AR-LRX-Aug [linear],N05B,B_rich,pacf_train,1,1,210,45,46,2014-01-12,2018-01-14,2018-01-21,2018-11-25,2018-12-02,2019-10-13,"{""colsample_bytree"": 0.8, ""learning_rate"": 0.05, ""max_depth"": 3, ""n_estimators"": 100, ""subsample"": 0.8}",132,none,42,280.1724738223089,16.738353378463156,11.053311405027056,-0.1819309376658278,0.2608845601381415,16.80006438157009,0.223534293627507,168.22555190185386,12.970179331908016,9.770105004562676,-0.1116538796018928,0.2208425559919191,17.156348590497235,0.3310900704837283,5.044,weekly,2,seed42,weekly|N05B|B_rich,-0.1195392475896153,5,linear,0.0,16.738353378463156,0.0,-0.2582249474423557,12.970179331908016,5.0,True,global,1.0,"{""0"": 0.0}",0.0,0.0,16.738353378463152
XGBoost,N05B,B_rich,pacf_train,1,1,210,45,46,2014-01-12,2018-01-14,2018-01-21,2018-11-25,2018-12-02,2019-10-13,"{""colsample_bytree"": 0.8, ""learning_rate"": 0.05, ""max_depth"": 3, ""n_estimators"": 100, ""subsample"": 0.8}",12,none,42,372.768508581751,19.3072139000362,13.666486460367835,-0.5725550296555906,0.3009229099132824,20.249201460947283,0.2476714024689588,186.54184600753484,13.65803228900616,10.656571512636932,-0.2326900668654588,0.2325545918323525,18.54658861937829,0.3359197602013467,4.677,weekly,2,seed42,weekly|N05B|B_rich,,5,,,,,,,,,,,,,,
"LR-XGB (residual, tanpa gerbang)",N05B,B_rich,pacf_train,1,1,210,45,46,2014-01-12,2018-01-14,2018-01-21,2018-11-25,2018-12-02,2019-10-13,"{""colsample_bytree"": 0.8, ""learning_rate"": 0.05, ""max_depth"": 3, ""n_estimators"": 100, ""subsample"": 0.8}",12,none,42,374.45200065169263,19.35076227572683,13.49358200623078,-0.5796569812985668,0.3016016564171888,19.96848209616325,0.2474501353498088,184.2776203265933,13.574889330178472,10.68910096331487,-0.2177278020129627,0.231138921079438,18.63573647421044,0.3362690154550159,4.591,weekly,2,seed42,weekly|N05B|B_rich,,5,,,,,,,5.0,,,,,,,
Naive,N05C,A_lag1,pacf_train,1,10,204,43,45,2014-03-16,2018-02-04,2018-02-11,2018-12-02,2018-12-09,2019-10-13,{},0,none,42,28.023255813953487,5.293699633900046,3.930232558139535,-0.7170930540827152,1.1381454212885098,103.83645136372506,1.694474186562659,16.266666666666666,4.033195589934446,3.466666666666667,-1.0887761572606216,0.8249718252138639,83.43106601001338,1.7005504134034763,0.0,weekly,2,seed42,weekly|N05C|A_lag1,,5,,,,,,,,,,,,,,
SeasonalNaive(s=52),N05C,A_lag1,pacf_train,1,10,204,43,45,2014-03-16,2018-02-04,2018-02-11,2018-12-02,2018-12-09,2019-10-13,{},0,none,42,26.55813953488372,5.153458987406781,3.86046511627907,-0.6273197242841997,1.107993682292458,111.313739170882,1.3238583034523583,23.844444444444445,4.883077353927996,3.6222222222222222,-2.061826252377933,0.9988112769398172,94.92769692563294,1.404697471688822,0.0,weekly,2,seed42,weekly|N05C|A_lag1,,5,,,,,,,,,,,,,,
S1 [linear],N05C,A_lag1,pacf_train,1,10,204,43,45,2014-03-16,2018-02-04,2018-02-11,2018-12-02,2018-12-09,2019-10-13,{},0,none,42,16.6747895027876,4.083477623642329,2.880965845650394,-0.0217287178769312,0.8779476890831007,71.7752895751267,0.703521993405679,8.7326038490643,2.95509794238098,2.392135351294518,-0.121339428938187,0.6044518518506549,57.40333488628655,1.0633393387073906,0.009,weekly,2,seed42,weekly|N05C|A_lag1,,5,linear,0.0,4.083477623642329,0.0,,2.95509794238098,,,,,,,,
AR-LRX [linear],N05C,A_lag1,pacf_train,1,10,204,43,45,2014-03-16,2018-02-04,2018-02-11,2018-12-02,2018-12-09,2019-10-13,"{""colsample_bytree"": 0.8, ""learning_rate"": 0.05, ""max_depth"": 3, ""n_estimators"": 100, ""subsample"": 0.8}",132,none,42,16.6747895027876,4.083477623642329,2.880965845650394,-0.0217287178769312,0.8779476890831007,71.7752895751267,0.703521993405679,8.7326038490643,2.95509794238098,2.392135351294518,-0.121339428938187,0.6044518518506549,57.40333488628655,1.0633393387073906,4.258,weekly,2,seed42,weekly|N05C|A_lag1,-0.2159959576851888,5,linear,0.0,4.083477623642329,0.0,-0.097776491126557,2.95509794238098,5.0,,,,,,,
AR-LRX-g [linear],N05C,A_lag1,pacf_train,1,10,204,43,45,2014-03-16,2018-02-04,2018-02-11,2018-12-02,2018-12-09,2019-10-13,"{""colsample_bytree"": 0.8, ""learning_rate"": 0.1, ""max_depth"": 3, ""n_estimators"": 300, ""subsample"": 0.8}",132,none,42,16.6747895027876,4.083477623642329,2.880965845650394,-0.0217287178769312,0.8779476890831007,71.7752895751267,0.703521993405679,8.7326038490643,2.95509794238098,2.392135351294518,-0.121339428938187,0.6044518518506549,57.40333488628655,1.0633393387073906,4.377,weekly,2,seed42,weekly|N05C|A_lag1,-0.259705077283666,5,linear,0.0,4.083477623642329,0.0,-0.1508339647845902,2.95509794238098,5.0,False,global,1.0,"{""0"": 0.0}",0.0,0.0,4.12807185866168
AR-LRX-Aug [linear],N05C,A_lag1,pacf_train,1,10,204,43,45,2014-03-16,2018-02-04,2018-02-11,2018-12-02,2018-12-09,2019-10-13,"{""colsample_bytree"": 0.8, ""learning_rate"": 0.05, ""max_depth"": 3, ""n_estimators"": 100, ""subsample"": 0.8}",132,none,42,16.6747895027876,4.083477623642329,2.880965845650394,-0.0217287178769312,0.8779476890831007,71.7752895751267,0.703521993405679,8.7326038490643,2.95509794238098,2.392135351294518,-0.121339428938187,0.6044518518506549,57.40333488628655,1.0633393387073906,4.341,weekly,2,seed42,weekly|N05C|A_lag1,-0.2832411951445812,5,linear,0.0,4.083477623642329,0.0,-0.1457207550859434,2.95509794238098,5.0,True,global,1.0,"{""0"": 0.0}",0.0,0.0,4.083477623642329
XGBoost,N05C,A_lag1,pacf_train,1,10,204,43,45,2014-03-16,2018-02-04,2018-02-11,2018-12-02,2018-12-09,2019-10-13,"{""colsample_bytree"": 0.8, ""learning_rate"": 0.05, ""max_depth"": 3, ""n_estimators"": 100, ""subsample"": 0.8}",12,none,42,17.383456093265103,4.169347202292597,2.996813807376596,-0.0651514553435572,0.8964096484929083,74.04287959313741,0.8375383315519628,9.685774340979863,3.1121976706147483,2.53204705980089,-0.2437344984454172,0.6365858871711985,61.70836472780648,1.076935337108564,4.354,weekly,2,seed42,weekly|N05C|A_lag1,,5,,,,,,,,,,,,,,
"LR-XGB (residual, tanpa gerbang)",N05C,A_lag1,pacf_train,1,10,204,43,45,2014-03-16,2018-02-04,2018-02-11,2018-12-02,2018-12-09,2019-10-13,"{""colsample_bytree"": 0.8, ""learning_rate"": 0.05, ""max_depth"": 3, ""n_estimators"": 100, ""subsample"": 0.8}",12,none,42,17.577963358298877,4.192608180870098,3.0144495488054805,-0.0770696662743448,0.9014107588870712,74.47815791594716,0.8388667579681696,9.75011721185978,3.1225177680615013,2.543767670759966,-0.2519966616370359,0.6386968161943979,61.99814684263328,1.0878707533056278,4.161,weekly,2,seed42,weekly|N05C|A_lag1,,5,,,,,,,5.0,,,,,,,
Naive,N05C,B_rich,pacf_train,11,10,204,43,45,2014-03-16,2018-02-04,2018-02-11,2018-12-02,2018-12-09,2019-10-13,{},0,none,42,28.023255813953487,5.293699633900046,3.930232558139535,-0.7170930540827152,1.1381454212885098,103.83645136372506,1.694474186562659,16.266666666666666,4.033195589934446,3.466666666666667,-1.0887761572606216,0.8249718252138639,83.43106601001338,1.7005504134034763,0.0,weekly,2,seed42,weekly|N05C|B_rich,,5,,,,,,,,,,,,,,
SeasonalNaive(s=52),N05C,B_rich,pacf_train,11,10,204,43,45,2014-03-16,2018-02-04,2018-02-11,2018-12-02,2018-12-09,2019-10-13,{},0,none,42,26.55813953488372,5.153458987406781,3.86046511627907,-0.6273197242841997,1.107993682292458,111.313739170882,1.3238583034523583,23.844444444444445,4.883077353927996,3.6222222222222222,-2.061826252377933,0.9988112769398172,94.92769692563294,1.404697471688822,0.0,weekly,2,seed42,weekly|N05C|B_rich,,5,,,,,,,,,,,,,,
S1 [linear],N05C,B_rich,pacf_train,11,10,204,43,45,2014-03-16,2018-02-04,2018-02-11,2018-12-02,2018-12-09,2019-10-13,{},0,none,42,17.659626898755008,4.202335885999001,2.787213246262259,-0.0820735066210902,0.9035022154897852,68.904493375253,0.6035741439547535,8.649548295964209,2.941011440978122,2.4123457709263696,-0.1106744007182958,0.6015705220182522,58.05904326021262,1.1261556910723465,0.006,weekly,2,seed42,weekly|N05C|B_rich,,5,linear,0.0,4.202335885999001,0.0,,2.941011440978122,,,,,,,,
AR-LRX [linear],N05C,B_rich,pacf_train,11,10,204,43,45,2014-03-16,2018-02-04,2018-02-11,2018-12-02,2018-12-09,2019-10-13,"{""colsample_bytree"": 0.8, ""learning_rate"": 0.1, ""max_depth"": 5, ""n_estimators"": 500, ""subsample"": 0.8}",132,none,42,16.69953942938998,4.086506996126396,2.9185691490324035,-0.0232452414151007,0.878599004167175,73.35589536559037,0.679266655960522,9.44221344587378,3.072818485669757,2.439674868486974,-0.2124592408303363,0.6285310538869957,57.94931733661548,1.380380697460741,6.247,weekly,2,seed42,weekly|N05C|B_rich,-0.2378418884442807,5,linear,0.7,4.202335885999001,2.7563,0.0145344687226824,2.941011440978122,5.0,,,,,,,
AR-LRX-g [linear],N05C,B_rich,pacf_train,11,10,204,43,45,2014-03-16,2018-02-04,2018-02-11,2018-12-02,2018-12-09,2019-10-13,"{""colsample_bytree"": 0.8, ""learning_rate"": 0.1, ""max_depth"": 5, ""n_estimators"": 500, ""subsample"": 0.8}",132,none,42,16.69953942938998,4.086506996126396,2.9185691490324035,-0.0232452414151007,0.878599004167175,73.35589536559037,0.679266655960522,9.44221347965768,3.0728184911669745,2.4396748699936466,-0.2124592451684723,0.6285310550114266,57.94931733970933,1.3803807021988674,5.688,weekly,2,seed42,weekly|N05C|B_rich,-0.2378418884442807,5,linear,0.7,4.202335885999001,2.7563,0.0145344687226824,2.941011440978122,5.0,False,global,1.0,"{""0"": 0.7}",0.7,0.7,4.149875814480468
AR-LRX-Aug [linear],N05C,B_rich,pacf_train,11,10,204,43,45,2014-03-16,2018-02-04,2018-02-11,2018-12-02,2018-12-09,2019-10-13,"{""colsample_bytree"": 0.8, ""learning_rate"": 0.1, ""max_depth"": 5, ""n_estimators"": 500, ""subsample"": 0.8}",132,none,42,14.47034511727552,3.803990683121545,2.726437594211865,0.1133460988254757,0.8178579968711321,69.87801167252948,0.6522886437804192,11.33547547112831,3.366819785959491,2.7078894765317147,-0.4555699320884485,0.6886676834917139,61.96012470534512,1.671471196713669,5.419,weekly,2,seed42,weekly|N05C|B_rich,-0.3644168773676106,5,linear,1.0,4.202335885999001,9.4791,0.156121110083889,2.941011440978122,5.0,True,global,1.0,"{""0"": 1.0}",1.0,1.0,3.803990683121545
XGBoost,N05C,B_rich,pacf_train,11,10,204,43,45,2014-03-16,2018-02-04,2018-02-11,2018-12-02,2018-12-09,2019-10-13,"{""colsample_bytree"": 0.8, ""learning_rate"": 0.05, ""max_depth"": 3, ""n_estimators"": 100, ""subsample"": 0.8}",12,none,42,17.904215512946774,4.231337319683551,2.941939195921255,-0.0970603951298578,0.9097375237319634,74.4820015412116,0.8525164697540536,8.464757457839992,2.9094256233559213,2.3176879564921062,-0.0869457103440702,0.5951097865955293,55.36468320926411,1.214974046854736,5.047,weekly,2,seed42,weekly|N05C|B_rich,,5,,,,,,,,,,,,,,
"LR-XGB (residual, tanpa gerbang)",N05C,B_rich,pacf_train,11,10,204,43,45,2014-03-16,2018-02-04,2018-02-11,2018-12-02,2018-12-09,2019-10-13,"{""colsample_bytree"": 0.8, ""learning_rate"": 0.1, ""max_depth"": 5, ""n_estimators"": 300, ""subsample"": 0.8}",12,none,42,16.896784924330976,4.110569902620679,3.026067077258559,-0.0353312342619294,0.8837725290634458,77.39155074057088,0.7533465049150211,10.265279897099273,3.2039475490555818,2.5210654455981003,-0.3181478625000651,0.6553529077613689,59.44280649469119,1.5015397776053503,5.551,weekly,2,seed42,weekly|N05C|B_rich,,5,,,,,,,5.0,,,,,,,
Naive,R03,A_lag1,pacf_train,1,1,210,45,46,2014-01-12,2018-01-14,2018-01-21,2018-11-25,2018-12-02,2019-10-13,{},0,none,42,605.225,24.60132110273756,18.655555555555555,-0.0380099004638978,0.5059108646741414,43.15658808353479,1.0011745992904533,851.7612469747946,29.184948980164325,21.98369565217392,0.034613661979338,0.5760084322364312,40.98350136138161,0.5872130475279131,0.0,weekly,2,seed42,weekly|R03|A_lag1,,5,,,,,,,,,,,,,,
SeasonalNaive(s=52),R03,A_lag1,pacf_train,1,1,210,45,46,2014-01-12,2018-01-14,2018-01-21,2018-11-25,2018-12-02,2019-10-13,{},0,none,42,614.4748842545926,24.78860391903087,20.19351851844444,-0.0538742012353665,0.5097622192877364,49.6886383629502,0.5251434447101891,1132.0758227639192,33.64633446252235,25.980978260869566,-0.2830949245242296,0.6640605189144648,56.65064999174927,0.93022075429727,0.0,weekly,2,seed42,weekly|R03|A_lag1,,5,,,,,,,,,,,,,,
S1 [linear],R03,A_lag1,pacf_train,1,1,210,45,46,2014-01-12,2018-01-14,2018-01-21,2018-11-25,2018-12-02,2019-10-13,{},0,none,42,552.0732474890453,23.49623900731871,17.94200808918741,0.053149660580966,0.4831855388229598,40.92385320485504,1.1251795150117032,713.517209522314,26.71174291434975,18.83879141520894,0.1912994768640235,0.5271960272692094,38.48032058277108,0.5320799290362752,0.008,weekly,2,seed42,weekly|R03|A_lag1,,5,linear,0.0,23.49623900731871,0.0,,26.71174291434975,,,,,,,,
AR-LRX [linear],R03,A_lag1,pacf_train,1,1,210,45,46,2014-01-12,2018-01-14,2018-01-21,2018-11-25,2018-12-02,2019-10-13,"{""colsample_bytree"": 0.8, ""learning_rate"": 0.05, ""max_depth"": 3, ""n_estimators"": 100, ""subsample"": 0.8}",132,none,42,552.0732474890453,23.49623900731871,17.94200808918741,0.053149660580966,0.4831855388229598,40.92385320485504,1.1251795150117032,713.517209522314,26.71174291434975,18.83879141520894,0.1912994768640235,0.5271960272692094,38.48032058277108,0.5320799290362752,5.001,weekly,2,seed42,weekly|R03|A_lag1,-0.0198274487570113,5,linear,0.0,23.49623900731871,0.0,-0.367194176751151,26.71174291434975,5.0,,,,,,,
AR-LRX-g [linear],R03,A_lag1,pacf_train,1,1,210,45,46,2014-01-12,2018-01-14,2018-01-21,2018-11-25,2018-12-02,2019-10-13,"{""colsample_bytree"": 0.8, ""learning_rate"": 0.05, ""max_depth"": 3, ""n_estimators"": 100, ""subsample"": 0.8}",132,none,42,552.0732474890453,23.49623900731871,17.94200808918741,0.053149660580966,0.4831855388229598,40.92385320485504,1.1251795150117032,713.517209522314,26.71174291434975,18.83879141520894,0.1912994768640235,0.5271960272692094,38.48032058277108,0.5320799290362752,7.174,weekly,2,seed42,weekly|R03|A_lag1,-0.0198274487570113,5,linear,0.0,23.49623900731871,0.0,-0.367194176751151,26.71174291434975,5.0,False,global,1.0,"{""0"": 0.0}",0.0,0.0,23.49623900731872
AR-LRX-Aug [linear],R03,A_lag1,pacf_train,1,1,210,45,46,2014-01-12,2018-01-14,2018-01-21,2018-11-25,2018-12-02,2019-10-13,"{""colsample_bytree"": 0.8, ""learning_rate"": 0.1, ""max_depth"": 3, ""n_estimators"": 500, ""subsample"": 0.8}",132,none,42,549.4315098608862,23.43995541507889,18.049227972538223,0.0576804546037794,0.4820281017610191,41.30743906629917,1.0839853364594507,706.4744747171575,26.579587557318444,18.81172189931206,0.1992817136555523,0.5245877444838949,38.4612703414566,0.5348648079367536,6.5,weekly,2,seed42,weekly|R03|A_lag1,-0.2363182554591854,5,linear,0.0999999999999999,23.49623900731871,0.2395,-0.4787140616482019,26.71174291434975,5.0,True,global,1.0,"{""0"": 0.1}",0.1,0.1,23.732695311966843
XGBoost,R03,A_lag1,pacf_train,1,1,210,45,46,2014-01-12,2018-01-14,2018-01-21,2018-11-25,2018-12-02,2019-10-13,"{""colsample_bytree"": 0.8, ""learning_rate"": 0.05, ""max_depth"": 3, ""n_estimators"": 100, ""subsample"": 0.8}",12,none,42,648.2538803485262,25.46083031537908,19.67457258436415,-0.1118079157601044,0.5235861369551278,45.20342497785391,0.987747537463881,714.5175225888711,26.73046057569661,19.19639772623153,0.1901657218691494,0.5275654481914412,39.12655313862049,0.5867907546062242,5.336,weekly,2,seed42,weekly|R03|A_lag1,,5,,,,,,,,,,,,,,
"LR-XGB (residual, tanpa gerbang)",R03,A_lag1,pacf_train,1,1,210,45,46,2014-01-12,2018-01-14,2018-01-21,2018-11-25,2018-12-02,2019-10-13,"{""colsample_bytree"": 0.8, ""learning_rate"": 0.05, ""max_depth"": 3, ""n_estimators"": 100, ""subsample"": 0.8}",12,none,42,625.779099415911,25.01557713537529,19.306571222485147,-0.0732618459202734,0.5144297822880786,44.22247425326077,1.0202870437515597,670.7233765780423,25.898327679177324,18.59380280752189,0.2398020141920229,0.5111420662125244,38.091412947079554,0.5752158127203292,6.063,weekly,2,seed42,weekly|R03|A_lag1,,5,,,,,,,5.0,,,,,,,
Naive,R03,B_rich,pacf_train,1,1,210,45,46,2014-01-12,2018-01-14,2018-01-21,2018-11-25,2018-12-02,2019-10-13,{},0,none,42,605.225,24.60132110273756,18.655555555555555,-0.0380099004638978,0.5059108646741414,43.15658808353479,1.0011745992904533,851.7612469747946,29.184948980164325,21.98369565217392,0.034613661979338,0.5760084322364312,40.98350136138161,0.5872130475279131,0.0,weekly,2,seed42,weekly|R03|B_rich,,5,,,,,,,,,,,,,,
SeasonalNaive(s=52),R03,B_rich,pacf_train,1,1,210,45,46,2014-01-12,2018-01-14,2018-01-21,2018-11-25,2018-12-02,2019-10-13,{},0,none,42,614.4748842545926,24.78860391903087,20.19351851844444,-0.0538742012353665,0.5097622192877364,49.6886383629502,0.5251434447101891,1132.0758227639192,33.64633446252235,25.980978260869566,-0.2830949245242296,0.6640605189144648,56.65064999174927,0.93022075429727,0.0,weekly,2,seed42,weekly|R03|B_rich,,5,,,,,,,,,,,,,,
S1 [linear],R03,B_rich,pacf_train,1,1,210,45,46,2014-01-12,2018-01-14,2018-01-21,2018-11-25,2018-12-02,2019-10-13,{},0,none,42,552.0732474890453,23.49623900731871,17.94200808918741,0.053149660580966,0.4831855388229598,40.92385320485504,1.1251795150117032,713.517209522314,26.71174291434975,18.83879141520894,0.1912994768640235,0.5271960272692094,38.48032058277108,0.5320799290362752,0.01,weekly,2,seed42,weekly|R03|B_rich,,5,linear,0.0,23.49623900731871,0.0,,26.71174291434975,,,,,,,,
AR-LRX [linear],R03,B_rich,pacf_train,1,1,210,45,46,2014-01-12,2018-01-14,2018-01-21,2018-11-25,2018-12-02,2019-10-13,"{""colsample_bytree"": 0.8, ""learning_rate"": 0.05, ""max_depth"": 3, ""n_estimators"": 100, ""subsample"": 0.8}",132,none,42,552.0732474890453,23.49623900731871,17.94200808918741,0.053149660580966,0.4831855388229598,40.92385320485504,1.1251795150117032,713.517209522314,26.71174291434975,18.83879141520894,0.1912994768640235,0.5271960272692094,38.48032058277108,0.5320799290362752,5.475,weekly,2,seed42,weekly|R03|B_rich,-0.0198274487570113,5,linear,0.0,23.49623900731871,0.0,-0.367194176751151,26.71174291434975,5.0,,,,,,,
AR-LRX-g [linear],R03,B_rich,pacf_train,1,1,210,45,46,2014-01-12,2018-01-14,2018-01-21,2018-11-25,2018-12-02,2019-10-13,"{""colsample_bytree"": 0.8, ""learning_rate"": 0.05, ""max_depth"": 3, ""n_estimators"": 100, ""subsample"": 0.8}",132,none,42,552.0732474890453,23.49623900731871,17.94200808918741,0.053149660580966,0.4831855388229598,40.92385320485504,1.1251795150117032,713.517209522314,26.71174291434975,18.83879141520894,0.1912994768640235,0.5271960272692094,38.48032058277108,0.5320799290362752,5.079,weekly,2,seed42,weekly|R03|B_rich,-0.0198274487570113,5,linear,0.0,23.49623900731871,0.0,-0.367194176751151,26.71174291434975,5.0,False,global,1.0,"{""0"": 0.0}",0.0,0.0,23.49623900731872
AR-LRX-Aug [linear],R03,B_rich,pacf_train,1,1,210,45,46,2014-01-12,2018-01-14,2018-01-21,2018-11-25,2018-12-02,2019-10-13,"{""colsample_bytree"": 0.8, ""learning_rate"": 0.1, ""max_depth"": 3, ""n_estimators"": 500, ""subsample"": 0.8}",132,none,42,549.4315098608862,23.43995541507889,18.049227972538223,0.0576804546037794,0.4820281017610191,41.30743906629917,1.0839853364594507,706.4744747171575,26.579587557318444,18.81172189931206,0.1992817136555523,0.5245877444838949,38.4612703414566,0.5348648079367536,5.639,weekly,2,seed42,weekly|R03|B_rich,-0.2363182554591854,5,linear,0.0999999999999999,23.49623900731871,0.2395,-0.4787140616482019,26.71174291434975,5.0,True,global,1.0,"{""0"": 0.1}",0.1,0.1,23.732695311966843
XGBoost,R03,B_rich,pacf_train,1,1,210,45,46,2014-01-12,2018-01-14,2018-01-21,2018-11-25,2018-12-02,2019-10-13,"{""colsample_bytree"": 0.8, ""learning_rate"": 0.05, ""max_depth"": 3, ""n_estimators"": 100, ""subsample"": 0.8}",12,none,42,648.2538803485262,25.46083031537908,19.67457258436415,-0.1118079157601044,0.5235861369551278,45.20342497785391,0.987747537463881,714.5175225888711,26.73046057569661,19.19639772623153,0.1901657218691494,0.5275654481914412,39.12655313862049,0.5867907546062242,5.458,weekly,2,seed42,weekly|R03|B_rich,,5,,,,,,,,,,,,,,
"LR-XGB (residual, tanpa gerbang)",R03,B_rich,pacf_train,1,1,210,45,46,2014-01-12,2018-01-14,2018-01-21,2018-11-25,2018-12-02,2019-10-13,"{""colsample_bytree"": 0.8, ""learning_rate"": 0.05, ""max_depth"": 3, ""n_estimators"": 100, ""subsample"": 0.8}",12,none,42,625.779099415911,25.01557713537529,19.306571222485147,-0.0732618459202734,0.5144297822880786,44.22247425326077,1.0202870437515597,670.7233765780423,25.898327679177324,18.59380280752189,0.2398020141920229,0.5111420662125244,38.091412947079554,0.5752158127203292,5.969,weekly,2,seed42,weekly|R03|B_rich,,5,,,,,,,5.0,,,,,,,
Naive,R06,A_lag1,pacf_train,1,1,210,45,46,2014-01-12,2018-01-14,2018-01-21,2018-11-25,2018-12-02,2019-10-13,{},0,none,42,72.78178666666668,8.531224218520263,7.1773333333333325,0.6065903388703285,0.3467350883611017,31.67014048982149,0.4256223160582587,88.61228260869566,9.413409722767604,6.910869565217392,0.4692393642943022,0.3794499042625636,31.080923626166985,1.6974011088135652,0.0,weekly,2,seed42,weekly|R06|A_lag1,,5,,,,,,,,,,,,,,
SeasonalNaive(s=52),R06,A_lag1,pacf_train,1,1,210,45,46,2014-01-12,2018-01-14,2018-01-21,2018-11-25,2018-12-02,2019-10-13,{},0,none,42,144.90436425880372,12.037622865782252,8.928481481555556,0.2167439211082876,0.4892458715319737,39.59400277715749,0.4217677180101728,150.25668913043478,12.257923524416148,9.24021739130435,0.1000081084235952,0.4941108530044978,38.11526129262688,3.121014022979048,0.0,weekly,2,seed42,weekly|R06|A_lag1,,5,,,,,,,,,,,,,,
S1 [linear],R06,A_lag1,pacf_train,1,1,210,45,46,2014-01-12,2018-01-14,2018-01-21,2018-11-25,2018-12-02,2019-10-13,{},0,none,42,69.38078682149396,8.329513000259617,6.405952128088666,0.6249738693917666,0.3385369264917655,27.86500534047628,0.408226425108261,79.69377989817822,8.927137273402836,6.663411575061467,0.5226584844074853,0.3598485016049584,29.74831197601932,1.9484451334648163,0.008,weekly,2,seed42,weekly|R06|A_lag1,,5,linear,0.0,8.329513000259617,0.0,,8.927137273402836,,,,,,,,
AR-LRX [linear],R06,A_lag1,pacf_train,1,1,210,45,46,2014-01-12,2018-01-14,2018-01-21,2018-11-25,2018-12-02,2019-10-13,"{""colsample_bytree"": 0.8, ""learning_rate"": 0.05, ""max_depth"": 3, ""n_estimators"": 100, ""subsample"": 0.8}",132,none,42,69.38078682149396,8.329513000259617,6.405952128088666,0.6249738693917666,0.3385369264917655,27.86500534047628,0.408226425108261,79.69377989817822,8.927137273402836,6.663411575061467,0.5226584844074853,0.3598485016049584,29.74831197601932,1.9484451334648163,5.645,weekly,2,seed42,weekly|R06|A_lag1,-0.2602974460185301,5,linear,0.0,8.329513000259617,0.0,-0.4314917954962967,8.927137273402836,5.0,,,,,,,
AR-LRX-g [linear],R06,A_lag1,pacf_train,1,1,210,45,46,2014-01-12,2018-01-14,2018-01-21,2018-11-25,2018-12-02,2019-10-13,"{""colsample_bytree"": 0.8, ""learning_rate"": 0.05, ""max_depth"": 3, ""n_estimators"": 100, ""subsample"": 0.8}",132,none,42,69.38078682149396,8.329513000259617,6.405952128088666,0.6249738693917666,0.3385369264917655,27.86500534047628,0.408226425108261,79.69377989817822,8.927137273402836,6.663411575061467,0.5226584844074853,0.3598485016049584,29.74831197601932,1.9484451334648163,5.598,weekly,2,seed42,weekly|R06|A_lag1,-0.2602974460185301,5,linear,0.0,8.329513000259617,0.0,-0.4314917954962967,8.927137273402836,5.0,False,global,1.0,"{""0"": 0.0}",0.0,0.0,8.329513000259617
AR-LRX-Aug [linear],R06,A_lag1,pacf_train,1,1,210,45,46,2014-01-12,2018-01-14,2018-01-21,2018-11-25,2018-12-02,2019-10-13,"{""colsample_bytree"": 0.8, ""learning_rate"": 0.05, ""max_depth"": 3, ""n_estimators"": 100, ""subsample"": 0.8}",132,none,42,69.38078682149396,8.329513000259617,6.405952128088666,0.6249738693917666,0.3385369264917655,27.86500534047628,0.408226425108261,79.69377989817822,8.927137273402836,6.663411575061467,0.5226584844074853,0.3598485016049584,29.74831197601932,1.9484451334648163,8.512,weekly,2,seed42,weekly|R06|A_lag1,-0.2036463223276161,5,linear,0.0,8.329513000259617,0.0,-0.4519571760319623,8.927137273402836,5.0,True,global,1.0,"{""0"": 0.0}",0.0,0.0,8.329513000259617
XGBoost,R06,A_lag1,pacf_train,1,1,210,45,46,2014-01-12,2018-01-14,2018-01-21,2018-11-25,2018-12-02,2019-10-13,"{""colsample_bytree"": 0.8, ""learning_rate"": 0.05, ""max_depth"": 3, ""n_estimators"": 100, ""subsample"": 0.8}",12,none,42,120.86148799458766,10.993702196921094,8.128306530422634,0.3467036299432433,0.4468177374109909,33.86534365931173,0.4254118144712411,96.71941106647569,9.834602740653825,7.064513087894606,0.420680129306524,0.396427987127313,30.179882060433943,1.6668626957285428,4.599,weekly,2,seed42,weekly|R06|A_lag1,,5,,,,,,,,,,,,,,
"LR-XGB (residual, tanpa gerbang)",R06,A_lag1,pacf_train,1,1,210,45,46,2014-01-12,2018-01-14,2018-01-21,2018-11-25,2018-12-02,2019-10-13,"{""colsample_bytree"": 0.8, ""learning_rate"": 0.05, ""max_depth"": 3, ""n_estimators"": 100, ""subsample"": 0.8}",12,none,42,94.5615830155964,9.724278020274635,7.459854073341692,0.4888633264743834,0.3952244498847169,32.14461156915606,0.4181509704205869,98.86836945268362,9.943257486995076,7.148941042492945,0.4078085218319086,0.4008078063757139,30.409665422304897,1.73117667326937,5.425,weekly,2,seed42,weekly|R06|A_lag1,,5,,,,,,,5.0,,,,,,,
Naive,R06,B_rich,pacf_train,1,1,210,45,46,2014-01-12,2018-01-14,2018-01-21,2018-11-25,2018-12-02,2019-10-13,{},0,none,42,72.78178666666668,8.531224218520263,7.1773333333333325,0.6065903388703285,0.3467350883611017,31.67014048982149,0.4256223160582587,88.61228260869566,9.413409722767604,6.910869565217392,0.4692393642943022,0.3794499042625636,31.080923626166985,1.6974011088135652,0.0,weekly,2,seed42,weekly|R06|B_rich,,5,,,,,,,,,,,,,,
SeasonalNaive(s=52),R06,B_rich,pacf_train,1,1,210,45,46,2014-01-12,2018-01-14,2018-01-21,2018-11-25,2018-12-02,2019-10-13,{},0,none,42,144.90436425880372,12.037622865782252,8.928481481555556,0.2167439211082876,0.4892458715319737,39.59400277715749,0.4217677180101728,150.25668913043478,12.257923524416148,9.24021739130435,0.1000081084235952,0.4941108530044978,38.11526129262688,3.121014022979048,0.0,weekly,2,seed42,weekly|R06|B_rich,,5,,,,,,,,,,,,,,
S1 [linear],R06,B_rich,pacf_train,1,1,210,45,46,2014-01-12,2018-01-14,2018-01-21,2018-11-25,2018-12-02,2019-10-13,{},0,none,42,69.38078682149396,8.329513000259617,6.405952128088666,0.6249738693917666,0.3385369264917655,27.86500534047628,0.408226425108261,79.69377989817822,8.927137273402836,6.663411575061467,0.5226584844074853,0.3598485016049584,29.74831197601932,1.9484451334648163,0.006,weekly,2,seed42,weekly|R06|B_rich,,5,linear,0.0,8.329513000259617,0.0,,8.927137273402836,,,,,,,,
AR-LRX [linear],R06,B_rich,pacf_train,1,1,210,45,46,2014-01-12,2018-01-14,2018-01-21,2018-11-25,2018-12-02,2019-10-13,"{""colsample_bytree"": 0.8, ""learning_rate"": 0.05, ""max_depth"": 3, ""n_estimators"": 100, ""subsample"": 0.8}",132,none,42,69.38078682149396,8.329513000259617,6.405952128088666,0.6249738693917666,0.3385369264917655,27.86500534047628,0.408226425108261,79.69377989817822,8.927137273402836,6.663411575061467,0.5226584844074853,0.3598485016049584,29.74831197601932,1.9484451334648163,13.215,weekly,2,seed42,weekly|R06|B_rich,-0.2602974460185301,5,linear,0.0,8.329513000259617,0.0,-0.4314917954962967,8.927137273402836,5.0,,,,,,,
AR-LRX-g [linear],R06,B_rich,pacf_train,1,1,210,45,46,2014-01-12,2018-01-14,2018-01-21,2018-11-25,2018-12-02,2019-10-13,"{""colsample_bytree"": 0.8, ""learning_rate"": 0.05, ""max_depth"": 3, ""n_estimators"": 100, ""subsample"": 0.8}",132,none,42,69.38078682149396,8.329513000259617,6.405952128088666,0.6249738693917666,0.3385369264917655,27.86500534047628,0.408226425108261,79.69377989817822,8.927137273402836,6.663411575061467,0.5226584844074853,0.3598485016049584,29.74831197601932,1.9484451334648163,5.785,weekly,2,seed42,weekly|R06|B_rich,-0.2602974460185301,5,linear,0.0,8.329513000259617,0.0,-0.4314917954962967,8.927137273402836,5.0,False,global,1.0,"{""0"": 0.0}",0.0,0.0,8.329513000259617
AR-LRX-Aug [linear],R06,B_rich,pacf_train,1,1,210,45,46,2014-01-12,2018-01-14,2018-01-21,2018-11-25,2018-12-02,2019-10-13,"{""colsample_bytree"": 0.8, ""learning_rate"": 0.05, ""max_depth"": 3, ""n_estimators"": 100, ""subsample"": 0.8}",132,none,42,69.38078682149396,8.329513000259617,6.405952128088666,0.6249738693917666,0.3385369264917655,27.86500534047628,0.408226425108261,79.69377989817822,8.927137273402836,6.663411575061467,0.5226584844074853,0.3598485016049584,29.74831197601932,1.9484451334648163,6.117,weekly,2,seed42,weekly|R06|B_rich,-0.2036463223276161,5,linear,0.0,8.329513000259617,0.0,-0.4519571760319623,8.927137273402836,5.0,True,global,1.0,"{""0"": 0.0}",0.0,0.0,8.329513000259617
XGBoost,R06,B_rich,pacf_train,1,1,210,45,46,2014-01-12,2018-01-14,2018-01-21,2018-11-25,2018-12-02,2019-10-13,"{""colsample_bytree"": 0.8, ""learning_rate"": 0.05, ""max_depth"": 3, ""n_estimators"": 100, ""subsample"": 0.8}",12,none,42,120.86148799458766,10.993702196921094,8.128306530422634,0.3467036299432433,0.4468177374109909,33.86534365931173,0.4254118144712411,96.71941106647569,9.834602740653825,7.064513087894606,0.420680129306524,0.396427987127313,30.179882060433943,1.6668626957285428,6.371,weekly,2,seed42,weekly|R06|B_rich,,5,,,,,,,,,,,,,,
"LR-XGB (residual, tanpa gerbang)",R06,B_rich,pacf_train,1,1,210,45,46,2014-01-12,2018-01-14,2018-01-21,2018-11-25,2018-12-02,2019-10-13,"{""colsample_bytree"": 0.8, ""learning_rate"": 0.05, ""max_depth"": 3, ""n_estimators"": 100, ""subsample"": 0.8}",12,none,42,94.5615830155964,9.724278020274635,7.459854073341692,0.4888633264743834,0.3952244498847169,32.14461156915606,0.4181509704205869,98.86836945268362,9.943257486995076,7.148941042492945,0.4078085218319086,0.4008078063757139,30.409665422304897,1.73117667326937,5.807,weekly,2,seed42,weekly|R06|B_rich,,5,,,,,,,5.0,,,,,,,
Naive,M01AB,A_lag1,pacf_train,1,1,1473,315,317,2014-01-03,2018-01-14,2018-01-15,2018-11-25,2018-11-26,2019-10-08,{},0,none,1,15.112755555555555,3.887512772397739,2.996063492063492,-1.0889083838028977,0.7876292158258805,64.5043814997324,1.5568921901843953,17.410850473186123,4.172631121149594,3.291482649842272,-1.0779070449005217,0.784236153182909,66.44657397551136,2.203789023711625,0.0,daily,5,seed1,daily|M01AB|A_lag1,,5,,,,,,,,,,,,,,
SeasonalNaive(s=7),M01AB,A_lag1,pacf_train,1,1,1473,315,317,2014-01-03,2018-01-14,2018-01-15,2018-11-25,2018-11-26,2019-10-08,{},0,none,1,13.7917673015873,3.713726874931341,2.996412698412698,-0.9063193497597276,0.7524193379021529,64.36533562242663,1.7661914785085977,16.361037223974765,4.044877899760976,3.161135646687697,-0.9526165342660348,0.7602252372908443,64.38007169290704,2.59657683376552,0.0,daily,5,seed1,daily|M01AB|A_lag1,,5,,,,,,,,,,,,,,
S1 [linear],M01AB,A_lag1,pacf_train,1,1,1473,315,317,2014-01-03,2018-01-14,2018-01-15,2018-11-25,2018-11-26,2019-10-08,{},0,none,1,7.3605331683239426,2.713030255696376,2.175527732894381,-0.0173842478990571,0.5496732790122904,47.36724549852949,1.3729886170064014,8.566003196532822,2.926773513022971,2.263650267843024,-0.0223141262472013,0.5500801615212979,46.915710730110106,1.864103666903613,0.006,daily,5,seed1,daily|M01AB|A_lag1,,5,linear,0.0,2.713030255696376,0.0,,2.926773513022971,,,,,,,,
AR-LRX [linear],M01AB,A_lag1,pacf_train,1,1,1473,315,317,2014-01-03,2018-01-14,2018-01-15,2018-11-25,2018-11-26,2019-10-08,"{""colsample_bytree"": 0.8, ""learning_rate"": 0.05, ""max_depth"": 3, ""n_estimators"": 500, ""subsample"": 0.8}",132,none,1,7.303644175889478,2.702525518082943,2.173448028527372,-0.0095209636154198,0.5475449674842431,47.37066817046343,1.3571604930012338,8.7676431427489,2.9610206251812734,2.318103891250642,-0.0463789509621697,0.5565168252753782,47.90300016912343,1.842735559596768,5.263,daily,5,seed1,daily|M01AB|A_lag1,-0.1302563707784871,5,linear,0.4,2.713030255696376,0.3872,-0.0113777579317326,2.926773513022971,5.0,,,,,,,
AR-LRX-g [linear],M01AB,A_lag1,pacf_train,1,1,1473,315,317,2014-01-03,2018-01-14,2018-01-15,2018-11-25,2018-11-26,2019-10-08,"{""colsample_bytree"": 0.8, ""learning_rate"": 0.1, ""max_depth"": 3, ""n_estimators"": 500, ""subsample"": 0.8}",132,none,1,7.319537844279934,2.705464441510909,2.1750499479190526,-0.0117178109757944,0.5481404078314431,47.39125235529399,1.3617397704876957,8.731649619837855,2.954936483215478,2.31052500276546,-0.0420832851678516,0.5553733251786431,47.771967971983536,1.8348525311038464,5.958,daily,5,seed1,daily|M01AB|A_lag1,-0.1793923790938667,5,linear,0.3,2.713030255696376,0.2789,-0.0332681746100798,2.926773513022971,5.0,False,global,1.0,"{""0"": 0.3}",0.3,0.3,2.7111799226167386
AR-LRX-Aug [linear],M01AB,A_lag1,pacf_train,1,1,1473,315,317,2014-01-03,2018-01-14,2018-01-15,2018-11-25,2018-11-26,2019-10-08,"{""colsample_bytree"": 0.8, ""learning_rate"": 0.1, ""max_depth"": 5, ""n_estimators"": 100, ""subsample"": 0.8}",132,none,1,7.238927684801121,2.690525540633488,2.1725601733671214,-0.0005757503941896,0.545113713008232,47.300515632739554,1.3665539408735128,8.64125736307981,2.939601565362185,2.30115449707278,-0.0312953740654469,0.5524911636269819,47.71726431577096,1.8750504631987,6.7,daily,5,seed1,daily|M01AB|A_lag1,-0.0686781524681663,5,linear,0.5,2.713030255696376,0.8295,-0.0015687997539237,2.926773513022971,5.0,True,global,1.0,"{""0"": 0.5}",0.5,0.5,2.7003061753611526
XGBoost,M01AB,A_lag1,pacf_train,1,1,1473,315,317,2014-01-03,2018-01-14,2018-01-15,2018-11-25,2018-11-26,2019-10-08,"{""colsample_bytree"": 0.8, ""learning_rate"": 0.1, ""max_depth"": 3, ""n_estimators"": 100, ""subsample"": 0.8}",12,none,1,7.32183332290123,2.705888638303733,2.1706369036114403,-0.012035095571528,0.5482263521888894,47.37065878773763,1.328724160108991,9.082793829220863,3.0137673814050188,2.377949358792711,-0.0839907742693566,0.5664304533898111,49.033523919233495,1.853733296701373,4.799,daily,5,seed1,daily|M01AB|A_lag1,,5,,,,,,,,,,,,,,
"LR-XGB (residual, tanpa gerbang)",M01AB,A_lag1,pacf_train,1,1,1473,315,317,2014-01-03,2018-01-14,2018-01-15,2018-11-25,2018-11-26,2019-10-08,"{""colsample_bytree"": 0.8, ""learning_rate"": 0.05, ""max_depth"": 5, ""n_estimators"": 100, ""subsample"": 0.8}",12,none,1,7.386164828457483,2.7177499569418604,2.1810015161410665,-0.0209270954986835,0.550629513707468,47.54956755408563,1.334692098959735,9.35402977086506,3.058435837297402,2.4163950446436444,-0.116361569414642,0.574825784057817,49.57898979131115,1.867231528130559,5.636,daily,5,seed1,daily|M01AB|A_lag1,,5,,,,,,,5.0,,,,,,,
Naive,M01AB,B_rich,pacf_train,1,1,1473,315,317,2014-01-03,2018-01-14,2018-01-15,2018-11-25,2018-11-26,2019-10-08,{},0,none,1,15.112755555555555,3.887512772397739,2.996063492063492,-1.0889083838028977,0.7876292158258805,64.5043814997324,1.5568921901843953,17.410850473186123,4.172631121149594,3.291482649842272,-1.0779070449005217,0.784236153182909,66.44657397551136,2.203789023711625,0.0,daily,5,seed1,daily|M01AB|B_rich,,5,,,,,,,,,,,,,,
SeasonalNaive(s=7),M01AB,B_rich,pacf_train,1,1,1473,315,317,2014-01-03,2018-01-14,2018-01-15,2018-11-25,2018-11-26,2019-10-08,{},0,none,1,13.7917673015873,3.713726874931341,2.996412698412698,-0.9063193497597276,0.7524193379021529,64.36533562242663,1.7661914785085977,16.361037223974765,4.044877899760976,3.161135646687697,-0.9526165342660348,0.7602252372908443,64.38007169290704,2.59657683376552,0.0,daily,5,seed1,daily|M01AB|B_rich,,5,,,,,,,,,,,,,,
S1 [linear],M01AB,B_rich,pacf_train,1,1,1473,315,317,2014-01-03,2018-01-14,2018-01-15,2018-11-25,2018-11-26,2019-10-08,{},0,none,1,7.3605331683239426,2.713030255696376,2.175527732894381,-0.0173842478990571,0.5496732790122904,47.36724549852949,1.3729886170064014,8.566003196532822,2.926773513022971,2.263650267843024,-0.0223141262472013,0.5500801615212979,46.915710730110106,1.864103666903613,0.009,daily,5,seed1,daily|M01AB|B_rich,,5,linear,0.0,2.713030255696376,0.0,,2.926773513022971,,,,,,,,
AR-LRX [linear],M01AB,B_rich,pacf_train,1,1,1473,315,317,2014-01-03,2018-01-14,2018-01-15,2018-11-25,2018-11-26,2019-10-08,"{""colsample_bytree"": 0.8, ""learning_rate"": 0.05, ""max_depth"": 3, ""n_estimators"": 500, ""subsample"": 0.8}",132,none,1,7.303644175889478,2.702525518082943,2.173448028527372,-0.0095209636154198,0.5475449674842431,47.37066817046343,1.3571604930012338,8.7676431427489,2.9610206251812734,2.318103891250642,-0.0463789509621697,0.5565168252753782,47.90300016912343,1.842735559596768,5.501,daily,5,seed1,daily|M01AB|B_rich,-0.1302563707784871,5,linear,0.4,2.713030255696376,0.3872,-0.0113777579317326,2.926773513022971,5.0,,,,,,,
AR-LRX-g [linear],M01AB,B_rich,pacf_train,1,1,1473,315,317,2014-01-03,2018-01-14,2018-01-15,2018-11-25,2018-11-26,2019-10-08,"{""colsample_bytree"": 0.8, ""learning_rate"": 0.1, ""max_depth"": 3, ""n_estimators"": 500, ""subsample"": 0.8}",132,none,1,7.319537844279934,2.705464441510909,2.1750499479190526,-0.0117178109757944,0.5481404078314431,47.39125235529399,1.3617397704876957,8.731649619837855,2.954936483215478,2.31052500276546,-0.0420832851678516,0.5553733251786431,47.771967971983536,1.8348525311038464,6.495,daily,5,seed1,daily|M01AB|B_rich,-0.1793923790938667,5,linear,0.3,2.713030255696376,0.2789,-0.0332681746100798,2.926773513022971,5.0,False,global,1.0,"{""0"": 0.3}",0.3,0.3,2.7111799226167386
AR-LRX-Aug [linear],M01AB,B_rich,pacf_train,1,1,1473,315,317,2014-01-03,2018-01-14,2018-01-15,2018-11-25,2018-11-26,2019-10-08,"{""colsample_bytree"": 0.8, ""learning_rate"": 0.1, ""max_depth"": 5, ""n_estimators"": 100, ""subsample"": 0.8}",132,none,1,7.238927684801121,2.690525540633488,2.1725601733671214,-0.0005757503941896,0.545113713008232,47.300515632739554,1.3665539408735128,8.64125736307981,2.939601565362185,2.30115449707278,-0.0312953740654469,0.5524911636269819,47.71726431577096,1.8750504631987,5.162,daily,5,seed1,daily|M01AB|B_rich,-0.0686781524681663,5,linear,0.5,2.713030255696376,0.8295,-0.0015687997539237,2.926773513022971,5.0,True,global,1.0,"{""0"": 0.5}",0.5,0.5,2.7003061753611526
XGBoost,M01AB,B_rich,pacf_train,1,1,1473,315,317,2014-01-03,2018-01-14,2018-01-15,2018-11-25,2018-11-26,2019-10-08,"{""colsample_bytree"": 0.8, ""learning_rate"": 0.1, ""max_depth"": 3, ""n_estimators"": 100, ""subsample"": 0.8}",12,none,1,7.32183332290123,2.705888638303733,2.1706369036114403,-0.012035095571528,0.5482263521888894,47.37065878773763,1.328724160108991,9.082793829220863,3.0137673814050188,2.377949358792711,-0.0839907742693566,0.5664304533898111,49.033523919233495,1.853733296701373,5.147,daily,5,seed1,daily|M01AB|B_rich,,5,,,,,,,,,,,,,,
"LR-XGB (residual, tanpa gerbang)",M01AB,B_rich,pacf_train,1,1,1473,315,317,2014-01-03,2018-01-14,2018-01-15,2018-11-25,2018-11-26,2019-10-08,"{""colsample_bytree"": 0.8, ""learning_rate"": 0.05, ""max_depth"": 5, ""n_estimators"": 100, ""subsample"": 0.8}",12,none,1,7.386164828457483,2.7177499569418604,2.1810015161410665,-0.0209270954986835,0.550629513707468,47.54956755408563,1.334692098959735,9.35402977086506,3.058435837297402,2.4163950446436444,-0.116361569414642,0.574825784057817,49.57898979131115,1.867231528130559,7.967,daily,5,seed1,daily|M01AB|B_rich,,5,,,,,,,5.0,,,,,,,
Naive,M01AE,A_lag1,pacf_train,1,21,1459,312,314,2014-01-23,2018-01-20,2018-01-21,2018-11-28,2018-11-29,2019-10-08,{},0,none,1,8.063918044871794,2.839703865700048,2.218602564102564,-1.0160140755539473,0.7349227624344821,60.37815381835404,19.092561696684115,8.127574394904459,2.850890105722151,2.2165859872611464,-0.4660092267111404,0.7429677004131198,66.51148449675807,2.7600257404290813,0.0,daily,5,seed1,daily|M01AE|A_lag1,,5,,,,,,,,,,,,,,
SeasonalNaive(s=7),M01AE,A_lag1,pacf_train,1,21,1459,312,314,2014-01-23,2018-01-20,2018-01-21,2018-11-28,2018-11-29,2019-10-08,{},0,none,1,7.688206141025641,2.7727614648623566,2.131211538461538,-0.9220844891801484,0.7175978946051728,58.50321369891426,11.658897336905705,8.206476410828024,2.864694819841727,2.21325796178344,-0.4802411583711663,0.7465653335466087,66.23754139148446,6.085345931316496,0.0,daily,5,seed1,daily|M01AE|A_lag1,,5,,,,,,,,,,,,,,
S1 [linear],M01AE,A_lag1,pacf_train,1,21,1459,312,314,2014-01-23,2018-01-20,2018-01-21,2018-11-28,2018-11-29,2019-10-08,{},0,none,1,4.030009093885328,2.007488254980668,1.604507226399023,-0.0075195472813609,0.519543193121465,44.18282874781168,8.974778377032807,5.39158856688948,2.3219794501436657,1.7570176272245002,0.0274935421513066,0.6051288083736097,50.103371144787765,3.901992843556399,0.007,daily,5,seed1,daily|M01AE|A_lag1,,5,linear,0.0,2.007488254980668,0.0,,2.3219794501436657,,,,,,,,
AR-LRX [linear],M01AE,A_lag1,pacf_train,1,21,1459,312,314,2014-01-23,2018-01-20,2018-01-21,2018-11-28,2018-11-29,2019-10-08,"{""colsample_bytree"": 0.8, ""learning_rate"": 0.05, ""max_depth"": 3, ""n_estimators"": 100, ""subsample"": 0.8}",132,none,1,4.030009093885328,2.007488254980668,1.604507226399023,-0.0075195472813609,0.519543193121465,44.18282874781168,8.974778377032807,5.39158856688948,2.3219794501436657,1.7570176272245002,0.0274935421513066,0.6051288083736097,50.103371144787765,3.901992843556399,4.744,daily,5,seed1,daily|M01AE|A_lag1,0.0173679366782004,5,linear,0.0,2.007488254980668,0.0,-0.0345062323428375,2.3219794501436657,5.0,,,,,,,
AR-LRX-g [linear],M01AE,A_lag1,pacf_train,1,21,1459,312,314,2014-01-23,2018-01-20,2018-01-21,2018-11-28,2018-11-29,2019-10-08,"{""colsample_bytree"": 0.8, ""learning_rate"": 0.05, ""max_depth"": 3, ""n_estimators"": 100, ""subsample"": 0.8}",132,none,1,4.030009093885328,2.007488254980668,1.604507226399023,-0.0075195472813609,0.519543193121465,44.18282874781168,8.974778377032807,5.39158856688948,2.3219794501436657,1.7570176272245002,0.0274935421513066,0.6051288083736097,50.103371144787765,3.901992843556399,4.964,daily,5,seed1,daily|M01AE|A_lag1,0.0173679366782004,5,linear,0.0,2.007488254980668,0.0,-0.0345062323428375,2.3219794501436657,5.0,False,global,1.0,"{""0"": 0.0}",0.0,0.0,2.007488254980668
AR-LRX-Aug [linear],M01AE,A_lag1,pacf_train,1,21,1459,312,314,2014-01-23,2018-01-20,2018-01-21,2018-11-28,2018-11-29,2019-10-08,"{""colsample_bytree"": 0.8, ""learning_rate"": 0.05, ""max_depth"": 3, ""n_estimators"": 300, ""subsample"": 0.8}",132,none,1,4.023562856640848,2.005882064489547,1.6066869738224514,-0.0059079603397631,0.5191275068356559,44.23954403636425,8.927402457358754,5.389737770908627,2.321580877529066,1.7626872143839212,0.0278273790198306,0.6050249367517879,50.2263705550932,3.967068423515033,5.224,daily,5,seed1,daily|M01AE|A_lag1,-0.0420233234027518,5,linear,0.1999999999999999,2.007488254980668,0.08,-0.0338412617991297,2.3219794501436657,5.0,True,global,1.0,"{""0"": 0.2}",0.2,0.2,2.0105437007645595
XGBoost,M01AE,A_lag1,pacf_train,1,21,1459,312,314,2014-01-23,2018-01-20,2018-01-21,2018-11-28,2018-11-29,2019-10-08,"{""colsample_bytree"": 0.8, ""learning_rate"": 0.05, ""max_depth"": 3, ""n_estimators"": 100, ""subsample"": 0.8}",12,none,1,4.154903673482797,2.0383580827427736,1.6325138035982083,-0.0387437275158084,0.5275323850117998,44.78141578701832,9.42484784611201,5.312614973620999,2.3049110554685184,1.7643218772305045,0.0417383845572661,0.6006806306216561,50.416666860856765,3.543886229912137,5.561,daily,5,seed1,daily|M01AE|A_lag1,,5,,,,,,,,,,,,,,
"LR-XGB (residual, tanpa gerbang)",M01AE,A_lag1,pacf_train,1,21,1459,312,314,2014-01-23,2018-01-20,2018-01-21,2018-11-28,2018-11-29,2019-10-08,"{""colsample_bytree"": 0.8, ""learning_rate"": 0.05, ""max_depth"": 3, ""n_estimators"": 100, ""subsample"": 0.8}",12,none,1,4.165301210869459,2.040906957915882,1.6346892440828025,-0.0413431564293924,0.5281920405505155,44.8091793425638,9.690077525877484,5.2921035733763055,2.3004572531078047,1.760677370561596,0.0454381233170045,0.5995199295159235,50.33844719536099,3.5613619034826103,4.994,daily,5,seed1,daily|M01AE|A_lag1,,5,,,,,,,5.0,,,,,,,
Naive,M01AE,B_rich,pacf_train,22,21,1459,312,314,2014-01-23,2018-01-20,2018-01-21,2018-11-28,2018-11-29,2019-10-08,{},0,none,1,8.063918044871794,2.839703865700048,2.218602564102564,-1.0160140755539473,0.7349227624344821,60.37815381835404,19.092561696684115,8.127574394904459,2.850890105722151,2.2165859872611464,-0.4660092267111404,0.7429677004131198,66.51148449675807,2.7600257404290813,0.0,daily,5,seed1,daily|M01AE|B_rich,,5,,,,,,,,,,,,,,
SeasonalNaive(s=7),M01AE,B_rich,pacf_train,22,21,1459,312,314,2014-01-23,2018-01-20,2018-01-21,2018-11-28,2018-11-29,2019-10-08,{},0,none,1,7.688206141025641,2.7727614648623566,2.131211538461538,-0.9220844891801484,0.7175978946051728,58.50321369891426,11.658897336905705,8.206476410828024,2.864694819841727,2.21325796178344,-0.4802411583711663,0.7465653335466087,66.23754139148446,6.085345931316496,0.0,daily,5,seed1,daily|M01AE|B_rich,,5,,,,,,,,,,,,,,
S1 [linear],M01AE,B_rich,pacf_train,22,21,1459,312,314,2014-01-23,2018-01-20,2018-01-21,2018-11-28,2018-11-29,2019-10-08,{},0,none,1,4.001935488421122,2.000483813586384,1.5815566832610757,-0.0005010255835395,0.5177304254308,43.62955907641378,8.745514089424283,4.850956322761249,2.2024886657509155,1.678172644923681,0.1250099498321069,0.573988431155052,48.66748692964677,3.912127464558648,0.016,daily,5,seed1,daily|M01AE|B_rich,,5,linear,0.0,2.000483813586384,0.0,,2.2024886657509155,,,,,,,,
AR-LRX [linear],M01AE,B_rich,pacf_train,22,21,1459,312,314,2014-01-23,2018-01-20,2018-01-21,2018-11-28,2018-11-29,2019-10-08,"{""colsample_bytree"": 0.8, ""learning_rate"": 0.1, ""max_depth"": 3, ""n_estimators"": 100, ""subsample"": 0.8}",132,none,1,3.9905316238740136,1.9976315035246148,1.579644052961913,0.0023499894335713,0.5169922401519633,43.60850395984959,8.987046910537568,4.800051115528289,2.190901895459559,1.6769912043330977,0.1341919640303343,0.5709688142075923,48.68326662786933,3.8723185330825385,7.838,daily,5,seed1,daily|M01AE|B_rich,0.0166886325137718,5,linear,0.2,2.000483813586384,0.1426,-0.0256319646210616,2.2024886657509155,5.0,,,,,,,
AR-LRX-g [linear],M01AE,B_rich,pacf_train,22,21,1459,312,314,2014-01-23,2018-01-20,2018-01-21,2018-11-28,2018-11-29,2019-10-08,"{""colsample_bytree"": 0.8, ""learning_rate"": 0.1, ""max_depth"": 5, ""n_estimators"": 100, ""subsample"": 0.8}",132,none,1,3.9946483099810575,1.9986616296864903,1.5775901014981168,0.001320800261477,0.5172588394877906,43.54147433433887,8.710642780119104,4.845460342864481,2.2012406372008675,1.68012465297155,0.1260012858503328,0.5736631836472587,48.71738776953832,3.911385720195685,8.031,daily,5,seed1,daily|M01AE|B_rich,-0.0558313691829968,5,linear,0.0999999999999999,2.000483813586384,0.0911,-0.0718695334392507,2.2024886657509155,5.0,False,global,1.0,"{""0"": 0.1}",0.1,0.1,2.0041668811477056
AR-LRX-Aug [linear],M01AE,B_rich,pacf_train,22,21,1459,312,314,2014-01-23,2018-01-20,2018-01-21,2018-11-28,2018-11-29,2019-10-08,"{""colsample_bytree"": 0.8, ""learning_rate"": 0.05, ""max_depth"": 3, ""n_estimators"": 500, ""subsample"": 0.8}",132,none,1,4.001935488421122,2.000483813586384,1.5815566832610757,-0.0005010255835395,0.5177304254308,43.62955907641378,8.745514089424283,4.850956322761249,2.2024886657509155,1.678172644923681,0.1250099498321069,0.573988431155052,48.66748692964677,3.912127464558648,9.454,daily,5,seed1,daily|M01AE|B_rich,-0.0300841675559011,5,linear,0.0,2.000483813586384,0.0,-0.0915792616354891,2.2024886657509155,5.0,True,global,1.0,"{""0"": 0.0}",0.0,0.0,2.004074415964266
XGBoost,M01AE,B_rich,pacf_train,22,21,1459,312,314,2014-01-23,2018-01-20,2018-01-21,2018-11-28,2018-11-29,2019-10-08,"{""colsample_bytree"": 0.8, ""learning_rate"": 0.05, ""max_depth"": 3, ""n_estimators"": 100, ""subsample"": 0.8}",12,none,1,4.036302266086586,2.009055067957717,1.6006252111104815,-0.0090928673060715,0.5199486884039906,44.18424693442235,8.62373972861765,4.984133150015974,2.2325172227814893,1.7175213773933946,0.1009882124657967,0.5818141442258399,49.51980044049585,3.890209445199344,8.659,daily,5,seed1,daily|M01AE|B_rich,,5,,,,,,,,,,,,,,
"LR-XGB (residual, tanpa gerbang)",M01AE,B_rich,pacf_train,22,21,1459,312,314,2014-01-23,2018-01-20,2018-01-21,2018-11-28,2018-11-29,2019-10-08,"{""colsample_bytree"": 0.8, ""learning_rate"": 0.05, ""max_depth"": 3, ""n_estimators"": 100, ""subsample"": 0.8}",12,none,1,4.045237762790011,2.0112776443818023,1.585157735351714,-0.0113267797821074,0.5205238969759266,43.73591271866081,9.160764963399377,4.762069321141523,2.1822166072921183,1.6718846362775168,0.1410429208241539,0.5687053496972497,48.70866027475246,3.752199198300832,8.611,daily,5,seed1,daily|M01AE|B_rich,,5,,,,,,,5.0,,,,,,,
Naive,N02BA,A_lag1,pacf_train,1,1,1473,315,317,2014-01-03,2018-01-14,2018-01-15,2018-11-25,2018-11-26,2019-10-08,{},0,none,1,8.334103174603174,2.886884683288055,2.2893650793650795,-0.9287620753697006,0.9162404788269394,82.69963604275131,2.342371831447952,7.760276025236593,2.7857271986389107,2.134542586750789,-1.0094483557731615,0.9089347145988728,77.96042411378919,4.514916652855951,0.0,daily,5,seed1,daily|N02BA|A_lag1,,5,,,,,,,,,,,,,,
SeasonalNaive(s=7),N02BA,A_lag1,pacf_train,1,1,1473,315,317,2014-01-03,2018-01-14,2018-01-15,2018-11-25,2018-11-26,2019-10-08,{},0,none,1,7.847873015873016,2.801405542914666,2.178730158730158,-0.8162337960321493,0.8891110791114557,79.36972426456744,2.511528605299084,7.255528391167193,2.693608804404825,2.1228706624605675,-0.8787488419848966,0.8788780721489677,78.63586500450135,5.112774483243222,0.0,daily,5,seed1,daily|N02BA|A_lag1,,5,,,,,,,,,,,,,,
S1 [linear],N02BA,A_lag1,pacf_train,1,1,1473,315,317,2014-01-03,2018-01-14,2018-01-15,2018-11-25,2018-11-26,2019-10-08,{},0,none,1,5.2531433805716725,2.2919736867101403,1.905808851129704,-0.2157353366828771,0.7274274169407499,62.32415222541202,3.320251974157873,4.645671054039993,2.155381881254455,1.7629831366345512,-0.2029515484559096,0.7032639147317814,59.40873592073984,4.295684500120711,0.006,daily,5,seed1,daily|N02BA|A_lag1,,5,linear,0.0,2.2919736867101403,0.0,,2.155381881254455,,,,,,,,
AR-LRX [linear],N02BA,A_lag1,pacf_train,1,1,1473,315,317,2014-01-03,2018-01-14,2018-01-15,2018-11-25,2018-11-26,2019-10-08,"{""colsample_bytree"": 0.8, ""learning_rate"": 0.05, ""max_depth"": 5, ""n_estimators"": 300, ""subsample"": 0.8}",132,none,1,5.227077403173258,2.28628025473109,1.8975993421938984,-0.2097028857268208,0.7256204334914795,62.24218452554368,3.2173465431865336,4.624878516413025,2.1505530722149184,1.7514169779865685,-0.1975675221131627,0.7016883576677774,59.10608566189723,4.252783723112223,5.38,daily,5,seed1,daily|N02BA|A_lag1,-0.2277210000475404,5,linear,0.2,2.2919736867101403,0.2484,-0.3004507484706797,2.155381881254455,5.0,,,,,,,
AR-LRX-g [linear],N02BA,A_lag1,pacf_train,1,1,1473,315,317,2014-01-03,2018-01-14,2018-01-15,2018-11-25,2018-11-26,2019-10-08,"{""colsample_bytree"": 0.8, ""learning_rate"": 0.05, ""max_depth"": 5, ""n_estimators"": 500, ""subsample"": 0.8}",132,none,1,5.2324866201818665,2.287462922143628,1.8968594219480024,-0.2109547411940584,0.7259957888919324,62.22844772698861,3.210388787236583,4.625042251027978,2.150591139902696,1.7501278566816896,-0.1976099196067222,0.7017007784974059,59.07479082748275,4.242723579784497,5.8,daily,5,seed1,daily|N02BA|A_lag1,-0.2452562592814566,5,linear,0.1999999999999999,2.2919736867101403,0.1968,-0.3507715120272978,2.155381881254455,5.0,False,global,1.0,"{""0"": 0.2}",0.2,0.2,2.297753793934052
AR-LRX-Aug [linear],N02BA,A_lag1,pacf_train,1,1,1473,315,317,2014-01-03,2018-01-14,2018-01-15,2018-11-25,2018-11-26,2019-10-08,"{""colsample_bytree"": 0.8, ""learning_rate"": 0.05, ""max_depth"": 3, ""n_estimators"": 100, ""subsample"": 0.8}",132,none,1,5.2531433805716725,2.2919736867101403,1.905808851129704,-0.2157353366828771,0.7274274169407499,62.32415222541202,3.320251974157873,4.645671054039993,2.155381881254455,1.7629831366345512,-0.2029515484559096,0.7032639147317814,59.40873592073984,4.295684500120711,5.006,daily,5,seed1,daily|N02BA|A_lag1,-0.3327883954765307,5,linear,0.0,2.2919736867101403,0.0,-0.2670065449543184,2.155381881254455,5.0,True,global,1.0,"{""0"": 0.0}",0.0,0.0,2.2919736867101403
XGBoost,N02BA,A_lag1,pacf_train,1,1,1473,315,317,2014-01-03,2018-01-14,2018-01-15,2018-11-25,2018-11-26,2019-10-08,"{""colsample_bytree"": 0.8, ""learning_rate"": 0.05, ""max_depth"": 3, ""n_estimators"": 100, ""subsample"": 0.8}",12,none,1,5.347766038202779,2.312523737867956,1.9187563281589088,-0.237633864897133,0.7339495994240866,62.51758688063111,3.3049802260491137,4.661076951182512,2.158952744082768,1.7629998683929444,-0.2069407563889227,0.7044290256540964,59.28566528457709,4.224620057786554,7.067,daily,5,seed1,daily|N02BA|A_lag1,,5,,,,,,,,,,,,,,
"LR-XGB (residual, tanpa gerbang)",N02BA,A_lag1,pacf_train,1,1,1473,315,317,2014-01-03,2018-01-14,2018-01-15,2018-11-25,2018-11-26,2019-10-08,"{""colsample_bytree"": 0.8, ""learning_rate"": 0.05, ""max_depth"": 3, ""n_estimators"": 100, ""subsample"": 0.8}",12,none,1,5.303645837758274,2.3029645758800275,1.9097907994675056,-0.227423123850107,0.730915709221369,62.40827753422894,3.2695954063340102,4.6315494898356775,2.1521035035136387,1.7559431300701025,-0.1992949061046551,0.7021942366464139,59.20282756295552,4.19682823410803,10.782,daily,5,seed1,daily|N02BA|A_lag1,,5,,,,,,,5.0,,,,,,,
Naive,N02BA,B_rich,pacf_train,1,1,1473,315,317,2014-01-03,2018-01-14,2018-01-15,2018-11-25,2018-11-26,2019-10-08,{},0,none,1,8.334103174603174,2.886884683288055,2.2893650793650795,-0.9287620753697006,0.9162404788269394,82.69963604275131,2.342371831447952,7.760276025236593,2.7857271986389107,2.134542586750789,-1.0094483557731615,0.9089347145988728,77.96042411378919,4.514916652855951,0.0,daily,5,seed1,daily|N02BA|B_rich,,5,,,,,,,,,,,,,,
SeasonalNaive(s=7),N02BA,B_rich,pacf_train,1,1,1473,315,317,2014-01-03,2018-01-14,2018-01-15,2018-11-25,2018-11-26,2019-10-08,{},0,none,1,7.847873015873016,2.801405542914666,2.178730158730158,-0.8162337960321493,0.8891110791114557,79.36972426456744,2.511528605299084,7.255528391167193,2.693608804404825,2.1228706624605675,-0.8787488419848966,0.8788780721489677,78.63586500450135,5.112774483243222,0.0,daily,5,seed1,daily|N02BA|B_rich,,5,,,,,,,,,,,,,,
S1 [linear],N02BA,B_rich,pacf_train,1,1,1473,315,317,2014-01-03,2018-01-14,2018-01-15,2018-11-25,2018-11-26,2019-10-08,{},0,none,1,5.2531433805716725,2.2919736867101403,1.905808851129704,-0.2157353366828771,0.7274274169407499,62.32415222541202,3.320251974157873,4.645671054039993,2.155381881254455,1.7629831366345512,-0.2029515484559096,0.7032639147317814,59.40873592073984,4.295684500120711,0.014,daily,5,seed1,daily|N02BA|B_rich,,5,linear,0.0,2.2919736867101403,0.0,,2.155381881254455,,,,,,,,
AR-LRX [linear],N02BA,B_rich,pacf_train,1,1,1473,315,317,2014-01-03,2018-01-14,2018-01-15,2018-11-25,2018-11-26,2019-10-08,"{""colsample_bytree"": 0.8, ""learning_rate"": 0.05, ""max_depth"": 5, ""n_estimators"": 300, ""subsample"": 0.8}",132,none,1,5.227077403173258,2.28628025473109,1.8975993421938984,-0.2097028857268208,0.7256204334914795,62.24218452554368,3.2173465431865336,4.624878516413025,2.1505530722149184,1.7514169779865685,-0.1975675221131627,0.7016883576677774,59.10608566189723,4.252783723112223,8.713,daily,5,seed1,daily|N02BA|B_rich,-0.2277210000475404,5,linear,0.2,2.2919736867101403,0.2484,-0.3004507484706797,2.155381881254455,5.0,,,,,,,
AR-LRX-g [linear],N02BA,B_rich,pacf_train,1,1,1473,315,317,2014-01-03,2018-01-14,2018-01-15,2018-11-25,2018-11-26,2019-10-08,"{""colsample_bytree"": 0.8, ""learning_rate"": 0.05, ""max_depth"": 5, ""n_estimators"": 500, ""subsample"": 0.8}",132,none,1,5.2324866201818665,2.287462922143628,1.8968594219480024,-0.2109547411940584,0.7259957888919324,62.22844772698861,3.210388787236583,4.625042251027978,2.150591139902696,1.7501278566816896,-0.1976099196067222,0.7017007784974059,59.07479082748275,4.242723579784497,6.0,daily,5,seed1,daily|N02BA|B_rich,-0.2452562592814566,5,linear,0.1999999999999999,2.2919736867101403,0.1968,-0.3507715120272978,2.155381881254455,5.0,False,global,1.0,"{""0"": 0.2}",0.2,0.2,2.297753793934052
AR-LRX-Aug [linear],N02BA,B_rich,pacf_train,1,1,1473,315,317,2014-01-03,2018-01-14,2018-01-15,2018-11-25,2018-11-26,2019-10-08,"{""colsample_bytree"": 0.8, ""learning_rate"": 0.05, ""max_depth"": 3, ""n_estimators"": 100, ""subsample"": 0.8}",132,none,1,5.2531433805716725,2.2919736867101403,1.905808851129704,-0.2157353366828771,0.7274274169407499,62.32415222541202,3.320251974157873,4.645671054039993,2.155381881254455,1.7629831366345512,-0.2029515484559096,0.7032639147317814,59.40873592073984,4.295684500120711,5.189,daily,5,seed1,daily|N02BA|B_rich,-0.3327883954765307,5,linear,0.0,2.2919736867101403,0.0,-0.2670065449543184,2.155381881254455,5.0,True,global,1.0,"{""0"": 0.0}",0.0,0.0,2.2919736867101403
XGBoost,N02BA,B_rich,pacf_train,1,1,1473,315,317,2014-01-03,2018-01-14,2018-01-15,2018-11-25,2018-11-26,2019-10-08,"{""colsample_bytree"": 0.8, ""learning_rate"": 0.05, ""max_depth"": 3, ""n_estimators"": 100, ""subsample"": 0.8}",12,none,1,5.347766038202779,2.312523737867956,1.9187563281589088,-0.237633864897133,0.7339495994240866,62.51758688063111,3.3049802260491137,4.661076951182512,2.158952744082768,1.7629998683929444,-0.2069407563889227,0.7044290256540964,59.28566528457709,4.224620057786554,7.562,daily,5,seed1,daily|N02BA|B_rich,,5,,,,,,,,,,,,,,
"LR-XGB (residual, tanpa gerbang)",N02BA,B_rich,pacf_train,1,1,1473,315,317,2014-01-03,2018-01-14,2018-01-15,2018-11-25,2018-11-26,2019-10-08,"{""colsample_bytree"": 0.8, ""learning_rate"": 0.05, ""max_depth"": 3, ""n_estimators"": 100, ""subsample"": 0.8}",12,none,1,5.303645837758274,2.3029645758800275,1.9097907994675056,-0.227423123850107,0.730915709221369,62.40827753422894,3.2695954063340102,4.6315494898356775,2.1521035035136387,1.7559431300701025,-0.1992949061046551,0.7021942366464139,59.20282756295552,4.19682823410803,5.404,daily,5,seed1,daily|N02BA|B_rich,,5,,,,,,,5.0,,,,,,,
Naive,N02BE,A_lag1,pacf_train,1,1,1473,315,317,2014-01-03,2018-01-14,2018-01-15,2018-11-25,2018-11-26,2019-10-08,{},0,none,1,217.44338421587304,14.745961623979396,11.26143492063492,-0.1773857646180414,0.4949864836135261,39.65327459694022,0.6401810403773499,267.6145699621451,16.358929364788672,12.260832807570978,0.0353746408762239,0.5550064058152501,45.59922383129986,0.6090563105445783,0.0,daily,5,seed1,daily|N02BE|A_lag1,,5,,,,,,,,,,,,,,
SeasonalNaive(s=7),N02BE,A_lag1,pacf_train,1,1,1473,315,317,2014-01-03,2018-01-14,2018-01-15,2018-11-25,2018-11-26,2019-10-08,{},0,none,1,230.10919060634924,15.169350368633102,11.791273015873015,-0.2459670194367673,0.5091986259791271,41.05185459429482,0.6799729413046828,266.48052583596217,16.32423124793208,11.935097791798109,0.0394623395491182,0.5538292091481757,44.49239311465449,0.6478070977049389,0.0,daily,5,seed1,daily|N02BE|A_lag1,,5,,,,,,,,,,,,,,
S1 [linear],N02BE,A_lag1,pacf_train,1,1,1473,315,317,2014-01-03,2018-01-14,2018-01-15,2018-11-25,2018-11-26,2019-10-08,{},0,none,1,153.57083492845794,12.392370028709518,9.86939933741544,0.1684634804719228,0.4159820716048506,34.57583006066338,0.6084517399038339,205.6223851477789,14.339539223691215,11.141617867165255,0.2588274728647224,0.4864949256836939,40.123373437841536,0.62185815126519,0.006,daily,5,seed1,daily|N02BE|A_lag1,,5,linear,0.0,12.392370028709518,0.0,,14.339539223691215,,,,,,,,
AR-LRX [linear],N02BE,A_lag1,pacf_train,1,1,1473,315,317,2014-01-03,2018-01-14,2018-01-15,2018-11-25,2018-11-26,2019-10-08,"{""colsample_bytree"": 0.8, ""learning_rate"": 0.1, ""max_depth"": 3, ""n_estimators"": 300, ""subsample"": 0.8}",132,none,1,153.4944400376976,12.389287309514524,9.87442165914418,0.1688771341555938,0.4158785921320831,34.56748927897888,0.6067411137955413,204.9028985418645,14.3144297316332,11.107981415440884,0.2614208855690946,0.4856430405371658,39.93052053922756,0.6178523164383243,5.666,daily,5,seed1,daily|N02BE|A_lag1,-0.0332744331848429,5,linear,0.1,12.392370028709518,0.0249,-0.0746785852290288,14.339539223691215,5.0,,,,,,,
AR-LRX-g [linear],N02BE,A_lag1,pacf_train,1,1,1473,315,317,2014-01-03,2018-01-14,2018-01-15,2018-11-25,2018-11-26,2019-10-08,"{""colsample_bytree"": 0.8, ""learning_rate"": 0.1, ""max_depth"": 3, ""n_estimators"": 500, ""subsample"": 0.8}",132,none,1,153.57083492845794,12.392370028709518,9.86939933741544,0.1684634804719228,0.4159820716048506,34.57583006066338,0.6084517399038339,205.6223851477789,14.339539223691215,11.141617867165255,0.2588274728647224,0.4864949256836939,40.123373437841536,0.62185815126519,9.135,daily,5,seed1,daily|N02BE|A_lag1,-0.0491502778552039,5,linear,0.0,12.392370028709518,0.0,-0.0922499087111821,14.339539223691215,5.0,False,global,1.0,"{""0"": 0.0}",0.0,0.0,12.396367225490373
AR-LRX-Aug [linear],N02BE,A_lag1,pacf_train,1,1,1473,315,317,2014-01-03,2018-01-14,2018-01-15,2018-11-25,2018-11-26,2019-10-08,"{""colsample_bytree"": 0.8, ""learning_rate"": 0.1, ""max_depth"": 5, ""n_estimators"": 500, ""subsample"": 0.8}",132,none,1,153.12156069213484,12.374229700960576,9.835775634080962,0.1708961554974887,0.4153731444102047,34.42038793654274,0.6024199718546063,206.2368246938536,14.360947903737191,11.14571027669122,0.2566127056796773,0.4872212540576729,40.072823491344266,0.62212338577536,6.601,daily,5,seed1,daily|N02BE|A_lag1,-0.1960209341642171,5,linear,0.0999999999999999,12.392370028709518,0.1464,-0.2754209063295467,14.339539223691215,5.0,True,global,1.0,"{""0"": 0.1}",0.1,0.1,12.374229700960576
XGBoost,N02BE,A_lag1,pacf_train,1,1,1473,315,317,2014-01-03,2018-01-14,2018-01-15,2018-11-25,2018-11-26,2019-10-08,"{""colsample_bytree"": 0.8, ""learning_rate"": 0.05, ""max_depth"": 3, ""n_estimators"": 100, ""subsample"": 0.8}",12,none,1,157.48016027962436,12.549109939737733,9.97025432032025,0.1472957450895752,0.4212434536279523,34.7224212823725,0.5988807717648696,203.9974707497788,14.282768315343452,11.000840739927082,0.2646845292833545,0.4845688694550523,39.25962903326505,0.6048986042982315,7.537,daily,5,seed1,daily|N02BE|A_lag1,,5,,,,,,,,,,,,,,
"LR-XGB (residual, tanpa gerbang)",N02BE,A_lag1,pacf_train,1,1,1473,315,317,2014-01-03,2018-01-14,2018-01-15,2018-11-25,2018-11-26,2019-10-08,"{""colsample_bytree"": 0.8, ""learning_rate"": 0.05, ""max_depth"": 3, ""n_estimators"": 100, ""subsample"": 0.8}",12,none,1,158.72649096922734,12.59867020638398,9.983414536921936,0.140547266550038,0.4229070726403795,34.748864281197655,0.5997148209658982,201.3376306944108,14.18934919911448,10.948449924944056,0.2742720086533461,0.4813994561776603,39.136597077812176,0.602994934051164,8.223,daily,5,seed1,daily|N02BE|A_lag1,,5,,,,,,,5.0,,,,,,,
Naive,N02BE,B_rich,pacf_train,1,1,1473,315,317,2014-01-03,2018-01-14,2018-01-15,2018-11-25,2018-11-26,2019-10-08,{},0,none,1,217.44338421587304,14.745961623979396,11.26143492063492,-0.1773857646180414,0.4949864836135261,39.65327459694022,0.6401810403773499,267.6145699621451,16.358929364788672,12.260832807570978,0.0353746408762239,0.5550064058152501,45.59922383129986,0.6090563105445783,0.0,daily,5,seed1,daily|N02BE|B_rich,,5,,,,,,,,,,,,,,
SeasonalNaive(s=7),N02BE,B_rich,pacf_train,1,1,1473,315,317,2014-01-03,2018-01-14,2018-01-15,2018-11-25,2018-11-26,2019-10-08,{},0,none,1,230.10919060634924,15.169350368633102,11.791273015873015,-0.2459670194367673,0.5091986259791271,41.05185459429482,0.6799729413046828,266.48052583596217,16.32423124793208,11.935097791798109,0.0394623395491182,0.5538292091481757,44.49239311465449,0.6478070977049389,0.0,daily,5,seed1,daily|N02BE|B_rich,,5,,,,,,,,,,,,,,
S1 [linear],N02BE,B_rich,pacf_train,1,1,1473,315,317,2014-01-03,2018-01-14,2018-01-15,2018-11-25,2018-11-26,2019-10-08,{},0,none,1,153.57083492845794,12.392370028709518,9.86939933741544,0.1684634804719228,0.4159820716048506,34.57583006066338,0.6084517399038339,205.6223851477789,14.339539223691215,11.141617867165255,0.2588274728647224,0.4864949256836939,40.123373437841536,0.62185815126519,0.005,daily,5,seed1,daily|N02BE|B_rich,,5,linear,0.0,12.392370028709518,0.0,,14.339539223691215,,,,,,,,
AR-LRX [linear],N02BE,B_rich,pacf_train,1,1,1473,315,317,2014-01-03,2018-01-14,2018-01-15,2018-11-25,2018-11-26,2019-10-08,"{""colsample_bytree"": 0.8, ""learning_rate"": 0.1, ""max_depth"": 3, ""n_estimators"": 300, ""subsample"": 0.8}",132,none,1,153.4944400376976,12.389287309514524,9.87442165914418,0.1688771341555938,0.4158785921320831,34.56748927897888,0.6067411137955413,204.9028985418645,14.3144297316332,11.107981415440884,0.2614208855690946,0.4856430405371658,39.93052053922756,0.6178523164383243,6.267,daily,5,seed1,daily|N02BE|B_rich,-0.0332744331848429,5,linear,0.1,12.392370028709518,0.0249,-0.0746785852290288,14.339539223691215,5.0,,,,,,,
AR-LRX-g [linear],N02BE,B_rich,pacf_train,1,1,1473,315,317,2014-01-03,2018-01-14,2018-01-15,2018-11-25,2018-11-26,2019-10-08,"{""colsample_bytree"": 0.8, ""learning_rate"": 0.1, ""max_depth"": 3, ""n_estimators"": 500, ""subsample"": 0.8}",132,none,1,153.57083492845794,12.392370028709518,9.86939933741544,0.1684634804719228,0.4159820716048506,34.57583006066338,0.6084517399038339,205.6223851477789,14.339539223691215,11.141617867165255,0.2588274728647224,0.4864949256836939,40.123373437841536,0.62185815126519,6.572,daily,5,seed1,daily|N02BE|B_rich,-0.0491502778552039,5,linear,0.0,12.392370028709518,0.0,-0.0922499087111821,14.339539223691215,5.0,False,global,1.0,"{""0"": 0.0}",0.0,0.0,12.396367225490373
AR-LRX-Aug [linear],N02BE,B_rich,pacf_train,1,1,1473,315,317,2014-01-03,2018-01-14,2018-01-15,2018-11-25,2018-11-26,2019-10-08,"{""colsample_bytree"": 0.8, ""learning_rate"": 0.1, ""max_depth"": 5, ""n_estimators"": 500, ""subsample"": 0.8}",132,none,1,153.12156069213484,12.374229700960576,9.835775634080962,0.1708961554974887,0.4153731444102047,34.42038793654274,0.6024199718546063,206.2368246938536,14.360947903737191,11.14571027669122,0.2566127056796773,0.4872212540576729,40.072823491344266,0.62212338577536,7.232,daily,5,seed1,daily|N02BE|B_rich,-0.1960209341642171,5,linear,0.0999999999999999,12.392370028709518,0.1464,-0.2754209063295467,14.339539223691215,5.0,True,global,1.0,"{""0"": 0.1}",0.1,0.1,12.374229700960576
XGBoost,N02BE,B_rich,pacf_train,1,1,1473,315,317,2014-01-03,2018-01-14,2018-01-15,2018-11-25,2018-11-26,2019-10-08,"{""colsample_bytree"": 0.8, ""learning_rate"": 0.05, ""max_depth"": 3, ""n_estimators"": 100, ""subsample"": 0.8}",12,none,1,157.48016027962436,12.549109939737733,9.97025432032025,0.1472957450895752,0.4212434536279523,34.7224212823725,0.5988807717648696,203.9974707497788,14.282768315343452,11.000840739927082,0.2646845292833545,0.4845688694550523,39.25962903326505,0.6048986042982315,5.531,daily,5,seed1,daily|N02BE|B_rich,,5,,,,,,,,,,,,,,
"LR-XGB (residual, tanpa gerbang)",N02BE,B_rich,pacf_train,1,1,1473,315,317,2014-01-03,2018-01-14,2018-01-15,2018-11-25,2018-11-26,2019-10-08,"{""colsample_bytree"": 0.8, ""learning_rate"": 0.05, ""max_depth"": 3, ""n_estimators"": 100, ""subsample"": 0.8}",12,none,1,158.72649096922734,12.59867020638398,9.983414536921936,0.140547266550038,0.4229070726403795,34.748864281197655,0.5997148209658982,201.3376306944108,14.18934919911448,10.948449924944056,0.2742720086533461,0.4813994561776603,39.136597077812176,0.602994934051164,5.428,daily,5,seed1,daily|N02BE|B_rich,,5,,,,,,,5.0,,,,,,,
Naive,N05B,A_lag1,pacf_train,1,1,1473,315,317,2014-01-03,2018-01-14,2018-01-15,2018-11-25,2018-11-26,2019-10-08,{},0,none,1,36.112,6.009326085344346,4.477460317460317,-0.5700891855747092,0.6556309631765964,51.48284895274944,1.037593235641704,34.789652996845426,5.898275425651589,4.513564668769717,-0.8613666472123493,0.6920910978425946,58.41854125142585,1.4696289793176036,0.0,daily,5,seed1,daily|N05B|A_lag1,,5,,,,,,,,,,,,,,
SeasonalNaive(s=7),N05B,A_lag1,pacf_train,1,1,1473,315,317,2014-01-03,2018-01-14,2018-01-15,2018-11-25,2018-11-26,2019-10-08,{},0,none,1,42.73676190476191,6.5373359944829135,4.9523809523809526,-0.8581227207894293,0.7132380293232605,55.1438964833201,1.2884391726352744,33.49817034700316,5.7877603912915365,4.490220820189275,-0.7922678628672513,0.6791234986820466,58.98982476196507,1.3497836088745436,0.0,daily,5,seed1,daily|N05B|A_lag1,,5,,,,,,,,,,,,,,
S1 [linear],N05B,A_lag1,pacf_train,1,1,1473,315,317,2014-01-03,2018-01-14,2018-01-15,2018-11-25,2018-11-26,2019-10-08,{},0,none,1,22.121535572971776,4.703353651701281,3.4966883742269155,0.0381927400468207,0.5131464395559379,39.37344562383443,0.8682197354640178,19.65860909717409,4.433803006130751,3.492097883087328,-0.0518035148951647,0.5202530178203465,44.6846688968021,1.2961836959440327,0.006,daily,5,seed1,daily|N05B|A_lag1,,5,linear,0.0,4.703353651701281,0.0,,4.433803006130751,,,,,,,,
AR-LRX [linear],N05B,A_lag1,pacf_train,1,1,1473,315,317,2014-01-03,2018-01-14,2018-01-15,2018-11-25,2018-11-26,2019-10-08,"{""colsample_bytree"": 0.8, ""learning_rate"": 0.1, ""max_depth"": 5, ""n_estimators"": 500, ""subsample"": 0.8}",132,none,1,22.11567250779954,4.7027303248006405,3.4941317621249413,0.0384476562857785,0.5130784331920898,39.34173286048201,0.8688320022459197,19.667336976078065,4.434787139883724,3.487530875832225,-0.0522704865747685,0.5203684939825068,44.63791031446517,1.2930824758281865,6.579,daily,5,seed1,daily|N05B|A_lag1,-0.0968482839129287,5,linear,0.1,4.703353651701281,0.0133,-0.0335352379484248,4.433803006130751,5.0,,,,,,,
AR-LRX-g [linear],N05B,A_lag1,pacf_train,1,1,1473,315,317,2014-01-03,2018-01-14,2018-01-15,2018-11-25,2018-11-26,2019-10-08,"{""colsample_bytree"": 0.8, ""learning_rate"": 0.05, ""max_depth"": 3, ""n_estimators"": 100, ""subsample"": 0.8}",132,none,1,22.121535572971776,4.703353651701281,3.4966883742269155,0.0381927400468207,0.5131464395559379,39.37344562383443,0.8682197354640178,19.65860909717409,4.433803006130751,3.492097883087328,-0.0518035148951647,0.5202530178203465,44.6846688968021,1.2961836959440327,5.336,daily,5,seed1,daily|N05B|A_lag1,-0.0294993309030624,5,linear,0.0,4.703353651701281,0.0,-0.0307547881345924,4.433803006130751,5.0,False,global,1.0,"{""0"": 0.0}",0.0,0.0,4.715141437620549
AR-LRX-Aug [linear],N05B,A_lag1,pacf_train,1,1,1473,315,317,2014-01-03,2018-01-14,2018-01-15,2018-11-25,2018-11-26,2019-10-08,"{""colsample_bytree"": 0.8, ""learning_rate"": 0.05, ""max_depth"": 3, ""n_estimators"": 300, ""subsample"": 0.8}",132,none,1,22.121535572971776,4.703353651701281,3.4966883742269155,0.0381927400468207,0.5131464395559379,39.37344562383443,0.8682197354640178,19.65860909717409,4.433803006130751,3.492097883087328,-0.0518035148951647,0.5202530178203465,44.6846688968021,1.2961836959440327,5.549,daily,5,seed1,daily|N05B|A_lag1,-0.0042159647707555,5,linear,0.0,4.703353651701281,0.0,-0.0671500365056048,4.433803006130751,5.0,True,global,1.0,"{""0"": 0.0}",0.0,0.0,4.703353651701281
XGBoost,N05B,A_lag1,pacf_train,1,1,1473,315,317,2014-01-03,2018-01-14,2018-01-15,2018-11-25,2018-11-26,2019-10-08,"{""colsample_bytree"": 0.8, ""learning_rate"": 0.05, ""max_depth"": 3, ""n_estimators"": 100, ""subsample"": 0.8}",12,none,1,22.69617937668767,4.764050731959901,3.5238082819136363,0.0132081913712602,0.5197686272400142,39.57596961599003,0.8822668215550494,19.953771593537645,4.466964471935908,3.5035363588423385,-0.0675957283526798,0.5241441137117571,44.83971639239583,1.2741087574073475,4.644,daily,5,seed1,daily|N05B|A_lag1,,5,,,,,,,,,,,,,,
"LR-XGB (residual, tanpa gerbang)",N05B,A_lag1,pacf_train,1,1,1473,315,317,2014-01-03,2018-01-14,2018-01-15,2018-11-25,2018-11-26,2019-10-08,"{""colsample_bytree"": 0.8, ""learning_rate"": 0.05, ""max_depth"": 3, ""n_estimators"": 100, ""subsample"": 0.8}",12,none,1,22.75224975586193,4.769931839750116,3.5333876938184137,0.0107703453374604,0.5204102692994205,39.65002228006641,0.8830323660431985,20.166326201543605,4.49069328740492,3.518800575245894,-0.0789681343404447,0.5269284024679299,44.91910342935866,1.2783517937641102,5.005,daily,5,seed1,daily|N05B|A_lag1,,5,,,,,,,5.0,,,,,,,
Naive,N05B,B_rich,pacf_train,1,1,1473,315,317,2014-01-03,2018-01-14,2018-01-15,2018-11-25,2018-11-26,2019-10-08,{},0,none,1,36.112,6.009326085344346,4.477460317460317,-0.5700891855747092,0.6556309631765964,51.48284895274944,1.037593235641704,34.789652996845426,5.898275425651589,4.513564668769717,-0.8613666472123493,0.6920910978425946,58.41854125142585,1.4696289793176036,0.0,daily,5,seed1,daily|N05B|B_rich,,5,,,,,,,,,,,,,,
SeasonalNaive(s=7),N05B,B_rich,pacf_train,1,1,1473,315,317,2014-01-03,2018-01-14,2018-01-15,2018-11-25,2018-11-26,2019-10-08,{},0,none,1,42.73676190476191,6.5373359944829135,4.9523809523809526,-0.8581227207894293,0.7132380293232605,55.1438964833201,1.2884391726352744,33.49817034700316,5.7877603912915365,4.490220820189275,-0.7922678628672513,0.6791234986820466,58.98982476196507,1.3497836088745436,0.0,daily,5,seed1,daily|N05B|B_rich,,5,,,,,,,,,,,,,,
S1 [linear],N05B,B_rich,pacf_train,1,1,1473,315,317,2014-01-03,2018-01-14,2018-01-15,2018-11-25,2018-11-26,2019-10-08,{},0,none,1,22.121535572971776,4.703353651701281,3.4966883742269155,0.0381927400468207,0.5131464395559379,39.37344562383443,0.8682197354640178,19.65860909717409,4.433803006130751,3.492097883087328,-0.0518035148951647,0.5202530178203465,44.6846688968021,1.2961836959440327,0.007,daily,5,seed1,daily|N05B|B_rich,,5,linear,0.0,4.703353651701281,0.0,,4.433803006130751,,,,,,,,
AR-LRX [linear],N05B,B_rich,pacf_train,1,1,1473,315,317,2014-01-03,2018-01-14,2018-01-15,2018-11-25,2018-11-26,2019-10-08,"{""colsample_bytree"": 0.8, ""learning_rate"": 0.1, ""max_depth"": 5, ""n_estimators"": 500, ""subsample"": 0.8}",132,none,1,22.11567250779954,4.7027303248006405,3.4941317621249413,0.0384476562857785,0.5130784331920898,39.34173286048201,0.8688320022459197,19.667336976078065,4.434787139883724,3.487530875832225,-0.0522704865747685,0.5203684939825068,44.63791031446517,1.2930824758281865,5.849,daily,5,seed1,daily|N05B|B_rich,-0.0968482839129287,5,linear,0.1,4.703353651701281,0.0133,-0.0335352379484248,4.433803006130751,5.0,,,,,,,
AR-LRX-g [linear],N05B,B_rich,pacf_train,1,1,1473,315,317,2014-01-03,2018-01-14,2018-01-15,2018-11-25,2018-11-26,2019-10-08,"{""colsample_bytree"": 0.8, ""learning_rate"": 0.05, ""max_depth"": 3, ""n_estimators"": 100, ""subsample"": 0.8}",132,none,1,22.121535572971776,4.703353651701281,3.4966883742269155,0.0381927400468207,0.5131464395559379,39.37344562383443,0.8682197354640178,19.65860909717409,4.433803006130751,3.492097883087328,-0.0518035148951647,0.5202530178203465,44.6846688968021,1.2961836959440327,6.864,daily,5,seed1,daily|N05B|B_rich,-0.0294993309030624,5,linear,0.0,4.703353651701281,0.0,-0.0307547881345924,4.433803006130751,5.0,False,global,1.0,"{""0"": 0.0}",0.0,0.0,4.715141437620549
AR-LRX-Aug [linear],N05B,B_rich,pacf_train,1,1,1473,315,317,2014-01-03,2018-01-14,2018-01-15,2018-11-25,2018-11-26,2019-10-08,"{""colsample_bytree"": 0.8, ""learning_rate"": 0.05, ""max_depth"": 3, ""n_estimators"": 300, ""subsample"": 0.8}",132,none,1,22.121535572971776,4.703353651701281,3.4966883742269155,0.0381927400468207,0.5131464395559379,39.37344562383443,0.8682197354640178,19.65860909717409,4.433803006130751,3.492097883087328,-0.0518035148951647,0.5202530178203465,44.6846688968021,1.2961836959440327,19.979,daily,5,seed1,daily|N05B|B_rich,-0.0042159647707555,5,linear,0.0,4.703353651701281,0.0,-0.0671500365056048,4.433803006130751,5.0,True,global,1.0,"{""0"": 0.0}",0.0,0.0,4.703353651701281
XGBoost,N05B,B_rich,pacf_train,1,1,1473,315,317,2014-01-03,2018-01-14,2018-01-15,2018-11-25,2018-11-26,2019-10-08,"{""colsample_bytree"": 0.8, ""learning_rate"": 0.05, ""max_depth"": 3, ""n_estimators"": 100, ""subsample"": 0.8}",12,none,1,22.69617937668767,4.764050731959901,3.5238082819136363,0.0132081913712602,0.5197686272400142,39.57596961599003,0.8822668215550494,19.953771593537645,4.466964471935908,3.5035363588423385,-0.0675957283526798,0.5241441137117571,44.83971639239583,1.2741087574073475,5.646,daily,5,seed1,daily|N05B|B_rich,,5,,,,,,,,,,,,,,
"LR-XGB (residual, tanpa gerbang)",N05B,B_rich,pacf_train,1,1,1473,315,317,2014-01-03,2018-01-14,2018-01-15,2018-11-25,2018-11-26,2019-10-08,"{""colsample_bytree"": 0.8, ""learning_rate"": 0.05, ""max_depth"": 3, ""n_estimators"": 100, ""subsample"": 0.8}",12,none,1,22.75224975586193,4.769931839750116,3.5333876938184137,0.0107703453374604,0.5204102692994205,39.65002228006641,0.8830323660431985,20.166326201543605,4.49069328740492,3.518800575245894,-0.0789681343404447,0.5269284024679299,44.91910342935866,1.2783517937641102,4.966,daily,5,seed1,daily|N05B|B_rich,,5,,,,,,,5.0,,,,,,,
Naive,N05C,A_lag1,pacf_train,1,7,1469,314,316,2014-01-09,2018-01-16,2018-01-17,2018-11-26,2018-11-27,2019-10-08,{},0,none,1,3.245222929936306,1.801450229658401,0.9968152866242038,-0.9423898790733812,2.828276860563689,170.12558275058277,1.14360616103027,2.7626582278481013,1.662124612611251,1.1044303797468351,-1.146047749072324,2.3343616781562457,170.49054797798516,1.0397716095374023,0.0,daily,5,seed1,daily|N05C|A_lag1,,5,,,,,,,,,,,,,,
SeasonalNaive(s=7),N05C,A_lag1,pacf_train,1,7,1469,314,316,2014-01-09,2018-01-16,2018-01-17,2018-11-26,2018-11-27,2019-10-08,{},0,none,1,2.8853503184713376,1.6986318961067868,0.961783439490446,-0.726992375309601,2.666852076887656,174.4593489569741,1.0456056110833476,2.6487341772151898,1.6274932187923823,1.0727848101265822,-1.0575509346775886,2.2857238095039683,166.73606125867434,1.0011821716055178,0.0,daily,5,seed1,daily|N05C|A_lag1,,5,,,,,,,,,,,,,,
S1 [linear],N05C,A_lag1,pacf_train,1,7,1469,314,316,2014-01-09,2018-01-16,2018-01-17,2018-11-26,2018-11-27,2019-10-08,{},0,none,1,1.6750876542176854,1.2942517738901058,0.8495322279728027,-0.0026039431987692,2.031975285007466,166.9933340045415,0.6374896487402409,1.311529447006751,1.145220261350082,0.8518890191874211,-0.0188031183948758,1.6083982337183376,158.08401182796632,0.6219326037169545,0.005,daily,5,seed1,daily|N05C|A_lag1,,5,linear,0.0,1.2942517738901058,0.0,,1.145220261350082,,,,,,,,
AR-LRX [linear],N05C,A_lag1,pacf_train,1,7,1469,314,316,2014-01-09,2018-01-16,2018-01-17,2018-11-26,2018-11-27,2019-10-08,"{""colsample_bytree"": 0.8, ""learning_rate"": 0.05, ""max_depth"": 3, ""n_estimators"": 100, ""subsample"": 0.8}",132,none,1,1.6750876542176854,1.2942517738901058,0.8495322279728027,-0.0026039431987692,2.031975285007466,166.9933340045415,0.6374896487402409,1.311529447006751,1.145220261350082,0.8518890191874211,-0.0188031183948758,1.6083982337183376,158.08401182796632,0.6219326037169545,6.291,daily,5,seed1,daily|N05C|A_lag1,-0.0162502792666667,5,linear,0.0,1.2942517738901058,0.0,-0.0235873339617791,1.145220261350082,5.0,,,,,,,
AR-LRX-g [linear],N05C,A_lag1,pacf_train,1,7,1469,314,316,2014-01-09,2018-01-16,2018-01-17,2018-11-26,2018-11-27,2019-10-08,"{""colsample_bytree"": 0.8, ""learning_rate"": 0.05, ""max_depth"": 3, ""n_estimators"": 100, ""subsample"": 0.8}",132,none,1,1.6750876542176854,1.2942517738901058,0.8495322279728027,-0.0026039431987692,2.031975285007466,166.9933340045415,0.6374896487402409,1.311529447006751,1.145220261350082,0.8518890191874211,-0.0188031183948758,1.6083982337183376,158.08401182796632,0.6219326037169545,8.271,daily,5,seed1,daily|N05C|A_lag1,-0.0162502792666667,5,linear,0.0,1.2942517738901058,0.0,-0.0235873339617791,1.145220261350082,5.0,False,global,1.0,"{""0"": 0.0}",0.0,0.0,1.2963598739111215
AR-LRX-Aug [linear],N05C,A_lag1,pacf_train,1,7,1469,314,316,2014-01-09,2018-01-16,2018-01-17,2018-11-26,2018-11-27,2019-10-08,"{""colsample_bytree"": 0.8, ""learning_rate"": 0.1, ""max_depth"": 5, ""n_estimators"": 100, ""subsample"": 0.8}",132,none,1,1.6750876542176854,1.2942517738901058,0.8495322279728027,-0.0026039431987692,2.031975285007466,166.9933340045415,0.6374896487402409,1.311529447006751,1.145220261350082,0.8518890191874211,-0.0188031183948758,1.6083982337183376,158.08401182796632,0.6219326037169545,9.063,daily,5,seed1,daily|N05C|A_lag1,0.0104184524124725,5,linear,0.0,1.2942517738901058,0.0,-0.0717371469014349,1.145220261350082,5.0,True,global,1.0,"{""0"": 0.0}",0.0,0.0,1.3010330253651996
XGBoost,N05C,A_lag1,pacf_train,1,7,1469,314,316,2014-01-09,2018-01-16,2018-01-17,2018-11-26,2018-11-27,2019-10-08,"{""colsample_bytree"": 0.8, ""learning_rate"": 0.1, ""max_depth"": 3, ""n_estimators"": 300, ""subsample"": 0.8}",12,none,1,1.7055541061727597,1.3059686467035725,0.8468174852763012,-0.0208392783996005,2.0503707753246085,167.81392058545578,0.6496207727801417,1.3145453504024782,1.1465362403354191,0.8494546593555922,-0.0211458883504855,1.6102464530933,158.924597521421,0.631553859964971,5.25,daily,5,seed1,daily|N05C|A_lag1,,5,,,,,,,,,,,,,,
"LR-XGB (residual, tanpa gerbang)",N05C,A_lag1,pacf_train,1,7,1469,314,316,2014-01-09,2018-01-16,2018-01-17,2018-11-26,2018-11-27,2019-10-08,"{""colsample_bytree"": 0.8, ""learning_rate"": 0.1, ""max_depth"": 5, ""n_estimators"": 300, ""subsample"": 0.8}",12,none,1,1.7058911736466755,1.3060976891667313,0.8467165513828275,-0.0210410261574691,2.050573371991768,167.7162059790173,0.6497859855953997,1.3155591873172583,1.1469782854602166,0.8500873672087709,-0.0219334423110002,1.6108672809130151,158.76152562517396,0.6312186345342359,4.866,daily,5,seed1,daily|N05C|A_lag1,,5,,,,,,,5.0,,,,,,,
Naive,N05C,B_rich,pacf_train,8,7,1469,314,316,2014-01-09,2018-01-16,2018-01-17,2018-11-26,2018-11-27,2019-10-08,{},0,none,1,3.245222929936306,1.801450229658401,0.9968152866242038,-0.9423898790733812,2.828276860563689,170.12558275058277,1.14360616103027,2.7626582278481013,1.662124612611251,1.1044303797468351,-1.146047749072324,2.3343616781562457,170.49054797798516,1.0397716095374023,0.0,daily,5,seed1,daily|N05C|B_rich,,5,,,,,,,,,,,,,,
SeasonalNaive(s=7),N05C,B_rich,pacf_train,8,7,1469,314,316,2014-01-09,2018-01-16,2018-01-17,2018-11-26,2018-11-27,2019-10-08,{},0,none,1,2.8853503184713376,1.6986318961067868,0.961783439490446,-0.726992375309601,2.666852076887656,174.4593489569741,1.0456056110833476,2.6487341772151898,1.6274932187923823,1.0727848101265822,-1.0575509346775886,2.2857238095039683,166.73606125867434,1.0011821716055178,0.0,daily,5,seed1,daily|N05C|B_rich,,5,,,,,,,,,,,,,,
S1 [linear],N05C,B_rich,pacf_train,8,7,1469,314,316,2014-01-09,2018-01-16,2018-01-17,2018-11-26,2018-11-27,2019-10-08,{},0,none,1,1.6328380334848944,1.2778255097957991,0.8435138580167302,0.0226840685889672,2.006186050379405,166.4662038517874,0.6325619685318218,1.3157798107060052,1.1470744573505267,0.8571858049201146,-0.0221048237443026,1.611002348990073,157.0940017377655,0.6141574023080745,0.007,daily,5,seed1,daily|N05C|B_rich,,5,linear,0.0,1.2778255097957991,0.0,,1.1470744573505267,,,,,,,,
AR-LRX [linear],N05C,B_rich,pacf_train,8,7,1469,314,316,2014-01-09,2018-01-16,2018-01-17,2018-11-26,2018-11-27,2019-10-08,"{""colsample_bytree"": 0.8, ""learning_rate"": 0.1, ""max_depth"": 3, ""n_estimators"": 500, ""subsample"": 0.8}",132,none,1,1.6277656944497274,1.2758392118326385,0.835960774534502,0.0257200572460948,2.0030675625772423,166.29972917704904,0.6326854390674346,1.3151172952893095,1.1467856361540762,0.8543031599523894,-0.0215901782103768,1.6105967156652805,156.95743785564107,0.613684093708034,5.561,daily,5,seed1,daily|N05C|B_rich,-0.0948960191305425,5,linear,0.2,1.2778255097957991,0.1554,-0.0725187420411404,1.1470744573505267,5.0,,,,,,,
AR-LRX-g [linear],N05C,B_rich,pacf_train,8,7,1469,314,316,2014-01-09,2018-01-16,2018-01-17,2018-11-26,2018-11-27,2019-10-08,"{""colsample_bytree"": 0.8, ""learning_rate"": 0.05, ""max_depth"": 3, ""n_estimators"": 500, ""subsample"": 0.8}",132,none,1,1.6280155680245545,1.2759371332571814,0.8384792505866229,0.0255704983673149,2.003221299213775,166.4921184977721,0.6338946638706381,1.3170763682329312,1.147639476592249,0.8560008196819164,-0.0231119965947674,1.611795887125114,157.18262917683853,0.6154203718162046,5.576,daily,5,seed1,daily|N05C|B_rich,-0.0607543308377795,5,linear,0.1999999999999999,1.2778255097957991,0.1478,-0.0291685446250828,1.1470744573505267,5.0,False,global,1.0,"{""0"": 0.2}",0.2,0.2,1.276683010064677
AR-LRX-Aug [linear],N05C,B_rich,pacf_train,8,7,1469,314,316,2014-01-09,2018-01-16,2018-01-17,2018-11-26,2018-11-27,2019-10-08,"{""colsample_bytree"": 0.8, ""learning_rate"": 0.1, ""max_depth"": 3, ""n_estimators"": 500, ""subsample"": 0.8}",132,none,1,1.6196299382399304,1.2726468238438855,0.8417521992119213,0.030589618093438,1.9980555134349007,167.06036853251774,0.6417570125953934,1.3232578403729711,1.150329448624598,0.855540076784388,-0.0279137973525902,1.6155738034016571,157.71691710265995,0.6221709676120131,5.67,daily,5,seed1,daily|N05C|B_rich,-0.120985201442139,5,linear,0.2999999999999999,1.2778255097957991,0.4053,-0.0478619509947726,1.1470744573505267,5.0,True,global,1.0,"{""0"": 0.3}",0.3,0.3,1.2752962074335734
XGBoost,N05C,B_rich,pacf_train,8,7,1469,314,316,2014-01-09,2018-01-16,2018-01-17,2018-11-26,2018-11-27,2019-10-08,"{""colsample_bytree"": 0.8, ""learning_rate"": 0.05, ""max_depth"": 5, ""n_estimators"": 100, ""subsample"": 0.8}",12,none,1,1.664909594627536,1.2903137582105897,0.8411520448020974,0.0034880142301459,2.0257926003906257,168.4116267315682,0.6701745477703696,1.358992406954691,1.165758296970127,0.854574142236121,-0.0556726005964172,1.6372427637447116,158.55159080476403,0.634540484000332,5.275,daily,5,seed1,daily|N05C|B_rich,,5,,,,,,,,,,,,,,
"LR-XGB (residual, tanpa gerbang)",N05C,B_rich,pacf_train,8,7,1469,314,316,2014-01-09,2018-01-16,2018-01-17,2018-11-26,2018-11-27,2019-10-08,"{""colsample_bytree"": 0.8, ""learning_rate"": 0.05, ""max_depth"": 3, ""n_estimators"": 300, ""subsample"": 0.8}",12,none,1,1.6548448887521372,1.2864077459157874,0.8305846613510169,0.0095121251310906,2.0196601610877862,168.4702952625904,0.6653903087839451,1.3476255112743027,1.1608727368985383,0.8550199849661786,-0.0468427349825883,1.6303812660441692,158.8936012806099,0.6374061841452441,5.475,daily,5,seed1,daily|N05C|B_rich,,5,,,,,,,5.0,,,,,,,
Naive,R03,A_lag1,pacf_train,1,1,1473,315,317,2014-01-03,2018-01-14,2018-01-15,2018-11-25,2018-11-26,2019-10-08,{},0,none,1,93.93055555555556,9.69177772937223,6.792063492063492,-0.7667535335805216,1.395137660117561,112.863476008676,3.275596500445437,118.7064164918472,10.895247426830068,7.588590956908518,-0.8056465862630271,1.48186428344732,116.8205138789049,4.156248040245456,0.0,daily,5,seed1,daily|R03|A_lag1,,5,,,,,,,,,,,,,,
SeasonalNaive(s=7),R03,A_lag1,pacf_train,1,1,1473,315,317,2014-01-03,2018-01-14,2018-01-15,2018-11-25,2018-11-26,2019-10-08,{},0,none,1,90.34960317460316,9.505240826754637,6.712698412698413,-0.699398877417658,1.3682855525774982,110.89724197734942,3.147523277675398,118.44248378881878,10.883128400823852,7.757097791798107,-0.8016318986133568,1.4802159728504856,117.31593920483728,2.6596602356187984,0.0,daily,5,seed1,daily|R03|A_lag1,,5,,,,,,,,,,,,,,
S1 [linear],R03,A_lag1,pacf_train,1,1,1473,315,317,2014-01-03,2018-01-14,2018-01-15,2018-11-25,2018-11-26,2019-10-08,{},0,none,1,55.86248272495644,7.474120866359899,5.098668280401342,-0.0507255936597115,1.0759045232050122,89.90307176351305,1.534883973521318,68.69126047976773,8.288019092628089,5.640236283663765,-0.044864664075809,1.127254755468032,91.40346584251876,1.8249838135443173,0.007,daily,5,seed1,daily|R03|A_lag1,,5,linear,0.0,7.474120866359899,0.0,,8.288019092628089,,,,,,,,
AR-LRX [linear],R03,A_lag1,pacf_train,1,1,1473,315,317,2014-01-03,2018-01-14,2018-01-15,2018-11-25,2018-11-26,2019-10-08,"{""colsample_bytree"": 0.8, ""learning_rate"": 0.05, ""max_depth"": 3, ""n_estimators"": 100, ""subsample"": 0.8}",132,none,1,55.16253833041752,7.427148734906116,5.068747313683635,-0.0375602373488983,1.0691428545620594,89.47039214634381,1.604188614628997,69.592495287649,8.342211654450455,5.677369799533093,-0.0585733716786873,1.1346254941623473,91.40757381673929,1.92880599049764,4.674,daily,5,seed1,daily|R03|A_lag1,-0.0778232778546028,5,linear,0.7,7.474120866359899,0.6285,-0.0547526258991259,8.288019092628089,5.0,,,,,,,
AR-LRX-g [linear],R03,A_lag1,pacf_train,1,1,1473,315,317,2014-01-03,2018-01-14,2018-01-15,2018-11-25,2018-11-26,2019-10-08,"{""colsample_bytree"": 0.8, ""learning_rate"": 0.05, ""max_depth"": 3, ""n_estimators"": 100, ""subsample"": 0.8}",132,none,1,55.16253833041752,7.427148734906116,5.068747313683635,-0.0375602373488983,1.0691428545620594,89.47039214634381,1.604188614628997,69.59249532277578,8.342211656555818,5.677369800221744,-0.0585733722130017,1.134625494448698,91.40757382459108,1.9288059938567608,4.949,daily,5,seed1,daily|R03|A_lag1,-0.0778232778546028,5,linear,0.7000000000000001,7.474120866359899,0.6285,-0.0547526258991259,8.288019092628089,5.0,False,global,1.0,"{""0"": 0.7}",0.7,0.7,7.440067672525126
AR-LRX-Aug [linear],R03,A_lag1,pacf_train,1,1,1473,315,317,2014-01-03,2018-01-14,2018-01-15,2018-11-25,2018-11-26,2019-10-08,"{""colsample_bytree"": 0.8, ""learning_rate"": 0.05, ""max_depth"": 5, ""n_estimators"": 500, ""subsample"": 0.8}",132,none,1,55.86248272495644,7.474120866359899,5.098668280401342,-0.0507255936597115,1.0759045232050122,89.90307176351305,1.534883973521318,68.69126047976773,8.288019092628089,5.640236283663765,-0.044864664075809,1.127254755468032,91.40346584251876,1.8249838135443173,5.631,daily,5,seed1,daily|R03|A_lag1,-0.1156664936353855,5,linear,0.0,7.474120866359899,0.0,-0.1632714770367498,8.288019092628089,5.0,True,global,1.0,"{""0"": 0.0}",0.0,0.0,7.474120866359899
XGBoost,R03,A_lag1,pacf_train,1,1,1473,315,317,2014-01-03,2018-01-14,2018-01-15,2018-11-25,2018-11-26,2019-10-08,"{""colsample_bytree"": 0.8, ""learning_rate"": 0.05, ""max_depth"": 3, ""n_estimators"": 100, ""subsample"": 0.8}",12,none,1,55.44518250854155,7.44615219482798,5.091105057701232,-0.0428765329621108,1.0718784148844116,89.7089928737411,1.6409692263977702,70.26825899835157,8.382616476873528,5.696508145868276,-0.0688524321828374,1.1401209602937852,91.62746827266862,1.9552338710415205,6.267,daily,5,seed1,daily|R03|A_lag1,,5,,,,,,,,,,,,,,
"LR-XGB (residual, tanpa gerbang)",R03,A_lag1,pacf_train,1,1,1473,315,317,2014-01-03,2018-01-14,2018-01-15,2018-11-25,2018-11-26,2019-10-08,"{""colsample_bytree"": 0.8, ""learning_rate"": 0.05, ""max_depth"": 3, ""n_estimators"": 100, ""subsample"": 0.8}",12,none,1,55.338748238791645,7.439001830809806,5.093239001123768,-0.0408745952426699,1.0708491153684856,89.70728656797517,1.6526922914419806,70.36502753704916,8.388386468031213,5.711928340090232,-0.070324381102877,1.140905737681339,91.70022770698142,1.9851209319740908,6.651,daily,5,seed1,daily|R03|A_lag1,,5,,,,,,,5.0,,,,,,,
Naive,R03,B_rich,pacf_train,1,1,1473,315,317,2014-01-03,2018-01-14,2018-01-15,2018-11-25,2018-11-26,2019-10-08,{},0,none,1,93.93055555555556,9.69177772937223,6.792063492063492,-0.7667535335805216,1.395137660117561,112.863476008676,3.275596500445437,118.7064164918472,10.895247426830068,7.588590956908518,-0.8056465862630271,1.48186428344732,116.8205138789049,4.156248040245456,0.0,daily,5,seed1,daily|R03|B_rich,,5,,,,,,,,,,,,,,
SeasonalNaive(s=7),R03,B_rich,pacf_train,1,1,1473,315,317,2014-01-03,2018-01-14,2018-01-15,2018-11-25,2018-11-26,2019-10-08,{},0,none,1,90.34960317460316,9.505240826754637,6.712698412698413,-0.699398877417658,1.3682855525774982,110.89724197734942,3.147523277675398,118.44248378881878,10.883128400823852,7.757097791798107,-0.8016318986133568,1.4802159728504856,117.31593920483728,2.6596602356187984,0.0,daily,5,seed1,daily|R03|B_rich,,5,,,,,,,,,,,,,,
S1 [linear],R03,B_rich,pacf_train,1,1,1473,315,317,2014-01-03,2018-01-14,2018-01-15,2018-11-25,2018-11-26,2019-10-08,{},0,none,1,55.86248272495644,7.474120866359899,5.098668280401342,-0.0507255936597115,1.0759045232050122,89.90307176351305,1.534883973521318,68.69126047976773,8.288019092628089,5.640236283663765,-0.044864664075809,1.127254755468032,91.40346584251876,1.8249838135443173,0.006,daily,5,seed1,daily|R03|B_rich,,5,linear,0.0,7.474120866359899,0.0,,8.288019092628089,,,,,,,,
AR-LRX [linear],R03,B_rich,pacf_train,1,1,1473,315,317,2014-01-03,2018-01-14,2018-01-15,2018-11-25,2018-11-26,2019-10-08,"{""colsample_bytree"": 0.8, ""learning_rate"": 0.05, ""max_depth"": 3, ""n_estimators"": 100, ""subsample"": 0.8}",132,none,1,55.16253833041752,7.427148734906116,5.068747313683635,-0.0375602373488983,1.0691428545620594,89.47039214634381,1.604188614628997,69.592495287649,8.342211654450455,5.677369799533093,-0.0585733716786873,1.1346254941623473,91.40757381673929,1.92880599049764,5.491,daily,5,seed1,daily|R03|B_rich,-0.0778232778546028,5,linear,0.7,7.474120866359899,0.6285,-0.0547526258991259,8.288019092628089,5.0,,,,,,,
AR-LRX-g [linear],R03,B_rich,pacf_train,1,1,1473,315,317,2014-01-03,2018-01-14,2018-01-15,2018-11-25,2018-11-26,2019-10-08,"{""colsample_bytree"": 0.8, ""learning_rate"": 0.05, ""max_depth"": 3, ""n_estimators"": 100, ""subsample"": 0.8}",132,none,1,55.16253833041752,7.427148734906116,5.068747313683635,-0.0375602373488983,1.0691428545620594,89.47039214634381,1.604188614628997,69.59249532277578,8.342211656555818,5.677369800221744,-0.0585733722130017,1.134625494448698,91.40757382459108,1.9288059938567608,5.711,daily,5,seed1,daily|R03|B_rich,-0.0778232778546028,5,linear,0.7000000000000001,7.474120866359899,0.6285,-0.0547526258991259,8.288019092628089,5.0,False,global,1.0,"{""0"": 0.7}",0.7,0.7,7.440067672525126
AR-LRX-Aug [linear],R03,B_rich,pacf_train,1,1,1473,315,317,2014-01-03,2018-01-14,2018-01-15,2018-11-25,2018-11-26,2019-10-08,"{""colsample_bytree"": 0.8, ""learning_rate"": 0.05, ""max_depth"": 5, ""n_estimators"": 500, ""subsample"": 0.8}",132,none,1,55.86248272495644,7.474120866359899,5.098668280401342,-0.0507255936597115,1.0759045232050122,89.90307176351305,1.534883973521318,68.69126047976773,8.288019092628089,5.640236283663765,-0.044864664075809,1.127254755468032,91.40346584251876,1.8249838135443173,7.119,daily,5,seed1,daily|R03|B_rich,-0.1156664936353855,5,linear,0.0,7.474120866359899,0.0,-0.1632714770367498,8.288019092628089,5.0,True,global,1.0,"{""0"": 0.0}",0.0,0.0,7.474120866359899
XGBoost,R03,B_rich,pacf_train,1,1,1473,315,317,2014-01-03,2018-01-14,2018-01-15,2018-11-25,2018-11-26,2019-10-08,"{""colsample_bytree"": 0.8, ""learning_rate"": 0.05, ""max_depth"": 3, ""n_estimators"": 100, ""subsample"": 0.8}",12,none,1,55.44518250854155,7.44615219482798,5.091105057701232,-0.0428765329621108,1.0718784148844116,89.7089928737411,1.6409692263977702,70.26825899835157,8.382616476873528,5.696508145868276,-0.0688524321828374,1.1401209602937852,91.62746827266862,1.9552338710415205,6.307,daily,5,seed1,daily|R03|B_rich,,5,,,,,,,,,,,,,,
"LR-XGB (residual, tanpa gerbang)",R03,B_rich,pacf_train,1,1,1473,315,317,2014-01-03,2018-01-14,2018-01-15,2018-11-25,2018-11-26,2019-10-08,"{""colsample_bytree"": 0.8, ""learning_rate"": 0.05, ""max_depth"": 3, ""n_estimators"": 100, ""subsample"": 0.8}",12,none,1,55.338748238791645,7.439001830809806,5.093239001123768,-0.0408745952426699,1.0708491153684856,89.70728656797517,1.6526922914419806,70.36502753704916,8.388386468031213,5.711928340090232,-0.070324381102877,1.140905737681339,91.70022770698142,1.9851209319740908,7.283,daily,5,seed1,daily|R03|B_rich,,5,,,,,,,5.0,,,,,,,
Naive,R06,A_lag1,pacf_train,1,1,1473,315,317,2014-01-03,2018-01-14,2018-01-15,2018-11-25,2018-11-26,2019-10-08,{},0,none,1,9.688604444444444,3.112652316665715,2.3900952380952383,-0.2610183509699195,0.8855540821438769,82.50612949788051,1.508581024997902,9.05630599369085,3.0093697004008746,2.3206940063091483,-0.2716879959630176,0.8359580036515833,78.61483989833405,1.431620528497761,0.0,daily,5,seed1,daily|R06|A_lag1,,5,,,,,,,,,,,,,,
SeasonalNaive(s=7),R06,A_lag1,pacf_train,1,1,1473,315,317,2014-01-03,2018-01-14,2018-01-15,2018-11-25,2018-11-26,2019-10-08,{},0,none,1,9.546223492063492,3.089696343018759,2.336063492063492,-0.2424867869236748,0.8790230744679456,83.76773845957486,1.4661327819832108,10.220126498422712,3.1968932572769324,2.403753943217666,-0.4351118650719232,0.8880492499424167,79.71016355745981,1.3420733814878152,0.0,daily,5,seed1,daily|R06|A_lag1,,5,,,,,,,,,,,,,,
S1 [linear],R06,A_lag1,pacf_train,1,1,1473,315,317,2014-01-03,2018-01-14,2018-01-15,2018-11-25,2018-11-26,2019-10-08,{},0,none,1,7.041915450053448,2.65366076393601,1.9937033643500504,0.0834609195354361,0.7549703221096851,67.28898489770721,1.5434353427329148,6.482149897726687,2.5460066570468127,1.8974653696979376,0.0897754317583048,0.7072426634803226,62.52055378314043,0.9984928028599572,0.005,daily,5,seed1,daily|R06|A_lag1,,5,linear,0.0,2.65366076393601,0.0,,2.5460066570468127,,,,,,,,
AR-LRX [linear],R06,A_lag1,pacf_train,1,1,1473,315,317,2014-01-03,2018-01-14,2018-01-15,2018-11-25,2018-11-26,2019-10-08,"{""colsample_bytree"": 0.8, ""learning_rate"": 0.05, ""max_depth"": 3, ""n_estimators"": 100, ""subsample"": 0.8}",132,none,1,7.041915450053448,2.65366076393601,1.9937033643500504,0.0834609195354361,0.7549703221096851,67.28898489770721,1.5434353427329148,6.482149897726687,2.5460066570468127,1.8974653696979376,0.0897754317583048,0.7072426634803226,62.52055378314043,0.9984928028599572,6.855,daily,5,seed1,daily|R06|A_lag1,-0.045573325830557,5,linear,0.0,2.65366076393601,0.0,-0.0859438767447933,2.5460066570468127,5.0,,,,,,,
AR-LRX-g [linear],R06,A_lag1,pacf_train,1,1,1473,315,317,2014-01-03,2018-01-14,2018-01-15,2018-11-25,2018-11-26,2019-10-08,"{""colsample_bytree"": 0.8, ""learning_rate"": 0.05, ""max_depth"": 3, ""n_estimators"": 100, ""subsample"": 0.8}",132,none,1,7.041915450053448,2.65366076393601,1.9937033643500504,0.0834609195354361,0.7549703221096851,67.28898489770721,1.5434353427329148,6.482149897726687,2.5460066570468127,1.8974653696979376,0.0897754317583048,0.7072426634803226,62.52055378314043,0.9984928028599572,7.294,daily,5,seed1,daily|R06|A_lag1,-0.045573325830557,5,linear,0.0,2.65366076393601,0.0,-0.0859438767447933,2.5460066570468127,5.0,False,global,1.0,"{""0"": 0.0}",0.0,0.0,2.65366076393601
AR-LRX-Aug [linear],R06,A_lag1,pacf_train,1,1,1473,315,317,2014-01-03,2018-01-14,2018-01-15,2018-11-25,2018-11-26,2019-10-08,"{""colsample_bytree"": 0.8, ""learning_rate"": 0.1, ""max_depth"": 5, ""n_estimators"": 100, ""subsample"": 0.8}",132,none,1,7.020812919347927,2.649681663775467,1.995753302114205,0.0862075151492994,0.7538382623638659,67.33557542006994,1.541053747330303,6.463259218661363,2.542294085793648,1.898630178442331,0.0924280640589026,0.7062113665769224,62.49506034814949,0.9905956374068596,7.29,daily,5,seed1,daily|R06|A_lag1,-0.0763618773260348,5,linear,0.1999999999999999,2.65366076393601,0.1499,-0.0999449269993,2.5460066570468127,5.0,True,global,1.0,"{""0"": 0.2}",0.2,0.2,2.660729861218203
XGBoost,R06,A_lag1,pacf_train,1,1,1473,315,317,2014-01-03,2018-01-14,2018-01-15,2018-11-25,2018-11-26,2019-10-08,"{""colsample_bytree"": 0.8, ""learning_rate"": 0.05, ""max_depth"": 3, ""n_estimators"": 100, ""subsample"": 0.8}",12,none,1,7.211592861184822,2.6854409062917064,2.021385379912361,0.06137659042399,0.7640118185349419,67.88275824809419,1.5409652023954286,6.469843560846862,2.543588716920812,1.897561394092788,0.0915034896325918,0.706570995788443,62.60462819321496,1.0067689219539846,6.23,daily,5,seed1,daily|R06|A_lag1,,5,,,,,,,,,,,,,,
"LR-XGB (residual, tanpa gerbang)",R06,A_lag1,pacf_train,1,1,1473,315,317,2014-01-03,2018-01-14,2018-01-15,2018-11-25,2018-11-26,2019-10-08,"{""colsample_bytree"": 0.8, ""learning_rate"": 0.05, ""max_depth"": 3, ""n_estimators"": 100, ""subsample"": 0.8}",12,none,1,7.230662005972615,2.688989030467141,2.024619719243413,0.0588946497427913,0.7650212649902002,67.90880351543206,1.546199806339846,6.470834888314642,2.543783577334094,1.900639183169428,0.0913642872644604,0.7066251251039792,62.65890052511689,1.014911618875452,7.256,daily,5,seed1,daily|R06|A_lag1,,5,,,,,,,5.0,,,,,,,
Naive,R06,B_rich,pacf_train,1,1,1473,315,317,2014-01-03,2018-01-14,2018-01-15,2018-11-25,2018-11-26,2019-10-08,{},0,none,1,9.688604444444444,3.112652316665715,2.3900952380952383,-0.2610183509699195,0.8855540821438769,82.50612949788051,1.508581024997902,9.05630599369085,3.0093697004008746,2.3206940063091483,-0.2716879959630176,0.8359580036515833,78.61483989833405,1.431620528497761,0.0,daily,5,seed1,daily|R06|B_rich,,5,,,,,,,,,,,,,,
SeasonalNaive(s=7),R06,B_rich,pacf_train,1,1,1473,315,317,2014-01-03,2018-01-14,2018-01-15,2018-11-25,2018-11-26,2019-10-08,{},0,none,1,9.546223492063492,3.089696343018759,2.336063492063492,-0.2424867869236748,0.8790230744679456,83.76773845957486,1.4661327819832108,10.220126498422712,3.1968932572769324,2.403753943217666,-0.4351118650719232,0.8880492499424167,79.71016355745981,1.3420733814878152,0.0,daily,5,seed1,daily|R06|B_rich,,5,,,,,,,,,,,,,,
S1 [linear],R06,B_rich,pacf_train,1,1,1473,315,317,2014-01-03,2018-01-14,2018-01-15,2018-11-25,2018-11-26,2019-10-08,{},0,none,1,7.041915450053448,2.65366076393601,1.9937033643500504,0.0834609195354361,0.7549703221096851,67.28898489770721,1.5434353427329148,6.482149897726687,2.5460066570468127,1.8974653696979376,0.0897754317583048,0.7072426634803226,62.52055378314043,0.9984928028599572,0.006,daily,5,seed1,daily|R06|B_rich,,5,linear,0.0,2.65366076393601,0.0,,2.5460066570468127,,,,,,,,
AR-LRX [linear],R06,B_rich,pacf_train,1,1,1473,315,317,2014-01-03,2018-01-14,2018-01-15,2018-11-25,2018-11-26,2019-10-08,"{""colsample_bytree"": 0.8, ""learning_rate"": 0.05, ""max_depth"": 3, ""n_estimators"": 100, ""subsample"": 0.8}",132,none,1,7.041915450053448,2.65366076393601,1.9937033643500504,0.0834609195354361,0.7549703221096851,67.28898489770721,1.5434353427329148,6.482149897726687,2.5460066570468127,1.8974653696979376,0.0897754317583048,0.7072426634803226,62.52055378314043,0.9984928028599572,6.467,daily,5,seed1,daily|R06|B_rich,-0.045573325830557,5,linear,0.0,2.65366076393601,0.0,-0.0859438767447933,2.5460066570468127,5.0,,,,,,,
AR-LRX-g [linear],R06,B_rich,pacf_train,1,1,1473,315,317,2014-01-03,2018-01-14,2018-01-15,2018-11-25,2018-11-26,2019-10-08,"{""colsample_bytree"": 0.8, ""learning_rate"": 0.05, ""max_depth"": 3, ""n_estimators"": 100, ""subsample"": 0.8}",132,none,1,7.041915450053448,2.65366076393601,1.9937033643500504,0.0834609195354361,0.7549703221096851,67.28898489770721,1.5434353427329148,6.482149897726687,2.5460066570468127,1.8974653696979376,0.0897754317583048,0.7072426634803226,62.52055378314043,0.9984928028599572,6.779,daily,5,seed1,daily|R06|B_rich,-0.045573325830557,5,linear,0.0,2.65366076393601,0.0,-0.0859438767447933,2.5460066570468127,5.0,False,global,1.0,"{""0"": 0.0}",0.0,0.0,2.65366076393601
AR-LRX-Aug [linear],R06,B_rich,pacf_train,1,1,1473,315,317,2014-01-03,2018-01-14,2018-01-15,2018-11-25,2018-11-26,2019-10-08,"{""colsample_bytree"": 0.8, ""learning_rate"": 0.1, ""max_depth"": 5, ""n_estimators"": 100, ""subsample"": 0.8}",132,none,1,7.020812919347927,2.649681663775467,1.995753302114205,0.0862075151492994,0.7538382623638659,67.33557542006994,1.541053747330303,6.463259218661363,2.542294085793648,1.898630178442331,0.0924280640589026,0.7062113665769224,62.49506034814949,0.9905956374068596,7.181,daily,5,seed1,daily|R06|B_rich,-0.0763618773260348,5,linear,0.1999999999999999,2.65366076393601,0.1499,-0.0999449269993,2.5460066570468127,5.0,True,global,1.0,"{""0"": 0.2}",0.2,0.2,2.660729861218203
XGBoost,R06,B_rich,pacf_train,1,1,1473,315,317,2014-01-03,2018-01-14,2018-01-15,2018-11-25,2018-11-26,2019-10-08,"{""colsample_bytree"": 0.8, ""learning_rate"": 0.05, ""max_depth"": 3, ""n_estimators"": 100, ""subsample"": 0.8}",12,none,1,7.211592861184822,2.6854409062917064,2.021385379912361,0.06137659042399,0.7640118185349419,67.88275824809419,1.5409652023954286,6.469843560846862,2.543588716920812,1.897561394092788,0.0915034896325918,0.706570995788443,62.60462819321496,1.0067689219539846,7.53,daily,5,seed1,daily|R06|B_rich,,5,,,,,,,,,,,,,,
"LR-XGB (residual, tanpa gerbang)",R06,B_rich,pacf_train,1,1,1473,315,317,2014-01-03,2018-01-14,2018-01-15,2018-11-25,2018-11-26,2019-10-08,"{""colsample_bytree"": 0.8, ""learning_rate"": 0.05, ""max_depth"": 3, ""n_estimators"": 100, ""subsample"": 0.8}",12,none,1,7.230662005972615,2.688989030467141,2.024619719243413,0.0588946497427913,0.7650212649902002,67.90880351543206,1.546199806339846,6.470834888314642,2.543783577334094,1.900639183169428,0.0913642872644604,0.7066251251039792,62.65890052511689,1.014911618875452,6.52,daily,5,seed1,daily|R06|B_rich,,5,,,,,,,5.0,,,,,,,
Naive,M01AB,A_lag1,pacf_train,1,2,210,45,45,2014-01-19,2018-01-21,2018-01-28,2018-12-02,2018-12-09,2019-10-13,{},0,none,1,116.87771555555555,10.810999748198848,8.296888888888889,-1.3783796475988883,0.3138819099371895,23.32963922164917,0.3176660823344512,119.25805777777776,10.92053376798853,8.319555555555553,-0.6164832561297386,0.2969670352242758,22.935915307261524,0.6606806987698898,0.0,weekly,2,seed1,weekly|M01AB|A_lag1,,5,,,,,,,,,,,,,,
SeasonalNaive(s=52),M01AB,A_lag1,pacf_train,1,2,210,45,45,2014-01-19,2018-01-21,2018-01-28,2018-12-02,2018-12-09,2019-10-13,{},0,none,1,129.6039682534853,11.384373863040746,8.50768518511111,-1.6373499762289798,0.330529007011177,24.06189369717972,0.3865061773117904,115.75853111111113,10.759113862726387,9.071777777777775,-0.5690489245092532,0.2925774704181673,26.511852462194813,0.5543948566692719,0.0,weekly,2,seed1,weekly|M01AB|A_lag1,,5,,,,,,,,,,,,,,
S1 [linear],M01AB,A_lag1,pacf_train,1,2,210,45,45,2014-01-19,2018-01-21,2018-01-28,2018-12-02,2018-12-09,2019-10-13,{},0,none,1,58.25809865115139,7.6326993030743315,6.062764552912976,-0.1855115021806272,0.2216045038410411,17.337583988198872,0.2288240041505057,76.0256622599075,8.71926959440454,6.422269794233635,-0.0304897829907042,0.2371070586642601,18.51808775832242,0.5814653539143978,0.006,weekly,2,seed1,weekly|M01AB|A_lag1,,5,linear,0.0,7.6326993030743315,0.0,,8.71926959440454,,,,,,,,
AR-LRX [linear],M01AB,A_lag1,pacf_train,1,2,210,45,45,2014-01-19,2018-01-21,2018-01-28,2018-12-02,2018-12-09,2019-10-13,"{""colsample_bytree"": 0.8, ""learning_rate"": 0.05, ""max_depth"": 3, ""n_estimators"": 100, ""subsample"": 0.8}",132,none,1,58.25809865115139,7.6326993030743315,6.062764552912976,-0.1855115021806272,0.2216045038410411,17.337583988198872,0.2288240041505057,76.0256622599075,8.71926959440454,6.422269794233635,-0.0304897829907042,0.2371070586642601,18.51808775832242,0.5814653539143978,6.423,weekly,2,seed1,weekly|M01AB|A_lag1,-0.0992393339046384,5,linear,0.0,7.6326993030743315,0.0,-0.250098363280925,8.71926959440454,5.0,,,,,,,
AR-LRX-g [linear],M01AB,A_lag1,pacf_train,1,2,210,45,45,2014-01-19,2018-01-21,2018-01-28,2018-12-02,2018-12-09,2019-10-13,"{""colsample_bytree"": 0.8, ""learning_rate"": 0.05, ""max_depth"": 3, ""n_estimators"": 500, ""subsample"": 0.8}",132,none,1,58.25809865115139,7.6326993030743315,6.062764552912976,-0.1855115021806272,0.2216045038410411,17.337583988198872,0.2288240041505057,76.0256622599075,8.71926959440454,6.422269794233635,-0.0304897829907042,0.2371070586642601,18.51808775832242,0.5814653539143978,6.967,weekly,2,seed1,weekly|M01AB|A_lag1,-0.1288281673701878,5,linear,0.0,7.6326993030743315,0.0,-0.590943433639924,8.71926959440454,5.0,False,global,1.0,"{""0"": 0.0}",0.0,0.0,7.6326993030743315
AR-LRX-Aug [linear],M01AB,A_lag1,pacf_train,1,2,210,45,45,2014-01-19,2018-01-21,2018-01-28,2018-12-02,2018-12-09,2019-10-13,"{""colsample_bytree"": 0.8, ""learning_rate"": 0.05, ""max_depth"": 3, ""n_estimators"": 500, ""subsample"": 0.8}",132,none,1,58.25809865115139,7.6326993030743315,6.062764552912976,-0.1855115021806272,0.2216045038410411,17.337583988198872,0.2288240041505057,76.0256622599075,8.71926959440454,6.422269794233635,-0.0304897829907042,0.2371070586642601,18.51808775832242,0.5814653539143978,7.371,weekly,2,seed1,weekly|M01AB|A_lag1,-0.1740354060251672,5,linear,0.0,7.6326993030743315,0.0,-0.353771099595406,8.71926959440454,5.0,True,global,1.0,"{""0"": 0.0}",0.0,0.0,7.6326993030743315
XGBoost,M01AB,A_lag1,pacf_train,1,2,210,45,45,2014-01-19,2018-01-21,2018-01-28,2018-12-02,2018-12-09,2019-10-13,"{""colsample_bytree"": 0.8, ""learning_rate"": 0.05, ""max_depth"": 3, ""n_estimators"": 100, ""subsample"": 0.8}",12,none,1,65.50855199800654,8.093735355075959,6.187245025634764,-0.3330531493976179,0.2349900259872498,17.678312245356317,0.2303492150771061,80.54651670356618,8.974771122628486,6.6644695604112405,-0.091767701210631,0.2440550277785859,19.228359566977776,0.5833012856159547,7.706,weekly,2,seed1,weekly|M01AB|A_lag1,,5,,,,,,,,,,,,,,
"LR-XGB (residual, tanpa gerbang)",M01AB,A_lag1,pacf_train,1,2,210,45,45,2014-01-19,2018-01-21,2018-01-28,2018-12-02,2018-12-09,2019-10-13,"{""colsample_bytree"": 0.8, ""learning_rate"": 0.05, ""max_depth"": 3, ""n_estimators"": 100, ""subsample"": 0.8}",12,none,1,72.57278687503755,8.518966303198853,6.461995713907523,-0.4768053811855719,0.2473359981702066,18.56155999078533,0.240428439961503,81.6309690067587,9.034985833235089,6.6027251126359126,-0.1064669091538672,0.245692473755645,18.99181378106515,0.5844081074587776,5.373,weekly,2,seed1,weekly|M01AB|A_lag1,,5,,,,,,,5.0,,,,,,,
Naive,M01AB,B_rich,pacf_train,3,2,210,45,45,2014-01-19,2018-01-21,2018-01-28,2018-12-02,2018-12-09,2019-10-13,{},0,none,1,116.87771555555555,10.810999748198848,8.296888888888889,-1.3783796475988883,0.3138819099371895,23.32963922164917,0.3176660823344512,119.25805777777776,10.92053376798853,8.319555555555553,-0.6164832561297386,0.2969670352242758,22.935915307261524,0.6606806987698898,0.0,weekly,2,seed1,weekly|M01AB|B_rich,,5,,,,,,,,,,,,,,
SeasonalNaive(s=52),M01AB,B_rich,pacf_train,3,2,210,45,45,2014-01-19,2018-01-21,2018-01-28,2018-12-02,2018-12-09,2019-10-13,{},0,none,1,129.6039682534853,11.384373863040746,8.50768518511111,-1.6373499762289798,0.330529007011177,24.06189369717972,0.3865061773117904,115.75853111111113,10.759113862726387,9.071777777777775,-0.5690489245092532,0.2925774704181673,26.511852462194813,0.5543948566692719,0.0,weekly,2,seed1,weekly|M01AB|B_rich,,5,,,,,,,,,,,,,,
S1 [linear],M01AB,B_rich,pacf_train,3,2,210,45,45,2014-01-19,2018-01-21,2018-01-28,2018-12-02,2018-12-09,2019-10-13,{},0,none,1,53.0614683834258,7.284330331844225,5.794794692892386,-0.0797637160769535,0.2114901091875053,16.615655355185332,0.2185907443432074,75.19148156849673,8.671302184129944,6.475317760284488,-0.019182881424649,0.2358026590882624,18.69895700095755,0.5749275958283854,0.005,weekly,2,seed1,weekly|M01AB|B_rich,,5,linear,0.0,7.284330331844225,0.0,,8.671302184129944,,,,,,,,
AR-LRX [linear],M01AB,B_rich,pacf_train,3,2,210,45,45,2014-01-19,2018-01-21,2018-01-28,2018-12-02,2018-12-09,2019-10-13,"{""colsample_bytree"": 0.8, ""learning_rate"": 0.05, ""max_depth"": 3, ""n_estimators"": 100, ""subsample"": 0.8}",132,none,1,53.0614683834258,7.284330331844225,5.794794692892386,-0.0797637160769535,0.2114901091875053,16.615655355185332,0.2185907443432074,75.19148156849673,8.671302184129944,6.475317760284488,-0.019182881424649,0.2358026590882624,18.69895700095755,0.5749275958283854,6.67,weekly,2,seed1,weekly|M01AB|B_rich,-0.175919220384177,5,linear,0.0,7.284330331844225,0.0,-0.300319289573465,8.671302184129944,5.0,,,,,,,
AR-LRX-g [linear],M01AB,B_rich,pacf_train,3,2,210,45,45,2014-01-19,2018-01-21,2018-01-28,2018-12-02,2018-12-09,2019-10-13,"{""colsample_bytree"": 0.8, ""learning_rate"": 0.05, ""max_depth"": 3, ""n_estimators"": 100, ""subsample"": 0.8}",132,none,1,53.0614683834258,7.284330331844225,5.794794692892386,-0.0797637160769535,0.2114901091875053,16.615655355185332,0.2185907443432074,75.19148156849673,8.671302184129944,6.475317760284488,-0.019182881424649,0.2358026590882624,18.69895700095755,0.5749275958283854,6.329,weekly,2,seed1,weekly|M01AB|B_rich,-0.175919220384177,5,linear,0.0,7.284330331844225,0.0,-0.300319289573465,8.671302184129944,5.0,False,global,1.0,"{""0"": 0.0}",0.0,0.0,7.284330331844225
AR-LRX-Aug [linear],M01AB,B_rich,pacf_train,3,2,210,45,45,2014-01-19,2018-01-21,2018-01-28,2018-12-02,2018-12-09,2019-10-13,"{""colsample_bytree"": 0.8, ""learning_rate"": 0.05, ""max_depth"": 3, ""n_estimators"": 300, ""subsample"": 0.8}",132,none,1,52.93785997545297,7.275840843191457,5.758026934483296,-0.0772483715530016,0.2112436290307404,16.507585529827423,0.2177228599300774,74.26454516258958,8.617687924413925,6.445189306063304,-0.0066187225949119,0.2343447021704163,18.62936429180532,0.5654755600406327,6.494,weekly,2,seed1,weekly|M01AB|B_rich,-0.0567166500344669,5,linear,0.0999999999999999,7.284330331844225,0.1165,-0.1451108584131644,8.671302184129944,5.0,True,global,1.0,"{""0"": 0.1}",0.1,0.1,7.281557609784328
XGBoost,M01AB,B_rich,pacf_train,3,2,210,45,45,2014-01-19,2018-01-21,2018-01-28,2018-12-02,2018-12-09,2019-10-13,"{""colsample_bytree"": 0.8, ""learning_rate"": 0.05, ""max_depth"": 3, ""n_estimators"": 100, ""subsample"": 0.8}",12,none,1,60.20324447257378,7.759074975315922,6.034900826348199,-0.2250938572197622,0.2252736406735894,17.172412797416754,0.2245598744418762,82.01063076439797,9.055972104881835,6.803194714016384,-0.1116130341675771,0.2462631629732009,19.744540167544653,0.5476678267060509,6.603,weekly,2,seed1,weekly|M01AB|B_rich,,5,,,,,,,,,,,,,,
"LR-XGB (residual, tanpa gerbang)",M01AB,B_rich,pacf_train,3,2,210,45,45,2014-01-19,2018-01-21,2018-01-28,2018-12-02,2018-12-09,2019-10-13,"{""colsample_bytree"": 0.8, ""learning_rate"": 0.05, ""max_depth"": 3, ""n_estimators"": 100, ""subsample"": 0.8}",12,none,1,68.84763572509128,8.2974475427743,6.641872109109969,-0.4010011644694224,0.2409045178974815,19.12353261795883,0.2404851527206699,87.7636828364679,9.368227304910352,7.049881750247035,-0.1895927742323728,0.2547544604643227,20.49790880092764,0.5692625401065806,8.81,weekly,2,seed1,weekly|M01AB|B_rich,,5,,,,,,,5.0,,,,,,,
Naive,M01AE,A_lag1,pacf_train,1,1,210,45,46,2014-01-12,2018-01-14,2018-01-21,2018-11-25,2018-12-02,2019-10-13,{},0,none,1,45.908203888888885,6.775559304506816,5.505622222222224,-0.5028531878042071,0.2521991261150493,20.14832613520521,0.2609274473557304,99.00320602173912,9.9500354784161,7.71463043478261,0.0553625698283433,0.3759201938377401,30.265748716527487,0.717837483642111,0.0,weekly,2,seed1,weekly|M01AE|A_lag1,,5,,,,,,,,,,,,,,
SeasonalNaive(s=52),M01AE,A_lag1,pacf_train,1,1,210,45,46,2014-01-12,2018-01-14,2018-01-21,2018-11-25,2018-12-02,2019-10-13,{},0,none,1,57.89583167521637,7.608931046817047,5.929825926,-0.8952807520908783,0.2832187978047084,22.669814585063577,0.2870582277992738,110.82956356521738,10.527562090304544,7.920347826086957,-0.0574784223685096,0.3977396050708463,29.493879602230432,0.6388227637679597,0.0,weekly,2,seed1,weekly|M01AE|A_lag1,,5,,,,,,,,,,,,,,
S1 [linear],M01AE,A_lag1,pacf_train,1,1,210,45,46,2014-01-12,2018-01-14,2018-01-21,2018-11-25,2018-12-02,2019-10-13,{},0,none,1,28.86272463150085,5.372403989975144,4.376200802707008,0.0551484474071438,0.1999710327245609,16.335850128153716,0.2131124701590943,85.1469526480301,9.227510641989534,7.280131693320726,0.1875717790520701,0.3486226352359398,27.57759171854261,0.6299231042993104,0.007,weekly,2,seed1,weekly|M01AE|A_lag1,,5,linear,0.0,5.372403989975144,0.0,,9.227510641989534,,,,,,,,
AR-LRX [linear],M01AE,A_lag1,pacf_train,1,1,210,45,46,2014-01-12,2018-01-14,2018-01-21,2018-11-25,2018-12-02,2019-10-13,"{""colsample_bytree"": 0.8, ""learning_rate"": 0.1, ""max_depth"": 3, ""n_estimators"": 100, ""subsample"": 0.8}",132,none,1,28.51557146019401,5.339997327732853,4.317742831309209,0.0665128704505183,0.1987647954929902,16.110180396690748,0.2063804624605444,85.5491148005435,9.249276447406224,7.263974817092455,0.1837345556173144,0.3494449645441141,27.54421259087133,0.6284745439906004,5.716,weekly,2,seed1,weekly|M01AE|A_lag1,-0.0920109540731979,5,linear,0.2,5.372403989975144,0.6032,-0.1719068772688206,9.227510641989534,5.0,,,,,,,
AR-LRX-g [linear],M01AE,A_lag1,pacf_train,1,1,210,45,46,2014-01-12,2018-01-14,2018-01-21,2018-11-25,2018-12-02,2019-10-13,"{""colsample_bytree"": 0.8, ""learning_rate"": 0.05, ""max_depth"": 3, ""n_estimators"": 100, ""subsample"": 0.8}",132,none,1,28.54118078798665,5.342394667935593,4.328508525628167,0.0656745222545434,0.1988540290273685,16.135888517329196,0.2045503039490207,85.10138428295667,9.225041153455992,7.2469874373346865,0.1880065688433283,0.34852933601,27.48644841915598,0.6274760407755879,5.302,weekly,2,seed1,weekly|M01AE|A_lag1,-0.0341624669476987,5,linear,0.3000000000000001,5.372403989975144,0.5586,-0.0773541766677972,9.227510641989534,5.0,False,global,1.0,"{""0"": 0.3}",0.3,0.3,5.816866478142832
AR-LRX-Aug [linear],M01AE,A_lag1,pacf_train,1,1,210,45,46,2014-01-12,2018-01-14,2018-01-21,2018-11-25,2018-12-02,2019-10-13,"{""colsample_bytree"": 0.8, ""learning_rate"": 0.1, ""max_depth"": 3, ""n_estimators"": 100, ""subsample"": 0.8}",132,none,1,28.81231523871653,5.3677104279866406,4.33455084687263,0.0567986517328141,0.1997963294744424,16.16627198132926,0.2116445101230542,85.14382611746576,9.227341226890104,7.277773636554533,0.1876016107910241,0.3486162345997656,27.571166571721594,0.6277098861690255,5.267,weekly,2,seed1,weekly|M01AE|A_lag1,-0.0393896502667163,5,linear,0.0999999999999999,5.372403989975144,0.0874,-0.2177047830849838,9.227510641989534,5.0,True,global,1.0,"{""0"": 0.1}",0.1,0.1,5.36771042798664
XGBoost,M01AE,A_lag1,pacf_train,1,1,210,45,46,2014-01-12,2018-01-14,2018-01-21,2018-11-25,2018-12-02,2019-10-13,"{""colsample_bytree"": 0.8, ""learning_rate"": 0.05, ""max_depth"": 3, ""n_estimators"": 100, ""subsample"": 0.8}",12,none,1,31.11801717278741,5.578352550062377,4.358548859998915,-0.0186809185446767,0.2076368274647979,16.152552388900144,0.2012906333707613,94.43298904233352,9.71766376462643,7.474394364066745,0.0989692185039892,0.3671410070821039,28.076000049942003,0.6288013254576049,5.233,weekly,2,seed1,weekly|M01AE|A_lag1,,5,,,,,,,,,,,,,,
"LR-XGB (residual, tanpa gerbang)",M01AE,A_lag1,pacf_train,1,1,210,45,46,2014-01-12,2018-01-14,2018-01-21,2018-11-25,2018-12-02,2019-10-13,"{""colsample_bytree"": 0.8, ""learning_rate"": 0.05, ""max_depth"": 3, ""n_estimators"": 100, ""subsample"": 0.8}",12,none,1,30.863831419372183,5.55552260542356,4.344560973685072,-0.0103598813997896,0.2067870537666569,16.065131469920775,0.196577743718806,87.38802664693259,9.348156323411189,7.361304091781135,0.1661886090698483,0.3531807243044759,27.75526656941114,0.6250943658945217,5.49,weekly,2,seed1,weekly|M01AE|A_lag1,,5,,,,,,,5.0,,,,,,,
Naive,M01AE,B_rich,pacf_train,1,1,210,45,46,2014-01-12,2018-01-14,2018-01-21,2018-11-25,2018-12-02,2019-10-13,{},0,none,1,45.908203888888885,6.775559304506816,5.505622222222224,-0.5028531878042071,0.2521991261150493,20.14832613520521,0.2609274473557304,99.00320602173912,9.9500354784161,7.71463043478261,0.0553625698283433,0.3759201938377401,30.265748716527487,0.717837483642111,0.0,weekly,2,seed1,weekly|M01AE|B_rich,,5,,,,,,,,,,,,,,
SeasonalNaive(s=52),M01AE,B_rich,pacf_train,1,1,210,45,46,2014-01-12,2018-01-14,2018-01-21,2018-11-25,2018-12-02,2019-10-13,{},0,none,1,57.89583167521637,7.608931046817047,5.929825926,-0.8952807520908783,0.2832187978047084,22.669814585063577,0.2870582277992738,110.82956356521738,10.527562090304544,7.920347826086957,-0.0574784223685096,0.3977396050708463,29.493879602230432,0.6388227637679597,0.0,weekly,2,seed1,weekly|M01AE|B_rich,,5,,,,,,,,,,,,,,
S1 [linear],M01AE,B_rich,pacf_train,1,1,210,45,46,2014-01-12,2018-01-14,2018-01-21,2018-11-25,2018-12-02,2019-10-13,{},0,none,1,28.86272463150085,5.372403989975144,4.376200802707008,0.0551484474071438,0.1999710327245609,16.335850128153716,0.2131124701590943,85.1469526480301,9.227510641989534,7.280131693320726,0.1875717790520701,0.3486226352359398,27.57759171854261,0.6299231042993104,0.006,weekly,2,seed1,weekly|M01AE|B_rich,,5,linear,0.0,5.372403989975144,0.0,,9.227510641989534,,,,,,,,
AR-LRX [linear],M01AE,B_rich,pacf_train,1,1,210,45,46,2014-01-12,2018-01-14,2018-01-21,2018-11-25,2018-12-02,2019-10-13,"{""colsample_bytree"": 0.8, ""learning_rate"": 0.1, ""max_depth"": 3, ""n_estimators"": 100, ""subsample"": 0.8}",132,none,1,28.51557146019401,5.339997327732853,4.317742831309209,0.0665128704505183,0.1987647954929902,16.110180396690748,0.2063804624605444,85.5491148005435,9.249276447406224,7.263974817092455,0.1837345556173144,0.3494449645441141,27.54421259087133,0.6284745439906004,5.368,weekly,2,seed1,weekly|M01AE|B_rich,-0.0920109540731979,5,linear,0.2,5.372403989975144,0.6032,-0.1719068772688206,9.227510641989534,5.0,,,,,,,
AR-LRX-g [linear],M01AE,B_rich,pacf_train,1,1,210,45,46,2014-01-12,2018-01-14,2018-01-21,2018-11-25,2018-12-02,2019-10-13,"{""colsample_bytree"": 0.8, ""learning_rate"": 0.05, ""max_depth"": 3, ""n_estimators"": 100, ""subsample"": 0.8}",132,none,1,28.54118078798665,5.342394667935593,4.328508525628167,0.0656745222545434,0.1988540290273685,16.135888517329196,0.2045503039490207,85.10138428295667,9.225041153455992,7.2469874373346865,0.1880065688433283,0.34852933601,27.48644841915598,0.6274760407755879,5.362,weekly,2,seed1,weekly|M01AE|B_rich,-0.0341624669476987,5,linear,0.3000000000000001,5.372403989975144,0.5586,-0.0773541766677972,9.227510641989534,5.0,False,global,1.0,"{""0"": 0.3}",0.3,0.3,5.816866478142832
AR-LRX-Aug [linear],M01AE,B_rich,pacf_train,1,1,210,45,46,2014-01-12,2018-01-14,2018-01-21,2018-11-25,2018-12-02,2019-10-13,"{""colsample_bytree"": 0.8, ""learning_rate"": 0.1, ""max_depth"": 3, ""n_estimators"": 100, ""subsample"": 0.8}",132,none,1,28.81231523871653,5.3677104279866406,4.33455084687263,0.0567986517328141,0.1997963294744424,16.16627198132926,0.2116445101230542,85.14382611746576,9.227341226890104,7.277773636554533,0.1876016107910241,0.3486162345997656,27.571166571721594,0.6277098861690255,4.82,weekly,2,seed1,weekly|M01AE|B_rich,-0.0393896502667163,5,linear,0.0999999999999999,5.372403989975144,0.0874,-0.2177047830849838,9.227510641989534,5.0,True,global,1.0,"{""0"": 0.1}",0.1,0.1,5.36771042798664
XGBoost,M01AE,B_rich,pacf_train,1,1,210,45,46,2014-01-12,2018-01-14,2018-01-21,2018-11-25,2018-12-02,2019-10-13,"{""colsample_bytree"": 0.8, ""learning_rate"": 0.05, ""max_depth"": 3, ""n_estimators"": 100, ""subsample"": 0.8}",12,none,1,31.11801717278741,5.578352550062377,4.358548859998915,-0.0186809185446767,0.2076368274647979,16.152552388900144,0.2012906333707613,94.43298904233352,9.71766376462643,7.474394364066745,0.0989692185039892,0.3671410070821039,28.076000049942003,0.6288013254576049,5.184,weekly,2,seed1,weekly|M01AE|B_rich,,5,,,,,,,,,,,,,,
"LR-XGB (residual, tanpa gerbang)",M01AE,B_rich,pacf_train,1,1,210,45,46,2014-01-12,2018-01-14,2018-01-21,2018-11-25,2018-12-02,2019-10-13,"{""colsample_bytree"": 0.8, ""learning_rate"": 0.05, ""max_depth"": 3, ""n_estimators"": 100, ""subsample"": 0.8}",12,none,1,30.863831419372183,5.55552260542356,4.344560973685072,-0.0103598813997896,0.2067870537666569,16.065131469920775,0.196577743718806,87.38802664693259,9.348156323411189,7.361304091781135,0.1661886090698483,0.3531807243044759,27.75526656941114,0.6250943658945217,5.392,weekly,2,seed1,weekly|M01AE|B_rich,,5,,,,,,,5.0,,,,,,,
Naive,N02BA,A_lag1,pacf_train,1,1,210,45,46,2014-01-12,2018-01-14,2018-01-21,2018-11-25,2018-12-02,2019-10-13,{},0,none,1,49.19444444444444,7.01387513750027,5.391111111111111,-0.5938228589736254,0.3180094520780979,25.109810773395424,0.3725147465421816,38.93119565217392,6.2394868100007965,5.060869565217392,-0.3633468510784168,0.2954211242448012,25.279798597319925,0.73400085945753,0.0,weekly,2,seed1,weekly|N02BA|A_lag1,,5,,,,,,,,,,,,,,
SeasonalNaive(s=52),N02BA,A_lag1,pacf_train,1,1,210,45,46,2014-01-12,2018-01-14,2018-01-21,2018-11-25,2018-12-02,2019-10-13,{},0,none,1,65.91587345219507,8.118859122573507,6.734814814666667,-1.1355709382177106,0.368109481628018,30.532345050571653,0.437846578175141,51.94179347826088,7.207065524765325,5.744565217391305,-0.8189700930492263,0.3412330957122175,27.667323161502104,0.8050507911847538,0.0,weekly,2,seed1,weekly|N02BA|A_lag1,,5,,,,,,,,,,,,,,
S1 [linear],N02BA,A_lag1,pacf_train,1,1,210,45,46,2014-01-12,2018-01-14,2018-01-21,2018-11-25,2018-12-02,2019-10-13,{},0,none,1,55.76310318721868,7.467469664298522,6.280953746808672,-0.806637102030147,0.3385754507742403,27.31280964135922,0.4743527058695995,47.144018591692,6.866150201655364,5.402531053338721,-0.6509549274676998,0.325091770136531,25.549350364411723,0.9667978071238208,0.007,weekly,2,seed1,weekly|N02BA|A_lag1,,5,linear,0.0,7.467469664298522,0.0,,6.866150201655364,,,,,,,,
AR-LRX [linear],N02BA,A_lag1,pacf_train,1,1,210,45,46,2014-01-12,2018-01-14,2018-01-21,2018-11-25,2018-12-02,2019-10-13,"{""colsample_bytree"": 0.8, ""learning_rate"": 0.1, ""max_depth"": 5, ""n_estimators"": 500, ""subsample"": 0.8}",132,none,1,55.10583523810018,7.423330468064869,6.279675758208512,-0.7853426511301311,0.3365741773933693,27.263584932867445,0.4651900437735051,46.97424050361148,6.8537756385521895,5.389892685636054,-0.645009401832302,0.3245058714151621,25.49821038271925,0.9343130442178184,6.147,weekly,2,seed1,weekly|N02BA|A_lag1,-1.9214165306872428,5,linear,0.1,7.467469664298522,0.5911,-2.845682562143527,6.866150201655364,5.0,,,,,,,
AR-LRX-g [linear],N02BA,A_lag1,pacf_train,1,1,210,45,46,2014-01-12,2018-01-14,2018-01-21,2018-11-25,2018-12-02,2019-10-13,"{""colsample_bytree"": 0.8, ""learning_rate"": 0.1, ""max_depth"": 5, ""n_estimators"": 500, ""subsample"": 0.8}",132,none,1,55.10583523810018,7.423330468064869,6.279675758208512,-0.7853426511301311,0.3365741773933693,27.263584932867445,0.4651900437735051,46.97424050131897,6.8537756383849455,5.389892684486073,-0.6450094017520196,0.3245058714072436,25.49821037839074,0.9343130450964132,5.996,weekly,2,seed1,weekly|N02BA|A_lag1,-1.9214165306872428,5,linear,0.0999999999999999,7.467469664298522,0.5911,-2.845682562143527,6.866150201655364,5.0,False,global,1.0,"{""0"": 0.1}",0.1,0.1,7.5316098926525665
AR-LRX-Aug [linear],N02BA,A_lag1,pacf_train,1,1,210,45,46,2014-01-12,2018-01-14,2018-01-21,2018-11-25,2018-12-02,2019-10-13,"{""colsample_bytree"": 0.8, ""learning_rate"": 0.05, ""max_depth"": 3, ""n_estimators"": 100, ""subsample"": 0.8}",132,none,1,55.76310318721868,7.467469664298522,6.280953746808672,-0.806637102030147,0.3385754507742403,27.31280964135922,0.4743527058695995,47.144018591692,6.866150201655364,5.402531053338721,-0.6509549274676998,0.325091770136531,25.549350364411723,0.9667978071238208,5.185,weekly,2,seed1,weekly|N02BA|A_lag1,-1.3458653355620749,5,linear,0.0,7.467469664298522,0.0,-1.7081888152335072,6.866150201655364,5.0,True,global,1.0,"{""0"": 0.0}",0.0,0.0,7.467469664298522
XGBoost,N02BA,A_lag1,pacf_train,1,1,210,45,46,2014-01-12,2018-01-14,2018-01-21,2018-11-25,2018-12-02,2019-10-13,"{""colsample_bytree"": 0.8, ""learning_rate"": 0.05, ""max_depth"": 3, ""n_estimators"": 100, ""subsample"": 0.8}",12,none,1,65.8601341907253,8.115425693746774,6.747753923204211,-1.1337650735499405,0.3679538097920452,28.660634240453675,0.4944278101340391,50.58782242734313,7.112511682053192,5.43707741447117,-0.7715548483387296,0.336756252765629,25.45878540872173,0.9514835303446376,6.064,weekly,2,seed1,weekly|N02BA|A_lag1,,5,,,,,,,,,,,,,,
"LR-XGB (residual, tanpa gerbang)",N02BA,A_lag1,pacf_train,1,1,210,45,46,2014-01-12,2018-01-14,2018-01-21,2018-11-25,2018-12-02,2019-10-13,"{""colsample_bytree"": 0.8, ""learning_rate"": 0.05, ""max_depth"": 3, ""n_estimators"": 100, ""subsample"": 0.8}",12,none,1,62.51885839695056,7.906886770211811,6.378472621080954,-1.0255129772331002,0.3584986444932307,27.204101350569594,0.4749751876932216,46.33155211978082,6.806728444692121,5.14258121569382,-0.6225028445678253,0.3222783268548583,24.275627206869025,0.8917896706382644,6.997,weekly,2,seed1,weekly|N02BA|A_lag1,,5,,,,,,,5.0,,,,,,,
Naive,N02BA,B_rich,pacf_train,1,1,210,45,46,2014-01-12,2018-01-14,2018-01-21,2018-11-25,2018-12-02,2019-10-13,{},0,none,1,49.19444444444444,7.01387513750027,5.391111111111111,-0.5938228589736254,0.3180094520780979,25.109810773395424,0.3725147465421816,38.93119565217392,6.2394868100007965,5.060869565217392,-0.3633468510784168,0.2954211242448012,25.279798597319925,0.73400085945753,0.0,weekly,2,seed1,weekly|N02BA|B_rich,,5,,,,,,,,,,,,,,
SeasonalNaive(s=52),N02BA,B_rich,pacf_train,1,1,210,45,46,2014-01-12,2018-01-14,2018-01-21,2018-11-25,2018-12-02,2019-10-13,{},0,none,1,65.91587345219507,8.118859122573507,6.734814814666667,-1.1355709382177106,0.368109481628018,30.532345050571653,0.437846578175141,51.94179347826088,7.207065524765325,5.744565217391305,-0.8189700930492263,0.3412330957122175,27.667323161502104,0.8050507911847538,0.0,weekly,2,seed1,weekly|N02BA|B_rich,,5,,,,,,,,,,,,,,
S1 [linear],N02BA,B_rich,pacf_train,1,1,210,45,46,2014-01-12,2018-01-14,2018-01-21,2018-11-25,2018-12-02,2019-10-13,{},0,none,1,55.76310318721868,7.467469664298522,6.280953746808672,-0.806637102030147,0.3385754507742403,27.31280964135922,0.4743527058695995,47.144018591692,6.866150201655364,5.402531053338721,-0.6509549274676998,0.325091770136531,25.549350364411723,0.9667978071238208,0.007,weekly,2,seed1,weekly|N02BA|B_rich,,5,linear,0.0,7.467469664298522,0.0,,6.866150201655364,,,,,,,,
AR-LRX [linear],N02BA,B_rich,pacf_train,1,1,210,45,46,2014-01-12,2018-01-14,2018-01-21,2018-11-25,2018-12-02,2019-10-13,"{""colsample_bytree"": 0.8, ""learning_rate"": 0.1, ""max_depth"": 5, ""n_estimators"": 500, ""subsample"": 0.8}",132,none,1,55.10583523810018,7.423330468064869,6.279675758208512,-0.7853426511301311,0.3365741773933693,27.263584932867445,0.4651900437735051,46.97424050361148,6.8537756385521895,5.389892685636054,-0.645009401832302,0.3245058714151621,25.49821038271925,0.9343130442178184,7.553,weekly,2,seed1,weekly|N02BA|B_rich,-1.9214165306872428,5,linear,0.1,7.467469664298522,0.5911,-2.845682562143527,6.866150201655364,5.0,,,,,,,
AR-LRX-g [linear],N02BA,B_rich,pacf_train,1,1,210,45,46,2014-01-12,2018-01-14,2018-01-21,2018-11-25,2018-12-02,2019-10-13,"{""colsample_bytree"": 0.8, ""learning_rate"": 0.1, ""max_depth"": 5, ""n_estimators"": 500, ""subsample"": 0.8}",132,none,1,55.10583523810018,7.423330468064869,6.279675758208512,-0.7853426511301311,0.3365741773933693,27.263584932867445,0.4651900437735051,46.97424050131897,6.8537756383849455,5.389892684486073,-0.6450094017520196,0.3245058714072436,25.49821037839074,0.9343130450964132,6.566,weekly,2,seed1,weekly|N02BA|B_rich,-1.9214165306872428,5,linear,0.0999999999999999,7.467469664298522,0.5911,-2.845682562143527,6.866150201655364,5.0,False,global,1.0,"{""0"": 0.1}",0.1,0.1,7.5316098926525665
AR-LRX-Aug [linear],N02BA,B_rich,pacf_train,1,1,210,45,46,2014-01-12,2018-01-14,2018-01-21,2018-11-25,2018-12-02,2019-10-13,"{""colsample_bytree"": 0.8, ""learning_rate"": 0.05, ""max_depth"": 3, ""n_estimators"": 100, ""subsample"": 0.8}",132,none,1,55.76310318721868,7.467469664298522,6.280953746808672,-0.806637102030147,0.3385754507742403,27.31280964135922,0.4743527058695995,47.144018591692,6.866150201655364,5.402531053338721,-0.6509549274676998,0.325091770136531,25.549350364411723,0.9667978071238208,5.565,weekly,2,seed1,weekly|N02BA|B_rich,-1.3458653355620749,5,linear,0.0,7.467469664298522,0.0,-1.7081888152335072,6.866150201655364,5.0,True,global,1.0,"{""0"": 0.0}",0.0,0.0,7.467469664298522
XGBoost,N02BA,B_rich,pacf_train,1,1,210,45,46,2014-01-12,2018-01-14,2018-01-21,2018-11-25,2018-12-02,2019-10-13,"{""colsample_bytree"": 0.8, ""learning_rate"": 0.05, ""max_depth"": 3, ""n_estimators"": 100, ""subsample"": 0.8}",12,none,1,65.8601341907253,8.115425693746774,6.747753923204211,-1.1337650735499405,0.3679538097920452,28.660634240453675,0.4944278101340391,50.58782242734313,7.112511682053192,5.43707741447117,-0.7715548483387296,0.336756252765629,25.45878540872173,0.9514835303446376,6.258,weekly,2,seed1,weekly|N02BA|B_rich,,5,,,,,,,,,,,,,,
"LR-XGB (residual, tanpa gerbang)",N02BA,B_rich,pacf_train,1,1,210,45,46,2014-01-12,2018-01-14,2018-01-21,2018-11-25,2018-12-02,2019-10-13,"{""colsample_bytree"": 0.8, ""learning_rate"": 0.05, ""max_depth"": 3, ""n_estimators"": 100, ""subsample"": 0.8}",12,none,1,62.51885839695056,7.906886770211811,6.378472621080954,-1.0255129772331002,0.3584986444932307,27.204101350569594,0.4749751876932216,46.33155211978082,6.806728444692121,5.14258121569382,-0.6225028445678253,0.3222783268548583,24.275627206869025,0.8917896706382644,5.619,weekly,2,seed1,weekly|N02BA|B_rich,,5,,,,,,,5.0,,,,,,,
Naive,N02BE,A_lag1,pacf_train,1,1,210,45,46,2014-01-12,2018-01-14,2018-01-21,2018-11-25,2018-12-02,2019-10-13,{},0,none,1,1680.9681508666667,40.999611594095214,33.66975555555555,0.5778299809887086,0.1966083430644854,16.091032387206173,0.1901027589132943,2872.5362513913046,53.59604697541886,41.5418695652174,0.6070022317317492,0.2638605401116403,20.08585888444381,0.3344249193079274,0.0,weekly,2,seed1,weekly|N02BE|A_lag1,,5,,,,,,,,,,,,,,
SeasonalNaive(s=52),N02BE,A_lag1,pacf_train,1,1,210,45,46,2014-01-12,2018-01-14,2018-01-21,2018-11-25,2018-12-02,2019-10-13,{},0,none,1,4928.619016884084,70.20412393074986,52.44873333333334,-0.2378076187729074,0.3366548107569486,28.57719475004721,0.2851328006650804,3827.384787608696,61.86586124518672,46.530130434782606,0.4763673812278127,0.3045739468456235,22.53129637433621,0.3785512957226687,0.0,weekly,2,seed1,weekly|N02BE|A_lag1,,5,,,,,,,,,,,,,,
S1 [linear],N02BE,A_lag1,pacf_train,1,1,210,45,46,2014-01-12,2018-01-14,2018-01-21,2018-11-25,2018-12-02,2019-10-13,{},0,none,1,1499.4320458283644,38.72250051105125,31.647842601792338,0.6234222195303742,0.1856887509121654,15.244489991691704,0.1862344902896344,2636.4831549119726,51.34669565718882,39.33803413707109,0.6392971557955466,0.252786681362296,19.063345346674403,0.3279954691336632,0.006,weekly,2,seed1,weekly|N02BE|A_lag1,,5,linear,0.0,38.72250051105125,0.0,,51.34669565718882,,,,,,,,
AR-LRX [linear],N02BE,A_lag1,pacf_train,1,1,210,45,46,2014-01-12,2018-01-14,2018-01-21,2018-11-25,2018-12-02,2019-10-13,"{""colsample_bytree"": 0.8, ""learning_rate"": 0.05, ""max_depth"": 3, ""n_estimators"": 100, ""subsample"": 0.8}",132,none,1,1494.723969900272,38.661660206207806,31.71011956505279,0.6246046384257262,0.1853969990866791,15.255590552368508,0.1874801357824646,2607.9392818100173,51.06798685879459,39.13915547588834,0.6432023035274046,0.2514145605021159,19.00871112507777,0.326682521727139,5.642,weekly,2,seed1,weekly|N02BE|A_lag1,0.0662544348675406,5,linear,0.1,38.72250051105125,0.1571,-0.7657206136960855,51.34669565718882,5.0,,,,,,,
AR-LRX-g [linear],N02BE,A_lag1,pacf_train,1,1,210,45,46,2014-01-12,2018-01-14,2018-01-21,2018-11-25,2018-12-02,2019-10-13,"{""colsample_bytree"": 0.8, ""learning_rate"": 0.1, ""max_depth"": 5, ""n_estimators"": 300, ""subsample"": 0.8}",132,none,1,1499.4320458283644,38.72250051105125,31.647842601792338,0.6234222195303742,0.1856887509121654,15.244489991691704,0.1862344902896344,2636.4831549119726,51.34669565718882,39.33803413707109,0.6392971557955466,0.252786681362296,19.063345346674403,0.3279954691336632,6.057,weekly,2,seed1,weekly|N02BE|A_lag1,-0.2786663438779257,5,linear,0.0,38.72250051105125,0.0,-2.701650005646432,51.34669565718882,5.0,False,global,1.0,"{""0"": 0.0}",0.0,0.0,39.88040848240429
AR-LRX-Aug [linear],N02BE,A_lag1,pacf_train,1,1,210,45,46,2014-01-12,2018-01-14,2018-01-21,2018-11-25,2018-12-02,2019-10-13,"{""colsample_bytree"": 0.8, ""learning_rate"": 0.05, ""max_depth"": 3, ""n_estimators"": 500, ""subsample"": 0.8}",132,none,1,1477.2239152231373,38.43467074430503,31.646883581386334,0.6289997237293564,0.1843085004335789,15.229266658947516,0.1879049689741812,2576.4340661510573,50.75858613230925,38.87869051350663,0.6475125988062838,0.2498913391563551,18.86705889363776,0.3240032452924523,6.661,weekly,2,seed1,weekly|N02BE|A_lag1,0.0495901559506851,5,linear,0.0999999999999999,38.72250051105125,0.7433,-1.3384293406867154,51.34669565718882,5.0,True,global,1.0,"{""0"": 0.1}",0.1,0.1,39.7208449278297
XGBoost,N02BE,A_lag1,pacf_train,1,1,210,45,46,2014-01-12,2018-01-14,2018-01-21,2018-11-25,2018-12-02,2019-10-13,"{""colsample_bytree"": 0.8, ""learning_rate"": 0.05, ""max_depth"": 3, ""n_estimators"": 100, ""subsample"": 0.8}",12,none,1,2439.585591831624,49.39216123871908,35.52840233425565,0.3873055267869131,0.2368537311440538,16.117465271508625,0.2305626454580605,2323.5388033295017,48.20309951994272,35.61332783840014,0.6821117353172141,0.2373103352234278,17.706857363552206,0.3136981034145236,5.139,weekly,2,seed1,weekly|N02BE|A_lag1,,5,,,,,,,,,,,,,,
"LR-XGB (residual, tanpa gerbang)",N02BE,A_lag1,pacf_train,1,1,210,45,46,2014-01-12,2018-01-14,2018-01-21,2018-11-25,2018-12-02,2019-10-13,"{""colsample_bytree"": 0.8, ""learning_rate"": 0.05, ""max_depth"": 3, ""n_estimators"": 100, ""subsample"": 0.8}",12,none,1,2643.4938233841544,51.41491829599804,36.45128609767277,0.3360945969744071,0.2465536014108952,16.29260043910113,0.2323635711821651,2452.3912215409546,49.521623777305145,37.61690933373127,0.664483163086475,0.2438016072916367,18.659833805352392,0.3191815066143649,5.062,weekly,2,seed1,weekly|N02BE|A_lag1,,5,,,,,,,5.0,,,,,,,
Naive,N02BE,B_rich,pacf_train,1,1,210,45,46,2014-01-12,2018-01-14,2018-01-21,2018-11-25,2018-12-02,2019-10-13,{},0,none,1,1680.9681508666667,40.999611594095214,33.66975555555555,0.5778299809887086,0.1966083430644854,16.091032387206173,0.1901027589132943,2872.5362513913046,53.59604697541886,41.5418695652174,0.6070022317317492,0.2638605401116403,20.08585888444381,0.3344249193079274,0.0,weekly,2,seed1,weekly|N02BE|B_rich,,5,,,,,,,,,,,,,,
SeasonalNaive(s=52),N02BE,B_rich,pacf_train,1,1,210,45,46,2014-01-12,2018-01-14,2018-01-21,2018-11-25,2018-12-02,2019-10-13,{},0,none,1,4928.619016884084,70.20412393074986,52.44873333333334,-0.2378076187729074,0.3366548107569486,28.57719475004721,0.2851328006650804,3827.384787608696,61.86586124518672,46.530130434782606,0.4763673812278127,0.3045739468456235,22.53129637433621,0.3785512957226687,0.0,weekly,2,seed1,weekly|N02BE|B_rich,,5,,,,,,,,,,,,,,
S1 [linear],N02BE,B_rich,pacf_train,1,1,210,45,46,2014-01-12,2018-01-14,2018-01-21,2018-11-25,2018-12-02,2019-10-13,{},0,none,1,1499.4320458283644,38.72250051105125,31.647842601792338,0.6234222195303742,0.1856887509121654,15.244489991691704,0.1862344902896344,2636.4831549119726,51.34669565718882,39.33803413707109,0.6392971557955466,0.252786681362296,19.063345346674403,0.3279954691336632,0.008,weekly,2,seed1,weekly|N02BE|B_rich,,5,linear,0.0,38.72250051105125,0.0,,51.34669565718882,,,,,,,,
AR-LRX [linear],N02BE,B_rich,pacf_train,1,1,210,45,46,2014-01-12,2018-01-14,2018-01-21,2018-11-25,2018-12-02,2019-10-13,"{""colsample_bytree"": 0.8, ""learning_rate"": 0.05, ""max_depth"": 3, ""n_estimators"": 100, ""subsample"": 0.8}",132,none,1,1494.723969900272,38.661660206207806,31.71011956505279,0.6246046384257262,0.1853969990866791,15.255590552368508,0.1874801357824646,2607.9392818100173,51.06798685879459,39.13915547588834,0.6432023035274046,0.2514145605021159,19.00871112507777,0.326682521727139,9.234,weekly,2,seed1,weekly|N02BE|B_rich,0.0662544348675406,5,linear,0.1,38.72250051105125,0.1571,-0.7657206136960855,51.34669565718882,5.0,,,,,,,
AR-LRX-g [linear],N02BE,B_rich,pacf_train,1,1,210,45,46,2014-01-12,2018-01-14,2018-01-21,2018-11-25,2018-12-02,2019-10-13,"{""colsample_bytree"": 0.8, ""learning_rate"": 0.1, ""max_depth"": 5, ""n_estimators"": 300, ""subsample"": 0.8}",132,none,1,1499.4320458283644,38.72250051105125,31.647842601792338,0.6234222195303742,0.1856887509121654,15.244489991691704,0.1862344902896344,2636.4831549119726,51.34669565718882,39.33803413707109,0.6392971557955466,0.252786681362296,19.063345346674403,0.3279954691336632,5.408,weekly,2,seed1,weekly|N02BE|B_rich,-0.2786663438779257,5,linear,0.0,38.72250051105125,0.0,-2.701650005646432,51.34669565718882,5.0,False,global,1.0,"{""0"": 0.0}",0.0,0.0,39.88040848240429
AR-LRX-Aug [linear],N02BE,B_rich,pacf_train,1,1,210,45,46,2014-01-12,2018-01-14,2018-01-21,2018-11-25,2018-12-02,2019-10-13,"{""colsample_bytree"": 0.8, ""learning_rate"": 0.05, ""max_depth"": 3, ""n_estimators"": 500, ""subsample"": 0.8}",132,none,1,1477.2239152231373,38.43467074430503,31.646883581386334,0.6289997237293564,0.1843085004335789,15.229266658947516,0.1879049689741812,2576.4340661510573,50.75858613230925,38.87869051350663,0.6475125988062838,0.2498913391563551,18.86705889363776,0.3240032452924523,6.569,weekly,2,seed1,weekly|N02BE|B_rich,0.0495901559506851,5,linear,0.0999999999999999,38.72250051105125,0.7433,-1.3384293406867154,51.34669565718882,5.0,True,global,1.0,"{""0"": 0.1}",0.1,0.1,39.7208449278297
XGBoost,N02BE,B_rich,pacf_train,1,1,210,45,46,2014-01-12,2018-01-14,2018-01-21,2018-11-25,2018-12-02,2019-10-13,"{""colsample_bytree"": 0.8, ""learning_rate"": 0.05, ""max_depth"": 3, ""n_estimators"": 100, ""subsample"": 0.8}",12,none,1,2439.585591831624,49.39216123871908,35.52840233425565,0.3873055267869131,0.2368537311440538,16.117465271508625,0.2305626454580605,2323.5388033295017,48.20309951994272,35.61332783840014,0.6821117353172141,0.2373103352234278,17.706857363552206,0.3136981034145236,5.148,weekly,2,seed1,weekly|N02BE|B_rich,,5,,,,,,,,,,,,,,
"LR-XGB (residual, tanpa gerbang)",N02BE,B_rich,pacf_train,1,1,210,45,46,2014-01-12,2018-01-14,2018-01-21,2018-11-25,2018-12-02,2019-10-13,"{""colsample_bytree"": 0.8, ""learning_rate"": 0.05, ""max_depth"": 3, ""n_estimators"": 100, ""subsample"": 0.8}",12,none,1,2643.4938233841544,51.41491829599804,36.45128609767277,0.3360945969744071,0.2465536014108952,16.29260043910113,0.2323635711821651,2452.3912215409546,49.521623777305145,37.61690933373127,0.664483163086475,0.2438016072916367,18.659833805352392,0.3191815066143649,17.254,weekly,2,seed1,weekly|N02BE|B_rich,,5,,,,,,,5.0,,,,,,,
Naive,N05B,A_lag1,pacf_train,1,1,210,45,46,2014-01-12,2018-01-14,2018-01-21,2018-11-25,2018-12-02,2019-10-13,{},0,none,1,426.96177777777774,20.663053447585565,15.013333333333332,-0.801173853632781,0.3220550724374308,22.340031684847204,0.2828881884247876,240.0434782608696,15.493336576117798,12.104347826086956,-0.5862350330555679,0.2638042206475491,21.2661248034866,0.3667312182996869,0.0,weekly,2,seed1,weekly|N05B|A_lag1,,5,,,,,,,,,,,,,,
SeasonalNaive(s=52),N05B,A_lag1,pacf_train,1,1,210,45,46,2014-01-12,2018-01-14,2018-01-21,2018-11-25,2018-12-02,2019-10-13,{},0,none,1,942.2986433552592,30.696883284060927,24.86833333177778,-2.975165382622386,0.4784426945770095,44.187967319122926,0.440706007994517,457.088695652174,21.379632729590423,16.165217391304346,-2.020494901632767,0.3640298732459134,26.617268981956737,0.5087289643221211,0.0,weekly,2,seed1,weekly|N05B|A_lag1,,5,,,,,,,,,,,,,,
S1 [linear],N05B,A_lag1,pacf_train,1,1,210,45,46,2014-01-12,2018-01-14,2018-01-21,2018-11-25,2018-12-02,2019-10-13,{},0,none,1,280.1724738223089,16.738353378463156,11.053311405027056,-0.1819309376658278,0.2608845601381415,16.80006438157009,0.223534293627507,168.22555190185386,12.970179331908016,9.770105004562676,-0.1116538796018928,0.2208425559919191,17.156348590497235,0.3310900704837283,0.009,weekly,2,seed1,weekly|N05B|A_lag1,,5,linear,0.0,16.738353378463156,0.0,,12.970179331908016,,,,,,,,
AR-LRX [linear],N05B,A_lag1,pacf_train,1,1,210,45,46,2014-01-12,2018-01-14,2018-01-21,2018-11-25,2018-12-02,2019-10-13,"{""colsample_bytree"": 0.8, ""learning_rate"": 0.05, ""max_depth"": 3, ""n_estimators"": 100, ""subsample"": 0.8}",132,none,1,280.1724738223089,16.738353378463156,11.053311405027056,-0.1819309376658278,0.2608845601381415,16.80006438157009,0.223534293627507,168.22555190185386,12.970179331908016,9.770105004562676,-0.1116538796018928,0.2208425559919191,17.156348590497235,0.3310900704837283,4.422,weekly,2,seed1,weekly|N05B|A_lag1,-0.1228809379719153,5,linear,0.0,16.738353378463156,0.0,-0.3108666983120862,12.970179331908016,5.0,,,,,,,
AR-LRX-g [linear],N05B,A_lag1,pacf_train,1,1,210,45,46,2014-01-12,2018-01-14,2018-01-21,2018-11-25,2018-12-02,2019-10-13,"{""colsample_bytree"": 0.8, ""learning_rate"": 0.05, ""max_depth"": 3, ""n_estimators"": 100, ""subsample"": 0.8}",132,none,1,280.1724738223089,16.738353378463156,11.053311405027056,-0.1819309376658278,0.2608845601381415,16.80006438157009,0.223534293627507,168.22555190185386,12.970179331908016,9.770105004562676,-0.1116538796018928,0.2208425559919191,17.156348590497235,0.3310900704837283,5.308,weekly,2,seed1,weekly|N05B|A_lag1,-0.1228809379719153,5,linear,0.0,16.738353378463156,0.0,-0.3108666983120862,12.970179331908016,5.0,False,global,1.0,"{""0"": 0.0}",0.0,0.0,16.738353378463152
AR-LRX-Aug [linear],N05B,A_lag1,pacf_train,1,1,210,45,46,2014-01-12,2018-01-14,2018-01-21,2018-11-25,2018-12-02,2019-10-13,"{""colsample_bytree"": 0.8, ""learning_rate"": 0.05, ""max_depth"": 3, ""n_estimators"": 100, ""subsample"": 0.8}",132,none,1,280.1724738223089,16.738353378463156,11.053311405027056,-0.1819309376658278,0.2608845601381415,16.80006438157009,0.223534293627507,168.22555190185386,12.970179331908016,9.770105004562676,-0.1116538796018928,0.2208425559919191,17.156348590497235,0.3310900704837283,4.089,weekly,2,seed1,weekly|N05B|A_lag1,-0.1001233676209849,5,linear,0.0,16.738353378463156,0.0,-0.2746885811887229,12.970179331908016,5.0,True,global,1.0,"{""0"": 0.0}",0.0,0.0,16.738353378463152
XGBoost,N05B,A_lag1,pacf_train,1,1,210,45,46,2014-01-12,2018-01-14,2018-01-21,2018-11-25,2018-12-02,2019-10-13,"{""colsample_bytree"": 0.8, ""learning_rate"": 0.05, ""max_depth"": 3, ""n_estimators"": 100, ""subsample"": 0.8}",12,none,1,373.5115944490386,19.326448055683656,13.729210255940757,-0.5756897993348078,0.3012226941347203,20.426657083687463,0.2477703749434785,183.57026912260528,13.54881061653034,10.648171466329824,-0.2130535435470839,0.2306948802044698,18.54150004322401,0.3353890977050776,4.276,weekly,2,seed1,weekly|N05B|A_lag1,,5,,,,,,,,,,,,,,
"LR-XGB (residual, tanpa gerbang)",N05B,A_lag1,pacf_train,1,1,210,45,46,2014-01-12,2018-01-14,2018-01-21,2018-11-25,2018-12-02,2019-10-13,"{""colsample_bytree"": 0.8, ""learning_rate"": 0.05, ""max_depth"": 3, ""n_estimators"": 100, ""subsample"": 0.8}",12,none,1,365.92580531960607,19.12918726239058,13.267665356810838,-0.5436885154957258,0.2981481805235439,19.74462791791421,0.2441929346522231,183.74894298128424,13.555402722947196,10.72689032429938,-0.2142342410448086,0.2308071236510109,18.656332004208625,0.3367682521441746,4.211,weekly,2,seed1,weekly|N05B|A_lag1,,5,,,,,,,5.0,,,,,,,
Naive,N05B,B_rich,pacf_train,1,1,210,45,46,2014-01-12,2018-01-14,2018-01-21,2018-11-25,2018-12-02,2019-10-13,{},0,none,1,426.96177777777774,20.663053447585565,15.013333333333332,-0.801173853632781,0.3220550724374308,22.340031684847204,0.2828881884247876,240.0434782608696,15.493336576117798,12.104347826086956,-0.5862350330555679,0.2638042206475491,21.2661248034866,0.3667312182996869,0.0,weekly,2,seed1,weekly|N05B|B_rich,,5,,,,,,,,,,,,,,
SeasonalNaive(s=52),N05B,B_rich,pacf_train,1,1,210,45,46,2014-01-12,2018-01-14,2018-01-21,2018-11-25,2018-12-02,2019-10-13,{},0,none,1,942.2986433552592,30.696883284060927,24.86833333177778,-2.975165382622386,0.4784426945770095,44.187967319122926,0.440706007994517,457.088695652174,21.379632729590423,16.165217391304346,-2.020494901632767,0.3640298732459134,26.617268981956737,0.5087289643221211,0.0,weekly,2,seed1,weekly|N05B|B_rich,,5,,,,,,,,,,,,,,
S1 [linear],N05B,B_rich,pacf_train,1,1,210,45,46,2014-01-12,2018-01-14,2018-01-21,2018-11-25,2018-12-02,2019-10-13,{},0,none,1,280.1724738223089,16.738353378463156,11.053311405027056,-0.1819309376658278,0.2608845601381415,16.80006438157009,0.223534293627507,168.22555190185386,12.970179331908016,9.770105004562676,-0.1116538796018928,0.2208425559919191,17.156348590497235,0.3310900704837283,0.008,weekly,2,seed1,weekly|N05B|B_rich,,5,linear,0.0,16.738353378463156,0.0,,12.970179331908016,,,,,,,,
AR-LRX [linear],N05B,B_rich,pacf_train,1,1,210,45,46,2014-01-12,2018-01-14,2018-01-21,2018-11-25,2018-12-02,2019-10-13,"{""colsample_bytree"": 0.8, ""learning_rate"": 0.05, ""max_depth"": 3, ""n_estimators"": 100, ""subsample"": 0.8}",132,none,1,280.1724738223089,16.738353378463156,11.053311405027056,-0.1819309376658278,0.2608845601381415,16.80006438157009,0.223534293627507,168.22555190185386,12.970179331908016,9.770105004562676,-0.1116538796018928,0.2208425559919191,17.156348590497235,0.3310900704837283,6.903,weekly,2,seed1,weekly|N05B|B_rich,-0.1228809379719153,5,linear,0.0,16.738353378463156,0.0,-0.3108666983120862,12.970179331908016,5.0,,,,,,,
AR-LRX-g [linear],N05B,B_rich,pacf_train,1,1,210,45,46,2014-01-12,2018-01-14,2018-01-21,2018-11-25,2018-12-02,2019-10-13,"{""colsample_bytree"": 0.8, ""learning_rate"": 0.05, ""max_depth"": 3, ""n_estimators"": 100, ""subsample"": 0.8}",132,none,1,280.1724738223089,16.738353378463156,11.053311405027056,-0.1819309376658278,0.2608845601381415,16.80006438157009,0.223534293627507,168.22555190185386,12.970179331908016,9.770105004562676,-0.1116538796018928,0.2208425559919191,17.156348590497235,0.3310900704837283,6.111,weekly,2,seed1,weekly|N05B|B_rich,-0.1228809379719153,5,linear,0.0,16.738353378463156,0.0,-0.3108666983120862,12.970179331908016,5.0,False,global,1.0,"{""0"": 0.0}",0.0,0.0,16.738353378463152
AR-LRX-Aug [linear],N05B,B_rich,pacf_train,1,1,210,45,46,2014-01-12,2018-01-14,2018-01-21,2018-11-25,2018-12-02,2019-10-13,"{""colsample_bytree"": 0.8, ""learning_rate"": 0.05, ""max_depth"": 3, ""n_estimators"": 100, ""subsample"": 0.8}",132,none,1,280.1724738223089,16.738353378463156,11.053311405027056,-0.1819309376658278,0.2608845601381415,16.80006438157009,0.223534293627507,168.22555190185386,12.970179331908016,9.770105004562676,-0.1116538796018928,0.2208425559919191,17.156348590497235,0.3310900704837283,5.64,weekly,2,seed1,weekly|N05B|B_rich,-0.1001233676209849,5,linear,0.0,16.738353378463156,0.0,-0.2746885811887229,12.970179331908016,5.0,True,global,1.0,"{""0"": 0.0}",0.0,0.0,16.738353378463152
XGBoost,N05B,B_rich,pacf_train,1,1,210,45,46,2014-01-12,2018-01-14,2018-01-21,2018-11-25,2018-12-02,2019-10-13,"{""colsample_bytree"": 0.8, ""learning_rate"": 0.05, ""max_depth"": 3, ""n_estimators"": 100, ""subsample"": 0.8}",12,none,1,373.5115944490386,19.326448055683656,13.729210255940757,-0.5756897993348078,0.3012226941347203,20.426657083687463,0.2477703749434785,183.57026912260528,13.54881061653034,10.648171466329824,-0.2130535435470839,0.2306948802044698,18.54150004322401,0.3353890977050776,6.007,weekly,2,seed1,weekly|N05B|B_rich,,5,,,,,,,,,,,,,,
"LR-XGB (residual, tanpa gerbang)",N05B,B_rich,pacf_train,1,1,210,45,46,2014-01-12,2018-01-14,2018-01-21,2018-11-25,2018-12-02,2019-10-13,"{""colsample_bytree"": 0.8, ""learning_rate"": 0.05, ""max_depth"": 3, ""n_estimators"": 100, ""subsample"": 0.8}",12,none,1,365.92580531960607,19.12918726239058,13.267665356810838,-0.5436885154957258,0.2981481805235439,19.74462791791421,0.2441929346522231,183.74894298128424,13.555402722947196,10.72689032429938,-0.2142342410448086,0.2308071236510109,18.656332004208625,0.3367682521441746,5.821,weekly,2,seed1,weekly|N05B|B_rich,,5,,,,,,,5.0,,,,,,,
Naive,N05C,A_lag1,pacf_train,1,10,204,43,45,2014-03-16,2018-02-04,2018-02-11,2018-12-02,2018-12-09,2019-10-13,{},0,none,1,28.023255813953487,5.293699633900046,3.930232558139535,-0.7170930540827152,1.1381454212885098,103.83645136372506,1.694474186562659,16.266666666666666,4.033195589934446,3.466666666666667,-1.0887761572606216,0.8249718252138639,83.43106601001338,1.7005504134034763,0.0,weekly,2,seed1,weekly|N05C|A_lag1,,5,,,,,,,,,,,,,,
SeasonalNaive(s=52),N05C,A_lag1,pacf_train,1,10,204,43,45,2014-03-16,2018-02-04,2018-02-11,2018-12-02,2018-12-09,2019-10-13,{},0,none,1,26.55813953488372,5.153458987406781,3.86046511627907,-0.6273197242841997,1.107993682292458,111.313739170882,1.3238583034523583,23.844444444444445,4.883077353927996,3.6222222222222222,-2.061826252377933,0.9988112769398172,94.92769692563294,1.404697471688822,0.0,weekly,2,seed1,weekly|N05C|A_lag1,,5,,,,,,,,,,,,,,
S1 [linear],N05C,A_lag1,pacf_train,1,10,204,43,45,2014-03-16,2018-02-04,2018-02-11,2018-12-02,2018-12-09,2019-10-13,{},0,none,1,16.6747895027876,4.083477623642329,2.880965845650394,-0.0217287178769312,0.8779476890831007,71.7752895751267,0.703521993405679,8.7326038490643,2.95509794238098,2.392135351294518,-0.121339428938187,0.6044518518506549,57.40333488628655,1.0633393387073906,0.006,weekly,2,seed1,weekly|N05C|A_lag1,,5,linear,0.0,4.083477623642329,0.0,,2.95509794238098,,,,,,,,
AR-LRX [linear],N05C,A_lag1,pacf_train,1,10,204,43,45,2014-03-16,2018-02-04,2018-02-11,2018-12-02,2018-12-09,2019-10-13,"{""colsample_bytree"": 0.8, ""learning_rate"": 0.05, ""max_depth"": 3, ""n_estimators"": 100, ""subsample"": 0.8}",132,none,1,16.6747895027876,4.083477623642329,2.880965845650394,-0.0217287178769312,0.8779476890831007,71.7752895751267,0.703521993405679,8.7326038490643,2.95509794238098,2.392135351294518,-0.121339428938187,0.6044518518506549,57.40333488628655,1.0633393387073906,5.04,weekly,2,seed1,weekly|N05C|A_lag1,-0.2245775662337905,5,linear,0.0,4.083477623642329,0.0,-0.1033791646198618,2.95509794238098,5.0,,,,,,,
AR-LRX-g [linear],N05C,A_lag1,pacf_train,1,10,204,43,45,2014-03-16,2018-02-04,2018-02-11,2018-12-02,2018-12-09,2019-10-13,"{""colsample_bytree"": 0.8, ""learning_rate"": 0.05, ""max_depth"": 3, ""n_estimators"": 100, ""subsample"": 0.8}",132,none,1,16.6747895027876,4.083477623642329,2.880965845650394,-0.0217287178769312,0.8779476890831007,71.7752895751267,0.703521993405679,8.7326038490643,2.95509794238098,2.392135351294518,-0.121339428938187,0.6044518518506549,57.40333488628655,1.0633393387073906,4.819,weekly,2,seed1,weekly|N05C|A_lag1,-0.2245775662337905,5,linear,0.0,4.083477623642329,0.0,-0.1033791646198618,2.95509794238098,5.0,False,global,1.0,"{""0"": 0.0}",0.0,0.0,4.132451578710859
AR-LRX-Aug [linear],N05C,A_lag1,pacf_train,1,10,204,43,45,2014-03-16,2018-02-04,2018-02-11,2018-12-02,2018-12-09,2019-10-13,"{""colsample_bytree"": 0.8, ""learning_rate"": 0.05, ""max_depth"": 3, ""n_estimators"": 100, ""subsample"": 0.8}",132,none,1,16.6747895027876,4.083477623642329,2.880965845650394,-0.0217287178769312,0.8779476890831007,71.7752895751267,0.703521993405679,8.7326038490643,2.95509794238098,2.392135351294518,-0.121339428938187,0.6044518518506549,57.40333488628655,1.0633393387073906,6.141,weekly,2,seed1,weekly|N05C|A_lag1,-0.3050910042471706,5,linear,0.0,4.083477623642329,0.0,-0.1522191455333519,2.95509794238098,5.0,True,global,1.0,"{""0"": 0.0}",0.0,0.0,4.083477623642329
XGBoost,N05C,A_lag1,pacf_train,1,10,204,43,45,2014-03-16,2018-02-04,2018-02-11,2018-12-02,2018-12-09,2019-10-13,"{""colsample_bytree"": 0.8, ""learning_rate"": 0.05, ""max_depth"": 3, ""n_estimators"": 100, ""subsample"": 0.8}",12,none,1,17.55315871928672,4.189648997146028,3.0106966384621554,-0.0755497902956374,0.900774534386396,74.40486177476919,0.8253593268728345,9.7562857540271,3.123505363214077,2.5421422905392115,-0.2527887540840128,0.6388988242937884,61.87523338638496,1.085067553338127,5.094,weekly,2,seed1,weekly|N05C|A_lag1,,5,,,,,,,,,,,,,,
"LR-XGB (residual, tanpa gerbang)",N05C,A_lag1,pacf_train,1,10,204,43,45,2014-03-16,2018-02-04,2018-02-11,2018-12-02,2018-12-09,2019-10-13,"{""colsample_bytree"": 0.8, ""learning_rate"": 0.05, ""max_depth"": 3, ""n_estimators"": 100, ""subsample"": 0.8}",12,none,1,17.667675235142546,4.203293379618242,3.0271925503630177,-0.0825666592583038,0.903708076617922,74.86637500364257,0.8272776219691345,9.818926395546908,3.1335166180422447,2.5535307392174107,-0.2608323367775833,0.6409465809631864,62.1375506755399,1.1015345218033925,5.655,weekly,2,seed1,weekly|N05C|A_lag1,,5,,,,,,,5.0,,,,,,,
Naive,N05C,B_rich,pacf_train,11,10,204,43,45,2014-03-16,2018-02-04,2018-02-11,2018-12-02,2018-12-09,2019-10-13,{},0,none,1,28.023255813953487,5.293699633900046,3.930232558139535,-0.7170930540827152,1.1381454212885098,103.83645136372506,1.694474186562659,16.266666666666666,4.033195589934446,3.466666666666667,-1.0887761572606216,0.8249718252138639,83.43106601001338,1.7005504134034763,0.0,weekly,2,seed1,weekly|N05C|B_rich,,5,,,,,,,,,,,,,,
SeasonalNaive(s=52),N05C,B_rich,pacf_train,11,10,204,43,45,2014-03-16,2018-02-04,2018-02-11,2018-12-02,2018-12-09,2019-10-13,{},0,none,1,26.55813953488372,5.153458987406781,3.86046511627907,-0.6273197242841997,1.107993682292458,111.313739170882,1.3238583034523583,23.844444444444445,4.883077353927996,3.6222222222222222,-2.061826252377933,0.9988112769398172,94.92769692563294,1.404697471688822,0.0,weekly,2,seed1,weekly|N05C|B_rich,,5,,,,,,,,,,,,,,
S1 [linear],N05C,B_rich,pacf_train,11,10,204,43,45,2014-03-16,2018-02-04,2018-02-11,2018-12-02,2018-12-09,2019-10-13,{},0,none,1,17.659626898755008,4.202335885999001,2.787213246262259,-0.0820735066210902,0.9035022154897852,68.904493375253,0.6035741439547535,8.649548295964209,2.941011440978122,2.4123457709263696,-0.1106744007182958,0.6015705220182522,58.05904326021262,1.1261556910723465,0.006,weekly,2,seed1,weekly|N05C|B_rich,,5,linear,0.0,4.202335885999001,0.0,,2.941011440978122,,,,,,,,
AR-LRX [linear],N05C,B_rich,pacf_train,11,10,204,43,45,2014-03-16,2018-02-04,2018-02-11,2018-12-02,2018-12-09,2019-10-13,"{""colsample_bytree"": 0.8, ""learning_rate"": 0.1, ""max_depth"": 5, ""n_estimators"": 500, ""subsample"": 0.8}",132,none,1,16.654841428716587,4.08103435769862,2.905547488790092,-0.0205064223786115,0.8774223869052032,72.66853598352262,0.761212036918648,9.413099150097567,3.068077435479354,2.410727611529762,-0.2087207215565998,0.627561293620777,56.828089672859626,1.3864976615083773,6.5,weekly,2,seed1,weekly|N05C|B_rich,-0.2334742463300911,5,linear,0.7,4.202335885999001,2.8865,0.0162370592491966,2.941011440978122,5.0,,,,,,,
AR-LRX-g [linear],N05C,B_rich,pacf_train,11,10,204,43,45,2014-03-16,2018-02-04,2018-02-11,2018-12-02,2018-12-09,2019-10-13,"{""colsample_bytree"": 0.8, ""learning_rate"": 0.1, ""max_depth"": 5, ""n_estimators"": 500, ""subsample"": 0.8}",132,none,1,16.654841428716587,4.08103435769862,2.905547488790092,-0.0205064223786115,0.8774223869052032,72.66853598352262,0.761212036918648,9.413099173148137,3.06807743923587,2.410727615784871,-0.2087207245164855,0.6275612943891552,56.82808973125121,1.3864976687941115,6.553,weekly,2,seed1,weekly|N05C|B_rich,-0.2334742463300911,5,linear,0.7,4.202335885999001,2.8865,0.0162370592491966,2.941011440978122,5.0,False,global,1.0,"{""0"": 0.7}",0.7,0.7,4.08103435769862
AR-LRX-Aug [linear],N05C,B_rich,pacf_train,11,10,204,43,45,2014-03-16,2018-02-04,2018-02-11,2018-12-02,2018-12-09,2019-10-13,"{""colsample_bytree"": 0.8, ""learning_rate"": 0.05, ""max_depth"": 3, ""n_estimators"": 500, ""subsample"": 0.8}",132,none,1,16.479114005013983,4.05944749997016,2.896414790916802,-0.0097389248167703,0.8727812124935843,74.67654918843941,0.6840788122441126,9.206412569138177,3.0342070742021177,2.3891185193326283,-0.1821804345278888,0.6206332651777058,55.84814275307272,1.4529775879811389,9.386,weekly,2,seed1,weekly|N05C|B_rich,-0.1767739530369572,5,linear,0.7999999999999997,4.202335885999001,3.4002,0.0342088387289624,2.941011440978122,5.0,True,global,1.0,"{""0"": 0.8}",0.8,0.8,4.062166481959131
XGBoost,N05C,B_rich,pacf_train,11,10,204,43,45,2014-03-16,2018-02-04,2018-02-11,2018-12-02,2018-12-09,2019-10-13,"{""colsample_bytree"": 0.8, ""learning_rate"": 0.1, ""max_depth"": 5, ""n_estimators"": 100, ""subsample"": 0.8}",12,none,1,17.471823028757267,4.179930983731342,3.0900814117387285,-0.0705660385794073,0.8986851615022385,77.62840868792323,0.8385699675790343,9.733327881103694,3.119828181343276,2.434675206078424,-0.2498407710358263,0.6381466734565792,56.28910567915332,1.4514338551546089,27.421,weekly,2,seed1,weekly|N05C|B_rich,,5,,,,,,,,,,,,,,
"LR-XGB (residual, tanpa gerbang)",N05C,B_rich,pacf_train,11,10,204,43,45,2014-03-16,2018-02-04,2018-02-11,2018-12-02,2018-12-09,2019-10-13,"{""colsample_bytree"": 0.8, ""learning_rate"": 0.1, ""max_depth"": 5, ""n_estimators"": 500, ""subsample"": 0.8}",12,none,1,16.868995582606786,4.10718828185497,2.9789000672024004,-0.03362847402704,0.8830454805988186,74.74459388964159,0.8634695843486171,10.24761368425678,3.201189417116204,2.529650236065616,-0.3158793728991744,0.6547887444101325,58.37602869122283,1.5139314793876009,7.529,weekly,2,seed1,weekly|N05C|B_rich,,5,,,,,,,5.0,,,,,,,
Naive,R03,A_lag1,pacf_train,1,1,210,45,46,2014-01-12,2018-01-14,2018-01-21,2018-11-25,2018-12-02,2019-10-13,{},0,none,1,605.225,24.60132110273756,18.655555555555555,-0.0380099004638978,0.5059108646741414,43.15658808353479,1.0011745992904533,851.7612469747946,29.184948980164325,21.98369565217392,0.034613661979338,0.5760084322364312,40.98350136138161,0.5872130475279131,0.0,weekly,2,seed1,weekly|R03|A_lag1,,5,,,,,,,,,,,,,,
SeasonalNaive(s=52),R03,A_lag1,pacf_train,1,1,210,45,46,2014-01-12,2018-01-14,2018-01-21,2018-11-25,2018-12-02,2019-10-13,{},0,none,1,614.4748842545926,24.78860391903087,20.19351851844444,-0.0538742012353665,0.5097622192877364,49.6886383629502,0.5251434447101891,1132.0758227639192,33.64633446252235,25.980978260869566,-0.2830949245242296,0.6640605189144648,56.65064999174927,0.93022075429727,0.0,weekly,2,seed1,weekly|R03|A_lag1,,5,,,,,,,,,,,,,,
S1 [linear],R03,A_lag1,pacf_train,1,1,210,45,46,2014-01-12,2018-01-14,2018-01-21,2018-11-25,2018-12-02,2019-10-13,{},0,none,1,552.0732474890453,23.49623900731871,17.94200808918741,0.053149660580966,0.4831855388229598,40.92385320485504,1.1251795150117032,713.517209522314,26.71174291434975,18.83879141520894,0.1912994768640235,0.5271960272692094,38.48032058277108,0.5320799290362752,0.01,weekly,2,seed1,weekly|R03|A_lag1,,5,linear,0.0,23.49623900731871,0.0,,26.71174291434975,,,,,,,,
AR-LRX [linear],R03,A_lag1,pacf_train,1,1,210,45,46,2014-01-12,2018-01-14,2018-01-21,2018-11-25,2018-12-02,2019-10-13,"{""colsample_bytree"": 0.8, ""learning_rate"": 0.05, ""max_depth"": 3, ""n_estimators"": 100, ""subsample"": 0.8}",132,none,1,552.0732474890453,23.49623900731871,17.94200808918741,0.053149660580966,0.4831855388229598,40.92385320485504,1.1251795150117032,713.517209522314,26.71174291434975,18.83879141520894,0.1912994768640235,0.5271960272692094,38.48032058277108,0.5320799290362752,14.069,weekly,2,seed1,weekly|R03|A_lag1,-0.0314479221090269,5,linear,0.0,23.49623900731871,0.0,-0.3868929197141701,26.71174291434975,5.0,,,,,,,
AR-LRX-g [linear],R03,A_lag1,pacf_train,1,1,210,45,46,2014-01-12,2018-01-14,2018-01-21,2018-11-25,2018-12-02,2019-10-13,"{""colsample_bytree"": 0.8, ""learning_rate"": 0.05, ""max_depth"": 3, ""n_estimators"": 100, ""subsample"": 0.8}",132,none,1,552.0732474890453,23.49623900731871,17.94200808918741,0.053149660580966,0.4831855388229598,40.92385320485504,1.1251795150117032,713.517209522314,26.71174291434975,18.83879141520894,0.1912994768640235,0.5271960272692094,38.48032058277108,0.5320799290362752,5.523,weekly,2,seed1,weekly|R03|A_lag1,-0.0314479221090269,5,linear,0.0,23.49623900731871,0.0,-0.3868929197141701,26.71174291434975,5.0,False,global,1.0,"{""0"": 0.0}",0.0,0.0,23.49623900731872
AR-LRX-Aug [linear],R03,A_lag1,pacf_train,1,1,210,45,46,2014-01-12,2018-01-14,2018-01-21,2018-11-25,2018-12-02,2019-10-13,"{""colsample_bytree"": 0.8, ""learning_rate"": 0.1, ""max_depth"": 3, ""n_estimators"": 500, ""subsample"": 0.8}",132,none,1,552.0732474890453,23.49623900731871,17.94200808918741,0.053149660580966,0.4831855388229598,40.92385320485504,1.1251795150117032,713.517209522314,26.71174291434975,18.83879141520894,0.1912994768640235,0.5271960272692094,38.48032058277108,0.5320799290362752,5.243,weekly,2,seed1,weekly|R03|A_lag1,-0.2535321067915983,5,linear,0.0,23.49623900731871,0.0,-0.5134393667890311,26.71174291434975,5.0,True,global,1.0,"{""0"": 0.0}",0.0,0.0,23.860048489843088
XGBoost,R03,A_lag1,pacf_train,1,1,210,45,46,2014-01-12,2018-01-14,2018-01-21,2018-11-25,2018-12-02,2019-10-13,"{""colsample_bytree"": 0.8, ""learning_rate"": 0.05, ""max_depth"": 3, ""n_estimators"": 100, ""subsample"": 0.8}",12,none,1,655.2184522102142,25.59723524543645,20.076976648966472,-0.1237527206589841,0.5263912194880112,46.21857067292512,0.987431377275088,710.2345852508803,26.650226739202058,19.1663258457251,0.1950200037555115,0.5259819139388046,39.238219507897455,0.5932869877599145,5.846,weekly,2,seed1,weekly|R03|A_lag1,,5,,,,,,,,,,,,,,
"LR-XGB (residual, tanpa gerbang)",R03,A_lag1,pacf_train,1,1,210,45,46,2014-01-12,2018-01-14,2018-01-21,2018-11-25,2018-12-02,2019-10-13,"{""colsample_bytree"": 0.8, ""learning_rate"": 0.05, ""max_depth"": 3, ""n_estimators"": 100, ""subsample"": 0.8}",12,none,1,634.7954204627986,25.195146764065463,19.65207725909787,-0.0887255668710442,0.5181225199967764,44.83848626989832,1.0444725050689498,678.3659666393304,26.04545961658827,18.991685479100028,0.2311399013541065,0.5140459341157231,38.95784015511408,0.5886226150170084,6.268,weekly,2,seed1,weekly|R03|A_lag1,,5,,,,,,,5.0,,,,,,,
Naive,R03,B_rich,pacf_train,1,1,210,45,46,2014-01-12,2018-01-14,2018-01-21,2018-11-25,2018-12-02,2019-10-13,{},0,none,1,605.225,24.60132110273756,18.655555555555555,-0.0380099004638978,0.5059108646741414,43.15658808353479,1.0011745992904533,851.7612469747946,29.184948980164325,21.98369565217392,0.034613661979338,0.5760084322364312,40.98350136138161,0.5872130475279131,0.0,weekly,2,seed1,weekly|R03|B_rich,,5,,,,,,,,,,,,,,
SeasonalNaive(s=52),R03,B_rich,pacf_train,1,1,210,45,46,2014-01-12,2018-01-14,2018-01-21,2018-11-25,2018-12-02,2019-10-13,{},0,none,1,614.4748842545926,24.78860391903087,20.19351851844444,-0.0538742012353665,0.5097622192877364,49.6886383629502,0.5251434447101891,1132.0758227639192,33.64633446252235,25.980978260869566,-0.2830949245242296,0.6640605189144648,56.65064999174927,0.93022075429727,0.0,weekly,2,seed1,weekly|R03|B_rich,,5,,,,,,,,,,,,,,
S1 [linear],R03,B_rich,pacf_train,1,1,210,45,46,2014-01-12,2018-01-14,2018-01-21,2018-11-25,2018-12-02,2019-10-13,{},0,none,1,552.0732474890453,23.49623900731871,17.94200808918741,0.053149660580966,0.4831855388229598,40.92385320485504,1.1251795150117032,713.517209522314,26.71174291434975,18.83879141520894,0.1912994768640235,0.5271960272692094,38.48032058277108,0.5320799290362752,0.011,weekly,2,seed1,weekly|R03|B_rich,,5,linear,0.0,23.49623900731871,0.0,,26.71174291434975,,,,,,,,
AR-LRX [linear],R03,B_rich,pacf_train,1,1,210,45,46,2014-01-12,2018-01-14,2018-01-21,2018-11-25,2018-12-02,2019-10-13,"{""colsample_bytree"": 0.8, ""learning_rate"": 0.05, ""max_depth"": 3, ""n_estimators"": 100, ""subsample"": 0.8}",132,none,1,552.0732474890453,23.49623900731871,17.94200808918741,0.053149660580966,0.4831855388229598,40.92385320485504,1.1251795150117032,713.517209522314,26.71174291434975,18.83879141520894,0.1912994768640235,0.5271960272692094,38.48032058277108,0.5320799290362752,5.72,weekly,2,seed1,weekly|R03|B_rich,-0.0314479221090269,5,linear,0.0,23.49623900731871,0.0,-0.3868929197141701,26.71174291434975,5.0,,,,,,,
AR-LRX-g [linear],R03,B_rich,pacf_train,1,1,210,45,46,2014-01-12,2018-01-14,2018-01-21,2018-11-25,2018-12-02,2019-10-13,"{""colsample_bytree"": 0.8, ""learning_rate"": 0.05, ""max_depth"": 3, ""n_estimators"": 100, ""subsample"": 0.8}",132,none,1,552.0732474890453,23.49623900731871,17.94200808918741,0.053149660580966,0.4831855388229598,40.92385320485504,1.1251795150117032,713.517209522314,26.71174291434975,18.83879141520894,0.1912994768640235,0.5271960272692094,38.48032058277108,0.5320799290362752,6.598,weekly,2,seed1,weekly|R03|B_rich,-0.0314479221090269,5,linear,0.0,23.49623900731871,0.0,-0.3868929197141701,26.71174291434975,5.0,False,global,1.0,"{""0"": 0.0}",0.0,0.0,23.49623900731872
AR-LRX-Aug [linear],R03,B_rich,pacf_train,1,1,210,45,46,2014-01-12,2018-01-14,2018-01-21,2018-11-25,2018-12-02,2019-10-13,"{""colsample_bytree"": 0.8, ""learning_rate"": 0.1, ""max_depth"": 3, ""n_estimators"": 500, ""subsample"": 0.8}",132,none,1,552.0732474890453,23.49623900731871,17.94200808918741,0.053149660580966,0.4831855388229598,40.92385320485504,1.1251795150117032,713.517209522314,26.71174291434975,18.83879141520894,0.1912994768640235,0.5271960272692094,38.48032058277108,0.5320799290362752,10.674,weekly,2,seed1,weekly|R03|B_rich,-0.2535321067915983,5,linear,0.0,23.49623900731871,0.0,-0.5134393667890311,26.71174291434975,5.0,True,global,1.0,"{""0"": 0.0}",0.0,0.0,23.860048489843088
XGBoost,R03,B_rich,pacf_train,1,1,210,45,46,2014-01-12,2018-01-14,2018-01-21,2018-11-25,2018-12-02,2019-10-13,"{""colsample_bytree"": 0.8, ""learning_rate"": 0.05, ""max_depth"": 3, ""n_estimators"": 100, ""subsample"": 0.8}",12,none,1,655.2184522102142,25.59723524543645,20.076976648966472,-0.1237527206589841,0.5263912194880112,46.21857067292512,0.987431377275088,710.2345852508803,26.650226739202058,19.1663258457251,0.1950200037555115,0.5259819139388046,39.238219507897455,0.5932869877599145,8.054,weekly,2,seed1,weekly|R03|B_rich,,5,,,,,,,,,,,,,,
"LR-XGB (residual, tanpa gerbang)",R03,B_rich,pacf_train,1,1,210,45,46,2014-01-12,2018-01-14,2018-01-21,2018-11-25,2018-12-02,2019-10-13,"{""colsample_bytree"": 0.8, ""learning_rate"": 0.05, ""max_depth"": 3, ""n_estimators"": 100, ""subsample"": 0.8}",12,none,1,634.7954204627986,25.195146764065463,19.65207725909787,-0.0887255668710442,0.5181225199967764,44.83848626989832,1.0444725050689498,678.3659666393304,26.04545961658827,18.991685479100028,0.2311399013541065,0.5140459341157231,38.95784015511408,0.5886226150170084,5.734,weekly,2,seed1,weekly|R03|B_rich,,5,,,,,,,5.0,,,,,,,
Naive,R06,A_lag1,pacf_train,1,1,210,45,46,2014-01-12,2018-01-14,2018-01-21,2018-11-25,2018-12-02,2019-10-13,{},0,none,1,72.78178666666668,8.531224218520263,7.1773333333333325,0.6065903388703285,0.3467350883611017,31.67014048982149,0.4256223160582587,88.61228260869566,9.413409722767604,6.910869565217392,0.4692393642943022,0.3794499042625636,31.080923626166985,1.6974011088135652,0.0,weekly,2,seed1,weekly|R06|A_lag1,,5,,,,,,,,,,,,,,
SeasonalNaive(s=52),R06,A_lag1,pacf_train,1,1,210,45,46,2014-01-12,2018-01-14,2018-01-21,2018-11-25,2018-12-02,2019-10-13,{},0,none,1,144.90436425880372,12.037622865782252,8.928481481555556,0.2167439211082876,0.4892458715319737,39.59400277715749,0.4217677180101728,150.25668913043478,12.257923524416148,9.24021739130435,0.1000081084235952,0.4941108530044978,38.11526129262688,3.121014022979048,0.0,weekly,2,seed1,weekly|R06|A_lag1,,5,,,,,,,,,,,,,,
S1 [linear],R06,A_lag1,pacf_train,1,1,210,45,46,2014-01-12,2018-01-14,2018-01-21,2018-11-25,2018-12-02,2019-10-13,{},0,none,1,69.38078682149396,8.329513000259617,6.405952128088666,0.6249738693917666,0.3385369264917655,27.86500534047628,0.408226425108261,79.69377989817822,8.927137273402836,6.663411575061467,0.5226584844074853,0.3598485016049584,29.74831197601932,1.9484451334648163,0.009,weekly,2,seed1,weekly|R06|A_lag1,,5,linear,0.0,8.329513000259617,0.0,,8.927137273402836,,,,,,,,
AR-LRX [linear],R06,A_lag1,pacf_train,1,1,210,45,46,2014-01-12,2018-01-14,2018-01-21,2018-11-25,2018-12-02,2019-10-13,"{""colsample_bytree"": 0.8, ""learning_rate"": 0.05, ""max_depth"": 3, ""n_estimators"": 100, ""subsample"": 0.8}",132,none,1,69.38078682149396,8.329513000259617,6.405952128088666,0.6249738693917666,0.3385369264917655,27.86500534047628,0.408226425108261,79.69377989817822,8.927137273402836,6.663411575061467,0.5226584844074853,0.3598485016049584,29.74831197601932,1.9484451334648163,6.009,weekly,2,seed1,weekly|R06|A_lag1,-0.2267069168573716,5,linear,0.0,8.329513000259617,0.0,-0.4377860068842001,8.927137273402836,5.0,,,,,,,
AR-LRX-g [linear],R06,A_lag1,pacf_train,1,1,210,45,46,2014-01-12,2018-01-14,2018-01-21,2018-11-25,2018-12-02,2019-10-13,"{""colsample_bytree"": 0.8, ""learning_rate"": 0.05, ""max_depth"": 3, ""n_estimators"": 100, ""subsample"": 0.8}",132,none,1,69.38078682149396,8.329513000259617,6.405952128088666,0.6249738693917666,0.3385369264917655,27.86500534047628,0.408226425108261,79.69377989817822,8.927137273402836,6.663411575061467,0.5226584844074853,0.3598485016049584,29.74831197601932,1.9484451334648163,6.084,weekly,2,seed1,weekly|R06|A_lag1,-0.2267069168573716,5,linear,0.0,8.329513000259617,0.0,-0.4377860068842001,8.927137273402836,5.0,False,global,1.0,"{""0"": 0.0}",0.0,0.0,8.329513000259617
AR-LRX-Aug [linear],R06,A_lag1,pacf_train,1,1,210,45,46,2014-01-12,2018-01-14,2018-01-21,2018-11-25,2018-12-02,2019-10-13,"{""colsample_bytree"": 0.8, ""learning_rate"": 0.05, ""max_depth"": 3, ""n_estimators"": 100, ""subsample"": 0.8}",132,none,1,69.38078682149396,8.329513000259617,6.405952128088666,0.6249738693917666,0.3385369264917655,27.86500534047628,0.408226425108261,79.69377989817822,8.927137273402836,6.663411575061467,0.5226584844074853,0.3598485016049584,29.74831197601932,1.9484451334648163,5.883,weekly,2,seed1,weekly|R06|A_lag1,-0.2026014715937529,5,linear,0.0,8.329513000259617,0.0,-0.4496770303980271,8.927137273402836,5.0,True,global,1.0,"{""0"": 0.0}",0.0,0.0,8.329513000259617
XGBoost,R06,A_lag1,pacf_train,1,1,210,45,46,2014-01-12,2018-01-14,2018-01-21,2018-11-25,2018-12-02,2019-10-13,"{""colsample_bytree"": 0.8, ""learning_rate"": 0.05, ""max_depth"": 3, ""n_estimators"": 100, ""subsample"": 0.8}",12,none,1,124.0141782799416,11.136165331025827,8.269467643737793,0.329662294828892,0.4526078756287592,34.38178124162769,0.4375536853222778,95.55587966390988,9.775268777067456,6.948049136452053,0.4276493287076549,0.3940362643121559,29.96939734168019,1.647667218053955,6.661,weekly,2,seed1,weekly|R06|A_lag1,,5,,,,,,,,,,,,,,
"LR-XGB (residual, tanpa gerbang)",R06,A_lag1,pacf_train,1,1,210,45,46,2014-01-12,2018-01-14,2018-01-21,2018-11-25,2018-12-02,2019-10-13,"{""colsample_bytree"": 0.8, ""learning_rate"": 0.05, ""max_depth"": 3, ""n_estimators"": 100, ""subsample"": 0.8}",12,none,1,94.97736646231088,9.745633199659778,7.4128941231764,0.4866158792438775,0.396092389798311,31.644870637200142,0.4176954647835083,96.2332448178538,9.809854474856076,7.094013063018463,0.4235921173467901,0.3954303967361388,30.37857815672056,1.7311168361168745,5.917,weekly,2,seed1,weekly|R06|A_lag1,,5,,,,,,,5.0,,,,,,,
Naive,R06,B_rich,pacf_train,1,1,210,45,46,2014-01-12,2018-01-14,2018-01-21,2018-11-25,2018-12-02,2019-10-13,{},0,none,1,72.78178666666668,8.531224218520263,7.1773333333333325,0.6065903388703285,0.3467350883611017,31.67014048982149,0.4256223160582587,88.61228260869566,9.413409722767604,6.910869565217392,0.4692393642943022,0.3794499042625636,31.080923626166985,1.6974011088135652,0.0,weekly,2,seed1,weekly|R06|B_rich,,5,,,,,,,,,,,,,,
SeasonalNaive(s=52),R06,B_rich,pacf_train,1,1,210,45,46,2014-01-12,2018-01-14,2018-01-21,2018-11-25,2018-12-02,2019-10-13,{},0,none,1,144.90436425880372,12.037622865782252,8.928481481555556,0.2167439211082876,0.4892458715319737,39.59400277715749,0.4217677180101728,150.25668913043478,12.257923524416148,9.24021739130435,0.1000081084235952,0.4941108530044978,38.11526129262688,3.121014022979048,0.0,weekly,2,seed1,weekly|R06|B_rich,,5,,,,,,,,,,,,,,
S1 [linear],R06,B_rich,pacf_train,1,1,210,45,46,2014-01-12,2018-01-14,2018-01-21,2018-11-25,2018-12-02,2019-10-13,{},0,none,1,69.38078682149396,8.329513000259617,6.405952128088666,0.6249738693917666,0.3385369264917655,27.86500534047628,0.408226425108261,79.69377989817822,8.927137273402836,6.663411575061467,0.5226584844074853,0.3598485016049584,29.74831197601932,1.9484451334648163,0.008,weekly,2,seed1,weekly|R06|B_rich,,5,linear,0.0,8.329513000259617,0.0,,8.927137273402836,,,,,,,,
AR-LRX [linear],R06,B_rich,pacf_train,1,1,210,45,46,2014-01-12,2018-01-14,2018-01-21,2018-11-25,2018-12-02,2019-10-13,"{""colsample_bytree"": 0.8, ""learning_rate"": 0.05, ""max_depth"": 3, ""n_estimators"": 100, ""subsample"": 0.8}",132,none,1,69.38078682149396,8.329513000259617,6.405952128088666,0.6249738693917666,0.3385369264917655,27.86500534047628,0.408226425108261,79.69377989817822,8.927137273402836,6.663411575061467,0.5226584844074853,0.3598485016049584,29.74831197601932,1.9484451334648163,6.461,weekly,2,seed1,weekly|R06|B_rich,-0.2267069168573716,5,linear,0.0,8.329513000259617,0.0,-0.4377860068842001,8.927137273402836,5.0,,,,,,,
AR-LRX-g [linear],R06,B_rich,pacf_train,1,1,210,45,46,2014-01-12,2018-01-14,2018-01-21,2018-11-25,2018-12-02,2019-10-13,"{""colsample_bytree"": 0.8, ""learning_rate"": 0.05, ""max_depth"": 3, ""n_estimators"": 100, ""subsample"": 0.8}",132,none,1,69.38078682149396,8.329513000259617,6.405952128088666,0.6249738693917666,0.3385369264917655,27.86500534047628,0.408226425108261,79.69377989817822,8.927137273402836,6.663411575061467,0.5226584844074853,0.3598485016049584,29.74831197601932,1.9484451334648163,5.236,weekly,2,seed1,weekly|R06|B_rich,-0.2267069168573716,5,linear,0.0,8.329513000259617,0.0,-0.4377860068842001,8.927137273402836,5.0,False,global,1.0,"{""0"": 0.0}",0.0,0.0,8.329513000259617
AR-LRX-Aug [linear],R06,B_rich,pacf_train,1,1,210,45,46,2014-01-12,2018-01-14,2018-01-21,2018-11-25,2018-12-02,2019-10-13,"{""colsample_bytree"": 0.8, ""learning_rate"": 0.05, ""max_depth"": 3, ""n_estimators"": 100, ""subsample"": 0.8}",132,none,1,69.38078682149396,8.329513000259617,6.405952128088666,0.6249738693917666,0.3385369264917655,27.86500534047628,0.408226425108261,79.69377989817822,8.927137273402836,6.663411575061467,0.5226584844074853,0.3598485016049584,29.74831197601932,1.9484451334648163,8.936,weekly,2,seed1,weekly|R06|B_rich,-0.2026014715937529,5,linear,0.0,8.329513000259617,0.0,-0.4496770303980271,8.927137273402836,5.0,True,global,1.0,"{""0"": 0.0}",0.0,0.0,8.329513000259617
XGBoost,R06,B_rich,pacf_train,1,1,210,45,46,2014-01-12,2018-01-14,2018-01-21,2018-11-25,2018-12-02,2019-10-13,"{""colsample_bytree"": 0.8, ""learning_rate"": 0.05, ""max_depth"": 3, ""n_estimators"": 100, ""subsample"": 0.8}",12,none,1,124.0141782799416,11.136165331025827,8.269467643737793,0.329662294828892,0.4526078756287592,34.38178124162769,0.4375536853222778,95.55587966390988,9.775268777067456,6.948049136452053,0.4276493287076549,0.3940362643121559,29.96939734168019,1.647667218053955,5.252,weekly,2,seed1,weekly|R06|B_rich,,5,,,,,,,,,,,,,,
"LR-XGB (residual, tanpa gerbang)",R06,B_rich,pacf_train,1,1,210,45,46,2014-01-12,2018-01-14,2018-01-21,2018-11-25,2018-12-02,2019-10-13,"{""colsample_bytree"": 0.8, ""learning_rate"": 0.05, ""max_depth"": 3, ""n_estimators"": 100, ""subsample"": 0.8}",12,none,1,94.97736646231088,9.745633199659778,7.4128941231764,0.4866158792438775,0.396092389798311,31.644870637200142,0.4176954647835083,96.2332448178538,9.809854474856076,7.094013063018463,0.4235921173467901,0.3954303967361388,30.37857815672056,1.7311168361168745,5.155,weekly,2,seed1,weekly|R06|B_rich,,5,,,,,,,5.0,,,,,,,
Naive,M01AB,A_lag1,pacf_train,1,1,1473,315,317,2014-01-03,2018-01-14,2018-01-15,2018-11-25,2018-11-26,2019-10-08,{},0,none,2,15.112755555555555,3.887512772397739,2.996063492063492,-1.0889083838028977,0.7876292158258805,64.5043814997324,1.5568921901843953,17.410850473186123,4.172631121149594,3.291482649842272,-1.0779070449005217,0.784236153182909,66.44657397551136,2.203789023711625,0.0,daily,5,seed2,daily|M01AB|A_lag1,,5,,,,,,,,,,,,,,
SeasonalNaive(s=7),M01AB,A_lag1,pacf_train,1,1,1473,315,317,2014-01-03,2018-01-14,2018-01-15,2018-11-25,2018-11-26,2019-10-08,{},0,none,2,13.7917673015873,3.713726874931341,2.996412698412698,-0.9063193497597276,0.7524193379021529,64.36533562242663,1.7661914785085977,16.361037223974765,4.044877899760976,3.161135646687697,-0.9526165342660348,0.7602252372908443,64.38007169290704,2.59657683376552,0.0,daily,5,seed2,daily|M01AB|A_lag1,,5,,,,,,,,,,,,,,
S1 [linear],M01AB,A_lag1,pacf_train,1,1,1473,315,317,2014-01-03,2018-01-14,2018-01-15,2018-11-25,2018-11-26,2019-10-08,{},0,none,2,7.3605331683239426,2.713030255696376,2.175527732894381,-0.0173842478990571,0.5496732790122904,47.36724549852949,1.3729886170064014,8.566003196532822,2.926773513022971,2.263650267843024,-0.0223141262472013,0.5500801615212979,46.915710730110106,1.864103666903613,0.007,daily,5,seed2,daily|M01AB|A_lag1,,5,linear,0.0,2.713030255696376,0.0,,2.926773513022971,,,,,,,,
AR-LRX [linear],M01AB,A_lag1,pacf_train,1,1,1473,315,317,2014-01-03,2018-01-14,2018-01-15,2018-11-25,2018-11-26,2019-10-08,"{""colsample_bytree"": 0.8, ""learning_rate"": 0.1, ""max_depth"": 5, ""n_estimators"": 100, ""subsample"": 0.8}",132,none,2,7.301059055218181,2.702047197074504,2.174048889996985,-0.0091636442487721,0.5474480572944002,47.38191050619896,1.3521957788838617,8.801938321791916,2.966806080921353,2.327156444685323,-0.0504719270203672,0.5576041880022228,48.048468574191794,1.8424332369652416,5.816,daily,5,seed2,daily|M01AB|A_lag1,-0.1551974820505368,5,linear,0.4,2.713030255696376,0.4048,-0.0127745641412679,2.926773513022971,5.0,,,,,,,
AR-LRX-g [linear],M01AB,A_lag1,pacf_train,1,1,1473,315,317,2014-01-03,2018-01-14,2018-01-15,2018-11-25,2018-11-26,2019-10-08,"{""colsample_bytree"": 0.8, ""learning_rate"": 0.05, ""max_depth"": 5, ""n_estimators"": 300, ""subsample"": 0.8}",132,none,2,7.309281989072329,2.703568380691032,2.172999643435253,-0.0103002308496895,0.5477562565799486,47.3475896910374,1.358189278206807,8.72414410958726,2.9536662149923543,2.3087615573603912,-0.0411875361262237,0.5551345812696108,47.732118636239306,1.8389574199392087,6.369,daily,5,seed2,daily|M01AB|A_lag1,-0.1743950921699633,5,linear,0.3,2.713030255696376,0.3488,-0.0264284771544169,2.926773513022971,5.0,False,global,1.0,"{""0"": 0.3}",0.3,0.3,2.7090338848359137
AR-LRX-Aug [linear],M01AB,A_lag1,pacf_train,1,1,1473,315,317,2014-01-03,2018-01-14,2018-01-15,2018-11-25,2018-11-26,2019-10-08,"{""colsample_bytree"": 0.8, ""learning_rate"": 0.05, ""max_depth"": 5, ""n_estimators"": 100, ""subsample"": 0.8}",132,none,2,7.237791213147319,2.6903143335207726,2.178981534455689,-0.0004186655292321,0.5450709214079713,47.42849748465166,1.364865636020465,8.58367600650638,2.929791119944625,2.291043382638485,-0.0244232969855173,0.5506473136071991,47.569246548634574,1.8744726315740403,5.919,daily,5,seed2,daily|M01AB|A_lag1,-0.0313814420315159,5,linear,0.6,2.713030255696376,0.8373,0.0096903765050895,2.926773513022971,5.0,True,global,1.0,"{""0"": 0.6}",0.6,0.6,2.706354250728588
XGBoost,M01AB,A_lag1,pacf_train,1,1,1473,315,317,2014-01-03,2018-01-14,2018-01-15,2018-11-25,2018-11-26,2019-10-08,"{""colsample_bytree"": 0.8, ""learning_rate"": 0.05, ""max_depth"": 5, ""n_estimators"": 100, ""subsample"": 0.8}",12,none,2,7.325345090137801,2.706537472516832,2.180760664621989,-0.0125204974557489,0.5483578091929905,47.56538586061972,1.331835482641968,9.25116526751505,3.0415728279156906,2.4064115722547945,-0.1040851515273966,0.5716564213165074,49.54094786913848,1.852253636059832,6.306,daily,5,seed2,daily|M01AB|A_lag1,,5,,,,,,,,,,,,,,
"LR-XGB (residual, tanpa gerbang)",M01AB,A_lag1,pacf_train,1,1,1473,315,317,2014-01-03,2018-01-14,2018-01-15,2018-11-25,2018-11-26,2019-10-08,"{""colsample_bytree"": 0.8, ""learning_rate"": 0.05, ""max_depth"": 5, ""n_estimators"": 100, ""subsample"": 0.8}",12,none,2,7.36316746540003,2.7135157020736087,2.1811967898110423,-0.0177483645042282,0.5497716328369106,47.56320545926064,1.3355411758119882,9.342629453623037,3.056571519468019,2.4231479234551654,-0.1150009925980306,0.5744753899298974,49.79573349040002,1.848798990083441,6.566,daily,5,seed2,daily|M01AB|A_lag1,,5,,,,,,,5.0,,,,,,,
Naive,M01AB,B_rich,pacf_train,1,1,1473,315,317,2014-01-03,2018-01-14,2018-01-15,2018-11-25,2018-11-26,2019-10-08,{},0,none,2,15.112755555555555,3.887512772397739,2.996063492063492,-1.0889083838028977,0.7876292158258805,64.5043814997324,1.5568921901843953,17.410850473186123,4.172631121149594,3.291482649842272,-1.0779070449005217,0.784236153182909,66.44657397551136,2.203789023711625,0.0,daily,5,seed2,daily|M01AB|B_rich,,5,,,,,,,,,,,,,,
SeasonalNaive(s=7),M01AB,B_rich,pacf_train,1,1,1473,315,317,2014-01-03,2018-01-14,2018-01-15,2018-11-25,2018-11-26,2019-10-08,{},0,none,2,13.7917673015873,3.713726874931341,2.996412698412698,-0.9063193497597276,0.7524193379021529,64.36533562242663,1.7661914785085977,16.361037223974765,4.044877899760976,3.161135646687697,-0.9526165342660348,0.7602252372908443,64.38007169290704,2.59657683376552,0.0,daily,5,seed2,daily|M01AB|B_rich,,5,,,,,,,,,,,,,,
S1 [linear],M01AB,B_rich,pacf_train,1,1,1473,315,317,2014-01-03,2018-01-14,2018-01-15,2018-11-25,2018-11-26,2019-10-08,{},0,none,2,7.3605331683239426,2.713030255696376,2.175527732894381,-0.0173842478990571,0.5496732790122904,47.36724549852949,1.3729886170064014,8.566003196532822,2.926773513022971,2.263650267843024,-0.0223141262472013,0.5500801615212979,46.915710730110106,1.864103666903613,0.011,daily,5,seed2,daily|M01AB|B_rich,,5,linear,0.0,2.713030255696376,0.0,,2.926773513022971,,,,,,,,
AR-LRX [linear],M01AB,B_rich,pacf_train,1,1,1473,315,317,2014-01-03,2018-01-14,2018-01-15,2018-11-25,2018-11-26,2019-10-08,"{""colsample_bytree"": 0.8, ""learning_rate"": 0.1, ""max_depth"": 5, ""n_estimators"": 100, ""subsample"": 0.8}",132,none,2,7.301059055218181,2.702047197074504,2.174048889996985,-0.0091636442487721,0.5474480572944002,47.38191050619896,1.3521957788838617,8.801938321791916,2.966806080921353,2.327156444685323,-0.0504719270203672,0.5576041880022228,48.048468574191794,1.8424332369652416,6.335,daily,5,seed2,daily|M01AB|B_rich,-0.1551974820505368,5,linear,0.4,2.713030255696376,0.4048,-0.0127745641412679,2.926773513022971,5.0,,,,,,,
AR-LRX-g [linear],M01AB,B_rich,pacf_train,1,1,1473,315,317,2014-01-03,2018-01-14,2018-01-15,2018-11-25,2018-11-26,2019-10-08,"{""colsample_bytree"": 0.8, ""learning_rate"": 0.05, ""max_depth"": 5, ""n_estimators"": 300, ""subsample"": 0.8}",132,none,2,7.309281989072329,2.703568380691032,2.172999643435253,-0.0103002308496895,0.5477562565799486,47.3475896910374,1.358189278206807,8.72414410958726,2.9536662149923543,2.3087615573603912,-0.0411875361262237,0.5551345812696108,47.732118636239306,1.8389574199392087,6.036,daily,5,seed2,daily|M01AB|B_rich,-0.1743950921699633,5,linear,0.3,2.713030255696376,0.3488,-0.0264284771544169,2.926773513022971,5.0,False,global,1.0,"{""0"": 0.3}",0.3,0.3,2.7090338848359137
AR-LRX-Aug [linear],M01AB,B_rich,pacf_train,1,1,1473,315,317,2014-01-03,2018-01-14,2018-01-15,2018-11-25,2018-11-26,2019-10-08,"{""colsample_bytree"": 0.8, ""learning_rate"": 0.05, ""max_depth"": 5, ""n_estimators"": 100, ""subsample"": 0.8}",132,none,2,7.237791213147319,2.6903143335207726,2.178981534455689,-0.0004186655292321,0.5450709214079713,47.42849748465166,1.364865636020465,8.58367600650638,2.929791119944625,2.291043382638485,-0.0244232969855173,0.5506473136071991,47.569246548634574,1.8744726315740403,7.045,daily,5,seed2,daily|M01AB|B_rich,-0.0313814420315159,5,linear,0.6,2.713030255696376,0.8373,0.0096903765050895,2.926773513022971,5.0,True,global,1.0,"{""0"": 0.6}",0.6,0.6,2.706354250728588
XGBoost,M01AB,B_rich,pacf_train,1,1,1473,315,317,2014-01-03,2018-01-14,2018-01-15,2018-11-25,2018-11-26,2019-10-08,"{""colsample_bytree"": 0.8, ""learning_rate"": 0.05, ""max_depth"": 5, ""n_estimators"": 100, ""subsample"": 0.8}",12,none,2,7.325345090137801,2.706537472516832,2.180760664621989,-0.0125204974557489,0.5483578091929905,47.56538586061972,1.331835482641968,9.25116526751505,3.0415728279156906,2.4064115722547945,-0.1040851515273966,0.5716564213165074,49.54094786913848,1.852253636059832,6.521,daily,5,seed2,daily|M01AB|B_rich,,5,,,,,,,,,,,,,,
"LR-XGB (residual, tanpa gerbang)",M01AB,B_rich,pacf_train,1,1,1473,315,317,2014-01-03,2018-01-14,2018-01-15,2018-11-25,2018-11-26,2019-10-08,"{""colsample_bytree"": 0.8, ""learning_rate"": 0.05, ""max_depth"": 5, ""n_estimators"": 100, ""subsample"": 0.8}",12,none,2,7.36316746540003,2.7135157020736087,2.1811967898110423,-0.0177483645042282,0.5497716328369106,47.56320545926064,1.3355411758119882,9.342629453623037,3.056571519468019,2.4231479234551654,-0.1150009925980306,0.5744753899298974,49.79573349040002,1.848798990083441,8.421,daily,5,seed2,daily|M01AB|B_rich,,5,,,,,,,5.0,,,,,,,
Naive,M01AE,A_lag1,pacf_train,1,21,1459,312,314,2014-01-23,2018-01-20,2018-01-21,2018-11-28,2018-11-29,2019-10-08,{},0,none,2,8.063918044871794,2.839703865700048,2.218602564102564,-1.0160140755539473,0.7349227624344821,60.37815381835404,19.092561696684115,8.127574394904459,2.850890105722151,2.2165859872611464,-0.4660092267111404,0.7429677004131198,66.51148449675807,2.7600257404290813,0.0,daily,5,seed2,daily|M01AE|A_lag1,,5,,,,,,,,,,,,,,
SeasonalNaive(s=7),M01AE,A_lag1,pacf_train,1,21,1459,312,314,2014-01-23,2018-01-20,2018-01-21,2018-11-28,2018-11-29,2019-10-08,{},0,none,2,7.688206141025641,2.7727614648623566,2.131211538461538,-0.9220844891801484,0.7175978946051728,58.50321369891426,11.658897336905705,8.206476410828024,2.864694819841727,2.21325796178344,-0.4802411583711663,0.7465653335466087,66.23754139148446,6.085345931316496,0.0,daily,5,seed2,daily|M01AE|A_lag1,,5,,,,,,,,,,,,,,
S1 [linear],M01AE,A_lag1,pacf_train,1,21,1459,312,314,2014-01-23,2018-01-20,2018-01-21,2018-11-28,2018-11-29,2019-10-08,{},0,none,2,4.030009093885328,2.007488254980668,1.604507226399023,-0.0075195472813609,0.519543193121465,44.18282874781168,8.974778377032807,5.39158856688948,2.3219794501436657,1.7570176272245002,0.0274935421513066,0.6051288083736097,50.103371144787765,3.901992843556399,0.008,daily,5,seed2,daily|M01AE|A_lag1,,5,linear,0.0,2.007488254980668,0.0,,2.3219794501436657,,,,,,,,
AR-LRX [linear],M01AE,A_lag1,pacf_train,1,21,1459,312,314,2014-01-23,2018-01-20,2018-01-21,2018-11-28,2018-11-29,2019-10-08,"{""colsample_bytree"": 0.8, ""learning_rate"": 0.05, ""max_depth"": 3, ""n_estimators"": 100, ""subsample"": 0.8}",132,none,2,4.030009093885328,2.007488254980668,1.604507226399023,-0.0075195472813609,0.519543193121465,44.18282874781168,8.974778377032807,5.39158856688948,2.3219794501436657,1.7570176272245002,0.0274935421513066,0.6051288083736097,50.103371144787765,3.901992843556399,6.306,daily,5,seed2,daily|M01AE|A_lag1,0.0116303287858744,5,linear,0.0,2.007488254980668,0.0,-0.0332727239609742,2.3219794501436657,5.0,,,,,,,
AR-LRX-g [linear],M01AE,A_lag1,pacf_train,1,21,1459,312,314,2014-01-23,2018-01-20,2018-01-21,2018-11-28,2018-11-29,2019-10-08,"{""colsample_bytree"": 0.8, ""learning_rate"": 0.05, ""max_depth"": 3, ""n_estimators"": 100, ""subsample"": 0.8}",132,none,2,4.030009093885328,2.007488254980668,1.604507226399023,-0.0075195472813609,0.519543193121465,44.18282874781168,8.974778377032807,5.39158856688948,2.3219794501436657,1.7570176272245002,0.0274935421513066,0.6051288083736097,50.103371144787765,3.901992843556399,6.078,daily,5,seed2,daily|M01AE|A_lag1,0.0116303287858744,5,linear,0.0,2.007488254980668,0.0,-0.0332727239609742,2.3219794501436657,5.0,False,global,1.0,"{""0"": 0.0}",0.0,0.0,2.007488254980668
AR-LRX-Aug [linear],M01AE,A_lag1,pacf_train,1,21,1459,312,314,2014-01-23,2018-01-20,2018-01-21,2018-11-28,2018-11-29,2019-10-08,"{""colsample_bytree"": 0.8, ""learning_rate"": 0.05, ""max_depth"": 3, ""n_estimators"": 100, ""subsample"": 0.8}",132,none,2,4.019646183003802,2.004905529695552,1.608942873021879,-0.0049287751424809,0.5188747770855278,44.31052737714351,8.966162035127988,5.427044357863232,2.329601759499514,1.7698604036242076,0.0210982126000386,0.607115251008696,50.34150276298821,4.089102681854206,6.743,daily,5,seed2,daily|M01AE|A_lag1,-0.0258210231581996,5,linear,0.3999999999999999,2.007488254980668,0.1287,-0.0062388448129584,2.3219794501436657,5.0,True,global,1.0,"{""0"": 0.4}",0.4,0.4,2.0087171186383146
XGBoost,M01AE,A_lag1,pacf_train,1,21,1459,312,314,2014-01-23,2018-01-20,2018-01-21,2018-11-28,2018-11-29,2019-10-08,"{""colsample_bytree"": 0.8, ""learning_rate"": 0.05, ""max_depth"": 3, ""n_estimators"": 100, ""subsample"": 0.8}",12,none,2,4.142309916353041,2.0352665467581983,1.6308534324352555,-0.0355952342528045,0.5267322874405731,44.75170015858353,9.567731799847737,5.335055482734888,2.309773902946972,1.7686217695224056,0.0376906832610859,0.6019479325780784,50.49155341241601,3.6010901196849465,6.765,daily,5,seed2,daily|M01AE|A_lag1,,5,,,,,,,,,,,,,,
"LR-XGB (residual, tanpa gerbang)",M01AE,A_lag1,pacf_train,1,21,1459,312,314,2014-01-23,2018-01-20,2018-01-21,2018-11-28,2018-11-29,2019-10-08,"{""colsample_bytree"": 0.8, ""learning_rate"": 0.05, ""max_depth"": 3, ""n_estimators"": 100, ""subsample"": 0.8}",12,none,2,4.160334654075541,2.039689842617142,1.6327444553963109,-0.0401014959427825,0.5278770479386606,44.769851405065566,9.8010761557151,5.3230042699472735,2.307163685122335,1.765222022207274,0.0398644177950667,0.601267686246992,50.4163892900222,3.603053364414687,6.963,daily,5,seed2,daily|M01AE|A_lag1,,5,,,,,,,5.0,,,,,,,
Naive,M01AE,B_rich,pacf_train,22,21,1459,312,314,2014-01-23,2018-01-20,2018-01-21,2018-11-28,2018-11-29,2019-10-08,{},0,none,2,8.063918044871794,2.839703865700048,2.218602564102564,-1.0160140755539473,0.7349227624344821,60.37815381835404,19.092561696684115,8.127574394904459,2.850890105722151,2.2165859872611464,-0.4660092267111404,0.7429677004131198,66.51148449675807,2.7600257404290813,0.0,daily,5,seed2,daily|M01AE|B_rich,,5,,,,,,,,,,,,,,
SeasonalNaive(s=7),M01AE,B_rich,pacf_train,22,21,1459,312,314,2014-01-23,2018-01-20,2018-01-21,2018-11-28,2018-11-29,2019-10-08,{},0,none,2,7.688206141025641,2.7727614648623566,2.131211538461538,-0.9220844891801484,0.7175978946051728,58.50321369891426,11.658897336905705,8.206476410828024,2.864694819841727,2.21325796178344,-0.4802411583711663,0.7465653335466087,66.23754139148446,6.085345931316496,0.0,daily,5,seed2,daily|M01AE|B_rich,,5,,,,,,,,,,,,,,
S1 [linear],M01AE,B_rich,pacf_train,22,21,1459,312,314,2014-01-23,2018-01-20,2018-01-21,2018-11-28,2018-11-29,2019-10-08,{},0,none,2,4.001935488421122,2.000483813586384,1.5815566832610757,-0.0005010255835395,0.5177304254308,43.62955907641378,8.745514089424283,4.850956322761249,2.2024886657509155,1.678172644923681,0.1250099498321069,0.573988431155052,48.66748692964677,3.912127464558648,0.017,daily,5,seed2,daily|M01AE|B_rich,,5,linear,0.0,2.000483813586384,0.0,,2.2024886657509155,,,,,,,,
AR-LRX [linear],M01AE,B_rich,pacf_train,22,21,1459,312,314,2014-01-23,2018-01-20,2018-01-21,2018-11-28,2018-11-29,2019-10-08,"{""colsample_bytree"": 0.8, ""learning_rate"": 0.05, ""max_depth"": 3, ""n_estimators"": 300, ""subsample"": 0.8}",132,none,2,3.9832617023305614,1.9958110387335173,1.577557826555853,0.0041675009804665,0.5165210991187915,43.55015335815294,8.965289611682234,4.823331415170512,2.196208417971872,1.6810485268980833,0.1299927857247508,0.572351741883496,48.81504463162154,3.9181237454756994,10.233,daily,5,seed2,daily|M01AE|B_rich,-0.0213942304870218,5,linear,0.3,2.000483813586384,0.2336,-0.0258365098924353,2.2024886657509155,5.0,,,,,,,
AR-LRX-g [linear],M01AE,B_rich,pacf_train,22,21,1459,312,314,2014-01-23,2018-01-20,2018-01-21,2018-11-28,2018-11-29,2019-10-08,"{""colsample_bytree"": 0.8, ""learning_rate"": 0.1, ""max_depth"": 5, ""n_estimators"": 100, ""subsample"": 0.8}",132,none,2,4.001935488421122,2.000483813586384,1.5815566832610757,-0.0005010255835395,0.5177304254308,43.62955907641378,8.745514089424283,4.850956322761249,2.2024886657509155,1.678172644923681,0.1250099498321069,0.573988431155052,48.66748692964677,3.912127464558648,9.576,daily,5,seed2,daily|M01AE|B_rich,-0.0544166906557659,5,linear,0.0,2.000483813586384,0.0,-0.116896401985743,2.2024886657509155,5.0,False,global,1.0,"{""0"": 0.0}",0.0,0.0,2.000483813586384
AR-LRX-Aug [linear],M01AE,B_rich,pacf_train,22,21,1459,312,314,2014-01-23,2018-01-20,2018-01-21,2018-11-28,2018-11-29,2019-10-08,"{""colsample_bytree"": 0.8, ""learning_rate"": 0.1, ""max_depth"": 3, ""n_estimators"": 100, ""subsample"": 0.8}",132,none,2,4.001935488421122,2.000483813586384,1.5815566832610757,-0.0005010255835395,0.5177304254308,43.62955907641378,8.745514089424283,4.850956322761249,2.2024886657509155,1.678172644923681,0.1250099498321069,0.573988431155052,48.66748692964677,3.912127464558648,11.324,daily,5,seed2,daily|M01AE|B_rich,0.0048830815329479,5,linear,0.0,2.000483813586384,0.0,-0.0557680446191497,2.2024886657509155,5.0,True,global,1.0,"{""0"": 0.0}",0.0,0.0,2.002269494190063
XGBoost,M01AE,B_rich,pacf_train,22,21,1459,312,314,2014-01-23,2018-01-20,2018-01-21,2018-11-28,2018-11-29,2019-10-08,"{""colsample_bytree"": 0.8, ""learning_rate"": 0.05, ""max_depth"": 3, ""n_estimators"": 100, ""subsample"": 0.8}",12,none,2,4.055744634157617,2.0138879398212843,1.5978977647866957,-0.0139535426595649,0.5211994482396782,44.03205135654797,8.709992097996999,5.063305762784975,2.2501790512723594,1.7347675608070032,0.0867074719665216,0.5864169761879049,49.93784711506496,4.191207867845227,9.51,daily,5,seed2,daily|M01AE|B_rich,,5,,,,,,,,,,,,,,
"LR-XGB (residual, tanpa gerbang)",M01AE,B_rich,pacf_train,22,21,1459,312,314,2014-01-23,2018-01-20,2018-01-21,2018-11-28,2018-11-29,2019-10-08,"{""colsample_bytree"": 0.8, ""learning_rate"": 0.05, ""max_depth"": 3, ""n_estimators"": 100, ""subsample"": 0.8}",12,none,2,4.057961557165297,2.0144382733569417,1.5924735494634157,-0.014507782913872,0.5213418759932096,43.86012598093176,9.315007024823869,4.7328915828407645,2.175520991128508,1.6789844723595764,0.1463058481730923,0.5669604116745803,49.03222156516033,3.921938660411569,11.626,daily,5,seed2,daily|M01AE|B_rich,,5,,,,,,,5.0,,,,,,,
Naive,N02BA,A_lag1,pacf_train,1,1,1473,315,317,2014-01-03,2018-01-14,2018-01-15,2018-11-25,2018-11-26,2019-10-08,{},0,none,2,8.334103174603174,2.886884683288055,2.2893650793650795,-0.9287620753697006,0.9162404788269394,82.69963604275131,2.342371831447952,7.760276025236593,2.7857271986389107,2.134542586750789,-1.0094483557731615,0.9089347145988728,77.96042411378919,4.514916652855951,0.0,daily,5,seed2,daily|N02BA|A_lag1,,5,,,,,,,,,,,,,,
SeasonalNaive(s=7),N02BA,A_lag1,pacf_train,1,1,1473,315,317,2014-01-03,2018-01-14,2018-01-15,2018-11-25,2018-11-26,2019-10-08,{},0,none,2,7.847873015873016,2.801405542914666,2.178730158730158,-0.8162337960321493,0.8891110791114557,79.36972426456744,2.511528605299084,7.255528391167193,2.693608804404825,2.1228706624605675,-0.8787488419848966,0.8788780721489677,78.63586500450135,5.112774483243222,0.0,daily,5,seed2,daily|N02BA|A_lag1,,5,,,,,,,,,,,,,,
S1 [linear],N02BA,A_lag1,pacf_train,1,1,1473,315,317,2014-01-03,2018-01-14,2018-01-15,2018-11-25,2018-11-26,2019-10-08,{},0,none,2,5.2531433805716725,2.2919736867101403,1.905808851129704,-0.2157353366828771,0.7274274169407499,62.32415222541202,3.320251974157873,4.645671054039993,2.155381881254455,1.7629831366345512,-0.2029515484559096,0.7032639147317814,59.40873592073984,4.295684500120711,0.006,daily,5,seed2,daily|N02BA|A_lag1,,5,linear,0.0,2.2919736867101403,0.0,,2.155381881254455,,,,,,,,
AR-LRX [linear],N02BA,A_lag1,pacf_train,1,1,1473,315,317,2014-01-03,2018-01-14,2018-01-15,2018-11-25,2018-11-26,2019-10-08,"{""colsample_bytree"": 0.8, ""learning_rate"": 0.05, ""max_depth"": 5, ""n_estimators"": 100, ""subsample"": 0.8}",132,none,2,5.231270330080895,2.2871970466229827,1.8992386922509497,-0.2106732550916845,0.7259114052254303,62.25799042623464,3.246615670737558,4.622926587819781,2.1500992041810028,1.7533538234116302,-0.1970620890989858,0.7015402683602263,59.17744286278829,4.245857794148426,6.548,daily,5,seed2,daily|N02BA|A_lag1,-0.1922737164042525,5,linear,0.3,2.2919736867101403,0.2084,-0.2348118495550195,2.155381881254455,5.0,,,,,,,
AR-LRX-g [linear],N02BA,A_lag1,pacf_train,1,1,1473,315,317,2014-01-03,2018-01-14,2018-01-15,2018-11-25,2018-11-26,2019-10-08,"{""colsample_bytree"": 0.8, ""learning_rate"": 0.1, ""max_depth"": 5, ""n_estimators"": 500, ""subsample"": 0.8}",132,none,2,5.235327430385468,2.288083790070956,1.899926822282784,-0.2116121900963863,0.7261928401736535,62.24666616830474,3.2648826982681767,4.628750210313468,2.151453046272093,1.7546097897333834,-0.1985700597699422,0.701982003672743,59.20188124379324,4.267949104421733,6.5,daily,5,seed2,daily|N02BA|A_lag1,-0.255612497995934,5,linear,0.0999999999999999,2.2919736867101403,0.1697,-0.4082527886241114,2.155381881254455,5.0,False,global,1.0,"{""0"": 0.1}",0.1,0.1,2.2928230540010075
AR-LRX-Aug [linear],N02BA,A_lag1,pacf_train,1,1,1473,315,317,2014-01-03,2018-01-14,2018-01-15,2018-11-25,2018-11-26,2019-10-08,"{""colsample_bytree"": 0.8, ""learning_rate"": 0.05, ""max_depth"": 3, ""n_estimators"": 300, ""subsample"": 0.8}",132,none,2,5.2531433805716725,2.2919736867101403,1.905808851129704,-0.2157353366828771,0.7274274169407499,62.32415222541202,3.320251974157873,4.645671054039993,2.155381881254455,1.7629831366345512,-0.2029515484559096,0.7032639147317814,59.40873592073984,4.295684500120711,6.6,daily,5,seed2,daily|N02BA|A_lag1,-0.4210717298066035,5,linear,0.0,2.2919736867101403,0.0,-0.277806608048704,2.155381881254455,5.0,True,global,1.0,"{""0"": 0.0}",0.0,0.0,2.2919736867101403
XGBoost,N02BA,A_lag1,pacf_train,1,1,1473,315,317,2014-01-03,2018-01-14,2018-01-15,2018-11-25,2018-11-26,2019-10-08,"{""colsample_bytree"": 0.8, ""learning_rate"": 0.05, ""max_depth"": 3, ""n_estimators"": 100, ""subsample"": 0.8}",12,none,2,5.3451416427510186,2.311956237204982,1.918003854902964,-0.2370265008758245,0.7337694858635458,62.503000070266246,3.3178066549639214,4.657417254341649,2.1581050146695016,1.7614393876554084,-0.2059931133185495,0.7041524261749081,59.2766357005202,4.208048325132318,6.051,daily,5,seed2,daily|N02BA|A_lag1,,5,,,,,,,,,,,,,,
"LR-XGB (residual, tanpa gerbang)",N02BA,A_lag1,pacf_train,1,1,1473,315,317,2014-01-03,2018-01-14,2018-01-15,2018-11-25,2018-11-26,2019-10-08,"{""colsample_bytree"": 0.8, ""learning_rate"": 0.05, ""max_depth"": 3, ""n_estimators"": 100, ""subsample"": 0.8}",12,none,2,5.278740522688117,2.2975509836972314,1.907481049769332,-0.2216592850571299,0.7291975414253178,62.384479242796495,3.2716653566170626,4.6182303458631,2.1490068277841976,1.7525423334940722,-0.1958460427048267,0.7011838447919208,59.13846985176927,4.19402611239906,5.69,daily,5,seed2,daily|N02BA|A_lag1,,5,,,,,,,5.0,,,,,,,
Naive,N02BA,B_rich,pacf_train,1,1,1473,315,317,2014-01-03,2018-01-14,2018-01-15,2018-11-25,2018-11-26,2019-10-08,{},0,none,2,8.334103174603174,2.886884683288055,2.2893650793650795,-0.9287620753697006,0.9162404788269394,82.69963604275131,2.342371831447952,7.760276025236593,2.7857271986389107,2.134542586750789,-1.0094483557731615,0.9089347145988728,77.96042411378919,4.514916652855951,0.0,daily,5,seed2,daily|N02BA|B_rich,,5,,,,,,,,,,,,,,
SeasonalNaive(s=7),N02BA,B_rich,pacf_train,1,1,1473,315,317,2014-01-03,2018-01-14,2018-01-15,2018-11-25,2018-11-26,2019-10-08,{},0,none,2,7.847873015873016,2.801405542914666,2.178730158730158,-0.8162337960321493,0.8891110791114557,79.36972426456744,2.511528605299084,7.255528391167193,2.693608804404825,2.1228706624605675,-0.8787488419848966,0.8788780721489677,78.63586500450135,5.112774483243222,0.0,daily,5,seed2,daily|N02BA|B_rich,,5,,,,,,,,,,,,,,
S1 [linear],N02BA,B_rich,pacf_train,1,1,1473,315,317,2014-01-03,2018-01-14,2018-01-15,2018-11-25,2018-11-26,2019-10-08,{},0,none,2,5.2531433805716725,2.2919736867101403,1.905808851129704,-0.2157353366828771,0.7274274169407499,62.32415222541202,3.320251974157873,4.645671054039993,2.155381881254455,1.7629831366345512,-0.2029515484559096,0.7032639147317814,59.40873592073984,4.295684500120711,0.006,daily,5,seed2,daily|N02BA|B_rich,,5,linear,0.0,2.2919736867101403,0.0,,2.155381881254455,,,,,,,,
AR-LRX [linear],N02BA,B_rich,pacf_train,1,1,1473,315,317,2014-01-03,2018-01-14,2018-01-15,2018-11-25,2018-11-26,2019-10-08,"{""colsample_bytree"": 0.8, ""learning_rate"": 0.05, ""max_depth"": 5, ""n_estimators"": 100, ""subsample"": 0.8}",132,none,2,5.231270330080895,2.2871970466229827,1.8992386922509497,-0.2106732550916845,0.7259114052254303,62.25799042623464,3.246615670737558,4.622926587819781,2.1500992041810028,1.7533538234116302,-0.1970620890989858,0.7015402683602263,59.17744286278829,4.245857794148426,5.696,daily,5,seed2,daily|N02BA|B_rich,-0.1922737164042525,5,linear,0.3,2.2919736867101403,0.2084,-0.2348118495550195,2.155381881254455,5.0,,,,,,,
AR-LRX-g [linear],N02BA,B_rich,pacf_train,1,1,1473,315,317,2014-01-03,2018-01-14,2018-01-15,2018-11-25,2018-11-26,2019-10-08,"{""colsample_bytree"": 0.8, ""learning_rate"": 0.1, ""max_depth"": 5, ""n_estimators"": 500, ""subsample"": 0.8}",132,none,2,5.235327430385468,2.288083790070956,1.899926822282784,-0.2116121900963863,0.7261928401736535,62.24666616830474,3.2648826982681767,4.628750210313468,2.151453046272093,1.7546097897333834,-0.1985700597699422,0.701982003672743,59.20188124379324,4.267949104421733,7.165,daily,5,seed2,daily|N02BA|B_rich,-0.255612497995934,5,linear,0.0999999999999999,2.2919736867101403,0.1697,-0.4082527886241114,2.155381881254455,5.0,False,global,1.0,"{""0"": 0.1}",0.1,0.1,2.2928230540010075
AR-LRX-Aug [linear],N02BA,B_rich,pacf_train,1,1,1473,315,317,2014-01-03,2018-01-14,2018-01-15,2018-11-25,2018-11-26,2019-10-08,"{""colsample_bytree"": 0.8, ""learning_rate"": 0.05, ""max_depth"": 3, ""n_estimators"": 300, ""subsample"": 0.8}",132,none,2,5.2531433805716725,2.2919736867101403,1.905808851129704,-0.2157353366828771,0.7274274169407499,62.32415222541202,3.320251974157873,4.645671054039993,2.155381881254455,1.7629831366345512,-0.2029515484559096,0.7032639147317814,59.40873592073984,4.295684500120711,6.705,daily,5,seed2,daily|N02BA|B_rich,-0.4210717298066035,5,linear,0.0,2.2919736867101403,0.0,-0.277806608048704,2.155381881254455,5.0,True,global,1.0,"{""0"": 0.0}",0.0,0.0,2.2919736867101403
XGBoost,N02BA,B_rich,pacf_train,1,1,1473,315,317,2014-01-03,2018-01-14,2018-01-15,2018-11-25,2018-11-26,2019-10-08,"{""colsample_bytree"": 0.8, ""learning_rate"": 0.05, ""max_depth"": 3, ""n_estimators"": 100, ""subsample"": 0.8}",12,none,2,5.3451416427510186,2.311956237204982,1.918003854902964,-0.2370265008758245,0.7337694858635458,62.503000070266246,3.3178066549639214,4.657417254341649,2.1581050146695016,1.7614393876554084,-0.2059931133185495,0.7041524261749081,59.2766357005202,4.208048325132318,5.864,daily,5,seed2,daily|N02BA|B_rich,,5,,,,,,,,,,,,,,
"LR-XGB (residual, tanpa gerbang)",N02BA,B_rich,pacf_train,1,1,1473,315,317,2014-01-03,2018-01-14,2018-01-15,2018-11-25,2018-11-26,2019-10-08,"{""colsample_bytree"": 0.8, ""learning_rate"": 0.05, ""max_depth"": 3, ""n_estimators"": 100, ""subsample"": 0.8}",12,none,2,5.278740522688117,2.2975509836972314,1.907481049769332,-0.2216592850571299,0.7291975414253178,62.384479242796495,3.2716653566170626,4.6182303458631,2.1490068277841976,1.7525423334940722,-0.1958460427048267,0.7011838447919208,59.13846985176927,4.19402611239906,6.324,daily,5,seed2,daily|N02BA|B_rich,,5,,,,,,,5.0,,,,,,,
Naive,N02BE,A_lag1,pacf_train,1,1,1473,315,317,2014-01-03,2018-01-14,2018-01-15,2018-11-25,2018-11-26,2019-10-08,{},0,none,2,217.44338421587304,14.745961623979396,11.26143492063492,-0.1773857646180414,0.4949864836135261,39.65327459694022,0.6401810403773499,267.6145699621451,16.358929364788672,12.260832807570978,0.0353746408762239,0.5550064058152501,45.59922383129986,0.6090563105445783,0.0,daily,5,seed2,daily|N02BE|A_lag1,,5,,,,,,,,,,,,,,
SeasonalNaive(s=7),N02BE,A_lag1,pacf_train,1,1,1473,315,317,2014-01-03,2018-01-14,2018-01-15,2018-11-25,2018-11-26,2019-10-08,{},0,none,2,230.10919060634924,15.169350368633102,11.791273015873015,-0.2459670194367673,0.5091986259791271,41.05185459429482,0.6799729413046828,266.48052583596217,16.32423124793208,11.935097791798109,0.0394623395491182,0.5538292091481757,44.49239311465449,0.6478070977049389,0.0,daily,5,seed2,daily|N02BE|A_lag1,,5,,,,,,,,,,,,,,
S1 [linear],N02BE,A_lag1,pacf_train,1,1,1473,315,317,2014-01-03,2018-01-14,2018-01-15,2018-11-25,2018-11-26,2019-10-08,{},0,none,2,153.57083492845794,12.392370028709518,9.86939933741544,0.1684634804719228,0.4159820716048506,34.57583006066338,0.6084517399038339,205.6223851477789,14.339539223691215,11.141617867165255,0.2588274728647224,0.4864949256836939,40.123373437841536,0.62185815126519,0.012,daily,5,seed2,daily|N02BE|A_lag1,,5,linear,0.0,12.392370028709518,0.0,,14.339539223691215,,,,,,,,
AR-LRX [linear],N02BE,A_lag1,pacf_train,1,1,1473,315,317,2014-01-03,2018-01-14,2018-01-15,2018-11-25,2018-11-26,2019-10-08,"{""colsample_bytree"": 0.8, ""learning_rate"": 0.05, ""max_depth"": 3, ""n_estimators"": 100, ""subsample"": 0.8}",132,none,2,153.57083492845794,12.392370028709518,9.86939933741544,0.1684634804719228,0.4159820716048506,34.57583006066338,0.6084517399038339,205.6223851477789,14.339539223691215,11.141617867165255,0.2588274728647224,0.4864949256836939,40.123373437841536,0.62185815126519,6.063,daily,5,seed2,daily|N02BE|A_lag1,0.0198262220685352,5,linear,0.0,12.392370028709518,0.0,-0.0359107257572084,14.339539223691215,5.0,,,,,,,
AR-LRX-g [linear],N02BE,A_lag1,pacf_train,1,1,1473,315,317,2014-01-03,2018-01-14,2018-01-15,2018-11-25,2018-11-26,2019-10-08,"{""colsample_bytree"": 0.8, ""learning_rate"": 0.05, ""max_depth"": 5, ""n_estimators"": 300, ""subsample"": 0.8}",132,none,2,153.57083492845794,12.392370028709518,9.86939933741544,0.1684634804719228,0.4159820716048506,34.57583006066338,0.6084517399038339,205.6223851477789,14.339539223691215,11.141617867165255,0.2588274728647224,0.4864949256836939,40.123373437841536,0.62185815126519,7.057,daily,5,seed2,daily|N02BE|A_lag1,-0.052009181288624,5,linear,0.0,12.392370028709518,0.0,-0.1085207385849891,14.339539223691215,5.0,False,global,1.0,"{""0"": 0.0}",0.0,0.0,12.39237002870952
AR-LRX-Aug [linear],N02BE,A_lag1,pacf_train,1,1,1473,315,317,2014-01-03,2018-01-14,2018-01-15,2018-11-25,2018-11-26,2019-10-08,"{""colsample_bytree"": 0.8, ""learning_rate"": 0.1, ""max_depth"": 5, ""n_estimators"": 300, ""subsample"": 0.8}",132,none,2,153.25625492702295,12.379671034685169,9.836741988790749,0.1701668296764007,0.4155557969028115,34.42683527788704,0.6035543292940674,205.705079066209,14.342422356987296,11.126560469719797,0.2585293999654244,0.4865927412199348,40.012043132450806,0.6208583094144564,7.218,daily,5,seed2,daily|N02BE|A_lag1,-0.1414047679044237,5,linear,0.0999999999999999,12.392370028709518,0.1025,-0.2266251218445676,14.339539223691215,5.0,True,global,1.0,"{""0"": 0.1}",0.1,0.1,12.379671034685169
XGBoost,N02BE,A_lag1,pacf_train,1,1,1473,315,317,2014-01-03,2018-01-14,2018-01-15,2018-11-25,2018-11-26,2019-10-08,"{""colsample_bytree"": 0.8, ""learning_rate"": 0.05, ""max_depth"": 3, ""n_estimators"": 100, ""subsample"": 0.8}",12,none,2,156.86479279621236,12.52456756923018,9.960445813278923,0.1506277614560002,0.4204196252478947,34.718548655072986,0.6003599519072034,204.4204192557911,14.297566899853663,10.991701898568811,0.2631599977357609,0.485070938326249,39.22650648014637,0.603986213834517,6.152,daily,5,seed2,daily|N02BE|A_lag1,,5,,,,,,,,,,,,,,
"LR-XGB (residual, tanpa gerbang)",N02BE,A_lag1,pacf_train,1,1,1473,315,317,2014-01-03,2018-01-14,2018-01-15,2018-11-25,2018-11-26,2019-10-08,"{""colsample_bytree"": 0.8, ""learning_rate"": 0.05, ""max_depth"": 3, ""n_estimators"": 100, ""subsample"": 0.8}",12,none,2,159.05732333809553,12.611793026294697,9.97819625789392,0.1387559160199453,0.4233475741585807,34.74805691678449,0.601307829924694,201.47865472210367,14.194317691319426,10.936754092494118,0.2737636829916393,0.4815680213043564,39.07774463645936,0.60177916087945,6.699,daily,5,seed2,daily|N02BE|A_lag1,,5,,,,,,,5.0,,,,,,,
Naive,N02BE,B_rich,pacf_train,1,1,1473,315,317,2014-01-03,2018-01-14,2018-01-15,2018-11-25,2018-11-26,2019-10-08,{},0,none,2,217.44338421587304,14.745961623979396,11.26143492063492,-0.1773857646180414,0.4949864836135261,39.65327459694022,0.6401810403773499,267.6145699621451,16.358929364788672,12.260832807570978,0.0353746408762239,0.5550064058152501,45.59922383129986,0.6090563105445783,0.0,daily,5,seed2,daily|N02BE|B_rich,,5,,,,,,,,,,,,,,
SeasonalNaive(s=7),N02BE,B_rich,pacf_train,1,1,1473,315,317,2014-01-03,2018-01-14,2018-01-15,2018-11-25,2018-11-26,2019-10-08,{},0,none,2,230.10919060634924,15.169350368633102,11.791273015873015,-0.2459670194367673,0.5091986259791271,41.05185459429482,0.6799729413046828,266.48052583596217,16.32423124793208,11.935097791798109,0.0394623395491182,0.5538292091481757,44.49239311465449,0.6478070977049389,0.0,daily,5,seed2,daily|N02BE|B_rich,,5,,,,,,,,,,,,,,
S1 [linear],N02BE,B_rich,pacf_train,1,1,1473,315,317,2014-01-03,2018-01-14,2018-01-15,2018-11-25,2018-11-26,2019-10-08,{},0,none,2,153.57083492845794,12.392370028709518,9.86939933741544,0.1684634804719228,0.4159820716048506,34.57583006066338,0.6084517399038339,205.6223851477789,14.339539223691215,11.141617867165255,0.2588274728647224,0.4864949256836939,40.123373437841536,0.62185815126519,0.006,daily,5,seed2,daily|N02BE|B_rich,,5,linear,0.0,12.392370028709518,0.0,,14.339539223691215,,,,,,,,
AR-LRX [linear],N02BE,B_rich,pacf_train,1,1,1473,315,317,2014-01-03,2018-01-14,2018-01-15,2018-11-25,2018-11-26,2019-10-08,"{""colsample_bytree"": 0.8, ""learning_rate"": 0.05, ""max_depth"": 3, ""n_estimators"": 100, ""subsample"": 0.8}",132,none,2,153.57083492845794,12.392370028709518,9.86939933741544,0.1684634804719228,0.4159820716048506,34.57583006066338,0.6084517399038339,205.6223851477789,14.339539223691215,11.141617867165255,0.2588274728647224,0.4864949256836939,40.123373437841536,0.62185815126519,6.074,daily,5,seed2,daily|N02BE|B_rich,0.0198262220685352,5,linear,0.0,12.392370028709518,0.0,-0.0359107257572084,14.339539223691215,5.0,,,,,,,
AR-LRX-g [linear],N02BE,B_rich,pacf_train,1,1,1473,315,317,2014-01-03,2018-01-14,2018-01-15,2018-11-25,2018-11-26,2019-10-08,"{""colsample_bytree"": 0.8, ""learning_rate"": 0.05, ""max_depth"": 5, ""n_estimators"": 300, ""subsample"": 0.8}",132,none,2,153.57083492845794,12.392370028709518,9.86939933741544,0.1684634804719228,0.4159820716048506,34.57583006066338,0.6084517399038339,205.6223851477789,14.339539223691215,11.141617867165255,0.2588274728647224,0.4864949256836939,40.123373437841536,0.62185815126519,6.939,daily,5,seed2,daily|N02BE|B_rich,-0.052009181288624,5,linear,0.0,12.392370028709518,0.0,-0.1085207385849891,14.339539223691215,5.0,False,global,1.0,"{""0"": 0.0}",0.0,0.0,12.39237002870952
AR-LRX-Aug [linear],N02BE,B_rich,pacf_train,1,1,1473,315,317,2014-01-03,2018-01-14,2018-01-15,2018-11-25,2018-11-26,2019-10-08,"{""colsample_bytree"": 0.8, ""learning_rate"": 0.1, ""max_depth"": 5, ""n_estimators"": 300, ""subsample"": 0.8}",132,none,2,153.25625492702295,12.379671034685169,9.836741988790749,0.1701668296764007,0.4155557969028115,34.42683527788704,0.6035543292940674,205.705079066209,14.342422356987296,11.126560469719797,0.2585293999654244,0.4865927412199348,40.012043132450806,0.6208583094144564,6.545,daily,5,seed2,daily|N02BE|B_rich,-0.1414047679044237,5,linear,0.0999999999999999,12.392370028709518,0.1025,-0.2266251218445676,14.339539223691215,5.0,True,global,1.0,"{""0"": 0.1}",0.1,0.1,12.379671034685169
XGBoost,N02BE,B_rich,pacf_train,1,1,1473,315,317,2014-01-03,2018-01-14,2018-01-15,2018-11-25,2018-11-26,2019-10-08,"{""colsample_bytree"": 0.8, ""learning_rate"": 0.05, ""max_depth"": 3, ""n_estimators"": 100, ""subsample"": 0.8}",12,none,2,156.86479279621236,12.52456756923018,9.960445813278923,0.1506277614560002,0.4204196252478947,34.718548655072986,0.6003599519072034,204.4204192557911,14.297566899853663,10.991701898568811,0.2631599977357609,0.485070938326249,39.22650648014637,0.603986213834517,6.541,daily,5,seed2,daily|N02BE|B_rich,,5,,,,,,,,,,,,,,
"LR-XGB (residual, tanpa gerbang)",N02BE,B_rich,pacf_train,1,1,1473,315,317,2014-01-03,2018-01-14,2018-01-15,2018-11-25,2018-11-26,2019-10-08,"{""colsample_bytree"": 0.8, ""learning_rate"": 0.05, ""max_depth"": 3, ""n_estimators"": 100, ""subsample"": 0.8}",12,none,2,159.05732333809553,12.611793026294697,9.97819625789392,0.1387559160199453,0.4233475741585807,34.74805691678449,0.601307829924694,201.47865472210367,14.194317691319426,10.936754092494118,0.2737636829916393,0.4815680213043564,39.07774463645936,0.60177916087945,6.238,daily,5,seed2,daily|N02BE|B_rich,,5,,,,,,,5.0,,,,,,,
Naive,N05B,A_lag1,pacf_train,1,1,1473,315,317,2014-01-03,2018-01-14,2018-01-15,2018-11-25,2018-11-26,2019-10-08,{},0,none,2,36.112,6.009326085344346,4.477460317460317,-0.5700891855747092,0.6556309631765964,51.48284895274944,1.037593235641704,34.789652996845426,5.898275425651589,4.513564668769717,-0.8613666472123493,0.6920910978425946,58.41854125142585,1.4696289793176036,0.0,daily,5,seed2,daily|N05B|A_lag1,,5,,,,,,,,,,,,,,
SeasonalNaive(s=7),N05B,A_lag1,pacf_train,1,1,1473,315,317,2014-01-03,2018-01-14,2018-01-15,2018-11-25,2018-11-26,2019-10-08,{},0,none,2,42.73676190476191,6.5373359944829135,4.9523809523809526,-0.8581227207894293,0.7132380293232605,55.1438964833201,1.2884391726352744,33.49817034700316,5.7877603912915365,4.490220820189275,-0.7922678628672513,0.6791234986820466,58.98982476196507,1.3497836088745436,0.0,daily,5,seed2,daily|N05B|A_lag1,,5,,,,,,,,,,,,,,
S1 [linear],N05B,A_lag1,pacf_train,1,1,1473,315,317,2014-01-03,2018-01-14,2018-01-15,2018-11-25,2018-11-26,2019-10-08,{},0,none,2,22.121535572971776,4.703353651701281,3.4966883742269155,0.0381927400468207,0.5131464395559379,39.37344562383443,0.8682197354640178,19.65860909717409,4.433803006130751,3.492097883087328,-0.0518035148951647,0.5202530178203465,44.6846688968021,1.2961836959440327,0.007,daily,5,seed2,daily|N05B|A_lag1,,5,linear,0.0,4.703353651701281,0.0,,4.433803006130751,,,,,,,,
AR-LRX [linear],N05B,A_lag1,pacf_train,1,1,1473,315,317,2014-01-03,2018-01-14,2018-01-15,2018-11-25,2018-11-26,2019-10-08,"{""colsample_bytree"": 0.8, ""learning_rate"": 0.1, ""max_depth"": 3, ""n_estimators"": 500, ""subsample"": 0.8}",132,none,2,22.10672346049346,4.701778754949393,3.493208125334333,0.0388367458514762,0.5129746147856258,39.326494013002446,0.8697462963218846,19.68961551523997,4.437298222481782,3.4838035129444145,-0.053462465401012,0.520663139075631,44.59097035658789,1.2918670943388244,6.445,daily,5,seed2,daily|N05B|A_lag1,-0.0681432148445149,5,linear,0.2,4.703353651701281,0.0335,-0.0245603900095825,4.433803006130751,5.0,,,,,,,
AR-LRX-g [linear],N05B,A_lag1,pacf_train,1,1,1473,315,317,2014-01-03,2018-01-14,2018-01-15,2018-11-25,2018-11-26,2019-10-08,"{""colsample_bytree"": 0.8, ""learning_rate"": 0.05, ""max_depth"": 3, ""n_estimators"": 100, ""subsample"": 0.8}",132,none,2,22.121535572971776,4.703353651701281,3.4966883742269155,0.0381927400468207,0.5131464395559379,39.37344562383443,0.8682197354640178,19.65860909717409,4.433803006130751,3.492097883087328,-0.0518035148951647,0.5202530178203465,44.6846688968021,1.2961836959440327,6.278,daily,5,seed2,daily|N05B|A_lag1,-0.0316201836145206,5,linear,0.0,4.703353651701281,0.0,-0.0297665715425528,4.433803006130751,5.0,False,global,1.0,"{""0"": 0.0}",0.0,0.0,4.723902707546724
AR-LRX-Aug [linear],N05B,A_lag1,pacf_train,1,1,1473,315,317,2014-01-03,2018-01-14,2018-01-15,2018-11-25,2018-11-26,2019-10-08,"{""colsample_bytree"": 0.8, ""learning_rate"": 0.05, ""max_depth"": 5, ""n_estimators"": 500, ""subsample"": 0.8}",132,none,2,22.121535572971776,4.703353651701281,3.4966883742269155,0.0381927400468207,0.5131464395559379,39.37344562383443,0.8682197354640178,19.65860909717409,4.433803006130751,3.492097883087328,-0.0518035148951647,0.5202530178203465,44.6846688968021,1.2961836959440327,7.07,daily,5,seed2,daily|N05B|A_lag1,-0.0828141006737122,5,linear,0.0,4.703353651701281,0.0,-0.1685282805850492,4.433803006130751,5.0,True,global,1.0,"{""0"": 0.0}",0.0,0.0,4.703353651701281
XGBoost,N05B,A_lag1,pacf_train,1,1,1473,315,317,2014-01-03,2018-01-14,2018-01-15,2018-11-25,2018-11-26,2019-10-08,"{""colsample_bytree"": 0.8, ""learning_rate"": 0.1, ""max_depth"": 3, ""n_estimators"": 500, ""subsample"": 0.8}",12,none,2,22.54901821300412,4.748580652469127,3.5177201492067365,0.0196065119194471,0.5180808068466941,39.53650971944241,0.8806711022186046,20.581628334797472,4.53669795498857,3.5574646002110626,-0.1011882335011056,0.5323264923494879,45.50128335717592,1.2775745247577663,6.464,daily,5,seed2,daily|N05B|A_lag1,,5,,,,,,,,,,,,,,
"LR-XGB (residual, tanpa gerbang)",N05B,A_lag1,pacf_train,1,1,1473,315,317,2014-01-03,2018-01-14,2018-01-15,2018-11-25,2018-11-26,2019-10-08,"{""colsample_bytree"": 0.8, ""learning_rate"": 0.1, ""max_depth"": 3, ""n_estimators"": 500, ""subsample"": 0.8}",12,none,2,22.615518406320955,4.755577610166925,3.526148662869143,0.0167151950617437,0.5188441906354189,39.61045522000069,0.8837392152206286,20.923301117276992,4.574199505626858,3.576310041671805,-0.1194689079770852,0.5367268445675577,45.61018337004451,1.284862031477344,6.283,daily,5,seed2,daily|N05B|A_lag1,,5,,,,,,,5.0,,,,,,,
Naive,N05B,B_rich,pacf_train,1,1,1473,315,317,2014-01-03,2018-01-14,2018-01-15,2018-11-25,2018-11-26,2019-10-08,{},0,none,2,36.112,6.009326085344346,4.477460317460317,-0.5700891855747092,0.6556309631765964,51.48284895274944,1.037593235641704,34.789652996845426,5.898275425651589,4.513564668769717,-0.8613666472123493,0.6920910978425946,58.41854125142585,1.4696289793176036,0.0,daily,5,seed2,daily|N05B|B_rich,,5,,,,,,,,,,,,,,
SeasonalNaive(s=7),N05B,B_rich,pacf_train,1,1,1473,315,317,2014-01-03,2018-01-14,2018-01-15,2018-11-25,2018-11-26,2019-10-08,{},0,none,2,42.73676190476191,6.5373359944829135,4.9523809523809526,-0.8581227207894293,0.7132380293232605,55.1438964833201,1.2884391726352744,33.49817034700316,5.7877603912915365,4.490220820189275,-0.7922678628672513,0.6791234986820466,58.98982476196507,1.3497836088745436,0.0,daily,5,seed2,daily|N05B|B_rich,,5,,,,,,,,,,,,,,
S1 [linear],N05B,B_rich,pacf_train,1,1,1473,315,317,2014-01-03,2018-01-14,2018-01-15,2018-11-25,2018-11-26,2019-10-08,{},0,none,2,22.121535572971776,4.703353651701281,3.4966883742269155,0.0381927400468207,0.5131464395559379,39.37344562383443,0.8682197354640178,19.65860909717409,4.433803006130751,3.492097883087328,-0.0518035148951647,0.5202530178203465,44.6846688968021,1.2961836959440327,0.012,daily,5,seed2,daily|N05B|B_rich,,5,linear,0.0,4.703353651701281,0.0,,4.433803006130751,,,,,,,,
AR-LRX [linear],N05B,B_rich,pacf_train,1,1,1473,315,317,2014-01-03,2018-01-14,2018-01-15,2018-11-25,2018-11-26,2019-10-08,"{""colsample_bytree"": 0.8, ""learning_rate"": 0.1, ""max_depth"": 3, ""n_estimators"": 500, ""subsample"": 0.8}",132,none,2,22.10672346049346,4.701778754949393,3.493208125334333,0.0388367458514762,0.5129746147856258,39.326494013002446,0.8697462963218846,19.68961551523997,4.437298222481782,3.4838035129444145,-0.053462465401012,0.520663139075631,44.59097035658789,1.2918670943388244,6.414,daily,5,seed2,daily|N05B|B_rich,-0.0681432148445149,5,linear,0.2,4.703353651701281,0.0335,-0.0245603900095825,4.433803006130751,5.0,,,,,,,
AR-LRX-g [linear],N05B,B_rich,pacf_train,1,1,1473,315,317,2014-01-03,2018-01-14,2018-01-15,2018-11-25,2018-11-26,2019-10-08,"{""colsample_bytree"": 0.8, ""learning_rate"": 0.05, ""max_depth"": 3, ""n_estimators"": 100, ""subsample"": 0.8}",132,none,2,22.121535572971776,4.703353651701281,3.4966883742269155,0.0381927400468207,0.5131464395559379,39.37344562383443,0.8682197354640178,19.65860909717409,4.433803006130751,3.492097883087328,-0.0518035148951647,0.5202530178203465,44.6846688968021,1.2961836959440327,6.1,daily,5,seed2,daily|N05B|B_rich,-0.0316201836145206,5,linear,0.0,4.703353651701281,0.0,-0.0297665715425528,4.433803006130751,5.0,False,global,1.0,"{""0"": 0.0}",0.0,0.0,4.723902707546724
AR-LRX-Aug [linear],N05B,B_rich,pacf_train,1,1,1473,315,317,2014-01-03,2018-01-14,2018-01-15,2018-11-25,2018-11-26,2019-10-08,"{""colsample_bytree"": 0.8, ""learning_rate"": 0.05, ""max_depth"": 5, ""n_estimators"": 500, ""subsample"": 0.8}",132,none,2,22.121535572971776,4.703353651701281,3.4966883742269155,0.0381927400468207,0.5131464395559379,39.37344562383443,0.8682197354640178,19.65860909717409,4.433803006130751,3.492097883087328,-0.0518035148951647,0.5202530178203465,44.6846688968021,1.2961836959440327,7.051,daily,5,seed2,daily|N05B|B_rich,-0.0828141006737122,5,linear,0.0,4.703353651701281,0.0,-0.1685282805850492,4.433803006130751,5.0,True,global,1.0,"{""0"": 0.0}",0.0,0.0,4.703353651701281
XGBoost,N05B,B_rich,pacf_train,1,1,1473,315,317,2014-01-03,2018-01-14,2018-01-15,2018-11-25,2018-11-26,2019-10-08,"{""colsample_bytree"": 0.8, ""learning_rate"": 0.1, ""max_depth"": 3, ""n_estimators"": 500, ""subsample"": 0.8}",12,none,2,22.54901821300412,4.748580652469127,3.5177201492067365,0.0196065119194471,0.5180808068466941,39.53650971944241,0.8806711022186046,20.581628334797472,4.53669795498857,3.5574646002110626,-0.1011882335011056,0.5323264923494879,45.50128335717592,1.2775745247577663,6.845,daily,5,seed2,daily|N05B|B_rich,,5,,,,,,,,,,,,,,
"LR-XGB (residual, tanpa gerbang)",N05B,B_rich,pacf_train,1,1,1473,315,317,2014-01-03,2018-01-14,2018-01-15,2018-11-25,2018-11-26,2019-10-08,"{""colsample_bytree"": 0.8, ""learning_rate"": 0.1, ""max_depth"": 3, ""n_estimators"": 500, ""subsample"": 0.8}",12,none,2,22.615518406320955,4.755577610166925,3.526148662869143,0.0167151950617437,0.5188441906354189,39.61045522000069,0.8837392152206286,20.923301117276992,4.574199505626858,3.576310041671805,-0.1194689079770852,0.5367268445675577,45.61018337004451,1.284862031477344,7.668,daily,5,seed2,daily|N05B|B_rich,,5,,,,,,,5.0,,,,,,,
Naive,N05C,A_lag1,pacf_train,1,7,1469,314,316,2014-01-09,2018-01-16,2018-01-17,2018-11-26,2018-11-27,2019-10-08,{},0,none,2,3.245222929936306,1.801450229658401,0.9968152866242038,-0.9423898790733812,2.828276860563689,170.12558275058277,1.14360616103027,2.7626582278481013,1.662124612611251,1.1044303797468351,-1.146047749072324,2.3343616781562457,170.49054797798516,1.0397716095374023,0.0,daily,5,seed2,daily|N05C|A_lag1,,5,,,,,,,,,,,,,,
SeasonalNaive(s=7),N05C,A_lag1,pacf_train,1,7,1469,314,316,2014-01-09,2018-01-16,2018-01-17,2018-11-26,2018-11-27,2019-10-08,{},0,none,2,2.8853503184713376,1.6986318961067868,0.961783439490446,-0.726992375309601,2.666852076887656,174.4593489569741,1.0456056110833476,2.6487341772151898,1.6274932187923823,1.0727848101265822,-1.0575509346775886,2.2857238095039683,166.73606125867434,1.0011821716055178,0.0,daily,5,seed2,daily|N05C|A_lag1,,5,,,,,,,,,,,,,,
S1 [linear],N05C,A_lag1,pacf_train,1,7,1469,314,316,2014-01-09,2018-01-16,2018-01-17,2018-11-26,2018-11-27,2019-10-08,{},0,none,2,1.6750876542176854,1.2942517738901058,0.8495322279728027,-0.0026039431987692,2.031975285007466,166.9933340045415,0.6374896487402409,1.311529447006751,1.145220261350082,0.8518890191874211,-0.0188031183948758,1.6083982337183376,158.08401182796632,0.6219326037169545,0.008,daily,5,seed2,daily|N05C|A_lag1,,5,linear,0.0,1.2942517738901058,0.0,,1.145220261350082,,,,,,,,
AR-LRX [linear],N05C,A_lag1,pacf_train,1,7,1469,314,316,2014-01-09,2018-01-16,2018-01-17,2018-11-26,2018-11-27,2019-10-08,"{""colsample_bytree"": 0.8, ""learning_rate"": 0.05, ""max_depth"": 3, ""n_estimators"": 100, ""subsample"": 0.8}",132,none,2,1.6750876542176854,1.2942517738901058,0.8495322279728027,-0.0026039431987692,2.031975285007466,166.9933340045415,0.6374896487402409,1.311529447006751,1.145220261350082,0.8518890191874211,-0.0188031183948758,1.6083982337183376,158.08401182796632,0.6219326037169545,6.36,daily,5,seed2,daily|N05C|A_lag1,-0.0164104166683365,5,linear,0.0,1.2942517738901058,0.0,-0.0226682291286086,1.145220261350082,5.0,,,,,,,
AR-LRX-g [linear],N05C,A_lag1,pacf_train,1,7,1469,314,316,2014-01-09,2018-01-16,2018-01-17,2018-11-26,2018-11-27,2019-10-08,"{""colsample_bytree"": 0.8, ""learning_rate"": 0.05, ""max_depth"": 3, ""n_estimators"": 100, ""subsample"": 0.8}",132,none,2,1.6750876542176854,1.2942517738901058,0.8495322279728027,-0.0026039431987692,2.031975285007466,166.9933340045415,0.6374896487402409,1.311529447006751,1.145220261350082,0.8518890191874211,-0.0188031183948758,1.6083982337183376,158.08401182796632,0.6219326037169545,5.513,daily,5,seed2,daily|N05C|A_lag1,-0.0164104166683365,5,linear,0.0,1.2942517738901058,0.0,-0.0226682291286086,1.145220261350082,5.0,False,global,1.0,"{""0"": 0.0}",0.0,0.0,1.2962785396219032
AR-LRX-Aug [linear],N05C,A_lag1,pacf_train,1,7,1469,314,316,2014-01-09,2018-01-16,2018-01-17,2018-11-26,2018-11-27,2019-10-08,"{""colsample_bytree"": 0.8, ""learning_rate"": 0.1, ""max_depth"": 5, ""n_estimators"": 500, ""subsample"": 0.8}",132,none,2,1.6750876542176854,1.2942517738901058,0.8495322279728027,-0.0026039431987692,2.031975285007466,166.9933340045415,0.6374896487402409,1.311529447006751,1.145220261350082,0.8518890191874211,-0.0188031183948758,1.6083982337183376,158.08401182796632,0.6219326037169545,7.076,daily,5,seed2,daily|N05C|A_lag1,-0.0125463636504592,5,linear,0.0,1.2942517738901058,0.0,-0.0447632469557897,1.145220261350082,5.0,True,global,1.0,"{""0"": 0.0}",0.0,0.0,1.3014768542139628
XGBoost,N05C,A_lag1,pacf_train,1,7,1469,314,316,2014-01-09,2018-01-16,2018-01-17,2018-11-26,2018-11-27,2019-10-08,"{""colsample_bytree"": 0.8, ""learning_rate"": 0.05, ""max_depth"": 3, ""n_estimators"": 100, ""subsample"": 0.8}",12,none,2,1.704744644199031,1.305658701268839,0.84954562308682,-0.0203547844898719,2.049884160992077,167.67857762240735,0.6476337448013211,1.3136072689512162,1.146127073648998,0.8508075805663874,-0.0204171816408991,1.609671801213704,158.63550268806776,0.6282203146308344,7.445,daily,5,seed2,daily|N05C|A_lag1,,5,,,,,,,,,,,,,,
"LR-XGB (residual, tanpa gerbang)",N05C,A_lag1,pacf_train,1,7,1469,314,316,2014-01-09,2018-01-16,2018-01-17,2018-11-26,2018-11-27,2019-10-08,"{""colsample_bytree"": 0.8, ""learning_rate"": 0.05, ""max_depth"": 3, ""n_estimators"": 500, ""subsample"": 0.8}",12,none,2,1.7071174283058417,1.3065670393461797,0.8507745126018874,-0.0217749864093701,2.051310251773502,167.53563936070054,0.6470505385786545,1.3140861953602236,1.1463359871173129,0.8516661227499449,-0.0207892142476331,1.609965208573648,158.49569159600986,0.6281621239951017,7.497,daily,5,seed2,daily|N05C|A_lag1,,5,,,,,,,5.0,,,,,,,
Naive,N05C,B_rich,pacf_train,8,7,1469,314,316,2014-01-09,2018-01-16,2018-01-17,2018-11-26,2018-11-27,2019-10-08,{},0,none,2,3.245222929936306,1.801450229658401,0.9968152866242038,-0.9423898790733812,2.828276860563689,170.12558275058277,1.14360616103027,2.7626582278481013,1.662124612611251,1.1044303797468351,-1.146047749072324,2.3343616781562457,170.49054797798516,1.0397716095374023,0.0,daily,5,seed2,daily|N05C|B_rich,,5,,,,,,,,,,,,,,
SeasonalNaive(s=7),N05C,B_rich,pacf_train,8,7,1469,314,316,2014-01-09,2018-01-16,2018-01-17,2018-11-26,2018-11-27,2019-10-08,{},0,none,2,2.8853503184713376,1.6986318961067868,0.961783439490446,-0.726992375309601,2.666852076887656,174.4593489569741,1.0456056110833476,2.6487341772151898,1.6274932187923823,1.0727848101265822,-1.0575509346775886,2.2857238095039683,166.73606125867434,1.0011821716055178,0.0,daily,5,seed2,daily|N05C|B_rich,,5,,,,,,,,,,,,,,
S1 [linear],N05C,B_rich,pacf_train,8,7,1469,314,316,2014-01-09,2018-01-16,2018-01-17,2018-11-26,2018-11-27,2019-10-08,{},0,none,2,1.6328380334848944,1.2778255097957991,0.8435138580167302,0.0226840685889672,2.006186050379405,166.4662038517874,0.6325619685318218,1.3157798107060052,1.1470744573505267,0.8571858049201146,-0.0221048237443026,1.611002348990073,157.0940017377655,0.6141574023080745,0.01,daily,5,seed2,daily|N05C|B_rich,,5,linear,0.0,1.2778255097957991,0.0,,1.1470744573505267,,,,,,,,
AR-LRX [linear],N05C,B_rich,pacf_train,8,7,1469,314,316,2014-01-09,2018-01-16,2018-01-17,2018-11-26,2018-11-27,2019-10-08,"{""colsample_bytree"": 0.8, ""learning_rate"": 0.05, ""max_depth"": 5, ""n_estimators"": 300, ""subsample"": 0.8}",132,none,2,1.6192468281788903,1.2724962979038057,0.8377800111478116,0.030818924098357,1.9978191877089744,166.4622358786359,0.6360782632756611,1.3310142969282666,1.1536959291460929,0.8592190149197615,-0.0339390544631068,1.6203018382674017,157.18813023820212,0.6167193140508853,6.263,daily,5,seed2,daily|N05C|B_rich,-0.1204040152446799,5,linear,0.3,1.2778255097957991,0.4171,-0.0509519299982828,1.1470744573505267,5.0,,,,,,,
AR-LRX-g [linear],N05C,B_rich,pacf_train,8,7,1469,314,316,2014-01-09,2018-01-16,2018-01-17,2018-11-26,2018-11-27,2019-10-08,"{""colsample_bytree"": 0.8, ""learning_rate"": 0.05, ""max_depth"": 3, ""n_estimators"": 500, ""subsample"": 0.8}",132,none,2,1.6278785140876448,1.2758834249599942,0.8379432685945333,0.0256525303835086,2.0031369771871907,166.3807782153317,0.6332246805583639,1.3166120336122895,1.1474371588946777,0.8565445315997127,-0.0227512989676055,1.6115117431587471,157.1972238608719,0.6157167426475072,7.066,daily,5,seed2,daily|N05C|B_rich,-0.0618320616301273,5,linear,0.1999999999999999,1.2778255097957991,0.152,-0.0353474053726998,1.1470744573505267,5.0,False,global,1.0,"{""0"": 0.2}",0.2,0.2,1.2786427701827168
AR-LRX-Aug [linear],N05C,B_rich,pacf_train,8,7,1469,314,316,2014-01-09,2018-01-16,2018-01-17,2018-11-26,2018-11-27,2019-10-08,"{""colsample_bytree"": 0.8, ""learning_rate"": 0.05, ""max_depth"": 3, ""n_estimators"": 500, ""subsample"": 0.8}",132,none,2,1.6269457304143315,1.2755178283404476,0.8379408142651046,0.0262108370408709,2.0025629904945026,166.81596767493548,0.6375622520919818,1.322056954559203,1.1498073554118546,0.8579914307120702,-0.0269809428027396,1.614840552489538,157.50555701579495,0.6188663889635219,6.756,daily,5,seed2,daily|N05C|B_rich,-0.0887750065333041,5,linear,0.1999999999999999,1.2778255097957991,0.1806,-0.0374335363343982,1.1470744573505267,5.0,True,global,1.0,"{""0"": 0.2}",0.2,0.2,1.2759820207504953
XGBoost,N05C,B_rich,pacf_train,8,7,1469,314,316,2014-01-09,2018-01-16,2018-01-17,2018-11-26,2018-11-27,2019-10-08,"{""colsample_bytree"": 0.8, ""learning_rate"": 0.05, ""max_depth"": 5, ""n_estimators"": 100, ""subsample"": 0.8}",12,none,2,1.6517806307701122,1.2852161805587852,0.8379378079846027,0.0113462005766479,2.017789403477293,168.19324970864037,0.6689050763488191,1.3389056321093933,1.1571108987946632,0.8509186688763432,-0.0400690860145751,1.6250979734182824,158.09189223619833,0.6281352730959876,7.12,daily,5,seed2,daily|N05C|B_rich,,5,,,,,,,,,,,,,,
"LR-XGB (residual, tanpa gerbang)",N05C,B_rich,pacf_train,8,7,1469,314,316,2014-01-09,2018-01-16,2018-01-17,2018-11-26,2018-11-27,2019-10-08,"{""colsample_bytree"": 0.8, ""learning_rate"": 0.05, ""max_depth"": 5, ""n_estimators"": 100, ""subsample"": 0.8}",12,none,2,1.6599114436659983,1.288375505691566,0.8431804403400771,0.0064795984914964,2.022749543935759,168.54777365239042,0.6714900073381344,1.3433509862864812,1.1590301921375823,0.8571774115429824,-0.0435222610144372,1.6277935142910047,157.98476184986598,0.6258726620942657,6.471,daily,5,seed2,daily|N05C|B_rich,,5,,,,,,,5.0,,,,,,,
Naive,R03,A_lag1,pacf_train,1,1,1473,315,317,2014-01-03,2018-01-14,2018-01-15,2018-11-25,2018-11-26,2019-10-08,{},0,none,2,93.93055555555556,9.69177772937223,6.792063492063492,-0.7667535335805216,1.395137660117561,112.863476008676,3.275596500445437,118.7064164918472,10.895247426830068,7.588590956908518,-0.8056465862630271,1.48186428344732,116.8205138789049,4.156248040245456,0.0,daily,5,seed2,daily|R03|A_lag1,,5,,,,,,,,,,,,,,
SeasonalNaive(s=7),R03,A_lag1,pacf_train,1,1,1473,315,317,2014-01-03,2018-01-14,2018-01-15,2018-11-25,2018-11-26,2019-10-08,{},0,none,2,90.34960317460316,9.505240826754637,6.712698412698413,-0.699398877417658,1.3682855525774982,110.89724197734942,3.147523277675398,118.44248378881878,10.883128400823852,7.757097791798107,-0.8016318986133568,1.4802159728504856,117.31593920483728,2.6596602356187984,0.0,daily,5,seed2,daily|R03|A_lag1,,5,,,,,,,,,,,,,,
S1 [linear],R03,A_lag1,pacf_train,1,1,1473,315,317,2014-01-03,2018-01-14,2018-01-15,2018-11-25,2018-11-26,2019-10-08,{},0,none,2,55.86248272495644,7.474120866359899,5.098668280401342,-0.0507255936597115,1.0759045232050122,89.90307176351305,1.534883973521318,68.69126047976773,8.288019092628089,5.640236283663765,-0.044864664075809,1.127254755468032,91.40346584251876,1.8249838135443173,0.007,daily,5,seed2,daily|R03|A_lag1,,5,linear,0.0,7.474120866359899,0.0,,8.288019092628089,,,,,,,,
AR-LRX [linear],R03,A_lag1,pacf_train,1,1,1473,315,317,2014-01-03,2018-01-14,2018-01-15,2018-11-25,2018-11-26,2019-10-08,"{""colsample_bytree"": 0.8, ""learning_rate"": 0.05, ""max_depth"": 3, ""n_estimators"": 100, ""subsample"": 0.8}",132,none,2,55.176551488485714,7.428092049004624,5.074669182175138,-0.0378238128849652,1.069278645235442,89.57014223050948,1.606593280396038,69.78798422340927,8.3539202907024,5.686264511637677,-0.0615469592903727,1.1362179875853882,91.44237725124935,1.9433990006589943,6.679,daily,5,seed2,daily|R03|A_lag1,-0.0823896050731038,5,linear,0.7,7.474120866359899,0.6158,-0.0545147177644582,8.288019092628089,5.0,,,,,,,
AR-LRX-g [linear],R03,A_lag1,pacf_train,1,1,1473,315,317,2014-01-03,2018-01-14,2018-01-15,2018-11-25,2018-11-26,2019-10-08,"{""colsample_bytree"": 0.8, ""learning_rate"": 0.05, ""max_depth"": 3, ""n_estimators"": 100, ""subsample"": 0.8}",132,none,2,55.176551488485714,7.428092049004624,5.074669182175138,-0.0378238128849652,1.069278645235442,89.57014223050948,1.606593280396038,69.78798417692973,8.3539202879205,5.686264510686963,-0.061546958583371,1.1362179872070215,91.4423772527721,1.9433990027726955,6.417,daily,5,seed2,daily|R03|A_lag1,-0.0823896050731038,5,linear,0.7000000000000001,7.474120866359899,0.6158,-0.0545147177644582,8.288019092628089,5.0,False,global,1.0,"{""0"": 0.7}",0.7,0.7,7.439999773587753
AR-LRX-Aug [linear],R03,A_lag1,pacf_train,1,1,1473,315,317,2014-01-03,2018-01-14,2018-01-15,2018-11-25,2018-11-26,2019-10-08,"{""colsample_bytree"": 0.8, ""learning_rate"": 0.05, ""max_depth"": 5, ""n_estimators"": 300, ""subsample"": 0.8}",132,none,2,55.86248272495644,7.474120866359899,5.098668280401342,-0.0507255936597115,1.0759045232050122,89.90307176351305,1.534883973521318,68.69126047976773,8.288019092628089,5.640236283663765,-0.044864664075809,1.127254755468032,91.40346584251876,1.8249838135443173,6.565,daily,5,seed2,daily|R03|A_lag1,-0.1007014920513877,5,linear,0.0,7.474120866359899,0.0,-0.1492156089648213,8.288019092628089,5.0,True,global,1.0,"{""0"": 0.0}",0.0,0.0,7.474120866359899
XGBoost,R03,A_lag1,pacf_train,1,1,1473,315,317,2014-01-03,2018-01-14,2018-01-15,2018-11-25,2018-11-26,2019-10-08,"{""colsample_bytree"": 0.8, ""learning_rate"": 0.05, ""max_depth"": 3, ""n_estimators"": 100, ""subsample"": 0.8}",12,none,2,55.440251572736855,7.445821081166056,5.096694562548683,-0.0427837862706292,1.071830750859046,89.79479828660715,1.6351443577967535,70.41074080952296,8.391110820953502,5.706659829964459,-0.0710197269555161,1.1412762773426142,91.63259276940153,1.968017710126882,6.482,daily,5,seed2,daily|R03|A_lag1,,5,,,,,,,,,,,,,,
"LR-XGB (residual, tanpa gerbang)",R03,A_lag1,pacf_train,1,1,1473,315,317,2014-01-03,2018-01-14,2018-01-15,2018-11-25,2018-11-26,2019-10-08,"{""colsample_bytree"": 0.8, ""learning_rate"": 0.05, ""max_depth"": 3, ""n_estimators"": 100, ""subsample"": 0.8}",12,none,2,55.32626612872616,7.438162819455229,5.098177355703471,-0.0406398174120234,1.0707283391424185,89.79891902661278,1.6553866927548613,70.66313739148892,8.406136888695599,5.7270727677449145,-0.0748589383484619,1.1433199751344458,91.79034471505597,2.007234297083229,6.015,daily,5,seed2,daily|R03|A_lag1,,5,,,,,,,5.0,,,,,,,
Naive,R03,B_rich,pacf_train,1,1,1473,315,317,2014-01-03,2018-01-14,2018-01-15,2018-11-25,2018-11-26,2019-10-08,{},0,none,2,93.93055555555556,9.69177772937223,6.792063492063492,-0.7667535335805216,1.395137660117561,112.863476008676,3.275596500445437,118.7064164918472,10.895247426830068,7.588590956908518,-0.8056465862630271,1.48186428344732,116.8205138789049,4.156248040245456,0.0,daily,5,seed2,daily|R03|B_rich,,5,,,,,,,,,,,,,,
SeasonalNaive(s=7),R03,B_rich,pacf_train,1,1,1473,315,317,2014-01-03,2018-01-14,2018-01-15,2018-11-25,2018-11-26,2019-10-08,{},0,none,2,90.34960317460316,9.505240826754637,6.712698412698413,-0.699398877417658,1.3682855525774982,110.89724197734942,3.147523277675398,118.44248378881878,10.883128400823852,7.757097791798107,-0.8016318986133568,1.4802159728504856,117.31593920483728,2.6596602356187984,0.0,daily,5,seed2,daily|R03|B_rich,,5,,,,,,,,,,,,,,
S1 [linear],R03,B_rich,pacf_train,1,1,1473,315,317,2014-01-03,2018-01-14,2018-01-15,2018-11-25,2018-11-26,2019-10-08,{},0,none,2,55.86248272495644,7.474120866359899,5.098668280401342,-0.0507255936597115,1.0759045232050122,89.90307176351305,1.534883973521318,68.69126047976773,8.288019092628089,5.640236283663765,-0.044864664075809,1.127254755468032,91.40346584251876,1.8249838135443173,0.014,daily,5,seed2,daily|R03|B_rich,,5,linear,0.0,7.474120866359899,0.0,,8.288019092628089,,,,,,,,
AR-LRX [linear],R03,B_rich,pacf_train,1,1,1473,315,317,2014-01-03,2018-01-14,2018-01-15,2018-11-25,2018-11-26,2019-10-08,"{""colsample_bytree"": 0.8, ""learning_rate"": 0.05, ""max_depth"": 3, ""n_estimators"": 100, ""subsample"": 0.8}",132,none,2,55.176551488485714,7.428092049004624,5.074669182175138,-0.0378238128849652,1.069278645235442,89.57014223050948,1.606593280396038,69.78798422340927,8.3539202907024,5.686264511637677,-0.0615469592903727,1.1362179875853882,91.44237725124935,1.9433990006589943,6.061,daily,5,seed2,daily|R03|B_rich,-0.0823896050731038,5,linear,0.7,7.474120866359899,0.6158,-0.0545147177644582,8.288019092628089,5.0,,,,,,,
AR-LRX-g [linear],R03,B_rich,pacf_train,1,1,1473,315,317,2014-01-03,2018-01-14,2018-01-15,2018-11-25,2018-11-26,2019-10-08,"{""colsample_bytree"": 0.8, ""learning_rate"": 0.05, ""max_depth"": 3, ""n_estimators"": 100, ""subsample"": 0.8}",132,none,2,55.176551488485714,7.428092049004624,5.074669182175138,-0.0378238128849652,1.069278645235442,89.57014223050948,1.606593280396038,69.78798417692973,8.3539202879205,5.686264510686963,-0.061546958583371,1.1362179872070215,91.4423772527721,1.9433990027726955,5.387,daily,5,seed2,daily|R03|B_rich,-0.0823896050731038,5,linear,0.7000000000000001,7.474120866359899,0.6158,-0.0545147177644582,8.288019092628089,5.0,False,global,1.0,"{""0"": 0.7}",0.7,0.7,7.439999773587753
AR-LRX-Aug [linear],R03,B_rich,pacf_train,1,1,1473,315,317,2014-01-03,2018-01-14,2018-01-15,2018-11-25,2018-11-26,2019-10-08,"{""colsample_bytree"": 0.8, ""learning_rate"": 0.05, ""max_depth"": 5, ""n_estimators"": 300, ""subsample"": 0.8}",132,none,2,55.86248272495644,7.474120866359899,5.098668280401342,-0.0507255936597115,1.0759045232050122,89.90307176351305,1.534883973521318,68.69126047976773,8.288019092628089,5.640236283663765,-0.044864664075809,1.127254755468032,91.40346584251876,1.8249838135443173,6.206,daily,5,seed2,daily|R03|B_rich,-0.1007014920513877,5,linear,0.0,7.474120866359899,0.0,-0.1492156089648213,8.288019092628089,5.0,True,global,1.0,"{""0"": 0.0}",0.0,0.0,7.474120866359899
XGBoost,R03,B_rich,pacf_train,1,1,1473,315,317,2014-01-03,2018-01-14,2018-01-15,2018-11-25,2018-11-26,2019-10-08,"{""colsample_bytree"": 0.8, ""learning_rate"": 0.05, ""max_depth"": 3, ""n_estimators"": 100, ""subsample"": 0.8}",12,none,2,55.440251572736855,7.445821081166056,5.096694562548683,-0.0427837862706292,1.071830750859046,89.79479828660715,1.6351443577967535,70.41074080952296,8.391110820953502,5.706659829964459,-0.0710197269555161,1.1412762773426142,91.63259276940153,1.968017710126882,5.267,daily,5,seed2,daily|R03|B_rich,,5,,,,,,,,,,,,,,
"LR-XGB (residual, tanpa gerbang)",R03,B_rich,pacf_train,1,1,1473,315,317,2014-01-03,2018-01-14,2018-01-15,2018-11-25,2018-11-26,2019-10-08,"{""colsample_bytree"": 0.8, ""learning_rate"": 0.05, ""max_depth"": 3, ""n_estimators"": 100, ""subsample"": 0.8}",12,none,2,55.32626612872616,7.438162819455229,5.098177355703471,-0.0406398174120234,1.0707283391424185,89.79891902661278,1.6553866927548613,70.66313739148892,8.406136888695599,5.7270727677449145,-0.0748589383484619,1.1433199751344458,91.79034471505597,2.007234297083229,5.269,daily,5,seed2,daily|R03|B_rich,,5,,,,,,,5.0,,,,,,,
Naive,R06,A_lag1,pacf_train,1,1,1473,315,317,2014-01-03,2018-01-14,2018-01-15,2018-11-25,2018-11-26,2019-10-08,{},0,none,2,9.688604444444444,3.112652316665715,2.3900952380952383,-0.2610183509699195,0.8855540821438769,82.50612949788051,1.508581024997902,9.05630599369085,3.0093697004008746,2.3206940063091483,-0.2716879959630176,0.8359580036515833,78.61483989833405,1.431620528497761,0.0,daily,5,seed2,daily|R06|A_lag1,,5,,,,,,,,,,,,,,
SeasonalNaive(s=7),R06,A_lag1,pacf_train,1,1,1473,315,317,2014-01-03,2018-01-14,2018-01-15,2018-11-25,2018-11-26,2019-10-08,{},0,none,2,9.546223492063492,3.089696343018759,2.336063492063492,-0.2424867869236748,0.8790230744679456,83.76773845957486,1.4661327819832108,10.220126498422712,3.1968932572769324,2.403753943217666,-0.4351118650719232,0.8880492499424167,79.71016355745981,1.3420733814878152,0.0,daily,5,seed2,daily|R06|A_lag1,,5,,,,,,,,,,,,,,
S1 [linear],R06,A_lag1,pacf_train,1,1,1473,315,317,2014-01-03,2018-01-14,2018-01-15,2018-11-25,2018-11-26,2019-10-08,{},0,none,2,7.041915450053448,2.65366076393601,1.9937033643500504,0.0834609195354361,0.7549703221096851,67.28898489770721,1.5434353427329148,6.482149897726687,2.5460066570468127,1.8974653696979376,0.0897754317583048,0.7072426634803226,62.52055378314043,0.9984928028599572,0.008,daily,5,seed2,daily|R06|A_lag1,,5,linear,0.0,2.65366076393601,0.0,,2.5460066570468127,,,,,,,,
AR-LRX [linear],R06,A_lag1,pacf_train,1,1,1473,315,317,2014-01-03,2018-01-14,2018-01-15,2018-11-25,2018-11-26,2019-10-08,"{""colsample_bytree"": 0.8, ""learning_rate"": 0.05, ""max_depth"": 3, ""n_estimators"": 100, ""subsample"": 0.8}",132,none,2,7.041915450053448,2.65366076393601,1.9937033643500504,0.0834609195354361,0.7549703221096851,67.28898489770721,1.5434353427329148,6.482149897726687,2.5460066570468127,1.8974653696979376,0.0897754317583048,0.7072426634803226,62.52055378314043,0.9984928028599572,5.865,daily,5,seed2,daily|R06|A_lag1,-0.0443587901991702,5,linear,0.0,2.65366076393601,0.0,-0.0863000567699636,2.5460066570468127,5.0,,,,,,,
AR-LRX-g [linear],R06,A_lag1,pacf_train,1,1,1473,315,317,2014-01-03,2018-01-14,2018-01-15,2018-11-25,2018-11-26,2019-10-08,"{""colsample_bytree"": 0.8, ""learning_rate"": 0.05, ""max_depth"": 3, ""n_estimators"": 100, ""subsample"": 0.8}",132,none,2,7.041915450053448,2.65366076393601,1.9937033643500504,0.0834609195354361,0.7549703221096851,67.28898489770721,1.5434353427329148,6.482149897726687,2.5460066570468127,1.8974653696979376,0.0897754317583048,0.7072426634803226,62.52055378314043,0.9984928028599572,5.493,daily,5,seed2,daily|R06|A_lag1,-0.0443587901991702,5,linear,0.0,2.65366076393601,0.0,-0.0863000567699636,2.5460066570468127,5.0,False,global,1.0,"{""0"": 0.0}",0.0,0.0,2.65366076393601
AR-LRX-Aug [linear],R06,A_lag1,pacf_train,1,1,1473,315,317,2014-01-03,2018-01-14,2018-01-15,2018-11-25,2018-11-26,2019-10-08,"{""colsample_bytree"": 0.8, ""learning_rate"": 0.1, ""max_depth"": 3, ""n_estimators"": 100, ""subsample"": 0.8}",132,none,2,7.0281476651710655,2.6510653830434032,1.998931584004108,0.0852528627908805,0.754231932495188,67.4127665132792,1.545350534011563,6.470494700854182,2.543716710023776,1.8968174921901613,0.0914120564443164,0.7066065503628179,62.434809760001286,0.9965613412881532,5.581,daily,5,seed2,daily|R06|A_lag1,-0.055109302310444,5,linear,0.3,2.65366076393601,0.0978,-0.0741545211285412,2.5460066570468127,5.0,True,global,1.0,"{""0"": 0.3}",0.3,0.3,2.662338309838097
XGBoost,R06,A_lag1,pacf_train,1,1,1473,315,317,2014-01-03,2018-01-14,2018-01-15,2018-11-25,2018-11-26,2019-10-08,"{""colsample_bytree"": 0.8, ""learning_rate"": 0.05, ""max_depth"": 3, ""n_estimators"": 100, ""subsample"": 0.8}",12,none,2,7.218622173597202,2.686749369330381,2.0211347660337173,0.0604616916893435,0.7643840781602874,67.85567637891435,1.548375237225795,6.478887304674542,2.545365848885881,1.896131200008212,0.0902335656180722,0.7070646565339296,62.50359685285439,1.0126799911511044,5.303,daily,5,seed2,daily|R06|A_lag1,,5,,,,,,,,,,,,,,
"LR-XGB (residual, tanpa gerbang)",R06,A_lag1,pacf_train,1,1,1473,315,317,2014-01-03,2018-01-14,2018-01-15,2018-11-25,2018-11-26,2019-10-08,"{""colsample_bytree"": 0.8, ""learning_rate"": 0.05, ""max_depth"": 3, ""n_estimators"": 100, ""subsample"": 0.8}",12,none,2,7.233033599413527,2.689429976670433,2.0271390241365363,0.0585859754783832,0.7651467148222422,67.99978674340235,1.5498377929218394,6.46331838101427,2.542305721390382,1.897069265276757,0.0924197564714539,0.7062145987720946,62.53664703889965,1.0203952524101492,5.63,daily,5,seed2,daily|R06|A_lag1,,5,,,,,,,5.0,,,,,,,
Naive,R06,B_rich,pacf_train,1,1,1473,315,317,2014-01-03,2018-01-14,2018-01-15,2018-11-25,2018-11-26,2019-10-08,{},0,none,2,9.688604444444444,3.112652316665715,2.3900952380952383,-0.2610183509699195,0.8855540821438769,82.50612949788051,1.508581024997902,9.05630599369085,3.0093697004008746,2.3206940063091483,-0.2716879959630176,0.8359580036515833,78.61483989833405,1.431620528497761,0.0,daily,5,seed2,daily|R06|B_rich,,5,,,,,,,,,,,,,,
SeasonalNaive(s=7),R06,B_rich,pacf_train,1,1,1473,315,317,2014-01-03,2018-01-14,2018-01-15,2018-11-25,2018-11-26,2019-10-08,{},0,none,2,9.546223492063492,3.089696343018759,2.336063492063492,-0.2424867869236748,0.8790230744679456,83.76773845957486,1.4661327819832108,10.220126498422712,3.1968932572769324,2.403753943217666,-0.4351118650719232,0.8880492499424167,79.71016355745981,1.3420733814878152,0.0,daily,5,seed2,daily|R06|B_rich,,5,,,,,,,,,,,,,,
S1 [linear],R06,B_rich,pacf_train,1,1,1473,315,317,2014-01-03,2018-01-14,2018-01-15,2018-11-25,2018-11-26,2019-10-08,{},0,none,2,7.041915450053448,2.65366076393601,1.9937033643500504,0.0834609195354361,0.7549703221096851,67.28898489770721,1.5434353427329148,6.482149897726687,2.5460066570468127,1.8974653696979376,0.0897754317583048,0.7072426634803226,62.52055378314043,0.9984928028599572,0.006,daily,5,seed2,daily|R06|B_rich,,5,linear,0.0,2.65366076393601,0.0,,2.5460066570468127,,,,,,,,
AR-LRX [linear],R06,B_rich,pacf_train,1,1,1473,315,317,2014-01-03,2018-01-14,2018-01-15,2018-11-25,2018-11-26,2019-10-08,"{""colsample_bytree"": 0.8, ""learning_rate"": 0.05, ""max_depth"": 3, ""n_estimators"": 100, ""subsample"": 0.8}",132,none,2,7.041915450053448,2.65366076393601,1.9937033643500504,0.0834609195354361,0.7549703221096851,67.28898489770721,1.5434353427329148,6.482149897726687,2.5460066570468127,1.8974653696979376,0.0897754317583048,0.7072426634803226,62.52055378314043,0.9984928028599572,5.614,daily,5,seed2,daily|R06|B_rich,-0.0443587901991702,5,linear,0.0,2.65366076393601,0.0,-0.0863000567699636,2.5460066570468127,5.0,,,,,,,
AR-LRX-g [linear],R06,B_rich,pacf_train,1,1,1473,315,317,2014-01-03,2018-01-14,2018-01-15,2018-11-25,2018-11-26,2019-10-08,"{""colsample_bytree"": 0.8, ""learning_rate"": 0.05, ""max_depth"": 3, ""n_estimators"": 100, ""subsample"": 0.8}",132,none,2,7.041915450053448,2.65366076393601,1.9937033643500504,0.0834609195354361,0.7549703221096851,67.28898489770721,1.5434353427329148,6.482149897726687,2.5460066570468127,1.8974653696979376,0.0897754317583048,0.7072426634803226,62.52055378314043,0.9984928028599572,5.662,daily,5,seed2,daily|R06|B_rich,-0.0443587901991702,5,linear,0.0,2.65366076393601,0.0,-0.0863000567699636,2.5460066570468127,5.0,False,global,1.0,"{""0"": 0.0}",0.0,0.0,2.65366076393601
AR-LRX-Aug [linear],R06,B_rich,pacf_train,1,1,1473,315,317,2014-01-03,2018-01-14,2018-01-15,2018-11-25,2018-11-26,2019-10-08,"{""colsample_bytree"": 0.8, ""learning_rate"": 0.1, ""max_depth"": 3, ""n_estimators"": 100, ""subsample"": 0.8}",132,none,2,7.0281476651710655,2.6510653830434032,1.998931584004108,0.0852528627908805,0.754231932495188,67.4127665132792,1.545350534011563,6.470494700854182,2.543716710023776,1.8968174921901613,0.0914120564443164,0.7066065503628179,62.434809760001286,0.9965613412881532,5.911,daily,5,seed2,daily|R06|B_rich,-0.055109302310444,5,linear,0.3,2.65366076393601,0.0978,-0.0741545211285412,2.5460066570468127,5.0,True,global,1.0,"{""0"": 0.3}",0.3,0.3,2.662338309838097
XGBoost,R06,B_rich,pacf_train,1,1,1473,315,317,2014-01-03,2018-01-14,2018-01-15,2018-11-25,2018-11-26,2019-10-08,"{""colsample_bytree"": 0.8, ""learning_rate"": 0.05, ""max_depth"": 3, ""n_estimators"": 100, ""subsample"": 0.8}",12,none,2,7.218622173597202,2.686749369330381,2.0211347660337173,0.0604616916893435,0.7643840781602874,67.85567637891435,1.548375237225795,6.478887304674542,2.545365848885881,1.896131200008212,0.0902335656180722,0.7070646565339296,62.50359685285439,1.0126799911511044,5.737,daily,5,seed2,daily|R06|B_rich,,5,,,,,,,,,,,,,,
"LR-XGB (residual, tanpa gerbang)",R06,B_rich,pacf_train,1,1,1473,315,317,2014-01-03,2018-01-14,2018-01-15,2018-11-25,2018-11-26,2019-10-08,"{""colsample_bytree"": 0.8, ""learning_rate"": 0.05, ""max_depth"": 3, ""n_estimators"": 100, ""subsample"": 0.8}",12,none,2,7.233033599413527,2.689429976670433,2.0271390241365363,0.0585859754783832,0.7651467148222422,67.99978674340235,1.5498377929218394,6.46331838101427,2.542305721390382,1.897069265276757,0.0924197564714539,0.7062145987720946,62.53664703889965,1.0203952524101492,4.892,daily,5,seed2,daily|R06|B_rich,,5,,,,,,,5.0,,,,,,,
Naive,M01AB,A_lag1,pacf_train,1,2,210,45,45,2014-01-19,2018-01-21,2018-01-28,2018-12-02,2018-12-09,2019-10-13,{},0,none,2,116.87771555555555,10.810999748198848,8.296888888888889,-1.3783796475988883,0.3138819099371895,23.32963922164917,0.3176660823344512,119.25805777777776,10.92053376798853,8.319555555555553,-0.6164832561297386,0.2969670352242758,22.935915307261524,0.6606806987698898,0.0,weekly,2,seed2,weekly|M01AB|A_lag1,,5,,,,,,,,,,,,,,
SeasonalNaive(s=52),M01AB,A_lag1,pacf_train,1,2,210,45,45,2014-01-19,2018-01-21,2018-01-28,2018-12-02,2018-12-09,2019-10-13,{},0,none,2,129.6039682534853,11.384373863040746,8.50768518511111,-1.6373499762289798,0.330529007011177,24.06189369717972,0.3865061773117904,115.75853111111113,10.759113862726387,9.071777777777775,-0.5690489245092532,0.2925774704181673,26.511852462194813,0.5543948566692719,0.0,weekly,2,seed2,weekly|M01AB|A_lag1,,5,,,,,,,,,,,,,,
S1 [linear],M01AB,A_lag1,pacf_train,1,2,210,45,45,2014-01-19,2018-01-21,2018-01-28,2018-12-02,2018-12-09,2019-10-13,{},0,none,2,58.25809865115139,7.6326993030743315,6.062764552912976,-0.1855115021806272,0.2216045038410411,17.337583988198872,0.2288240041505057,76.0256622599075,8.71926959440454,6.422269794233635,-0.0304897829907042,0.2371070586642601,18.51808775832242,0.5814653539143978,0.005,weekly,2,seed2,weekly|M01AB|A_lag1,,5,linear,0.0,7.6326993030743315,0.0,,8.71926959440454,,,,,,,,
AR-LRX [linear],M01AB,A_lag1,pacf_train,1,2,210,45,45,2014-01-19,2018-01-21,2018-01-28,2018-12-02,2018-12-09,2019-10-13,"{""colsample_bytree"": 0.8, ""learning_rate"": 0.05, ""max_depth"": 3, ""n_estimators"": 100, ""subsample"": 0.8}",132,none,2,58.25809865115139,7.6326993030743315,6.062764552912976,-0.1855115021806272,0.2216045038410411,17.337583988198872,0.2288240041505057,76.0256622599075,8.71926959440454,6.422269794233635,-0.0304897829907042,0.2371070586642601,18.51808775832242,0.5814653539143978,4.9,weekly,2,seed2,weekly|M01AB|A_lag1,-0.0657969410672973,5,linear,0.0,7.6326993030743315,0.0,-0.1944813237740497,8.71926959440454,5.0,,,,,,,
AR-LRX-g [linear],M01AB,A_lag1,pacf_train,1,2,210,45,45,2014-01-19,2018-01-21,2018-01-28,2018-12-02,2018-12-09,2019-10-13,"{""colsample_bytree"": 0.8, ""learning_rate"": 0.05, ""max_depth"": 3, ""n_estimators"": 300, ""subsample"": 0.8}",132,none,2,58.25809865115139,7.6326993030743315,6.062764552912976,-0.1855115021806272,0.2216045038410411,17.337583988198872,0.2288240041505057,76.0256622599075,8.71926959440454,6.422269794233635,-0.0304897829907042,0.2371070586642601,18.51808775832242,0.5814653539143978,4.957,weekly,2,seed2,weekly|M01AB|A_lag1,-0.1212453729650577,5,linear,0.0,7.6326993030743315,0.0,-0.4804393665017576,8.71926959440454,5.0,False,global,1.0,"{""0"": 0.0}",0.0,0.0,7.6326993030743315
AR-LRX-Aug [linear],M01AB,A_lag1,pacf_train,1,2,210,45,45,2014-01-19,2018-01-21,2018-01-28,2018-12-02,2018-12-09,2019-10-13,"{""colsample_bytree"": 0.8, ""learning_rate"": 0.05, ""max_depth"": 3, ""n_estimators"": 500, ""subsample"": 0.8}",132,none,2,58.25809865115139,7.6326993030743315,6.062764552912976,-0.1855115021806272,0.2216045038410411,17.337583988198872,0.2288240041505057,76.0256622599075,8.71926959440454,6.422269794233635,-0.0304897829907042,0.2371070586642601,18.51808775832242,0.5814653539143978,5.311,weekly,2,seed2,weekly|M01AB|A_lag1,-0.2025108909367661,5,linear,0.0,7.6326993030743315,0.0,-0.3540271144698381,8.71926959440454,5.0,True,global,1.0,"{""0"": 0.0}",0.0,0.0,7.6326993030743315
XGBoost,M01AB,A_lag1,pacf_train,1,2,210,45,45,2014-01-19,2018-01-21,2018-01-28,2018-12-02,2018-12-09,2019-10-13,"{""colsample_bytree"": 0.8, ""learning_rate"": 0.05, ""max_depth"": 3, ""n_estimators"": 100, ""subsample"": 0.8}",12,none,2,65.79530487114809,8.111430507077534,6.138331705729166,-0.3388883695174549,0.2355037794084178,17.540741150434265,0.2330528001968385,77.28067138907454,8.790942576827273,6.543804911295572,-0.0475008033057315,0.2390560946315452,18.90965423480698,0.5845273869646416,5.085,weekly,2,seed2,weekly|M01AB|A_lag1,,5,,,,,,,,,,,,,,
"LR-XGB (residual, tanpa gerbang)",M01AB,A_lag1,pacf_train,1,2,210,45,45,2014-01-19,2018-01-21,2018-01-28,2018-12-02,2018-12-09,2019-10-13,"{""colsample_bytree"": 0.8, ""learning_rate"": 0.05, ""max_depth"": 3, ""n_estimators"": 100, ""subsample"": 0.8}",12,none,2,69.34401410538153,8.32730533278212,6.289426697748545,-0.411102116833,0.2417713961115633,18.067953530798743,0.2376446395590567,79.14749261629898,8.896487656165155,6.499933647170972,-0.0728046302523262,0.2419262299160822,18.696655534617825,0.5829662989159446,5.764,weekly,2,seed2,weekly|M01AB|A_lag1,,5,,,,,,,5.0,,,,,,,
Naive,M01AB,B_rich,pacf_train,3,2,210,45,45,2014-01-19,2018-01-21,2018-01-28,2018-12-02,2018-12-09,2019-10-13,{},0,none,2,116.87771555555555,10.810999748198848,8.296888888888889,-1.3783796475988883,0.3138819099371895,23.32963922164917,0.3176660823344512,119.25805777777776,10.92053376798853,8.319555555555553,-0.6164832561297386,0.2969670352242758,22.935915307261524,0.6606806987698898,0.0,weekly,2,seed2,weekly|M01AB|B_rich,,5,,,,,,,,,,,,,,
SeasonalNaive(s=52),M01AB,B_rich,pacf_train,3,2,210,45,45,2014-01-19,2018-01-21,2018-01-28,2018-12-02,2018-12-09,2019-10-13,{},0,none,2,129.6039682534853,11.384373863040746,8.50768518511111,-1.6373499762289798,0.330529007011177,24.06189369717972,0.3865061773117904,115.75853111111113,10.759113862726387,9.071777777777775,-0.5690489245092532,0.2925774704181673,26.511852462194813,0.5543948566692719,0.0,weekly,2,seed2,weekly|M01AB|B_rich,,5,,,,,,,,,,,,,,
S1 [linear],M01AB,B_rich,pacf_train,3,2,210,45,45,2014-01-19,2018-01-21,2018-01-28,2018-12-02,2018-12-09,2019-10-13,{},0,none,2,53.0614683834258,7.284330331844225,5.794794692892386,-0.0797637160769535,0.2114901091875053,16.615655355185332,0.2185907443432074,75.19148156849673,8.671302184129944,6.475317760284488,-0.019182881424649,0.2358026590882624,18.69895700095755,0.5749275958283854,0.006,weekly,2,seed2,weekly|M01AB|B_rich,,5,linear,0.0,7.284330331844225,0.0,,8.671302184129944,,,,,,,,
AR-LRX [linear],M01AB,B_rich,pacf_train,3,2,210,45,45,2014-01-19,2018-01-21,2018-01-28,2018-12-02,2018-12-09,2019-10-13,"{""colsample_bytree"": 0.8, ""learning_rate"": 0.05, ""max_depth"": 3, ""n_estimators"": 100, ""subsample"": 0.8}",132,none,2,53.0614683834258,7.284330331844225,5.794794692892386,-0.0797637160769535,0.2114901091875053,16.615655355185332,0.2185907443432074,75.19148156849673,8.671302184129944,6.475317760284488,-0.019182881424649,0.2358026590882624,18.69895700095755,0.5749275958283854,5.363,weekly,2,seed2,weekly|M01AB|B_rich,-0.1808480843460531,5,linear,0.0,7.284330331844225,0.0,-0.2077993048419015,8.671302184129944,5.0,,,,,,,
AR-LRX-g [linear],M01AB,B_rich,pacf_train,3,2,210,45,45,2014-01-19,2018-01-21,2018-01-28,2018-12-02,2018-12-09,2019-10-13,"{""colsample_bytree"": 0.8, ""learning_rate"": 0.05, ""max_depth"": 3, ""n_estimators"": 100, ""subsample"": 0.8}",132,none,2,53.0614683834258,7.284330331844225,5.794794692892386,-0.0797637160769535,0.2114901091875053,16.615655355185332,0.2185907443432074,75.19148156849673,8.671302184129944,6.475317760284488,-0.019182881424649,0.2358026590882624,18.69895700095755,0.5749275958283854,5.605,weekly,2,seed2,weekly|M01AB|B_rich,-0.1808480843460531,5,linear,0.0,7.284330331844225,0.0,-0.2077993048419015,8.671302184129944,5.0,False,global,1.0,"{""0"": 0.0}",0.0,0.0,7.284330331844225
AR-LRX-Aug [linear],M01AB,B_rich,pacf_train,3,2,210,45,45,2014-01-19,2018-01-21,2018-01-28,2018-12-02,2018-12-09,2019-10-13,"{""colsample_bytree"": 0.8, ""learning_rate"": 0.1, ""max_depth"": 3, ""n_estimators"": 100, ""subsample"": 0.8}",132,none,2,52.995883670902266,7.279827173147881,5.7624881318034085,-0.0784291131142063,0.2113593664176154,16.52113730106829,0.2185772581534139,74.24457357260674,8.616529090800237,6.431389225515138,-0.0063480176932295,0.2343131894815783,18.583046238787308,0.5679361827771053,5.521,weekly,2,seed2,weekly|M01AB|B_rich,-0.0127694922539665,5,linear,0.0999999999999999,7.284330331844225,0.0618,-0.1371328057674929,8.671302184129944,5.0,True,global,1.0,"{""0"": 0.1}",0.1,0.1,7.279827173147881
XGBoost,M01AB,B_rich,pacf_train,3,2,210,45,45,2014-01-19,2018-01-21,2018-01-28,2018-12-02,2018-12-09,2019-10-13,"{""colsample_bytree"": 0.8, ""learning_rate"": 0.05, ""max_depth"": 3, ""n_estimators"": 100, ""subsample"": 0.8}",12,none,2,62.39571529727455,7.899095853151457,6.255661716037325,-0.269709102843245,0.2293389465277887,17.842812558841477,0.2330505653511505,81.8801780796673,9.048766660692898,6.852128897772895,-0.1098448133486764,0.2460672220564176,19.85172434507976,0.5453366608333998,5.292,weekly,2,seed2,weekly|M01AB|B_rich,,5,,,,,,,,,,,,,,
"LR-XGB (residual, tanpa gerbang)",M01AB,B_rich,pacf_train,3,2,210,45,45,2014-01-19,2018-01-21,2018-01-28,2018-12-02,2018-12-09,2019-10-13,"{""colsample_bytree"": 0.8, ""learning_rate"": 0.05, ""max_depth"": 3, ""n_estimators"": 100, ""subsample"": 0.8}",12,none,2,63.94900639830561,7.996812264790615,6.318265624643841,-0.3013174887868661,0.2321760027327541,18.19652187218512,0.2305487070272631,88.1315442048303,9.387840231109086,7.118570443657318,-0.1945789508783388,0.2552878036752913,20.680731025367606,0.5792993283960727,5.28,weekly,2,seed2,weekly|M01AB|B_rich,,5,,,,,,,5.0,,,,,,,
Naive,M01AE,A_lag1,pacf_train,1,1,210,45,46,2014-01-12,2018-01-14,2018-01-21,2018-11-25,2018-12-02,2019-10-13,{},0,none,2,45.908203888888885,6.775559304506816,5.505622222222224,-0.5028531878042071,0.2521991261150493,20.14832613520521,0.2609274473557304,99.00320602173912,9.9500354784161,7.71463043478261,0.0553625698283433,0.3759201938377401,30.265748716527487,0.717837483642111,0.0,weekly,2,seed2,weekly|M01AE|A_lag1,,5,,,,,,,,,,,,,,
SeasonalNaive(s=52),M01AE,A_lag1,pacf_train,1,1,210,45,46,2014-01-12,2018-01-14,2018-01-21,2018-11-25,2018-12-02,2019-10-13,{},0,none,2,57.89583167521637,7.608931046817047,5.929825926,-0.8952807520908783,0.2832187978047084,22.669814585063577,0.2870582277992738,110.82956356521738,10.527562090304544,7.920347826086957,-0.0574784223685096,0.3977396050708463,29.493879602230432,0.6388227637679597,0.0,weekly,2,seed2,weekly|M01AE|A_lag1,,5,,,,,,,,,,,,,,
S1 [linear],M01AE,A_lag1,pacf_train,1,1,210,45,46,2014-01-12,2018-01-14,2018-01-21,2018-11-25,2018-12-02,2019-10-13,{},0,none,2,28.86272463150085,5.372403989975144,4.376200802707008,0.0551484474071438,0.1999710327245609,16.335850128153716,0.2131124701590943,85.1469526480301,9.227510641989534,7.280131693320726,0.1875717790520701,0.3486226352359398,27.57759171854261,0.6299231042993104,0.008,weekly,2,seed2,weekly|M01AE|A_lag1,,5,linear,0.0,5.372403989975144,0.0,,9.227510641989534,,,,,,,,
AR-LRX [linear],M01AE,A_lag1,pacf_train,1,1,210,45,46,2014-01-12,2018-01-14,2018-01-21,2018-11-25,2018-12-02,2019-10-13,"{""colsample_bytree"": 0.8, ""learning_rate"": 0.05, ""max_depth"": 3, ""n_estimators"": 100, ""subsample"": 0.8}",132,none,2,28.717144954020853,5.358838022745309,4.358894823226236,0.0599141507857784,0.1994660817785933,16.25796957776644,0.2084189555195935,84.79818300078132,9.208592889295376,7.243197515928111,0.1908995587931284,0.347907907607562,27.473600733092702,0.6304469580943552,4.975,weekly,2,seed2,weekly|M01AE|A_lag1,-0.018691511250934,5,linear,0.2,5.372403989975144,0.2525,-0.0994095045624092,9.227510641989534,5.0,,,,,,,
AR-LRX-g [linear],M01AE,A_lag1,pacf_train,1,1,210,45,46,2014-01-12,2018-01-14,2018-01-21,2018-11-25,2018-12-02,2019-10-13,"{""colsample_bytree"": 0.8, ""learning_rate"": 0.05, ""max_depth"": 3, ""n_estimators"": 100, ""subsample"": 0.8}",132,none,2,28.717144954020853,5.358838022745309,4.358894823226236,0.0599141507857784,0.1994660817785933,16.25796957776644,0.2084189555195935,84.79818298019919,9.208592888177824,7.243197515290357,0.1908995589895125,0.34790790756534,27.473600730344906,0.6304469580194205,4.797,weekly,2,seed2,weekly|M01AE|A_lag1,-0.018691511250934,5,linear,0.1999999999999999,5.372403989975144,0.2525,-0.0994095045624092,9.227510641989534,5.0,False,global,1.0,"{""0"": 0.2}",0.2,0.2,5.812159469293392
AR-LRX-Aug [linear],M01AE,A_lag1,pacf_train,1,1,210,45,46,2014-01-12,2018-01-14,2018-01-21,2018-11-25,2018-12-02,2019-10-13,"{""colsample_bytree"": 0.8, ""learning_rate"": 0.05, ""max_depth"": 3, ""n_estimators"": 300, ""subsample"": 0.8}",132,none,2,28.770561502946425,5.363819674723081,4.293684410063357,0.0581655040509031,0.1996515082827297,16.016221743206025,0.211614858911123,84.61826849777457,9.198818864276792,7.255560926663129,0.1926162100067626,0.3475386372278201,27.498862500974813,0.6252439341434266,5.362,weekly,2,seed2,weekly|M01AE|A_lag1,-0.0001885414613744,5,linear,0.0999999999999999,5.372403989975144,0.1598,-0.3310833344154347,9.227510641989534,5.0,True,global,1.0,"{""0"": 0.1}",0.1,0.1,5.372926707730647
XGBoost,M01AE,A_lag1,pacf_train,1,1,210,45,46,2014-01-12,2018-01-14,2018-01-21,2018-11-25,2018-12-02,2019-10-13,"{""colsample_bytree"": 0.8, ""learning_rate"": 0.05, ""max_depth"": 3, ""n_estimators"": 100, ""subsample"": 0.8}",12,none,2,32.10522159013431,5.666146979220916,4.422435629611544,-0.0509980902034716,0.2109047020883476,16.359936473815043,0.207902293861989,94.50784917790476,9.721514757377308,7.502885467197583,0.0982549417756901,0.3672865006277821,28.204548667047582,0.6291142222159196,4.725,weekly,2,seed2,weekly|M01AE|A_lag1,,5,,,,,,,,,,,,,,
"LR-XGB (residual, tanpa gerbang)",M01AE,A_lag1,pacf_train,1,1,210,45,46,2014-01-12,2018-01-14,2018-01-21,2018-11-25,2018-12-02,2019-10-13,"{""colsample_bytree"": 0.8, ""learning_rate"": 0.05, ""max_depth"": 3, ""n_estimators"": 100, ""subsample"": 0.8}",12,none,2,31.4956681326652,5.612100153477769,4.419218884126431,-0.0310437186730216,0.2088929770618029,16.32471324624507,0.2027638445771205,86.0807114697799,9.277969145765676,7.304850213478198,0.178662334911603,0.3505289973349932,27.595816620210428,0.6360303464238447,4.88,weekly,2,seed2,weekly|M01AE|A_lag1,,5,,,,,,,5.0,,,,,,,
Naive,M01AE,B_rich,pacf_train,1,1,210,45,46,2014-01-12,2018-01-14,2018-01-21,2018-11-25,2018-12-02,2019-10-13,{},0,none,2,45.908203888888885,6.775559304506816,5.505622222222224,-0.5028531878042071,0.2521991261150493,20.14832613520521,0.2609274473557304,99.00320602173912,9.9500354784161,7.71463043478261,0.0553625698283433,0.3759201938377401,30.265748716527487,0.717837483642111,0.0,weekly,2,seed2,weekly|M01AE|B_rich,,5,,,,,,,,,,,,,,
SeasonalNaive(s=52),M01AE,B_rich,pacf_train,1,1,210,45,46,2014-01-12,2018-01-14,2018-01-21,2018-11-25,2018-12-02,2019-10-13,{},0,none,2,57.89583167521637,7.608931046817047,5.929825926,-0.8952807520908783,0.2832187978047084,22.669814585063577,0.2870582277992738,110.82956356521738,10.527562090304544,7.920347826086957,-0.0574784223685096,0.3977396050708463,29.493879602230432,0.6388227637679597,0.0,weekly,2,seed2,weekly|M01AE|B_rich,,5,,,,,,,,,,,,,,
S1 [linear],M01AE,B_rich,pacf_train,1,1,210,45,46,2014-01-12,2018-01-14,2018-01-21,2018-11-25,2018-12-02,2019-10-13,{},0,none,2,28.86272463150085,5.372403989975144,4.376200802707008,0.0551484474071438,0.1999710327245609,16.335850128153716,0.2131124701590943,85.1469526480301,9.227510641989534,7.280131693320726,0.1875717790520701,0.3486226352359398,27.57759171854261,0.6299231042993104,0.008,weekly,2,seed2,weekly|M01AE|B_rich,,5,linear,0.0,5.372403989975144,0.0,,9.227510641989534,,,,,,,,
AR-LRX [linear],M01AE,B_rich,pacf_train,1,1,210,45,46,2014-01-12,2018-01-14,2018-01-21,2018-11-25,2018-12-02,2019-10-13,"{""colsample_bytree"": 0.8, ""learning_rate"": 0.05, ""max_depth"": 3, ""n_estimators"": 100, ""subsample"": 0.8}",132,none,2,28.717144954020853,5.358838022745309,4.358894823226236,0.0599141507857784,0.1994660817785933,16.25796957776644,0.2084189555195935,84.79818300078132,9.208592889295376,7.243197515928111,0.1908995587931284,0.347907907607562,27.473600733092702,0.6304469580943552,5.073,weekly,2,seed2,weekly|M01AE|B_rich,-0.018691511250934,5,linear,0.2,5.372403989975144,0.2525,-0.0994095045624092,9.227510641989534,5.0,,,,,,,
AR-LRX-g [linear],M01AE,B_rich,pacf_train,1,1,210,45,46,2014-01-12,2018-01-14,2018-01-21,2018-11-25,2018-12-02,2019-10-13,"{""colsample_bytree"": 0.8, ""learning_rate"": 0.05, ""max_depth"": 3, ""n_estimators"": 100, ""subsample"": 0.8}",132,none,2,28.717144954020853,5.358838022745309,4.358894823226236,0.0599141507857784,0.1994660817785933,16.25796957776644,0.2084189555195935,84.79818298019919,9.208592888177824,7.243197515290357,0.1908995589895125,0.34790790756534,27.473600730344906,0.6304469580194205,4.633,weekly,2,seed2,weekly|M01AE|B_rich,-0.018691511250934,5,linear,0.1999999999999999,5.372403989975144,0.2525,-0.0994095045624092,9.227510641989534,5.0,False,global,1.0,"{""0"": 0.2}",0.2,0.2,5.812159469293392
AR-LRX-Aug [linear],M01AE,B_rich,pacf_train,1,1,210,45,46,2014-01-12,2018-01-14,2018-01-21,2018-11-25,2018-12-02,2019-10-13,"{""colsample_bytree"": 0.8, ""learning_rate"": 0.05, ""max_depth"": 3, ""n_estimators"": 300, ""subsample"": 0.8}",132,none,2,28.770561502946425,5.363819674723081,4.293684410063357,0.0581655040509031,0.1996515082827297,16.016221743206025,0.211614858911123,84.61826849777457,9.198818864276792,7.255560926663129,0.1926162100067626,0.3475386372278201,27.498862500974813,0.6252439341434266,4.694,weekly,2,seed2,weekly|M01AE|B_rich,-0.0001885414613744,5,linear,0.0999999999999999,5.372403989975144,0.1598,-0.3310833344154347,9.227510641989534,5.0,True,global,1.0,"{""0"": 0.1}",0.1,0.1,5.372926707730647
XGBoost,M01AE,B_rich,pacf_train,1,1,210,45,46,2014-01-12,2018-01-14,2018-01-21,2018-11-25,2018-12-02,2019-10-13,"{""colsample_bytree"": 0.8, ""learning_rate"": 0.05, ""max_depth"": 3, ""n_estimators"": 100, ""subsample"": 0.8}",12,none,2,32.10522159013431,5.666146979220916,4.422435629611544,-0.0509980902034716,0.2109047020883476,16.359936473815043,0.207902293861989,94.50784917790476,9.721514757377308,7.502885467197583,0.0982549417756901,0.3672865006277821,28.204548667047582,0.6291142222159196,4.679,weekly,2,seed2,weekly|M01AE|B_rich,,5,,,,,,,,,,,,,,
"LR-XGB (residual, tanpa gerbang)",M01AE,B_rich,pacf_train,1,1,210,45,46,2014-01-12,2018-01-14,2018-01-21,2018-11-25,2018-12-02,2019-10-13,"{""colsample_bytree"": 0.8, ""learning_rate"": 0.05, ""max_depth"": 3, ""n_estimators"": 100, ""subsample"": 0.8}",12,none,2,31.4956681326652,5.612100153477769,4.419218884126431,-0.0310437186730216,0.2088929770618029,16.32471324624507,0.2027638445771205,86.0807114697799,9.277969145765676,7.304850213478198,0.178662334911603,0.3505289973349932,27.595816620210428,0.6360303464238447,4.987,weekly,2,seed2,weekly|M01AE|B_rich,,5,,,,,,,5.0,,,,,,,
Naive,N02BA,A_lag1,pacf_train,1,1,210,45,46,2014-01-12,2018-01-14,2018-01-21,2018-11-25,2018-12-02,2019-10-13,{},0,none,2,49.19444444444444,7.01387513750027,5.391111111111111,-0.5938228589736254,0.3180094520780979,25.109810773395424,0.3725147465421816,38.93119565217392,6.2394868100007965,5.060869565217392,-0.3633468510784168,0.2954211242448012,25.279798597319925,0.73400085945753,0.0,weekly,2,seed2,weekly|N02BA|A_lag1,,5,,,,,,,,,,,,,,
SeasonalNaive(s=52),N02BA,A_lag1,pacf_train,1,1,210,45,46,2014-01-12,2018-01-14,2018-01-21,2018-11-25,2018-12-02,2019-10-13,{},0,none,2,65.91587345219507,8.118859122573507,6.734814814666667,-1.1355709382177106,0.368109481628018,30.532345050571653,0.437846578175141,51.94179347826088,7.207065524765325,5.744565217391305,-0.8189700930492263,0.3412330957122175,27.667323161502104,0.8050507911847538,0.0,weekly,2,seed2,weekly|N02BA|A_lag1,,5,,,,,,,,,,,,,,
S1 [linear],N02BA,A_lag1,pacf_train,1,1,210,45,46,2014-01-12,2018-01-14,2018-01-21,2018-11-25,2018-12-02,2019-10-13,{},0,none,2,55.76310318721868,7.467469664298522,6.280953746808672,-0.806637102030147,0.3385754507742403,27.31280964135922,0.4743527058695995,47.144018591692,6.866150201655364,5.402531053338721,-0.6509549274676998,0.325091770136531,25.549350364411723,0.9667978071238208,0.006,weekly,2,seed2,weekly|N02BA|A_lag1,,5,linear,0.0,7.467469664298522,0.0,,6.866150201655364,,,,,,,,
AR-LRX [linear],N02BA,A_lag1,pacf_train,1,1,210,45,46,2014-01-12,2018-01-14,2018-01-21,2018-11-25,2018-12-02,2019-10-13,"{""colsample_bytree"": 0.8, ""learning_rate"": 0.1, ""max_depth"": 3, ""n_estimators"": 500, ""subsample"": 0.8}",132,none,2,55.142728712823725,7.425815020105452,6.27840743532423,-0.7865379418591028,0.3366868271080557,27.27558587477112,0.4665180465423912,47.03885577475789,6.858487863571524,5.396417814351443,-0.6472721894239315,0.3247289812405847,25.525974466220624,0.9395100337682224,5.27,weekly,2,seed2,weekly|N02BA|A_lag1,-1.4450578081980407,5,linear,0.1,7.467469664298522,0.5578,-2.1134151764997844,6.866150201655364,5.0,,,,,,,
AR-LRX-g [linear],N02BA,A_lag1,pacf_train,1,1,210,45,46,2014-01-12,2018-01-14,2018-01-21,2018-11-25,2018-12-02,2019-10-13,"{""colsample_bytree"": 0.8, ""learning_rate"": 0.1, ""max_depth"": 5, ""n_estimators"": 500, ""subsample"": 0.8}",132,none,2,55.29047693918308,7.435756648733408,6.289158151605736,-0.7913247527115006,0.337137581050885,27.296798634777964,0.4659712031817018,47.15122013293276,6.866674605144237,5.396501193070041,-0.6512071210725721,0.3251165990804743,25.52172150960465,0.9355339052234192,5.405,weekly,2,seed2,weekly|N02BA|A_lag1,-1.9887125352709023,5,linear,0.0999999999999999,7.467469664298522,0.4247,-2.91389635195673,6.866150201655364,5.0,False,global,1.0,"{""0"": 0.1}",0.1,0.1,7.473061041521722
AR-LRX-Aug [linear],N02BA,A_lag1,pacf_train,1,1,210,45,46,2014-01-12,2018-01-14,2018-01-21,2018-11-25,2018-12-02,2019-10-13,"{""colsample_bytree"": 0.8, ""learning_rate"": 0.05, ""max_depth"": 3, ""n_estimators"": 100, ""subsample"": 0.8}",132,none,2,55.76310318721868,7.467469664298522,6.280953746808672,-0.806637102030147,0.3385754507742403,27.31280964135922,0.4743527058695995,47.144018591692,6.866150201655364,5.402531053338721,-0.6509549274676998,0.325091770136531,25.549350364411723,0.9667978071238208,4.72,weekly,2,seed2,weekly|N02BA|A_lag1,-1.3288166627591045,5,linear,0.0,7.467469664298522,0.0,-1.84034670158946,6.866150201655364,5.0,True,global,1.0,"{""0"": 0.0}",0.0,0.0,7.467469664298522
XGBoost,N02BA,A_lag1,pacf_train,1,1,210,45,46,2014-01-12,2018-01-14,2018-01-21,2018-11-25,2018-12-02,2019-10-13,"{""colsample_bytree"": 0.8, ""learning_rate"": 0.05, ""max_depth"": 3, ""n_estimators"": 100, ""subsample"": 0.8}",12,none,2,64.1610248871377,8.010057733071447,6.669601330227324,-1.0787165964599923,0.3631764211468162,28.435067208477584,0.4871374476685316,50.83254875512729,7.129694857083807,5.538708910734757,-0.7801250158553259,0.3375698249455562,25.92056649212566,0.959178672178754,4.614,weekly,2,seed2,weekly|N02BA|A_lag1,,5,,,,,,,,,,,,,,
"LR-XGB (residual, tanpa gerbang)",N02BA,A_lag1,pacf_train,1,1,210,45,46,2014-01-12,2018-01-14,2018-01-21,2018-11-25,2018-12-02,2019-10-13,"{""colsample_bytree"": 0.8, ""learning_rate"": 0.05, ""max_depth"": 3, ""n_estimators"": 100, ""subsample"": 0.8}",12,none,2,63.80622284920064,7.987879746791425,6.478266239832851,-1.067221566790268,0.3621708701316011,27.562829692413825,0.4767330111007806,46.865197657791775,6.84581606952683,5.171648342251812,-0.6411907875310838,0.3241290095190511,24.39434193410992,0.8769453794834198,5.156,weekly,2,seed2,weekly|N02BA|A_lag1,,5,,,,,,,5.0,,,,,,,
Naive,N02BA,B_rich,pacf_train,1,1,210,45,46,2014-01-12,2018-01-14,2018-01-21,2018-11-25,2018-12-02,2019-10-13,{},0,none,2,49.19444444444444,7.01387513750027,5.391111111111111,-0.5938228589736254,0.3180094520780979,25.109810773395424,0.3725147465421816,38.93119565217392,6.2394868100007965,5.060869565217392,-0.3633468510784168,0.2954211242448012,25.279798597319925,0.73400085945753,0.0,weekly,2,seed2,weekly|N02BA|B_rich,,5,,,,,,,,,,,,,,
SeasonalNaive(s=52),N02BA,B_rich,pacf_train,1,1,210,45,46,2014-01-12,2018-01-14,2018-01-21,2018-11-25,2018-12-02,2019-10-13,{},0,none,2,65.91587345219507,8.118859122573507,6.734814814666667,-1.1355709382177106,0.368109481628018,30.532345050571653,0.437846578175141,51.94179347826088,7.207065524765325,5.744565217391305,-0.8189700930492263,0.3412330957122175,27.667323161502104,0.8050507911847538,0.0,weekly,2,seed2,weekly|N02BA|B_rich,,5,,,,,,,,,,,,,,
S1 [linear],N02BA,B_rich,pacf_train,1,1,210,45,46,2014-01-12,2018-01-14,2018-01-21,2018-11-25,2018-12-02,2019-10-13,{},0,none,2,55.76310318721868,7.467469664298522,6.280953746808672,-0.806637102030147,0.3385754507742403,27.31280964135922,0.4743527058695995,47.144018591692,6.866150201655364,5.402531053338721,-0.6509549274676998,0.325091770136531,25.549350364411723,0.9667978071238208,0.007,weekly,2,seed2,weekly|N02BA|B_rich,,5,linear,0.0,7.467469664298522,0.0,,6.866150201655364,,,,,,,,
AR-LRX [linear],N02BA,B_rich,pacf_train,1,1,210,45,46,2014-01-12,2018-01-14,2018-01-21,2018-11-25,2018-12-02,2019-10-13,"{""colsample_bytree"": 0.8, ""learning_rate"": 0.1, ""max_depth"": 3, ""n_estimators"": 500, ""subsample"": 0.8}",132,none,2,55.142728712823725,7.425815020105452,6.27840743532423,-0.7865379418591028,0.3366868271080557,27.27558587477112,0.4665180465423912,47.03885577475789,6.858487863571524,5.396417814351443,-0.6472721894239315,0.3247289812405847,25.525974466220624,0.9395100337682224,5.086,weekly,2,seed2,weekly|N02BA|B_rich,-1.4450578081980407,5,linear,0.1,7.467469664298522,0.5578,-2.1134151764997844,6.866150201655364,5.0,,,,,,,
AR-LRX-g [linear],N02BA,B_rich,pacf_train,1,1,210,45,46,2014-01-12,2018-01-14,2018-01-21,2018-11-25,2018-12-02,2019-10-13,"{""colsample_bytree"": 0.8, ""learning_rate"": 0.1, ""max_depth"": 5, ""n_estimators"": 500, ""subsample"": 0.8}",132,none,2,55.29047693918308,7.435756648733408,6.289158151605736,-0.7913247527115006,0.337137581050885,27.296798634777964,0.4659712031817018,47.15122013293276,6.866674605144237,5.396501193070041,-0.6512071210725721,0.3251165990804743,25.52172150960465,0.9355339052234192,5.65,weekly,2,seed2,weekly|N02BA|B_rich,-1.9887125352709023,5,linear,0.0999999999999999,7.467469664298522,0.4247,-2.91389635195673,6.866150201655364,5.0,False,global,1.0,"{""0"": 0.1}",0.1,0.1,7.473061041521722
AR-LRX-Aug [linear],N02BA,B_rich,pacf_train,1,1,210,45,46,2014-01-12,2018-01-14,2018-01-21,2018-11-25,2018-12-02,2019-10-13,"{""colsample_bytree"": 0.8, ""learning_rate"": 0.05, ""max_depth"": 3, ""n_estimators"": 100, ""subsample"": 0.8}",132,none,2,55.76310318721868,7.467469664298522,6.280953746808672,-0.806637102030147,0.3385754507742403,27.31280964135922,0.4743527058695995,47.144018591692,6.866150201655364,5.402531053338721,-0.6509549274676998,0.325091770136531,25.549350364411723,0.9667978071238208,4.982,weekly,2,seed2,weekly|N02BA|B_rich,-1.3288166627591045,5,linear,0.0,7.467469664298522,0.0,-1.84034670158946,6.866150201655364,5.0,True,global,1.0,"{""0"": 0.0}",0.0,0.0,7.467469664298522
XGBoost,N02BA,B_rich,pacf_train,1,1,210,45,46,2014-01-12,2018-01-14,2018-01-21,2018-11-25,2018-12-02,2019-10-13,"{""colsample_bytree"": 0.8, ""learning_rate"": 0.05, ""max_depth"": 3, ""n_estimators"": 100, ""subsample"": 0.8}",12,none,2,64.1610248871377,8.010057733071447,6.669601330227324,-1.0787165964599923,0.3631764211468162,28.435067208477584,0.4871374476685316,50.83254875512729,7.129694857083807,5.538708910734757,-0.7801250158553259,0.3375698249455562,25.92056649212566,0.959178672178754,5.036,weekly,2,seed2,weekly|N02BA|B_rich,,5,,,,,,,,,,,,,,
"LR-XGB (residual, tanpa gerbang)",N02BA,B_rich,pacf_train,1,1,210,45,46,2014-01-12,2018-01-14,2018-01-21,2018-11-25,2018-12-02,2019-10-13,"{""colsample_bytree"": 0.8, ""learning_rate"": 0.05, ""max_depth"": 3, ""n_estimators"": 100, ""subsample"": 0.8}",12,none,2,63.80622284920064,7.987879746791425,6.478266239832851,-1.067221566790268,0.3621708701316011,27.562829692413825,0.4767330111007806,46.865197657791775,6.84581606952683,5.171648342251812,-0.6411907875310838,0.3241290095190511,24.39434193410992,0.8769453794834198,5.209,weekly,2,seed2,weekly|N02BA|B_rich,,5,,,,,,,5.0,,,,,,,
Naive,N02BE,A_lag1,pacf_train,1,1,210,45,46,2014-01-12,2018-01-14,2018-01-21,2018-11-25,2018-12-02,2019-10-13,{},0,none,2,1680.9681508666667,40.999611594095214,33.66975555555555,0.5778299809887086,0.1966083430644854,16.091032387206173,0.1901027589132943,2872.5362513913046,53.59604697541886,41.5418695652174,0.6070022317317492,0.2638605401116403,20.08585888444381,0.3344249193079274,0.0,weekly,2,seed2,weekly|N02BE|A_lag1,,5,,,,,,,,,,,,,,
SeasonalNaive(s=52),N02BE,A_lag1,pacf_train,1,1,210,45,46,2014-01-12,2018-01-14,2018-01-21,2018-11-25,2018-12-02,2019-10-13,{},0,none,2,4928.619016884084,70.20412393074986,52.44873333333334,-0.2378076187729074,0.3366548107569486,28.57719475004721,0.2851328006650804,3827.384787608696,61.86586124518672,46.530130434782606,0.4763673812278127,0.3045739468456235,22.53129637433621,0.3785512957226687,0.0,weekly,2,seed2,weekly|N02BE|A_lag1,,5,,,,,,,,,,,,,,
S1 [linear],N02BE,A_lag1,pacf_train,1,1,210,45,46,2014-01-12,2018-01-14,2018-01-21,2018-11-25,2018-12-02,2019-10-13,{},0,none,2,1499.4320458283644,38.72250051105125,31.647842601792338,0.6234222195303742,0.1856887509121654,15.244489991691704,0.1862344902896344,2636.4831549119726,51.34669565718882,39.33803413707109,0.6392971557955466,0.252786681362296,19.063345346674403,0.3279954691336632,0.005,weekly,2,seed2,weekly|N02BE|A_lag1,,5,linear,0.0,38.72250051105125,0.0,,51.34669565718882,,,,,,,,
AR-LRX [linear],N02BE,A_lag1,pacf_train,1,1,210,45,46,2014-01-12,2018-01-14,2018-01-21,2018-11-25,2018-12-02,2019-10-13,"{""colsample_bytree"": 0.8, ""learning_rate"": 0.05, ""max_depth"": 3, ""n_estimators"": 100, ""subsample"": 0.8}",132,none,2,1499.4320458283644,38.72250051105125,31.647842601792338,0.6234222195303742,0.1856887509121654,15.244489991691704,0.1862344902896344,2636.4831549119726,51.34669565718882,39.33803413707109,0.6392971557955466,0.252786681362296,19.063345346674403,0.3279954691336632,4.724,weekly,2,seed2,weekly|N02BE|A_lag1,0.045861655075574,5,linear,0.0,38.72250051105125,0.0,-0.7131933964083175,51.34669565718882,5.0,,,,,,,
AR-LRX-g [linear],N02BE,A_lag1,pacf_train,1,1,210,45,46,2014-01-12,2018-01-14,2018-01-21,2018-11-25,2018-12-02,2019-10-13,"{""colsample_bytree"": 0.8, ""learning_rate"": 0.05, ""max_depth"": 3, ""n_estimators"": 100, ""subsample"": 0.8}",132,none,2,1499.4320458283644,38.72250051105125,31.647842601792338,0.6234222195303742,0.1856887509121654,15.244489991691704,0.1862344902896344,2636.4831549119726,51.34669565718882,39.33803413707109,0.6392971557955466,0.252786681362296,19.063345346674403,0.3279954691336632,4.43,weekly,2,seed2,weekly|N02BE|A_lag1,0.045861655075574,5,linear,0.0,38.72250051105125,0.0,-0.7131933964083175,51.34669565718882,5.0,False,global,1.0,"{""0"": 0.0}",0.0,0.0,39.48196542408812
AR-LRX-Aug [linear],N02BE,A_lag1,pacf_train,1,1,210,45,46,2014-01-12,2018-01-14,2018-01-21,2018-11-25,2018-12-02,2019-10-13,"{""colsample_bytree"": 0.8, ""learning_rate"": 0.05, ""max_depth"": 3, ""n_estimators"": 500, ""subsample"": 0.8}",132,none,2,1482.8728169186102,38.50808768192223,31.71462383441428,0.6275810193149145,0.1846605618774942,15.272462517727368,0.1884308299331249,2583.33945751726,50.82656251919128,38.93766346475815,0.6465678575886152,0.2502259960418854,18.8934305352079,0.3246273724837525,4.782,weekly,2,seed2,weekly|N02BE|A_lag1,0.0308899109677134,5,linear,0.0999999999999999,38.72250051105125,0.5537,-1.403311691700721,51.34669565718882,5.0,True,global,1.0,"{""0"": 0.1}",0.1,0.1,39.82688621785076
XGBoost,N02BE,A_lag1,pacf_train,1,1,210,45,46,2014-01-12,2018-01-14,2018-01-21,2018-11-25,2018-12-02,2019-10-13,"{""colsample_bytree"": 0.8, ""learning_rate"": 0.05, ""max_depth"": 3, ""n_estimators"": 100, ""subsample"": 0.8}",12,none,2,2528.913175742101,50.28830058514705,35.77639563395183,0.3648711768093268,0.2411510516601698,16.14374923591261,0.2331464461739194,2364.497312770742,48.62609703411063,35.998171859077786,0.6765081148949461,0.2393928088171504,18.05038802319275,0.316209049668122,4.381,weekly,2,seed2,weekly|N02BE|A_lag1,,5,,,,,,,,,,,,,,
"LR-XGB (residual, tanpa gerbang)",N02BE,A_lag1,pacf_train,1,1,210,45,46,2014-01-12,2018-01-14,2018-01-21,2018-11-25,2018-12-02,2019-10-13,"{""colsample_bytree"": 0.8, ""learning_rate"": 0.05, ""max_depth"": 3, ""n_estimators"": 100, ""subsample"": 0.8}",12,none,2,2564.8543300335537,50.644390903964414,36.30150089559341,0.3558446656391493,0.2428586368016366,16.328918775777545,0.2315930758663097,2505.95085921114,50.05947322147068,38.00697803256768,0.6571555556234033,0.2464495123675717,18.840638025246587,0.3243967938313973,5.215,weekly,2,seed2,weekly|N02BE|A_lag1,,5,,,,,,,5.0,,,,,,,
Naive,N02BE,B_rich,pacf_train,1,1,210,45,46,2014-01-12,2018-01-14,2018-01-21,2018-11-25,2018-12-02,2019-10-13,{},0,none,2,1680.9681508666667,40.999611594095214,33.66975555555555,0.5778299809887086,0.1966083430644854,16.091032387206173,0.1901027589132943,2872.5362513913046,53.59604697541886,41.5418695652174,0.6070022317317492,0.2638605401116403,20.08585888444381,0.3344249193079274,0.0,weekly,2,seed2,weekly|N02BE|B_rich,,5,,,,,,,,,,,,,,
SeasonalNaive(s=52),N02BE,B_rich,pacf_train,1,1,210,45,46,2014-01-12,2018-01-14,2018-01-21,2018-11-25,2018-12-02,2019-10-13,{},0,none,2,4928.619016884084,70.20412393074986,52.44873333333334,-0.2378076187729074,0.3366548107569486,28.57719475004721,0.2851328006650804,3827.384787608696,61.86586124518672,46.530130434782606,0.4763673812278127,0.3045739468456235,22.53129637433621,0.3785512957226687,0.0,weekly,2,seed2,weekly|N02BE|B_rich,,5,,,,,,,,,,,,,,
S1 [linear],N02BE,B_rich,pacf_train,1,1,210,45,46,2014-01-12,2018-01-14,2018-01-21,2018-11-25,2018-12-02,2019-10-13,{},0,none,2,1499.4320458283644,38.72250051105125,31.647842601792338,0.6234222195303742,0.1856887509121654,15.244489991691704,0.1862344902896344,2636.4831549119726,51.34669565718882,39.33803413707109,0.6392971557955466,0.252786681362296,19.063345346674403,0.3279954691336632,0.006,weekly,2,seed2,weekly|N02BE|B_rich,,5,linear,0.0,38.72250051105125,0.0,,51.34669565718882,,,,,,,,
AR-LRX [linear],N02BE,B_rich,pacf_train,1,1,210,45,46,2014-01-12,2018-01-14,2018-01-21,2018-11-25,2018-12-02,2019-10-13,"{""colsample_bytree"": 0.8, ""learning_rate"": 0.05, ""max_depth"": 3, ""n_estimators"": 100, ""subsample"": 0.8}",132,none,2,1499.4320458283644,38.72250051105125,31.647842601792338,0.6234222195303742,0.1856887509121654,15.244489991691704,0.1862344902896344,2636.4831549119726,51.34669565718882,39.33803413707109,0.6392971557955466,0.252786681362296,19.063345346674403,0.3279954691336632,5.067,weekly,2,seed2,weekly|N02BE|B_rich,0.045861655075574,5,linear,0.0,38.72250051105125,0.0,-0.7131933964083175,51.34669565718882,5.0,,,,,,,
AR-LRX-g [linear],N02BE,B_rich,pacf_train,1,1,210,45,46,2014-01-12,2018-01-14,2018-01-21,2018-11-25,2018-12-02,2019-10-13,"{""colsample_bytree"": 0.8, ""learning_rate"": 0.05, ""max_depth"": 3, ""n_estimators"": 100, ""subsample"": 0.8}",132,none,2,1499.4320458283644,38.72250051105125,31.647842601792338,0.6234222195303742,0.1856887509121654,15.244489991691704,0.1862344902896344,2636.4831549119726,51.34669565718882,39.33803413707109,0.6392971557955466,0.252786681362296,19.063345346674403,0.3279954691336632,4.721,weekly,2,seed2,weekly|N02BE|B_rich,0.045861655075574,5,linear,0.0,38.72250051105125,0.0,-0.7131933964083175,51.34669565718882,5.0,False,global,1.0,"{""0"": 0.0}",0.0,0.0,39.48196542408812
AR-LRX-Aug [linear],N02BE,B_rich,pacf_train,1,1,210,45,46,2014-01-12,2018-01-14,2018-01-21,2018-11-25,2018-12-02,2019-10-13,"{""colsample_bytree"": 0.8, ""learning_rate"": 0.05, ""max_depth"": 3, ""n_estimators"": 500, ""subsample"": 0.8}",132,none,2,1482.8728169186102,38.50808768192223,31.71462383441428,0.6275810193149145,0.1846605618774942,15.272462517727368,0.1884308299331249,2583.33945751726,50.82656251919128,38.93766346475815,0.6465678575886152,0.2502259960418854,18.8934305352079,0.3246273724837525,5.136,weekly,2,seed2,weekly|N02BE|B_rich,0.0308899109677134,5,linear,0.0999999999999999,38.72250051105125,0.5537,-1.403311691700721,51.34669565718882,5.0,True,global,1.0,"{""0"": 0.1}",0.1,0.1,39.82688621785076
XGBoost,N02BE,B_rich,pacf_train,1,1,210,45,46,2014-01-12,2018-01-14,2018-01-21,2018-11-25,2018-12-02,2019-10-13,"{""colsample_bytree"": 0.8, ""learning_rate"": 0.05, ""max_depth"": 3, ""n_estimators"": 100, ""subsample"": 0.8}",12,none,2,2528.913175742101,50.28830058514705,35.77639563395183,0.3648711768093268,0.2411510516601698,16.14374923591261,0.2331464461739194,2364.497312770742,48.62609703411063,35.998171859077786,0.6765081148949461,0.2393928088171504,18.05038802319275,0.316209049668122,4.623,weekly,2,seed2,weekly|N02BE|B_rich,,5,,,,,,,,,,,,,,
"LR-XGB (residual, tanpa gerbang)",N02BE,B_rich,pacf_train,1,1,210,45,46,2014-01-12,2018-01-14,2018-01-21,2018-11-25,2018-12-02,2019-10-13,"{""colsample_bytree"": 0.8, ""learning_rate"": 0.05, ""max_depth"": 3, ""n_estimators"": 100, ""subsample"": 0.8}",12,none,2,2564.8543300335537,50.644390903964414,36.30150089559341,0.3558446656391493,0.2428586368016366,16.328918775777545,0.2315930758663097,2505.95085921114,50.05947322147068,38.00697803256768,0.6571555556234033,0.2464495123675717,18.840638025246587,0.3243967938313973,4.525,weekly,2,seed2,weekly|N02BE|B_rich,,5,,,,,,,5.0,,,,,,,
Naive,N05B,A_lag1,pacf_train,1,1,210,45,46,2014-01-12,2018-01-14,2018-01-21,2018-11-25,2018-12-02,2019-10-13,{},0,none,2,426.96177777777774,20.663053447585565,15.013333333333332,-0.801173853632781,0.3220550724374308,22.340031684847204,0.2828881884247876,240.0434782608696,15.493336576117798,12.104347826086956,-0.5862350330555679,0.2638042206475491,21.2661248034866,0.3667312182996869,0.0,weekly,2,seed2,weekly|N05B|A_lag1,,5,,,,,,,,,,,,,,
SeasonalNaive(s=52),N05B,A_lag1,pacf_train,1,1,210,45,46,2014-01-12,2018-01-14,2018-01-21,2018-11-25,2018-12-02,2019-10-13,{},0,none,2,942.2986433552592,30.696883284060927,24.86833333177778,-2.975165382622386,0.4784426945770095,44.187967319122926,0.440706007994517,457.088695652174,21.379632729590423,16.165217391304346,-2.020494901632767,0.3640298732459134,26.617268981956737,0.5087289643221211,0.0,weekly,2,seed2,weekly|N05B|A_lag1,,5,,,,,,,,,,,,,,
S1 [linear],N05B,A_lag1,pacf_train,1,1,210,45,46,2014-01-12,2018-01-14,2018-01-21,2018-11-25,2018-12-02,2019-10-13,{},0,none,2,280.1724738223089,16.738353378463156,11.053311405027056,-0.1819309376658278,0.2608845601381415,16.80006438157009,0.223534293627507,168.22555190185386,12.970179331908016,9.770105004562676,-0.1116538796018928,0.2208425559919191,17.156348590497235,0.3310900704837283,0.008,weekly,2,seed2,weekly|N05B|A_lag1,,5,linear,0.0,16.738353378463156,0.0,,12.970179331908016,,,,,,,,
AR-LRX [linear],N05B,A_lag1,pacf_train,1,1,210,45,46,2014-01-12,2018-01-14,2018-01-21,2018-11-25,2018-12-02,2019-10-13,"{""colsample_bytree"": 0.8, ""learning_rate"": 0.05, ""max_depth"": 3, ""n_estimators"": 100, ""subsample"": 0.8}",132,none,2,280.1724738223089,16.738353378463156,11.053311405027056,-0.1819309376658278,0.2608845601381415,16.80006438157009,0.223534293627507,168.22555190185386,12.970179331908016,9.770105004562676,-0.1116538796018928,0.2208425559919191,17.156348590497235,0.3310900704837283,5.061,weekly,2,seed2,weekly|N05B|A_lag1,-0.1194344799953806,5,linear,0.0,16.738353378463156,0.0,-0.2961058655444775,12.970179331908016,5.0,,,,,,,
AR-LRX-g [linear],N05B,A_lag1,pacf_train,1,1,210,45,46,2014-01-12,2018-01-14,2018-01-21,2018-11-25,2018-12-02,2019-10-13,"{""colsample_bytree"": 0.8, ""learning_rate"": 0.05, ""max_depth"": 3, ""n_estimators"": 100, ""subsample"": 0.8}",132,none,2,280.1724738223089,16.738353378463156,11.053311405027056,-0.1819309376658278,0.2608845601381415,16.80006438157009,0.223534293627507,168.22555190185386,12.970179331908016,9.770105004562676,-0.1116538796018928,0.2208425559919191,17.156348590497235,0.3310900704837283,4.402,weekly,2,seed2,weekly|N05B|A_lag1,-0.1194344799953806,5,linear,0.0,16.738353378463156,0.0,-0.2961058655444775,12.970179331908016,5.0,False,global,1.0,"{""0"": 0.0}",0.0,0.0,16.738353378463152
AR-LRX-Aug [linear],N05B,A_lag1,pacf_train,1,1,210,45,46,2014-01-12,2018-01-14,2018-01-21,2018-11-25,2018-12-02,2019-10-13,"{""colsample_bytree"": 0.8, ""learning_rate"": 0.05, ""max_depth"": 3, ""n_estimators"": 100, ""subsample"": 0.8}",132,none,2,280.1724738223089,16.738353378463156,11.053311405027056,-0.1819309376658278,0.2608845601381415,16.80006438157009,0.223534293627507,168.22555190185386,12.970179331908016,9.770105004562676,-0.1116538796018928,0.2208425559919191,17.156348590497235,0.3310900704837283,4.356,weekly,2,seed2,weekly|N05B|A_lag1,-0.0717592754401026,5,linear,0.0,16.738353378463156,0.0,-0.2617077500375557,12.970179331908016,5.0,True,global,1.0,"{""0"": 0.0}",0.0,0.0,16.738353378463152
XGBoost,N05B,A_lag1,pacf_train,1,1,210,45,46,2014-01-12,2018-01-14,2018-01-21,2018-11-25,2018-12-02,2019-10-13,"{""colsample_bytree"": 0.8, ""learning_rate"": 0.05, ""max_depth"": 3, ""n_estimators"": 100, ""subsample"": 0.8}",12,none,2,360.72478506173366,18.992756120735443,13.226001586914062,-0.5217475779498595,0.296021759986525,19.62950596243136,0.2413202674807266,178.9111844175743,13.375768554276585,10.688155547432276,-0.1822657736204129,0.227748502182678,18.59423668123403,0.3231664699869437,4.81,weekly,2,seed2,weekly|N05B|A_lag1,,5,,,,,,,,,,,,,,
"LR-XGB (residual, tanpa gerbang)",N05B,A_lag1,pacf_train,1,1,210,45,46,2014-01-12,2018-01-14,2018-01-21,2018-11-25,2018-12-02,2019-10-13,"{""colsample_bytree"": 0.8, ""learning_rate"": 0.05, ""max_depth"": 3, ""n_estimators"": 100, ""subsample"": 0.8}",12,none,2,361.8053485068499,19.02118157494034,13.23692685127797,-0.5263060249252882,0.2964648001081724,19.670984415851425,0.2420883505335492,183.18496243018367,13.534583940047202,10.708825487044477,-0.2105073924147222,0.2304526433380853,18.619598537972248,0.3332830829590775,5.364,weekly,2,seed2,weekly|N05B|A_lag1,,5,,,,,,,5.0,,,,,,,
Naive,N05B,B_rich,pacf_train,1,1,210,45,46,2014-01-12,2018-01-14,2018-01-21,2018-11-25,2018-12-02,2019-10-13,{},0,none,2,426.96177777777774,20.663053447585565,15.013333333333332,-0.801173853632781,0.3220550724374308,22.340031684847204,0.2828881884247876,240.0434782608696,15.493336576117798,12.104347826086956,-0.5862350330555679,0.2638042206475491,21.2661248034866,0.3667312182996869,0.0,weekly,2,seed2,weekly|N05B|B_rich,,5,,,,,,,,,,,,,,
SeasonalNaive(s=52),N05B,B_rich,pacf_train,1,1,210,45,46,2014-01-12,2018-01-14,2018-01-21,2018-11-25,2018-12-02,2019-10-13,{},0,none,2,942.2986433552592,30.696883284060927,24.86833333177778,-2.975165382622386,0.4784426945770095,44.187967319122926,0.440706007994517,457.088695652174,21.379632729590423,16.165217391304346,-2.020494901632767,0.3640298732459134,26.617268981956737,0.5087289643221211,0.0,weekly,2,seed2,weekly|N05B|B_rich,,5,,,,,,,,,,,,,,
S1 [linear],N05B,B_rich,pacf_train,1,1,210,45,46,2014-01-12,2018-01-14,2018-01-21,2018-11-25,2018-12-02,2019-10-13,{},0,none,2,280.1724738223089,16.738353378463156,11.053311405027056,-0.1819309376658278,0.2608845601381415,16.80006438157009,0.223534293627507,168.22555190185386,12.970179331908016,9.770105004562676,-0.1116538796018928,0.2208425559919191,17.156348590497235,0.3310900704837283,0.005,weekly,2,seed2,weekly|N05B|B_rich,,5,linear,0.0,16.738353378463156,0.0,,12.970179331908016,,,,,,,,
AR-LRX [linear],N05B,B_rich,pacf_train,1,1,210,45,46,2014-01-12,2018-01-14,2018-01-21,2018-11-25,2018-12-02,2019-10-13,"{""colsample_bytree"": 0.8, ""learning_rate"": 0.05, ""max_depth"": 3, ""n_estimators"": 100, ""subsample"": 0.8}",132,none,2,280.1724738223089,16.738353378463156,11.053311405027056,-0.1819309376658278,0.2608845601381415,16.80006438157009,0.223534293627507,168.22555190185386,12.970179331908016,9.770105004562676,-0.1116538796018928,0.2208425559919191,17.156348590497235,0.3310900704837283,4.938,weekly,2,seed2,weekly|N05B|B_rich,-0.1194344799953806,5,linear,0.0,16.738353378463156,0.0,-0.2961058655444775,12.970179331908016,5.0,,,,,,,
AR-LRX-g [linear],N05B,B_rich,pacf_train,1,1,210,45,46,2014-01-12,2018-01-14,2018-01-21,2018-11-25,2018-12-02,2019-10-13,"{""colsample_bytree"": 0.8, ""learning_rate"": 0.05, ""max_depth"": 3, ""n_estimators"": 100, ""subsample"": 0.8}",132,none,2,280.1724738223089,16.738353378463156,11.053311405027056,-0.1819309376658278,0.2608845601381415,16.80006438157009,0.223534293627507,168.22555190185386,12.970179331908016,9.770105004562676,-0.1116538796018928,0.2208425559919191,17.156348590497235,0.3310900704837283,4.873,weekly,2,seed2,weekly|N05B|B_rich,-0.1194344799953806,5,linear,0.0,16.738353378463156,0.0,-0.2961058655444775,12.970179331908016,5.0,False,global,1.0,"{""0"": 0.0}",0.0,0.0,16.738353378463152
AR-LRX-Aug [linear],N05B,B_rich,pacf_train,1,1,210,45,46,2014-01-12,2018-01-14,2018-01-21,2018-11-25,2018-12-02,2019-10-13,"{""colsample_bytree"": 0.8, ""learning_rate"": 0.05, ""max_depth"": 3, ""n_estimators"": 100, ""subsample"": 0.8}",132,none,2,280.1724738223089,16.738353378463156,11.053311405027056,-0.1819309376658278,0.2608845601381415,16.80006438157009,0.223534293627507,168.22555190185386,12.970179331908016,9.770105004562676,-0.1116538796018928,0.2208425559919191,17.156348590497235,0.3310900704837283,4.82,weekly,2,seed2,weekly|N05B|B_rich,-0.0717592754401026,5,linear,0.0,16.738353378463156,0.0,-0.2617077500375557,12.970179331908016,5.0,True,global,1.0,"{""0"": 0.0}",0.0,0.0,16.738353378463152
XGBoost,N05B,B_rich,pacf_train,1,1,210,45,46,2014-01-12,2018-01-14,2018-01-21,2018-11-25,2018-12-02,2019-10-13,"{""colsample_bytree"": 0.8, ""learning_rate"": 0.05, ""max_depth"": 3, ""n_estimators"": 100, ""subsample"": 0.8}",12,none,2,360.72478506173366,18.992756120735443,13.226001586914062,-0.5217475779498595,0.296021759986525,19.62950596243136,0.2413202674807266,178.9111844175743,13.375768554276585,10.688155547432276,-0.1822657736204129,0.227748502182678,18.59423668123403,0.3231664699869437,5.137,weekly,2,seed2,weekly|N05B|B_rich,,5,,,,,,,,,,,,,,
"LR-XGB (residual, tanpa gerbang)",N05B,B_rich,pacf_train,1,1,210,45,46,2014-01-12,2018-01-14,2018-01-21,2018-11-25,2018-12-02,2019-10-13,"{""colsample_bytree"": 0.8, ""learning_rate"": 0.05, ""max_depth"": 3, ""n_estimators"": 100, ""subsample"": 0.8}",12,none,2,361.8053485068499,19.02118157494034,13.23692685127797,-0.5263060249252882,0.2964648001081724,19.670984415851425,0.2420883505335492,183.18496243018367,13.534583940047202,10.708825487044477,-0.2105073924147222,0.2304526433380853,18.619598537972248,0.3332830829590775,4.839,weekly,2,seed2,weekly|N05B|B_rich,,5,,,,,,,5.0,,,,,,,
Naive,N05C,A_lag1,pacf_train,1,10,204,43,45,2014-03-16,2018-02-04,2018-02-11,2018-12-02,2018-12-09,2019-10-13,{},0,none,2,28.023255813953487,5.293699633900046,3.930232558139535,-0.7170930540827152,1.1381454212885098,103.83645136372506,1.694474186562659,16.266666666666666,4.033195589934446,3.466666666666667,-1.0887761572606216,0.8249718252138639,83.43106601001338,1.7005504134034763,0.0,weekly,2,seed2,weekly|N05C|A_lag1,,5,,,,,,,,,,,,,,
SeasonalNaive(s=52),N05C,A_lag1,pacf_train,1,10,204,43,45,2014-03-16,2018-02-04,2018-02-11,2018-12-02,2018-12-09,2019-10-13,{},0,none,2,26.55813953488372,5.153458987406781,3.86046511627907,-0.6273197242841997,1.107993682292458,111.313739170882,1.3238583034523583,23.844444444444445,4.883077353927996,3.6222222222222222,-2.061826252377933,0.9988112769398172,94.92769692563294,1.404697471688822,0.0,weekly,2,seed2,weekly|N05C|A_lag1,,5,,,,,,,,,,,,,,
S1 [linear],N05C,A_lag1,pacf_train,1,10,204,43,45,2014-03-16,2018-02-04,2018-02-11,2018-12-02,2018-12-09,2019-10-13,{},0,none,2,16.6747895027876,4.083477623642329,2.880965845650394,-0.0217287178769312,0.8779476890831007,71.7752895751267,0.703521993405679,8.7326038490643,2.95509794238098,2.392135351294518,-0.121339428938187,0.6044518518506549,57.40333488628655,1.0633393387073906,0.008,weekly,2,seed2,weekly|N05C|A_lag1,,5,linear,0.0,4.083477623642329,0.0,,2.95509794238098,,,,,,,,
AR-LRX [linear],N05C,A_lag1,pacf_train,1,10,204,43,45,2014-03-16,2018-02-04,2018-02-11,2018-12-02,2018-12-09,2019-10-13,"{""colsample_bytree"": 0.8, ""learning_rate"": 0.05, ""max_depth"": 3, ""n_estimators"": 100, ""subsample"": 0.8}",132,none,2,16.6747895027876,4.083477623642329,2.880965845650394,-0.0217287178769312,0.8779476890831007,71.7752895751267,0.703521993405679,8.7326038490643,2.95509794238098,2.392135351294518,-0.121339428938187,0.6044518518506549,57.40333488628655,1.0633393387073906,5.113,weekly,2,seed2,weekly|N05C|A_lag1,-0.2199277229169975,5,linear,0.0,4.083477623642329,0.0,-0.1065709341334817,2.95509794238098,5.0,,,,,,,
AR-LRX-g [linear],N05C,A_lag1,pacf_train,1,10,204,43,45,2014-03-16,2018-02-04,2018-02-11,2018-12-02,2018-12-09,2019-10-13,"{""colsample_bytree"": 0.8, ""learning_rate"": 0.05, ""max_depth"": 3, ""n_estimators"": 100, ""subsample"": 0.8}",132,none,2,16.6747895027876,4.083477623642329,2.880965845650394,-0.0217287178769312,0.8779476890831007,71.7752895751267,0.703521993405679,8.7326038490643,2.95509794238098,2.392135351294518,-0.121339428938187,0.6044518518506549,57.40333488628655,1.0633393387073906,4.541,weekly,2,seed2,weekly|N05C|A_lag1,-0.2199277229169975,5,linear,0.0,4.083477623642329,0.0,-0.1065709341334817,2.95509794238098,5.0,False,global,1.0,"{""0"": 0.0}",0.0,0.0,4.122266534233591
AR-LRX-Aug [linear],N05C,A_lag1,pacf_train,1,10,204,43,45,2014-03-16,2018-02-04,2018-02-11,2018-12-02,2018-12-09,2019-10-13,"{""colsample_bytree"": 0.8, ""learning_rate"": 0.05, ""max_depth"": 3, ""n_estimators"": 100, ""subsample"": 0.8}",132,none,2,16.6747895027876,4.083477623642329,2.880965845650394,-0.0217287178769312,0.8779476890831007,71.7752895751267,0.703521993405679,8.7326038490643,2.95509794238098,2.392135351294518,-0.121339428938187,0.6044518518506549,57.40333488628655,1.0633393387073906,5.111,weekly,2,seed2,weekly|N05C|A_lag1,-0.2867562381091932,5,linear,0.0,4.083477623642329,0.0,-0.15689362924785,2.95509794238098,5.0,True,global,1.0,"{""0"": 0.0}",0.0,0.0,4.083477623642329
XGBoost,N05C,A_lag1,pacf_train,1,10,204,43,45,2014-03-16,2018-02-04,2018-02-11,2018-12-02,2018-12-09,2019-10-13,"{""colsample_bytree"": 0.8, ""learning_rate"": 0.05, ""max_depth"": 3, ""n_estimators"": 100, ""subsample"": 0.8}",12,none,2,17.55134315067063,4.189432318425807,3.0015562855920126,-0.0754385433983961,0.9007279484615484,74.19969828206048,0.8291660108382715,9.70678607620576,3.1155715488824454,2.5350999355316164,-0.2464325811234411,0.6372759986350456,61.79911156249946,1.071983717744864,4.698,weekly,2,seed2,weekly|N05C|A_lag1,,5,,,,,,,,,,,,,,
"LR-XGB (residual, tanpa gerbang)",N05C,A_lag1,pacf_train,1,10,204,43,45,2014-03-16,2018-02-04,2018-02-11,2018-12-02,2018-12-09,2019-10-13,"{""colsample_bytree"": 0.8, ""learning_rate"": 0.05, ""max_depth"": 3, ""n_estimators"": 100, ""subsample"": 0.8}",12,none,2,17.718782913264686,4.209368469647756,3.021785037135444,-0.0856982239735688,0.9050142209742674,74.73006852908625,0.8317784054031557,9.781642951412916,3.1275618221568244,2.5499288840122456,-0.2560448304762939,0.6397285545320777,62.15092769666399,1.087079989118246,4.336,weekly,2,seed2,weekly|N05C|A_lag1,,5,,,,,,,5.0,,,,,,,
Naive,N05C,B_rich,pacf_train,11,10,204,43,45,2014-03-16,2018-02-04,2018-02-11,2018-12-02,2018-12-09,2019-10-13,{},0,none,2,28.023255813953487,5.293699633900046,3.930232558139535,-0.7170930540827152,1.1381454212885098,103.83645136372506,1.694474186562659,16.266666666666666,4.033195589934446,3.466666666666667,-1.0887761572606216,0.8249718252138639,83.43106601001338,1.7005504134034763,0.0,weekly,2,seed2,weekly|N05C|B_rich,,5,,,,,,,,,,,,,,
SeasonalNaive(s=52),N05C,B_rich,pacf_train,11,10,204,43,45,2014-03-16,2018-02-04,2018-02-11,2018-12-02,2018-12-09,2019-10-13,{},0,none,2,26.55813953488372,5.153458987406781,3.86046511627907,-0.6273197242841997,1.107993682292458,111.313739170882,1.3238583034523583,23.844444444444445,4.883077353927996,3.6222222222222222,-2.061826252377933,0.9988112769398172,94.92769692563294,1.404697471688822,0.0,weekly,2,seed2,weekly|N05C|B_rich,,5,,,,,,,,,,,,,,
S1 [linear],N05C,B_rich,pacf_train,11,10,204,43,45,2014-03-16,2018-02-04,2018-02-11,2018-12-02,2018-12-09,2019-10-13,{},0,none,2,17.659626898755008,4.202335885999001,2.787213246262259,-0.0820735066210902,0.9035022154897852,68.904493375253,0.6035741439547535,8.649548295964209,2.941011440978122,2.4123457709263696,-0.1106744007182958,0.6015705220182522,58.05904326021262,1.1261556910723465,0.005,weekly,2,seed2,weekly|N05C|B_rich,,5,linear,0.0,4.202335885999001,0.0,,2.941011440978122,,,,,,,,
AR-LRX [linear],N05C,B_rich,pacf_train,11,10,204,43,45,2014-03-16,2018-02-04,2018-02-11,2018-12-02,2018-12-09,2019-10-13,"{""colsample_bytree"": 0.8, ""learning_rate"": 0.05, ""max_depth"": 3, ""n_estimators"": 300, ""subsample"": 0.8}",132,none,2,17.02688062527124,4.126364092669386,2.9242645224967787,-0.0433027000307042,0.8871682799239179,72.95033168218029,0.6992735712704601,8.857561084709623,2.9761655002216565,2.383525418602996,-0.13738498392752,0.6087611250453387,56.783045123241926,1.2878401672629842,5.521,weekly,2,seed2,weekly|N05C|B_rich,-0.177001640738694,5,linear,0.5,4.202335885999001,1.8078,-0.0336683402901056,2.941011440978122,5.0,,,,,,,
AR-LRX-g [linear],N05C,B_rich,pacf_train,11,10,204,43,45,2014-03-16,2018-02-04,2018-02-11,2018-12-02,2018-12-09,2019-10-13,"{""colsample_bytree"": 0.8, ""learning_rate"": 0.05, ""max_depth"": 3, ""n_estimators"": 500, ""subsample"": 0.8}",132,none,2,17.045178880612823,4.128580734418648,2.924731586776062,-0.0444239047671368,0.8876448579000092,72.84193026312013,0.7080381981907738,8.94898432213156,2.991485303679689,2.396790270446313,-0.1491244928545598,0.611894721207209,57.16471843718882,1.2693695569488634,5.712,weekly,2,seed2,weekly|N05C|B_rich,-0.2838487569392625,5,linear,0.3999999999999998,4.202335885999001,1.7551,-0.0637075633896422,2.941011440978122,5.0,False,global,1.0,"{""0"": 0.4}",0.4,0.4,4.128580734418649
AR-LRX-Aug [linear],N05C,B_rich,pacf_train,11,10,204,43,45,2014-03-16,2018-02-04,2018-02-11,2018-12-02,2018-12-09,2019-10-13,"{""colsample_bytree"": 0.8, ""learning_rate"": 0.1, ""max_depth"": 3, ""n_estimators"": 500, ""subsample"": 0.8}",132,none,2,16.716897885435692,4.088630318998734,2.922774949452432,-0.02430886102103,0.8790555185847279,74.14512497297082,0.7458401197930618,9.04429304121262,3.007373113069381,2.399450439348058,-0.1613629301493693,0.6151445004005551,57.08731992951732,1.3237692499458695,5.926,weekly,2,seed2,weekly|N05C|B_rich,-0.2410149848106337,5,linear,0.6000000000000002,4.202335885999001,2.7058,0.0046033393549306,2.941011440978122,5.0,True,global,1.0,"{""0"": 0.6}",0.6,0.6,4.088630318998735
XGBoost,N05C,B_rich,pacf_train,11,10,204,43,45,2014-03-16,2018-02-04,2018-02-11,2018-12-02,2018-12-09,2019-10-13,"{""colsample_bytree"": 0.8, ""learning_rate"": 0.1, ""max_depth"": 3, ""n_estimators"": 100, ""subsample"": 0.8}",12,none,2,16.81492781124493,4.1006009085553465,2.848752418229746,-0.0303155329729549,0.8816291953393994,73.6323532536556,0.8774152388566255,9.063362405680769,3.0105418790777128,2.35281789302826,-0.1638115961638273,0.6157926570840776,55.42930211716784,1.3071727453651094,4.985,weekly,2,seed2,weekly|N05C|B_rich,,5,,,,,,,,,,,,,,
"LR-XGB (residual, tanpa gerbang)",N05C,B_rich,pacf_train,11,10,204,43,45,2014-03-16,2018-02-04,2018-02-11,2018-12-02,2018-12-09,2019-10-13,"{""colsample_bytree"": 0.8, ""learning_rate"": 0.1, ""max_depth"": 3, ""n_estimators"": 100, ""subsample"": 0.8}",12,none,2,17.46654504426914,4.1792995877621815,2.914616241599806,-0.0702426360966876,0.898549411368869,73.56066545272444,0.7953635951616446,9.12085263674574,3.020074938928791,2.391057370672895,-0.1711938230443959,0.6177426011445254,55.86502132330985,1.3744104374663182,5.23,weekly,2,seed2,weekly|N05C|B_rich,,5,,,,,,,5.0,,,,,,,
Naive,R03,A_lag1,pacf_train,1,1,210,45,46,2014-01-12,2018-01-14,2018-01-21,2018-11-25,2018-12-02,2019-10-13,{},0,none,2,605.225,24.60132110273756,18.655555555555555,-0.0380099004638978,0.5059108646741414,43.15658808353479,1.0011745992904533,851.7612469747946,29.184948980164325,21.98369565217392,0.034613661979338,0.5760084322364312,40.98350136138161,0.5872130475279131,0.0,weekly,2,seed2,weekly|R03|A_lag1,,5,,,,,,,,,,,,,,
SeasonalNaive(s=52),R03,A_lag1,pacf_train,1,1,210,45,46,2014-01-12,2018-01-14,2018-01-21,2018-11-25,2018-12-02,2019-10-13,{},0,none,2,614.4748842545926,24.78860391903087,20.19351851844444,-0.0538742012353665,0.5097622192877364,49.6886383629502,0.5251434447101891,1132.0758227639192,33.64633446252235,25.980978260869566,-0.2830949245242296,0.6640605189144648,56.65064999174927,0.93022075429727,0.0,weekly,2,seed2,weekly|R03|A_lag1,,5,,,,,,,,,,,,,,
S1 [linear],R03,A_lag1,pacf_train,1,1,210,45,46,2014-01-12,2018-01-14,2018-01-21,2018-11-25,2018-12-02,2019-10-13,{},0,none,2,552.0732474890453,23.49623900731871,17.94200808918741,0.053149660580966,0.4831855388229598,40.92385320485504,1.1251795150117032,713.517209522314,26.71174291434975,18.83879141520894,0.1912994768640235,0.5271960272692094,38.48032058277108,0.5320799290362752,0.007,weekly,2,seed2,weekly|R03|A_lag1,,5,linear,0.0,23.49623900731871,0.0,,26.71174291434975,,,,,,,,
AR-LRX [linear],R03,A_lag1,pacf_train,1,1,210,45,46,2014-01-12,2018-01-14,2018-01-21,2018-11-25,2018-12-02,2019-10-13,"{""colsample_bytree"": 0.8, ""learning_rate"": 0.05, ""max_depth"": 3, ""n_estimators"": 100, ""subsample"": 0.8}",132,none,2,552.0732474890453,23.49623900731871,17.94200808918741,0.053149660580966,0.4831855388229598,40.92385320485504,1.1251795150117032,713.517209522314,26.71174291434975,18.83879141520894,0.1912994768640235,0.5271960272692094,38.48032058277108,0.5320799290362752,4.042,weekly,2,seed2,weekly|R03|A_lag1,-0.0152369290496103,5,linear,0.0,23.49623900731871,0.0,-0.3960050278821814,26.71174291434975,5.0,,,,,,,
AR-LRX-g [linear],R03,A_lag1,pacf_train,1,1,210,45,46,2014-01-12,2018-01-14,2018-01-21,2018-11-25,2018-12-02,2019-10-13,"{""colsample_bytree"": 0.8, ""learning_rate"": 0.05, ""max_depth"": 3, ""n_estimators"": 100, ""subsample"": 0.8}",132,none,2,552.0732474890453,23.49623900731871,17.94200808918741,0.053149660580966,0.4831855388229598,40.92385320485504,1.1251795150117032,713.517209522314,26.71174291434975,18.83879141520894,0.1912994768640235,0.5271960272692094,38.48032058277108,0.5320799290362752,4.845,weekly,2,seed2,weekly|R03|A_lag1,-0.0152369290496103,5,linear,0.0,23.49623900731871,0.0,-0.3960050278821814,26.71174291434975,5.0,False,global,1.0,"{""0"": 0.0}",0.0,0.0,23.49623900731872
AR-LRX-Aug [linear],R03,A_lag1,pacf_train,1,1,210,45,46,2014-01-12,2018-01-14,2018-01-21,2018-11-25,2018-12-02,2019-10-13,"{""colsample_bytree"": 0.8, ""learning_rate"": 0.1, ""max_depth"": 3, ""n_estimators"": 500, ""subsample"": 0.8}",132,none,2,550.7054743536145,23.467114742839914,18.057586940683027,0.0554955023029137,0.4825866164413555,41.33099466299311,1.0811010290121137,704.6437043562948,26.545125811649392,18.80741447986168,0.2013567090849725,0.5239075906104564,38.43804934003899,0.5331375998206371,5.321,weekly,2,seed2,weekly|R03|A_lag1,-0.1963426134984871,5,linear,0.0999999999999999,23.49623900731871,0.124,-0.4943199017083794,26.71174291434975,5.0,True,global,1.0,"{""0"": 0.1}",0.1,0.1,23.763933977787413
XGBoost,R03,A_lag1,pacf_train,1,1,210,45,46,2014-01-12,2018-01-14,2018-01-21,2018-11-25,2018-12-02,2019-10-13,"{""colsample_bytree"": 0.8, ""learning_rate"": 0.05, ""max_depth"": 3, ""n_estimators"": 100, ""subsample"": 0.8}",12,none,2,654.4045545522704,25.581332149680367,19.790060234069824,-0.1223568202468894,0.5260641822166646,45.54106465223034,0.9902981650813124,701.3820365744134,26.48361826817501,19.12055130295803,0.2050534838877402,0.5226936476389793,39.0933381333445,0.603002843983314,4.733,weekly,2,seed2,weekly|R03|A_lag1,,5,,,,,,,,,,,,,,
"LR-XGB (residual, tanpa gerbang)",R03,A_lag1,pacf_train,1,1,210,45,46,2014-01-12,2018-01-14,2018-01-21,2018-11-25,2018-12-02,2019-10-13,"{""colsample_bytree"": 0.8, ""learning_rate"": 0.05, ""max_depth"": 3, ""n_estimators"": 100, ""subsample"": 0.8}",12,none,2,638.9661278430103,25.277779329739595,19.740997075181248,-0.0958786678708338,0.5198218073064237,45.36775505515386,1.0369881212401608,667.7042689023774,25.83997424345422,18.73952218747468,0.2432238713303373,0.5099903742548199,38.40489273762371,0.5953305507899697,5.231,weekly,2,seed2,weekly|R03|A_lag1,,5,,,,,,,5.0,,,,,,,
Naive,R03,B_rich,pacf_train,1,1,210,45,46,2014-01-12,2018-01-14,2018-01-21,2018-11-25,2018-12-02,2019-10-13,{},0,none,2,605.225,24.60132110273756,18.655555555555555,-0.0380099004638978,0.5059108646741414,43.15658808353479,1.0011745992904533,851.7612469747946,29.184948980164325,21.98369565217392,0.034613661979338,0.5760084322364312,40.98350136138161,0.5872130475279131,0.0,weekly,2,seed2,weekly|R03|B_rich,,5,,,,,,,,,,,,,,
SeasonalNaive(s=52),R03,B_rich,pacf_train,1,1,210,45,46,2014-01-12,2018-01-14,2018-01-21,2018-11-25,2018-12-02,2019-10-13,{},0,none,2,614.4748842545926,24.78860391903087,20.19351851844444,-0.0538742012353665,0.5097622192877364,49.6886383629502,0.5251434447101891,1132.0758227639192,33.64633446252235,25.980978260869566,-0.2830949245242296,0.6640605189144648,56.65064999174927,0.93022075429727,0.0,weekly,2,seed2,weekly|R03|B_rich,,5,,,,,,,,,,,,,,
S1 [linear],R03,B_rich,pacf_train,1,1,210,45,46,2014-01-12,2018-01-14,2018-01-21,2018-11-25,2018-12-02,2019-10-13,{},0,none,2,552.0732474890453,23.49623900731871,17.94200808918741,0.053149660580966,0.4831855388229598,40.92385320485504,1.1251795150117032,713.517209522314,26.71174291434975,18.83879141520894,0.1912994768640235,0.5271960272692094,38.48032058277108,0.5320799290362752,0.007,weekly,2,seed2,weekly|R03|B_rich,,5,linear,0.0,23.49623900731871,0.0,,26.71174291434975,,,,,,,,
AR-LRX [linear],R03,B_rich,pacf_train,1,1,210,45,46,2014-01-12,2018-01-14,2018-01-21,2018-11-25,2018-12-02,2019-10-13,"{""colsample_bytree"": 0.8, ""learning_rate"": 0.05, ""max_depth"": 3, ""n_estimators"": 100, ""subsample"": 0.8}",132,none,2,552.0732474890453,23.49623900731871,17.94200808918741,0.053149660580966,0.4831855388229598,40.92385320485504,1.1251795150117032,713.517209522314,26.71174291434975,18.83879141520894,0.1912994768640235,0.5271960272692094,38.48032058277108,0.5320799290362752,4.708,weekly,2,seed2,weekly|R03|B_rich,-0.0152369290496103,5,linear,0.0,23.49623900731871,0.0,-0.3960050278821814,26.71174291434975,5.0,,,,,,,
AR-LRX-g [linear],R03,B_rich,pacf_train,1,1,210,45,46,2014-01-12,2018-01-14,2018-01-21,2018-11-25,2018-12-02,2019-10-13,"{""colsample_bytree"": 0.8, ""learning_rate"": 0.05, ""max_depth"": 3, ""n_estimators"": 100, ""subsample"": 0.8}",132,none,2,552.0732474890453,23.49623900731871,17.94200808918741,0.053149660580966,0.4831855388229598,40.92385320485504,1.1251795150117032,713.517209522314,26.71174291434975,18.83879141520894,0.1912994768640235,0.5271960272692094,38.48032058277108,0.5320799290362752,4.57,weekly,2,seed2,weekly|R03|B_rich,-0.0152369290496103,5,linear,0.0,23.49623900731871,0.0,-0.3960050278821814,26.71174291434975,5.0,False,global,1.0,"{""0"": 0.0}",0.0,0.0,23.49623900731872
AR-LRX-Aug [linear],R03,B_rich,pacf_train,1,1,210,45,46,2014-01-12,2018-01-14,2018-01-21,2018-11-25,2018-12-02,2019-10-13,"{""colsample_bytree"": 0.8, ""learning_rate"": 0.1, ""max_depth"": 3, ""n_estimators"": 500, ""subsample"": 0.8}",132,none,2,550.7054743536145,23.467114742839914,18.057586940683027,0.0554955023029137,0.4825866164413555,41.33099466299311,1.0811010290121137,704.6437043562948,26.545125811649392,18.80741447986168,0.2013567090849725,0.5239075906104564,38.43804934003899,0.5331375998206371,4.733,weekly,2,seed2,weekly|R03|B_rich,-0.1963426134984871,5,linear,0.0999999999999999,23.49623900731871,0.124,-0.4943199017083794,26.71174291434975,5.0,True,global,1.0,"{""0"": 0.1}",0.1,0.1,23.763933977787413
XGBoost,R03,B_rich,pacf_train,1,1,210,45,46,2014-01-12,2018-01-14,2018-01-21,2018-11-25,2018-12-02,2019-10-13,"{""colsample_bytree"": 0.8, ""learning_rate"": 0.05, ""max_depth"": 3, ""n_estimators"": 100, ""subsample"": 0.8}",12,none,2,654.4045545522704,25.581332149680367,19.790060234069824,-0.1223568202468894,0.5260641822166646,45.54106465223034,0.9902981650813124,701.3820365744134,26.48361826817501,19.12055130295803,0.2050534838877402,0.5226936476389793,39.0933381333445,0.603002843983314,4.682,weekly,2,seed2,weekly|R03|B_rich,,5,,,,,,,,,,,,,,
"LR-XGB (residual, tanpa gerbang)",R03,B_rich,pacf_train,1,1,210,45,46,2014-01-12,2018-01-14,2018-01-21,2018-11-25,2018-12-02,2019-10-13,"{""colsample_bytree"": 0.8, ""learning_rate"": 0.05, ""max_depth"": 3, ""n_estimators"": 100, ""subsample"": 0.8}",12,none,2,638.9661278430103,25.277779329739595,19.740997075181248,-0.0958786678708338,0.5198218073064237,45.36775505515386,1.0369881212401608,667.7042689023774,25.83997424345422,18.73952218747468,0.2432238713303373,0.5099903742548199,38.40489273762371,0.5953305507899697,4.808,weekly,2,seed2,weekly|R03|B_rich,,5,,,,,,,5.0,,,,,,,
Naive,R06,A_lag1,pacf_train,1,1,210,45,46,2014-01-12,2018-01-14,2018-01-21,2018-11-25,2018-12-02,2019-10-13,{},0,none,2,72.78178666666668,8.531224218520263,7.1773333333333325,0.6065903388703285,0.3467350883611017,31.67014048982149,0.4256223160582587,88.61228260869566,9.413409722767604,6.910869565217392,0.4692393642943022,0.3794499042625636,31.080923626166985,1.6974011088135652,0.0,weekly,2,seed2,weekly|R06|A_lag1,,5,,,,,,,,,,,,,,
SeasonalNaive(s=52),R06,A_lag1,pacf_train,1,1,210,45,46,2014-01-12,2018-01-14,2018-01-21,2018-11-25,2018-12-02,2019-10-13,{},0,none,2,144.90436425880372,12.037622865782252,8.928481481555556,0.2167439211082876,0.4892458715319737,39.59400277715749,0.4217677180101728,150.25668913043478,12.257923524416148,9.24021739130435,0.1000081084235952,0.4941108530044978,38.11526129262688,3.121014022979048,0.0,weekly,2,seed2,weekly|R06|A_lag1,,5,,,,,,,,,,,,,,
S1 [linear],R06,A_lag1,pacf_train,1,1,210,45,46,2014-01-12,2018-01-14,2018-01-21,2018-11-25,2018-12-02,2019-10-13,{},0,none,2,69.38078682149396,8.329513000259617,6.405952128088666,0.6249738693917666,0.3385369264917655,27.86500534047628,0.408226425108261,79.69377989817822,8.927137273402836,6.663411575061467,0.5226584844074853,0.3598485016049584,29.74831197601932,1.9484451334648163,0.01,weekly,2,seed2,weekly|R06|A_lag1,,5,linear,0.0,8.329513000259617,0.0,,8.927137273402836,,,,,,,,
AR-LRX [linear],R06,A_lag1,pacf_train,1,1,210,45,46,2014-01-12,2018-01-14,2018-01-21,2018-11-25,2018-12-02,2019-10-13,"{""colsample_bytree"": 0.8, ""learning_rate"": 0.05, ""max_depth"": 3, ""n_estimators"": 100, ""subsample"": 0.8}",132,none,2,69.38078682149396,8.329513000259617,6.405952128088666,0.6249738693917666,0.3385369264917655,27.86500534047628,0.408226425108261,79.69377989817822,8.927137273402836,6.663411575061467,0.5226584844074853,0.3598485016049584,29.74831197601932,1.9484451334648163,5.411,weekly,2,seed2,weekly|R06|A_lag1,-0.2421852161658535,5,linear,0.0,8.329513000259617,0.0,-0.427856770200689,8.927137273402836,5.0,,,,,,,
AR-LRX-g [linear],R06,A_lag1,pacf_train,1,1,210,45,46,2014-01-12,2018-01-14,2018-01-21,2018-11-25,2018-12-02,2019-10-13,"{""colsample_bytree"": 0.8, ""learning_rate"": 0.05, ""max_depth"": 3, ""n_estimators"": 100, ""subsample"": 0.8}",132,none,2,69.38078682149396,8.329513000259617,6.405952128088666,0.6249738693917666,0.3385369264917655,27.86500534047628,0.408226425108261,79.69377989817822,8.927137273402836,6.663411575061467,0.5226584844074853,0.3598485016049584,29.74831197601932,1.9484451334648163,4.338,weekly,2,seed2,weekly|R06|A_lag1,-0.2421852161658535,5,linear,0.0,8.329513000259617,0.0,-0.427856770200689,8.927137273402836,5.0,False,global,1.0,"{""0"": 0.0}",0.0,0.0,8.329513000259617
AR-LRX-Aug [linear],R06,A_lag1,pacf_train,1,1,210,45,46,2014-01-12,2018-01-14,2018-01-21,2018-11-25,2018-12-02,2019-10-13,"{""colsample_bytree"": 0.8, ""learning_rate"": 0.05, ""max_depth"": 3, ""n_estimators"": 100, ""subsample"": 0.8}",132,none,2,69.38078682149396,8.329513000259617,6.405952128088666,0.6249738693917666,0.3385369264917655,27.86500534047628,0.408226425108261,79.69377989817822,8.927137273402836,6.663411575061467,0.5226584844074853,0.3598485016049584,29.74831197601932,1.9484451334648163,4.649,weekly,2,seed2,weekly|R06|A_lag1,-0.162603476663881,5,linear,0.0,8.329513000259617,0.0,-0.4501734193720736,8.927137273402836,5.0,True,global,1.0,"{""0"": 0.0}",0.0,0.0,8.329513000259617
XGBoost,R06,A_lag1,pacf_train,1,1,210,45,46,2014-01-12,2018-01-14,2018-01-21,2018-11-25,2018-12-02,2019-10-13,"{""colsample_bytree"": 0.8, ""learning_rate"": 0.05, ""max_depth"": 3, ""n_estimators"": 100, ""subsample"": 0.8}",12,none,2,122.41912913904366,11.064317834328678,8.166686326768664,0.3382840636909254,0.449687773252159,33.981808393902426,0.4289647101344803,98.02912889505596,9.90096605867609,7.144511498160985,0.4128353176525678,0.399103059753674,30.63417846392718,1.7181311538954405,4.589,weekly,2,seed2,weekly|R06|A_lag1,,5,,,,,,,,,,,,,,
"LR-XGB (residual, tanpa gerbang)",R06,A_lag1,pacf_train,1,1,210,45,46,2014-01-12,2018-01-14,2018-01-21,2018-11-25,2018-12-02,2019-10-13,"{""colsample_bytree"": 0.8, ""learning_rate"": 0.05, ""max_depth"": 3, ""n_estimators"": 100, ""subsample"": 0.8}",12,none,2,94.32146026579385,9.711923613053896,7.382103228253793,0.4901612694619882,0.394722328926504,31.66528848021744,0.4187624498059897,97.44749326322254,9.871549689041863,7.125735401240753,0.4163191382766705,0.3979173003986486,30.39119743195542,1.7960911277255838,4.82,weekly,2,seed2,weekly|R06|A_lag1,,5,,,,,,,5.0,,,,,,,
Naive,R06,B_rich,pacf_train,1,1,210,45,46,2014-01-12,2018-01-14,2018-01-21,2018-11-25,2018-12-02,2019-10-13,{},0,none,2,72.78178666666668,8.531224218520263,7.1773333333333325,0.6065903388703285,0.3467350883611017,31.67014048982149,0.4256223160582587,88.61228260869566,9.413409722767604,6.910869565217392,0.4692393642943022,0.3794499042625636,31.080923626166985,1.6974011088135652,0.0,weekly,2,seed2,weekly|R06|B_rich,,5,,,,,,,,,,,,,,
SeasonalNaive(s=52),R06,B_rich,pacf_train,1,1,210,45,46,2014-01-12,2018-01-14,2018-01-21,2018-11-25,2018-12-02,2019-10-13,{},0,none,2,144.90436425880372,12.037622865782252,8.928481481555556,0.2167439211082876,0.4892458715319737,39.59400277715749,0.4217677180101728,150.25668913043478,12.257923524416148,9.24021739130435,0.1000081084235952,0.4941108530044978,38.11526129262688,3.121014022979048,0.0,weekly,2,seed2,weekly|R06|B_rich,,5,,,,,,,,,,,,,,
S1 [linear],R06,B_rich,pacf_train,1,1,210,45,46,2014-01-12,2018-01-14,2018-01-21,2018-11-25,2018-12-02,2019-10-13,{},0,none,2,69.38078682149396,8.329513000259617,6.405952128088666,0.6249738693917666,0.3385369264917655,27.86500534047628,0.408226425108261,79.69377989817822,8.927137273402836,6.663411575061467,0.5226584844074853,0.3598485016049584,29.74831197601932,1.9484451334648163,0.008,weekly,2,seed2,weekly|R06|B_rich,,5,linear,0.0,8.329513000259617,0.0,,8.927137273402836,,,,,,,,
AR-LRX [linear],R06,B_rich,pacf_train,1,1,210,45,46,2014-01-12,2018-01-14,2018-01-21,2018-11-25,2018-12-02,2019-10-13,"{""colsample_bytree"": 0.8, ""learning_rate"": 0.05, ""max_depth"": 3, ""n_estimators"": 100, ""subsample"": 0.8}",132,none,2,69.38078682149396,8.329513000259617,6.405952128088666,0.6249738693917666,0.3385369264917655,27.86500534047628,0.408226425108261,79.69377989817822,8.927137273402836,6.663411575061467,0.5226584844074853,0.3598485016049584,29.74831197601932,1.9484451334648163,5.069,weekly,2,seed2,weekly|R06|B_rich,-0.2421852161658535,5,linear,0.0,8.329513000259617,0.0,-0.427856770200689,8.927137273402836,5.0,,,,,,,
AR-LRX-g [linear],R06,B_rich,pacf_train,1,1,210,45,46,2014-01-12,2018-01-14,2018-01-21,2018-11-25,2018-12-02,2019-10-13,"{""colsample_bytree"": 0.8, ""learning_rate"": 0.05, ""max_depth"": 3, ""n_estimators"": 100, ""subsample"": 0.8}",132,none,2,69.38078682149396,8.329513000259617,6.405952128088666,0.6249738693917666,0.3385369264917655,27.86500534047628,0.408226425108261,79.69377989817822,8.927137273402836,6.663411575061467,0.5226584844074853,0.3598485016049584,29.74831197601932,1.9484451334648163,4.643,weekly,2,seed2,weekly|R06|B_rich,-0.2421852161658535,5,linear,0.0,8.329513000259617,0.0,-0.427856770200689,8.927137273402836,5.0,False,global,1.0,"{""0"": 0.0}",0.0,0.0,8.329513000259617
AR-LRX-Aug [linear],R06,B_rich,pacf_train,1,1,210,45,46,2014-01-12,2018-01-14,2018-01-21,2018-11-25,2018-12-02,2019-10-13,"{""colsample_bytree"": 0.8, ""learning_rate"": 0.05, ""max_depth"": 3, ""n_estimators"": 100, ""subsample"": 0.8}",132,none,2,69.38078682149396,8.329513000259617,6.405952128088666,0.6249738693917666,0.3385369264917655,27.86500534047628,0.408226425108261,79.69377989817822,8.927137273402836,6.663411575061467,0.5226584844074853,0.3598485016049584,29.74831197601932,1.9484451334648163,5.037,weekly,2,seed2,weekly|R06|B_rich,-0.162603476663881,5,linear,0.0,8.329513000259617,0.0,-0.4501734193720736,8.927137273402836,5.0,True,global,1.0,"{""0"": 0.0}",0.0,0.0,8.329513000259617
XGBoost,R06,B_rich,pacf_train,1,1,210,45,46,2014-01-12,2018-01-14,2018-01-21,2018-11-25,2018-12-02,2019-10-13,"{""colsample_bytree"": 0.8, ""learning_rate"": 0.05, ""max_depth"": 3, ""n_estimators"": 100, ""subsample"": 0.8}",12,none,2,122.41912913904366,11.064317834328678,8.166686326768664,0.3382840636909254,0.449687773252159,33.981808393902426,0.4289647101344803,98.02912889505596,9.90096605867609,7.144511498160985,0.4128353176525678,0.399103059753674,30.63417846392718,1.7181311538954405,4.67,weekly,2,seed2,weekly|R06|B_rich,,5,,,,,,,,,,,,,,
"LR-XGB (residual, tanpa gerbang)",R06,B_rich,pacf_train,1,1,210,45,46,2014-01-12,2018-01-14,2018-01-21,2018-11-25,2018-12-02,2019-10-13,"{""colsample_bytree"": 0.8, ""learning_rate"": 0.05, ""max_depth"": 3, ""n_estimators"": 100, ""subsample"": 0.8}",12,none,2,94.32146026579385,9.711923613053896,7.382103228253793,0.4901612694619882,0.394722328926504,31.66528848021744,0.4187624498059897,97.44749326322254,9.871549689041863,7.125735401240753,0.4163191382766705,0.3979173003986486,30.39119743195542,1.7960911277255838,4.96,weekly,2,seed2,weekly|R06|B_rich,,5,,,,,,,5.0,,,,,,,
Naive,M01AB,A_lag1,pacf_train,1,1,1473,315,317,2014-01-03,2018-01-14,2018-01-15,2018-11-25,2018-11-26,2019-10-08,{},0,none,3,15.112755555555555,3.887512772397739,2.996063492063492,-1.0889083838028977,0.7876292158258805,64.5043814997324,1.5568921901843953,17.410850473186123,4.172631121149594,3.291482649842272,-1.0779070449005217,0.784236153182909,66.44657397551136,2.203789023711625,0.0,daily,5,seed3,daily|M01AB|A_lag1,,5,,,,,,,,,,,,,,
SeasonalNaive(s=7),M01AB,A_lag1,pacf_train,1,1,1473,315,317,2014-01-03,2018-01-14,2018-01-15,2018-11-25,2018-11-26,2019-10-08,{},0,none,3,13.7917673015873,3.713726874931341,2.996412698412698,-0.9063193497597276,0.7524193379021529,64.36533562242663,1.7661914785085977,16.361037223974765,4.044877899760976,3.161135646687697,-0.9526165342660348,0.7602252372908443,64.38007169290704,2.59657683376552,0.0,daily,5,seed3,daily|M01AB|A_lag1,,5,,,,,,,,,,,,,,
S1 [linear],M01AB,A_lag1,pacf_train,1,1,1473,315,317,2014-01-03,2018-01-14,2018-01-15,2018-11-25,2018-11-26,2019-10-08,{},0,none,3,7.3605331683239426,2.713030255696376,2.175527732894381,-0.0173842478990571,0.5496732790122904,47.36724549852949,1.3729886170064014,8.566003196532822,2.926773513022971,2.263650267843024,-0.0223141262472013,0.5500801615212979,46.915710730110106,1.864103666903613,0.006,daily,5,seed3,daily|M01AB|A_lag1,,5,linear,0.0,2.713030255696376,0.0,,2.926773513022971,,,,,,,,
AR-LRX [linear],M01AB,A_lag1,pacf_train,1,1,1473,315,317,2014-01-03,2018-01-14,2018-01-15,2018-11-25,2018-11-26,2019-10-08,"{""colsample_bytree"": 0.8, ""learning_rate"": 0.1, ""max_depth"": 5, ""n_estimators"": 100, ""subsample"": 0.8}",132,none,3,7.308758072398309,2.7034714854050725,2.175614975271738,-0.0102278142788827,0.5477366251182492,47.406702658527,1.35588290726794,8.774254931341499,2.962136885989825,2.317974577016245,-0.0471680383256567,0.5567266238549867,47.888504489192336,1.843557614839364,5.266,daily,5,seed3,daily|M01AB|A_lag1,-0.138120939244557,5,linear,0.4,2.713030255696376,0.3523,-0.0162866142320041,2.926773513022971,5.0,,,,,,,
AR-LRX-g [linear],M01AB,A_lag1,pacf_train,1,1,1473,315,317,2014-01-03,2018-01-14,2018-01-15,2018-11-25,2018-11-26,2019-10-08,"{""colsample_bytree"": 0.8, ""learning_rate"": 0.05, ""max_depth"": 5, ""n_estimators"": 300, ""subsample"": 0.8}",132,none,3,7.315202350821262,2.704663075287061,2.175047124646322,-0.0111185523825847,0.547978047091445,47.38623806864666,1.3605276915579303,8.72256105290999,2.9533982211869074,2.307523102176587,-0.040998605400109,0.5550842124675389,47.69719909773468,1.8405876232565928,6.618,daily,5,seed3,daily|M01AB|A_lag1,-0.175147506821951,5,linear,0.3,2.713030255696376,0.3084,-0.0291237946066531,2.926773513022971,5.0,False,global,1.0,"{""0"": 0.3}",0.3,0.3,2.710276550998981
AR-LRX-Aug [linear],M01AB,A_lag1,pacf_train,1,1,1473,315,317,2014-01-03,2018-01-14,2018-01-15,2018-11-25,2018-11-26,2019-10-08,"{""colsample_bytree"": 0.8, ""learning_rate"": 0.05, ""max_depth"": 3, ""n_estimators"": 100, ""subsample"": 0.8}",132,none,3,7.276088065443054,2.69742248553004,2.1790913275958013,-0.0057121155251473,0.5465110679800369,47.43206841555956,1.3746383220251277,8.525652675322192,2.9198720306414443,2.277971930241797,-0.0174984722147859,0.5487830442259984,47.35337480528421,1.8674102013134315,5.692,daily,5,seed3,daily|M01AB|A_lag1,-0.0097413377402777,5,linear,0.7000000000000001,2.713030255696376,0.5753,0.0098260291009125,2.926773513022971,5.0,True,global,1.0,"{""0"": 0.7}",0.7,0.7,2.706562737415505
XGBoost,M01AB,A_lag1,pacf_train,1,1,1473,315,317,2014-01-03,2018-01-14,2018-01-15,2018-11-25,2018-11-26,2019-10-08,"{""colsample_bytree"": 0.8, ""learning_rate"": 0.05, ""max_depth"": 5, ""n_estimators"": 100, ""subsample"": 0.8}",12,none,3,7.317200904821463,2.705032514559014,2.176492331731887,-0.0113947955991944,0.5480528973057337,47.47068516286816,1.338390479179429,9.127031781042298,3.021097777471345,2.385027246084123,-0.0892703757387562,0.5678081839980176,49.12195858189472,1.8478266360418776,5.33,daily,5,seed3,daily|M01AB|A_lag1,,5,,,,,,,,,,,,,,
"LR-XGB (residual, tanpa gerbang)",M01AB,A_lag1,pacf_train,1,1,1473,315,317,2014-01-03,2018-01-14,2018-01-15,2018-11-25,2018-11-26,2019-10-08,"{""colsample_bytree"": 0.8, ""learning_rate"": 0.05, ""max_depth"": 5, ""n_estimators"": 100, ""subsample"": 0.8}",12,none,3,7.378836283231099,2.7164013479659257,2.182235086429276,-0.0199141326734595,0.5503562788932411,47.58468419961736,1.3360353133913885,9.304315471051202,3.0502976036857783,2.411481240193845,-0.1104283903333211,0.5732962222930749,49.52893834205964,1.847421879143481,5.448,daily,5,seed3,daily|M01AB|A_lag1,,5,,,,,,,5.0,,,,,,,
Naive,M01AB,B_rich,pacf_train,1,1,1473,315,317,2014-01-03,2018-01-14,2018-01-15,2018-11-25,2018-11-26,2019-10-08,{},0,none,3,15.112755555555555,3.887512772397739,2.996063492063492,-1.0889083838028977,0.7876292158258805,64.5043814997324,1.5568921901843953,17.410850473186123,4.172631121149594,3.291482649842272,-1.0779070449005217,0.784236153182909,66.44657397551136,2.203789023711625,0.0,daily,5,seed3,daily|M01AB|B_rich,,5,,,,,,,,,,,,,,
SeasonalNaive(s=7),M01AB,B_rich,pacf_train,1,1,1473,315,317,2014-01-03,2018-01-14,2018-01-15,2018-11-25,2018-11-26,2019-10-08,{},0,none,3,13.7917673015873,3.713726874931341,2.996412698412698,-0.9063193497597276,0.7524193379021529,64.36533562242663,1.7661914785085977,16.361037223974765,4.044877899760976,3.161135646687697,-0.9526165342660348,0.7602252372908443,64.38007169290704,2.59657683376552,0.0,daily,5,seed3,daily|M01AB|B_rich,,5,,,,,,,,,,,,,,
S1 [linear],M01AB,B_rich,pacf_train,1,1,1473,315,317,2014-01-03,2018-01-14,2018-01-15,2018-11-25,2018-11-26,2019-10-08,{},0,none,3,7.3605331683239426,2.713030255696376,2.175527732894381,-0.0173842478990571,0.5496732790122904,47.36724549852949,1.3729886170064014,8.566003196532822,2.926773513022971,2.263650267843024,-0.0223141262472013,0.5500801615212979,46.915710730110106,1.864103666903613,0.006,daily,5,seed3,daily|M01AB|B_rich,,5,linear,0.0,2.713030255696376,0.0,,2.926773513022971,,,,,,,,
AR-LRX [linear],M01AB,B_rich,pacf_train,1,1,1473,315,317,2014-01-03,2018-01-14,2018-01-15,2018-11-25,2018-11-26,2019-10-08,"{""colsample_bytree"": 0.8, ""learning_rate"": 0.1, ""max_depth"": 5, ""n_estimators"": 100, ""subsample"": 0.8}",132,none,3,7.308758072398309,2.7034714854050725,2.175614975271738,-0.0102278142788827,0.5477366251182492,47.406702658527,1.35588290726794,8.774254931341499,2.962136885989825,2.317974577016245,-0.0471680383256567,0.5567266238549867,47.888504489192336,1.843557614839364,5.628,daily,5,seed3,daily|M01AB|B_rich,-0.138120939244557,5,linear,0.4,2.713030255696376,0.3523,-0.0162866142320041,2.926773513022971,5.0,,,,,,,
AR-LRX-g [linear],M01AB,B_rich,pacf_train,1,1,1473,315,317,2014-01-03,2018-01-14,2018-01-15,2018-11-25,2018-11-26,2019-10-08,"{""colsample_bytree"": 0.8, ""learning_rate"": 0.05, ""max_depth"": 5, ""n_estimators"": 300, ""subsample"": 0.8}",132,none,3,7.315202350821262,2.704663075287061,2.175047124646322,-0.0111185523825847,0.547978047091445,47.38623806864666,1.3605276915579303,8.72256105290999,2.9533982211869074,2.307523102176587,-0.040998605400109,0.5550842124675389,47.69719909773468,1.8405876232565928,6.34,daily,5,seed3,daily|M01AB|B_rich,-0.175147506821951,5,linear,0.3,2.713030255696376,0.3084,-0.0291237946066531,2.926773513022971,5.0,False,global,1.0,"{""0"": 0.3}",0.3,0.3,2.710276550998981
AR-LRX-Aug [linear],M01AB,B_rich,pacf_train,1,1,1473,315,317,2014-01-03,2018-01-14,2018-01-15,2018-11-25,2018-11-26,2019-10-08,"{""colsample_bytree"": 0.8, ""learning_rate"": 0.05, ""max_depth"": 3, ""n_estimators"": 100, ""subsample"": 0.8}",132,none,3,7.276088065443054,2.69742248553004,2.1790913275958013,-0.0057121155251473,0.5465110679800369,47.43206841555956,1.3746383220251277,8.525652675322192,2.9198720306414443,2.277971930241797,-0.0174984722147859,0.5487830442259984,47.35337480528421,1.8674102013134315,5.914,daily,5,seed3,daily|M01AB|B_rich,-0.0097413377402777,5,linear,0.7000000000000001,2.713030255696376,0.5753,0.0098260291009125,2.926773513022971,5.0,True,global,1.0,"{""0"": 0.7}",0.7,0.7,2.706562737415505
XGBoost,M01AB,B_rich,pacf_train,1,1,1473,315,317,2014-01-03,2018-01-14,2018-01-15,2018-11-25,2018-11-26,2019-10-08,"{""colsample_bytree"": 0.8, ""learning_rate"": 0.05, ""max_depth"": 5, ""n_estimators"": 100, ""subsample"": 0.8}",12,none,3,7.317200904821463,2.705032514559014,2.176492331731887,-0.0113947955991944,0.5480528973057337,47.47068516286816,1.338390479179429,9.127031781042298,3.021097777471345,2.385027246084123,-0.0892703757387562,0.5678081839980176,49.12195858189472,1.8478266360418776,5.48,daily,5,seed3,daily|M01AB|B_rich,,5,,,,,,,,,,,,,,
"LR-XGB (residual, tanpa gerbang)",M01AB,B_rich,pacf_train,1,1,1473,315,317,2014-01-03,2018-01-14,2018-01-15,2018-11-25,2018-11-26,2019-10-08,"{""colsample_bytree"": 0.8, ""learning_rate"": 0.05, ""max_depth"": 5, ""n_estimators"": 100, ""subsample"": 0.8}",12,none,3,7.378836283231099,2.7164013479659257,2.182235086429276,-0.0199141326734595,0.5503562788932411,47.58468419961736,1.3360353133913885,9.304315471051202,3.0502976036857783,2.411481240193845,-0.1104283903333211,0.5732962222930749,49.52893834205964,1.847421879143481,5.001,daily,5,seed3,daily|M01AB|B_rich,,5,,,,,,,5.0,,,,,,,
Naive,M01AE,A_lag1,pacf_train,1,21,1459,312,314,2014-01-23,2018-01-20,2018-01-21,2018-11-28,2018-11-29,2019-10-08,{},0,none,3,8.063918044871794,2.839703865700048,2.218602564102564,-1.0160140755539473,0.7349227624344821,60.37815381835404,19.092561696684115,8.127574394904459,2.850890105722151,2.2165859872611464,-0.4660092267111404,0.7429677004131198,66.51148449675807,2.7600257404290813,0.0,daily,5,seed3,daily|M01AE|A_lag1,,5,,,,,,,,,,,,,,
SeasonalNaive(s=7),M01AE,A_lag1,pacf_train,1,21,1459,312,314,2014-01-23,2018-01-20,2018-01-21,2018-11-28,2018-11-29,2019-10-08,{},0,none,3,7.688206141025641,2.7727614648623566,2.131211538461538,-0.9220844891801484,0.7175978946051728,58.50321369891426,11.658897336905705,8.206476410828024,2.864694819841727,2.21325796178344,-0.4802411583711663,0.7465653335466087,66.23754139148446,6.085345931316496,0.0,daily,5,seed3,daily|M01AE|A_lag1,,5,,,,,,,,,,,,,,
S1 [linear],M01AE,A_lag1,pacf_train,1,21,1459,312,314,2014-01-23,2018-01-20,2018-01-21,2018-11-28,2018-11-29,2019-10-08,{},0,none,3,4.030009093885328,2.007488254980668,1.604507226399023,-0.0075195472813609,0.519543193121465,44.18282874781168,8.974778377032807,5.39158856688948,2.3219794501436657,1.7570176272245002,0.0274935421513066,0.6051288083736097,50.103371144787765,3.901992843556399,0.006,daily,5,seed3,daily|M01AE|A_lag1,,5,linear,0.0,2.007488254980668,0.0,,2.3219794501436657,,,,,,,,
AR-LRX [linear],M01AE,A_lag1,pacf_train,1,21,1459,312,314,2014-01-23,2018-01-20,2018-01-21,2018-11-28,2018-11-29,2019-10-08,"{""colsample_bytree"": 0.8, ""learning_rate"": 0.05, ""max_depth"": 3, ""n_estimators"": 100, ""subsample"": 0.8}",132,none,3,4.030009093885328,2.007488254980668,1.604507226399023,-0.0075195472813609,0.519543193121465,44.18282874781168,8.974778377032807,5.39158856688948,2.3219794501436657,1.7570176272245002,0.0274935421513066,0.6051288083736097,50.103371144787765,3.901992843556399,4.797,daily,5,seed3,daily|M01AE|A_lag1,0.0129193505316016,5,linear,0.0,2.007488254980668,0.0,-0.039204931009074,2.3219794501436657,5.0,,,,,,,
AR-LRX-g [linear],M01AE,A_lag1,pacf_train,1,21,1459,312,314,2014-01-23,2018-01-20,2018-01-21,2018-11-28,2018-11-29,2019-10-08,"{""colsample_bytree"": 0.8, ""learning_rate"": 0.05, ""max_depth"": 3, ""n_estimators"": 100, ""subsample"": 0.8}",132,none,3,4.030009093885328,2.007488254980668,1.604507226399023,-0.0075195472813609,0.519543193121465,44.18282874781168,8.974778377032807,5.39158856688948,2.3219794501436657,1.7570176272245002,0.0274935421513066,0.6051288083736097,50.103371144787765,3.901992843556399,5.078,daily,5,seed3,daily|M01AE|A_lag1,0.0129193505316016,5,linear,0.0,2.007488254980668,0.0,-0.039204931009074,2.3219794501436657,5.0,False,global,1.0,"{""0"": 0.0}",0.0,0.0,2.007488254980668
AR-LRX-Aug [linear],M01AE,A_lag1,pacf_train,1,21,1459,312,314,2014-01-23,2018-01-20,2018-01-21,2018-11-28,2018-11-29,2019-10-08,"{""colsample_bytree"": 0.8, ""learning_rate"": 0.1, ""max_depth"": 3, ""n_estimators"": 100, ""subsample"": 0.8}",132,none,3,4.022947068122768,2.005728562922403,1.6075414389586946,-0.0057540105707916,0.5190877802299607,44.26750149825388,9.025815697882834,5.39243143943221,2.322160941759251,1.7623273896497715,0.0273415092243171,0.6051761067272028,50.21820346675804,3.965105067391111,5.194,daily,5,seed3,daily|M01AE|A_lag1,-0.0278651886519405,5,linear,0.1999999999999999,2.007488254980668,0.0877,-0.0248116611521973,2.3219794501436657,5.0,True,global,1.0,"{""0"": 0.2}",0.2,0.2,2.0102120270126256
XGBoost,M01AE,A_lag1,pacf_train,1,21,1459,312,314,2014-01-23,2018-01-20,2018-01-21,2018-11-28,2018-11-29,2019-10-08,"{""colsample_bytree"": 0.8, ""learning_rate"": 0.05, ""max_depth"": 3, ""n_estimators"": 100, ""subsample"": 0.8}",12,none,3,4.167158468591013,2.0413619151417057,1.634498411783805,-0.0418074788205362,0.5283097846664533,44.82760712804361,9.619782292939014,5.314587123266642,2.305338830468667,1.7653465953085832,0.0413826585513892,0.6007921126488016,50.436458661008544,3.589792270384307,5.366,daily,5,seed3,daily|M01AE|A_lag1,,5,,,,,,,,,,,,,,
"LR-XGB (residual, tanpa gerbang)",M01AE,A_lag1,pacf_train,1,21,1459,312,314,2014-01-23,2018-01-20,2018-01-21,2018-11-28,2018-11-29,2019-10-08,"{""colsample_bytree"": 0.8, ""learning_rate"": 0.05, ""max_depth"": 3, ""n_estimators"": 100, ""subsample"": 0.8}",12,none,3,4.184219893649805,2.045536578418925,1.6368757403328005,-0.0460729082155446,0.5293901984043033,44.849124331666665,9.832188249249654,5.316062061524253,2.3056587044756327,1.764369176871777,0.0411166169269848,0.6008754747029544,50.401605265753865,3.629136078705703,5.083,daily,5,seed3,daily|M01AE|A_lag1,,5,,,,,,,5.0,,,,,,,
Naive,M01AE,B_rich,pacf_train,22,21,1459,312,314,2014-01-23,2018-01-20,2018-01-21,2018-11-28,2018-11-29,2019-10-08,{},0,none,3,8.063918044871794,2.839703865700048,2.218602564102564,-1.0160140755539473,0.7349227624344821,60.37815381835404,19.092561696684115,8.127574394904459,2.850890105722151,2.2165859872611464,-0.4660092267111404,0.7429677004131198,66.51148449675807,2.7600257404290813,0.0,daily,5,seed3,daily|M01AE|B_rich,,5,,,,,,,,,,,,,,
SeasonalNaive(s=7),M01AE,B_rich,pacf_train,22,21,1459,312,314,2014-01-23,2018-01-20,2018-01-21,2018-11-28,2018-11-29,2019-10-08,{},0,none,3,7.688206141025641,2.7727614648623566,2.131211538461538,-0.9220844891801484,0.7175978946051728,58.50321369891426,11.658897336905705,8.206476410828024,2.864694819841727,2.21325796178344,-0.4802411583711663,0.7465653335466087,66.23754139148446,6.085345931316496,0.0,daily,5,seed3,daily|M01AE|B_rich,,5,,,,,,,,,,,,,,
S1 [linear],M01AE,B_rich,pacf_train,22,21,1459,312,314,2014-01-23,2018-01-20,2018-01-21,2018-11-28,2018-11-29,2019-10-08,{},0,none,3,4.001935488421122,2.000483813586384,1.5815566832610757,-0.0005010255835395,0.5177304254308,43.62955907641378,8.745514089424283,4.850956322761249,2.2024886657509155,1.678172644923681,0.1250099498321069,0.573988431155052,48.66748692964677,3.912127464558648,0.016,daily,5,seed3,daily|M01AE|B_rich,,5,linear,0.0,2.000483813586384,0.0,,2.2024886657509155,,,,,,,,
AR-LRX [linear],M01AE,B_rich,pacf_train,22,21,1459,312,314,2014-01-23,2018-01-20,2018-01-21,2018-11-28,2018-11-29,2019-10-08,"{""colsample_bytree"": 0.8, ""learning_rate"": 0.05, ""max_depth"": 3, ""n_estimators"": 100, ""subsample"": 0.8}",132,none,3,4.001844520065931,2.000461076868513,1.5819215661653188,-0.0004782831048244,0.5177245411089493,43.644428801566384,8.742705377732642,4.844947061539158,2.2011240450140828,1.6782115292157438,0.1260938688427807,0.5736327986707462,48.689013648158095,3.907304808919008,7.987,daily,5,seed3,daily|M01AE|B_rich,-0.0041342732994564,5,linear,0.1,2.000483813586384,0.0011,-0.0159584821929805,2.2024886657509155,5.0,,,,,,,
AR-LRX-g [linear],M01AE,B_rich,pacf_train,22,21,1459,312,314,2014-01-23,2018-01-20,2018-01-21,2018-11-28,2018-11-29,2019-10-08,"{""colsample_bytree"": 0.8, ""learning_rate"": 0.1, ""max_depth"": 5, ""n_estimators"": 100, ""subsample"": 0.8}",132,none,3,4.001935488421122,2.000483813586384,1.5815566832610757,-0.0005010255835395,0.5177304254308,43.62955907641378,8.745514089424283,4.850956322761249,2.2024886657509155,1.678172644923681,0.1250099498321069,0.573988431155052,48.66748692964677,3.912127464558648,8.767,daily,5,seed3,daily|M01AE|B_rich,-0.0490634046673768,5,linear,0.0,2.000483813586384,0.0,-0.1227353289426878,2.2024886657509155,5.0,False,global,1.0,"{""0"": 0.0}",0.0,0.0,2.000483813586384
AR-LRX-Aug [linear],M01AE,B_rich,pacf_train,22,21,1459,312,314,2014-01-23,2018-01-20,2018-01-21,2018-11-28,2018-11-29,2019-10-08,"{""colsample_bytree"": 0.8, ""learning_rate"": 0.05, ""max_depth"": 3, ""n_estimators"": 300, ""subsample"": 0.8}",132,none,3,3.963686500108676,1.9909009267436373,1.5846065432328171,0.0090613854410401,0.5152503493370795,43.775483317783895,8.516347705885824,4.784375081622896,2.187321439940389,1.6762820521638242,0.1370195247793261,0.5700357151736554,48.69866321175634,3.908942280014287,8.563,daily,5,seed3,daily|M01AE|B_rich,0.0065223112548034,5,linear,0.3,2.000483813586384,0.479,-0.0245080696887471,2.2024886657509155,5.0,True,global,1.0,"{""0"": 0.3}",0.3,0.3,1.9949132072570657
XGBoost,M01AE,B_rich,pacf_train,22,21,1459,312,314,2014-01-23,2018-01-20,2018-01-21,2018-11-28,2018-11-29,2019-10-08,"{""colsample_bytree"": 0.8, ""learning_rate"": 0.05, ""max_depth"": 3, ""n_estimators"": 100, ""subsample"": 0.8}",12,none,3,4.046210695326401,2.0115194991166256,1.5945909400780995,-0.0115700170864814,0.520586489611719,43.94424483996613,9.021523432405663,4.942054198609357,2.223073142883373,1.7106391322506462,0.1085781929464558,0.5793529317398385,49.40883572710332,3.880812841536151,8.032,daily,5,seed3,daily|M01AE|B_rich,,5,,,,,,,,,,,,,,
"LR-XGB (residual, tanpa gerbang)",M01AE,B_rich,pacf_train,22,21,1459,312,314,2014-01-23,2018-01-20,2018-01-21,2018-11-28,2018-11-29,2019-10-08,"{""colsample_bytree"": 0.8, ""learning_rate"": 0.05, ""max_depth"": 3, ""n_estimators"": 100, ""subsample"": 0.8}",12,none,3,4.065200656673936,2.016234276237247,1.592586892048136,-0.0163175888199518,0.5218066862201058,43.90574813867912,8.744258846101303,4.868887122679808,2.2065554882394887,1.6898566438120664,0.121775686219657,0.5750482818123113,49.18246170646523,3.865588374363945,9.792,daily,5,seed3,daily|M01AE|B_rich,,5,,,,,,,5.0,,,,,,,
Naive,N02BA,A_lag1,pacf_train,1,1,1473,315,317,2014-01-03,2018-01-14,2018-01-15,2018-11-25,2018-11-26,2019-10-08,{},0,none,3,8.334103174603174,2.886884683288055,2.2893650793650795,-0.9287620753697006,0.9162404788269394,82.69963604275131,2.342371831447952,7.760276025236593,2.7857271986389107,2.134542586750789,-1.0094483557731615,0.9089347145988728,77.96042411378919,4.514916652855951,0.0,daily,5,seed3,daily|N02BA|A_lag1,,5,,,,,,,,,,,,,,
SeasonalNaive(s=7),N02BA,A_lag1,pacf_train,1,1,1473,315,317,2014-01-03,2018-01-14,2018-01-15,2018-11-25,2018-11-26,2019-10-08,{},0,none,3,7.847873015873016,2.801405542914666,2.178730158730158,-0.8162337960321493,0.8891110791114557,79.36972426456744,2.511528605299084,7.255528391167193,2.693608804404825,2.1228706624605675,-0.8787488419848966,0.8788780721489677,78.63586500450135,5.112774483243222,0.0,daily,5,seed3,daily|N02BA|A_lag1,,5,,,,,,,,,,,,,,
S1 [linear],N02BA,A_lag1,pacf_train,1,1,1473,315,317,2014-01-03,2018-01-14,2018-01-15,2018-11-25,2018-11-26,2019-10-08,{},0,none,3,5.2531433805716725,2.2919736867101403,1.905808851129704,-0.2157353366828771,0.7274274169407499,62.32415222541202,3.320251974157873,4.645671054039993,2.155381881254455,1.7629831366345512,-0.2029515484559096,0.7032639147317814,59.40873592073984,4.295684500120711,0.006,daily,5,seed3,daily|N02BA|A_lag1,,5,linear,0.0,2.2919736867101403,0.0,,2.155381881254455,,,,,,,,
AR-LRX [linear],N02BA,A_lag1,pacf_train,1,1,1473,315,317,2014-01-03,2018-01-14,2018-01-15,2018-11-25,2018-11-26,2019-10-08,"{""colsample_bytree"": 0.8, ""learning_rate"": 0.1, ""max_depth"": 3, ""n_estimators"": 500, ""subsample"": 0.8}",132,none,3,5.231213242519816,2.2871845667807,1.8987030902776043,-0.2106600433134668,0.7259074443686855,62.26268338828134,3.226411355014002,4.624942291037505,2.1505678996575543,1.7509320667086734,-0.1975840359348213,0.7016931956064482,59.09752177435207,4.248702251498736,5.859,daily,5,seed3,daily|N02BA|A_lag1,-0.228091614007279,5,linear,0.2,2.2919736867101403,0.209,-0.3038315381087884,2.155381881254455,5.0,,,,,,,
AR-LRX-g [linear],N02BA,A_lag1,pacf_train,1,1,1473,315,317,2014-01-03,2018-01-14,2018-01-15,2018-11-25,2018-11-26,2019-10-08,"{""colsample_bytree"": 0.8, ""learning_rate"": 0.1, ""max_depth"": 5, ""n_estimators"": 500, ""subsample"": 0.8}",132,none,3,5.237934614918652,2.28865345015768,1.9006111124291645,-0.2122155709936157,0.7263736390928658,62.262111536221695,3.269896638071105,4.630461684473495,2.151850757946167,1.755252083073055,-0.1990132294362827,0.7021117701291081,59.21803235686951,4.271527054971068,6.27,daily,5,seed3,daily|N02BA|A_lag1,-0.2621535156292196,5,linear,0.0999999999999999,2.2919736867101403,0.1449,-0.4141824288342697,2.155381881254455,5.0,False,global,1.0,"{""0"": 0.1}",0.1,0.1,2.296984912254441
AR-LRX-Aug [linear],N02BA,A_lag1,pacf_train,1,1,1473,315,317,2014-01-03,2018-01-14,2018-01-15,2018-11-25,2018-11-26,2019-10-08,"{""colsample_bytree"": 0.8, ""learning_rate"": 0.05, ""max_depth"": 3, ""n_estimators"": 100, ""subsample"": 0.8}",132,none,3,5.2531433805716725,2.2919736867101403,1.905808851129704,-0.2157353366828771,0.7274274169407499,62.32415222541202,3.320251974157873,4.645671054039993,2.155381881254455,1.7629831366345512,-0.2029515484559096,0.7032639147317814,59.40873592073984,4.295684500120711,6.185,daily,5,seed3,daily|N02BA|A_lag1,-0.3457399877295375,5,linear,0.0,2.2919736867101403,0.0,-0.2554029404450533,2.155381881254455,5.0,True,global,1.0,"{""0"": 0.0}",0.0,0.0,2.2919736867101403
XGBoost,N02BA,A_lag1,pacf_train,1,1,1473,315,317,2014-01-03,2018-01-14,2018-01-15,2018-11-25,2018-11-26,2019-10-08,"{""colsample_bytree"": 0.8, ""learning_rate"": 0.05, ""max_depth"": 3, ""n_estimators"": 100, ""subsample"": 0.8}",12,none,3,5.369455071319786,2.3172084652270253,1.92230582222106,-0.242653359334759,0.7354364398453531,62.54290338032277,3.345917451001536,4.676719955644002,2.162572531880492,1.7668231416575912,-0.2109913609669393,0.7056100999496845,59.35600778833441,4.231056002877575,5.63,daily,5,seed3,daily|N02BA|A_lag1,,5,,,,,,,,,,,,,,
"LR-XGB (residual, tanpa gerbang)",N02BA,A_lag1,pacf_train,1,1,1473,315,317,2014-01-03,2018-01-14,2018-01-15,2018-11-25,2018-11-26,2019-10-08,"{""colsample_bytree"": 0.8, ""learning_rate"": 0.05, ""max_depth"": 3, ""n_estimators"": 100, ""subsample"": 0.8}",12,none,3,5.296409367762452,2.301392919030224,1.9103654975477924,-0.2257483870973844,0.7304168962161415,62.4160139523588,3.300216812709868,4.639384354418759,2.1539230149703026,1.7562423975605246,-0.2013236684454504,0.7027879118373588,59.19944782286869,4.19943524603647,5.467,daily,5,seed3,daily|N02BA|A_lag1,,5,,,,,,,5.0,,,,,,,
Naive,N02BA,B_rich,pacf_train,1,1,1473,315,317,2014-01-03,2018-01-14,2018-01-15,2018-11-25,2018-11-26,2019-10-08,{},0,none,3,8.334103174603174,2.886884683288055,2.2893650793650795,-0.9287620753697006,0.9162404788269394,82.69963604275131,2.342371831447952,7.760276025236593,2.7857271986389107,2.134542586750789,-1.0094483557731615,0.9089347145988728,77.96042411378919,4.514916652855951,0.0,daily,5,seed3,daily|N02BA|B_rich,,5,,,,,,,,,,,,,,
SeasonalNaive(s=7),N02BA,B_rich,pacf_train,1,1,1473,315,317,2014-01-03,2018-01-14,2018-01-15,2018-11-25,2018-11-26,2019-10-08,{},0,none,3,7.847873015873016,2.801405542914666,2.178730158730158,-0.8162337960321493,0.8891110791114557,79.36972426456744,2.511528605299084,7.255528391167193,2.693608804404825,2.1228706624605675,-0.8787488419848966,0.8788780721489677,78.63586500450135,5.112774483243222,0.0,daily,5,seed3,daily|N02BA|B_rich,,5,,,,,,,,,,,,,,
S1 [linear],N02BA,B_rich,pacf_train,1,1,1473,315,317,2014-01-03,2018-01-14,2018-01-15,2018-11-25,2018-11-26,2019-10-08,{},0,none,3,5.2531433805716725,2.2919736867101403,1.905808851129704,-0.2157353366828771,0.7274274169407499,62.32415222541202,3.320251974157873,4.645671054039993,2.155381881254455,1.7629831366345512,-0.2029515484559096,0.7032639147317814,59.40873592073984,4.295684500120711,0.006,daily,5,seed3,daily|N02BA|B_rich,,5,linear,0.0,2.2919736867101403,0.0,,2.155381881254455,,,,,,,,
AR-LRX [linear],N02BA,B_rich,pacf_train,1,1,1473,315,317,2014-01-03,2018-01-14,2018-01-15,2018-11-25,2018-11-26,2019-10-08,"{""colsample_bytree"": 0.8, ""learning_rate"": 0.1, ""max_depth"": 3, ""n_estimators"": 500, ""subsample"": 0.8}",132,none,3,5.231213242519816,2.2871845667807,1.8987030902776043,-0.2106600433134668,0.7259074443686855,62.26268338828134,3.226411355014002,4.624942291037505,2.1505678996575543,1.7509320667086734,-0.1975840359348213,0.7016931956064482,59.09752177435207,4.248702251498736,5.848,daily,5,seed3,daily|N02BA|B_rich,-0.228091614007279,5,linear,0.2,2.2919736867101403,0.209,-0.3038315381087884,2.155381881254455,5.0,,,,,,,
AR-LRX-g [linear],N02BA,B_rich,pacf_train,1,1,1473,315,317,2014-01-03,2018-01-14,2018-01-15,2018-11-25,2018-11-26,2019-10-08,"{""colsample_bytree"": 0.8, ""learning_rate"": 0.1, ""max_depth"": 5, ""n_estimators"": 500, ""subsample"": 0.8}",132,none,3,5.237934614918652,2.28865345015768,1.9006111124291645,-0.2122155709936157,0.7263736390928658,62.262111536221695,3.269896638071105,4.630461684473495,2.151850757946167,1.755252083073055,-0.1990132294362827,0.7021117701291081,59.21803235686951,4.271527054971068,6.214,daily,5,seed3,daily|N02BA|B_rich,-0.2621535156292196,5,linear,0.0999999999999999,2.2919736867101403,0.1449,-0.4141824288342697,2.155381881254455,5.0,False,global,1.0,"{""0"": 0.1}",0.1,0.1,2.296984912254441
AR-LRX-Aug [linear],N02BA,B_rich,pacf_train,1,1,1473,315,317,2014-01-03,2018-01-14,2018-01-15,2018-11-25,2018-11-26,2019-10-08,"{""colsample_bytree"": 0.8, ""learning_rate"": 0.05, ""max_depth"": 3, ""n_estimators"": 100, ""subsample"": 0.8}",132,none,3,5.2531433805716725,2.2919736867101403,1.905808851129704,-0.2157353366828771,0.7274274169407499,62.32415222541202,3.320251974157873,4.645671054039993,2.155381881254455,1.7629831366345512,-0.2029515484559096,0.7032639147317814,59.40873592073984,4.295684500120711,4.9,daily,5,seed3,daily|N02BA|B_rich,-0.3457399877295375,5,linear,0.0,2.2919736867101403,0.0,-0.2554029404450533,2.155381881254455,5.0,True,global,1.0,"{""0"": 0.0}",0.0,0.0,2.2919736867101403
XGBoost,N02BA,B_rich,pacf_train,1,1,1473,315,317,2014-01-03,2018-01-14,2018-01-15,2018-11-25,2018-11-26,2019-10-08,"{""colsample_bytree"": 0.8, ""learning_rate"": 0.05, ""max_depth"": 3, ""n_estimators"": 100, ""subsample"": 0.8}",12,none,3,5.369455071319786,2.3172084652270253,1.92230582222106,-0.242653359334759,0.7354364398453531,62.54290338032277,3.345917451001536,4.676719955644002,2.162572531880492,1.7668231416575912,-0.2109913609669393,0.7056100999496845,59.35600778833441,4.231056002877575,5.124,daily,5,seed3,daily|N02BA|B_rich,,5,,,,,,,,,,,,,,
"LR-XGB (residual, tanpa gerbang)",N02BA,B_rich,pacf_train,1,1,1473,315,317,2014-01-03,2018-01-14,2018-01-15,2018-11-25,2018-11-26,2019-10-08,"{""colsample_bytree"": 0.8, ""learning_rate"": 0.05, ""max_depth"": 3, ""n_estimators"": 100, ""subsample"": 0.8}",12,none,3,5.296409367762452,2.301392919030224,1.9103654975477924,-0.2257483870973844,0.7304168962161415,62.4160139523588,3.300216812709868,4.639384354418759,2.1539230149703026,1.7562423975605246,-0.2013236684454504,0.7027879118373588,59.19944782286869,4.19943524603647,5.193,daily,5,seed3,daily|N02BA|B_rich,,5,,,,,,,5.0,,,,,,,
Naive,N02BE,A_lag1,pacf_train,1,1,1473,315,317,2014-01-03,2018-01-14,2018-01-15,2018-11-25,2018-11-26,2019-10-08,{},0,none,3,217.44338421587304,14.745961623979396,11.26143492063492,-0.1773857646180414,0.4949864836135261,39.65327459694022,0.6401810403773499,267.6145699621451,16.358929364788672,12.260832807570978,0.0353746408762239,0.5550064058152501,45.59922383129986,0.6090563105445783,0.0,daily,5,seed3,daily|N02BE|A_lag1,,5,,,,,,,,,,,,,,
SeasonalNaive(s=7),N02BE,A_lag1,pacf_train,1,1,1473,315,317,2014-01-03,2018-01-14,2018-01-15,2018-11-25,2018-11-26,2019-10-08,{},0,none,3,230.10919060634924,15.169350368633102,11.791273015873015,-0.2459670194367673,0.5091986259791271,41.05185459429482,0.6799729413046828,266.48052583596217,16.32423124793208,11.935097791798109,0.0394623395491182,0.5538292091481757,44.49239311465449,0.6478070977049389,0.0,daily,5,seed3,daily|N02BE|A_lag1,,5,,,,,,,,,,,,,,
S1 [linear],N02BE,A_lag1,pacf_train,1,1,1473,315,317,2014-01-03,2018-01-14,2018-01-15,2018-11-25,2018-11-26,2019-10-08,{},0,none,3,153.57083492845794,12.392370028709518,9.86939933741544,0.1684634804719228,0.4159820716048506,34.57583006066338,0.6084517399038339,205.6223851477789,14.339539223691215,11.141617867165255,0.2588274728647224,0.4864949256836939,40.123373437841536,0.62185815126519,0.007,daily,5,seed3,daily|N02BE|A_lag1,,5,linear,0.0,12.392370028709518,0.0,,14.339539223691215,,,,,,,,
AR-LRX [linear],N02BE,A_lag1,pacf_train,1,1,1473,315,317,2014-01-03,2018-01-14,2018-01-15,2018-11-25,2018-11-26,2019-10-08,"{""colsample_bytree"": 0.8, ""learning_rate"": 0.1, ""max_depth"": 5, ""n_estimators"": 100, ""subsample"": 0.8}",132,none,3,153.5200375540241,12.390320316845086,9.871374678590472,0.1687385318640545,0.4159132677049038,34.551602862660324,0.6068221667715616,205.07241406921605,14.32034964898609,11.103681195378597,0.260809861376833,0.4858438844909163,39.9122507964339,0.6178485864228594,5.254,daily,5,seed3,daily|N02BE|A_lag1,-0.0444364117937936,5,linear,0.1,12.392370028709518,0.0165,-0.078047036655235,14.339539223691215,5.0,,,,,,,
AR-LRX-g [linear],N02BE,A_lag1,pacf_train,1,1,1473,315,317,2014-01-03,2018-01-14,2018-01-15,2018-11-25,2018-11-26,2019-10-08,"{""colsample_bytree"": 0.8, ""learning_rate"": 0.1, ""max_depth"": 3, ""n_estimators"": 300, ""subsample"": 0.8}",132,none,3,153.57083492845794,12.392370028709518,9.86939933741544,0.1684634804719228,0.4159820716048506,34.57583006066338,0.6084517399038339,205.6223851477789,14.339539223691215,11.141617867165255,0.2588274728647224,0.4864949256836939,40.123373437841536,0.62185815126519,5.515,daily,5,seed3,daily|N02BE|A_lag1,-0.0440147080501751,5,linear,0.0,12.392370028709518,0.0,-0.0812367876466515,14.339539223691215,5.0,False,global,1.0,"{""0"": 0.0}",0.0,0.0,12.39862737769253
AR-LRX-Aug [linear],N02BE,A_lag1,pacf_train,1,1,1473,315,317,2014-01-03,2018-01-14,2018-01-15,2018-11-25,2018-11-26,2019-10-08,"{""colsample_bytree"": 0.8, ""learning_rate"": 0.1, ""max_depth"": 5, ""n_estimators"": 500, ""subsample"": 0.8}",132,none,3,153.2252045682776,12.378416884572824,9.842295865190565,0.1703349573502083,0.415513698098416,34.443988077212765,0.6031574890751805,205.3734574781194,14.330856829866084,11.122754220839038,0.259724740688276,0.4862003596957063,40.020963460959024,0.6203603143578166,6.699,daily,5,seed3,daily|N02BE|A_lag1,-0.1476347640319057,5,linear,0.0999999999999999,12.392370028709518,0.1126,-0.2810394813240129,14.339539223691215,5.0,True,global,1.0,"{""0"": 0.1}",0.1,0.1,12.378416884572829
XGBoost,N02BE,A_lag1,pacf_train,1,1,1473,315,317,2014-01-03,2018-01-14,2018-01-15,2018-11-25,2018-11-26,2019-10-08,"{""colsample_bytree"": 0.8, ""learning_rate"": 0.05, ""max_depth"": 3, ""n_estimators"": 100, ""subsample"": 0.8}",12,none,3,156.4649228338231,12.508593959107598,9.957701419551787,0.15279292827914,0.4198834295553512,34.70508677284697,0.5986841034321467,204.2421869794183,14.291332582352783,10.972638820227012,0.2638024417313471,0.4848594277761563,39.16398363899668,0.6033791618129072,5.493,daily,5,seed3,daily|N02BE|A_lag1,,5,,,,,,,,,,,,,,
"LR-XGB (residual, tanpa gerbang)",N02BE,A_lag1,pacf_train,1,1,1473,315,317,2014-01-03,2018-01-14,2018-01-15,2018-11-25,2018-11-26,2019-10-08,"{""colsample_bytree"": 0.8, ""learning_rate"": 0.05, ""max_depth"": 3, ""n_estimators"": 100, ""subsample"": 0.8}",12,none,3,158.4148804408419,12.58629732847758,9.968043328406656,0.1422345370160913,0.4224917448724632,34.716882520599526,0.600326527609934,201.83245482628885,14.206774962189302,10.936632809702605,0.2724883990913422,0.481990656855717,39.07581718666332,0.6004807946407308,4.919,daily,5,seed3,daily|N02BE|A_lag1,,5,,,,,,,5.0,,,,,,,
Naive,N02BE,B_rich,pacf_train,1,1,1473,315,317,2014-01-03,2018-01-14,2018-01-15,2018-11-25,2018-11-26,2019-10-08,{},0,none,3,217.44338421587304,14.745961623979396,11.26143492063492,-0.1773857646180414,0.4949864836135261,39.65327459694022,0.6401810403773499,267.6145699621451,16.358929364788672,12.260832807570978,0.0353746408762239,0.5550064058152501,45.59922383129986,0.6090563105445783,0.0,daily,5,seed3,daily|N02BE|B_rich,,5,,,,,,,,,,,,,,
SeasonalNaive(s=7),N02BE,B_rich,pacf_train,1,1,1473,315,317,2014-01-03,2018-01-14,2018-01-15,2018-11-25,2018-11-26,2019-10-08,{},0,none,3,230.10919060634924,15.169350368633102,11.791273015873015,-0.2459670194367673,0.5091986259791271,41.05185459429482,0.6799729413046828,266.48052583596217,16.32423124793208,11.935097791798109,0.0394623395491182,0.5538292091481757,44.49239311465449,0.6478070977049389,0.0,daily,5,seed3,daily|N02BE|B_rich,,5,,,,,,,,,,,,,,
S1 [linear],N02BE,B_rich,pacf_train,1,1,1473,315,317,2014-01-03,2018-01-14,2018-01-15,2018-11-25,2018-11-26,2019-10-08,{},0,none,3,153.57083492845794,12.392370028709518,9.86939933741544,0.1684634804719228,0.4159820716048506,34.57583006066338,0.6084517399038339,205.6223851477789,14.339539223691215,11.141617867165255,0.2588274728647224,0.4864949256836939,40.123373437841536,0.62185815126519,0.006,daily,5,seed3,daily|N02BE|B_rich,,5,linear,0.0,12.392370028709518,0.0,,14.339539223691215,,,,,,,,
AR-LRX [linear],N02BE,B_rich,pacf_train,1,1,1473,315,317,2014-01-03,2018-01-14,2018-01-15,2018-11-25,2018-11-26,2019-10-08,"{""colsample_bytree"": 0.8, ""learning_rate"": 0.1, ""max_depth"": 5, ""n_estimators"": 100, ""subsample"": 0.8}",132,none,3,153.5200375540241,12.390320316845086,9.871374678590472,0.1687385318640545,0.4159132677049038,34.551602862660324,0.6068221667715616,205.07241406921605,14.32034964898609,11.103681195378597,0.260809861376833,0.4858438844909163,39.9122507964339,0.6178485864228594,4.89,daily,5,seed3,daily|N02BE|B_rich,-0.0444364117937936,5,linear,0.1,12.392370028709518,0.0165,-0.078047036655235,14.339539223691215,5.0,,,,,,,
AR-LRX-g [linear],N02BE,B_rich,pacf_train,1,1,1473,315,317,2014-01-03,2018-01-14,2018-01-15,2018-11-25,2018-11-26,2019-10-08,"{""colsample_bytree"": 0.8, ""learning_rate"": 0.1, ""max_depth"": 3, ""n_estimators"": 300, ""subsample"": 0.8}",132,none,3,153.57083492845794,12.392370028709518,9.86939933741544,0.1684634804719228,0.4159820716048506,34.57583006066338,0.6084517399038339,205.6223851477789,14.339539223691215,11.141617867165255,0.2588274728647224,0.4864949256836939,40.123373437841536,0.62185815126519,5.011,daily,5,seed3,daily|N02BE|B_rich,-0.0440147080501751,5,linear,0.0,12.392370028709518,0.0,-0.0812367876466515,14.339539223691215,5.0,False,global,1.0,"{""0"": 0.0}",0.0,0.0,12.39862737769253
AR-LRX-Aug [linear],N02BE,B_rich,pacf_train,1,1,1473,315,317,2014-01-03,2018-01-14,2018-01-15,2018-11-25,2018-11-26,2019-10-08,"{""colsample_bytree"": 0.8, ""learning_rate"": 0.1, ""max_depth"": 5, ""n_estimators"": 500, ""subsample"": 0.8}",132,none,3,153.2252045682776,12.378416884572824,9.842295865190565,0.1703349573502083,0.415513698098416,34.443988077212765,0.6031574890751805,205.3734574781194,14.330856829866084,11.122754220839038,0.259724740688276,0.4862003596957063,40.020963460959024,0.6203603143578166,6.13,daily,5,seed3,daily|N02BE|B_rich,-0.1476347640319057,5,linear,0.0999999999999999,12.392370028709518,0.1126,-0.2810394813240129,14.339539223691215,5.0,True,global,1.0,"{""0"": 0.1}",0.1,0.1,12.378416884572829
XGBoost,N02BE,B_rich,pacf_train,1,1,1473,315,317,2014-01-03,2018-01-14,2018-01-15,2018-11-25,2018-11-26,2019-10-08,"{""colsample_bytree"": 0.8, ""learning_rate"": 0.05, ""max_depth"": 3, ""n_estimators"": 100, ""subsample"": 0.8}",12,none,3,156.4649228338231,12.508593959107598,9.957701419551787,0.15279292827914,0.4198834295553512,34.70508677284697,0.5986841034321467,204.2421869794183,14.291332582352783,10.972638820227012,0.2638024417313471,0.4848594277761563,39.16398363899668,0.6033791618129072,5.181,daily,5,seed3,daily|N02BE|B_rich,,5,,,,,,,,,,,,,,
"LR-XGB (residual, tanpa gerbang)",N02BE,B_rich,pacf_train,1,1,1473,315,317,2014-01-03,2018-01-14,2018-01-15,2018-11-25,2018-11-26,2019-10-08,"{""colsample_bytree"": 0.8, ""learning_rate"": 0.05, ""max_depth"": 3, ""n_estimators"": 100, ""subsample"": 0.8}",12,none,3,158.4148804408419,12.58629732847758,9.968043328406656,0.1422345370160913,0.4224917448724632,34.716882520599526,0.600326527609934,201.83245482628885,14.206774962189302,10.936632809702605,0.2724883990913422,0.481990656855717,39.07581718666332,0.6004807946407308,5.13,daily,5,seed3,daily|N02BE|B_rich,,5,,,,,,,5.0,,,,,,,
Naive,N05B,A_lag1,pacf_train,1,1,1473,315,317,2014-01-03,2018-01-14,2018-01-15,2018-11-25,2018-11-26,2019-10-08,{},0,none,3,36.112,6.009326085344346,4.477460317460317,-0.5700891855747092,0.6556309631765964,51.48284895274944,1.037593235641704,34.789652996845426,5.898275425651589,4.513564668769717,-0.8613666472123493,0.6920910978425946,58.41854125142585,1.4696289793176036,0.0,daily,5,seed3,daily|N05B|A_lag1,,5,,,,,,,,,,,,,,
SeasonalNaive(s=7),N05B,A_lag1,pacf_train,1,1,1473,315,317,2014-01-03,2018-01-14,2018-01-15,2018-11-25,2018-11-26,2019-10-08,{},0,none,3,42.73676190476191,6.5373359944829135,4.9523809523809526,-0.8581227207894293,0.7132380293232605,55.1438964833201,1.2884391726352744,33.49817034700316,5.7877603912915365,4.490220820189275,-0.7922678628672513,0.6791234986820466,58.98982476196507,1.3497836088745436,0.0,daily,5,seed3,daily|N05B|A_lag1,,5,,,,,,,,,,,,,,
S1 [linear],N05B,A_lag1,pacf_train,1,1,1473,315,317,2014-01-03,2018-01-14,2018-01-15,2018-11-25,2018-11-26,2019-10-08,{},0,none,3,22.121535572971776,4.703353651701281,3.4966883742269155,0.0381927400468207,0.5131464395559379,39.37344562383443,0.8682197354640178,19.65860909717409,4.433803006130751,3.492097883087328,-0.0518035148951647,0.5202530178203465,44.6846688968021,1.2961836959440327,0.008,daily,5,seed3,daily|N05B|A_lag1,,5,linear,0.0,4.703353651701281,0.0,,4.433803006130751,,,,,,,,
AR-LRX [linear],N05B,A_lag1,pacf_train,1,1,1473,315,317,2014-01-03,2018-01-14,2018-01-15,2018-11-25,2018-11-26,2019-10-08,"{""colsample_bytree"": 0.8, ""learning_rate"": 0.1, ""max_depth"": 5, ""n_estimators"": 300, ""subsample"": 0.8}",132,none,3,22.1106842240184,4.702199934500701,3.4945334878608696,0.0386645384972138,0.5130205664199643,39.346540890776346,0.8685632580122272,19.67251276869888,4.4353706461465965,3.4883757116207064,-0.0525474093643731,0.5204369613667719,44.64373210131823,1.293808254158749,5.868,daily,5,seed3,daily|N05B|A_lag1,-0.0956328349266792,5,linear,0.1,4.703353651701281,0.0245,-0.0297141003148422,4.433803006130751,5.0,,,,,,,
AR-LRX-g [linear],N05B,A_lag1,pacf_train,1,1,1473,315,317,2014-01-03,2018-01-14,2018-01-15,2018-11-25,2018-11-26,2019-10-08,"{""colsample_bytree"": 0.8, ""learning_rate"": 0.05, ""max_depth"": 3, ""n_estimators"": 100, ""subsample"": 0.8}",132,none,3,22.121535572971776,4.703353651701281,3.4966883742269155,0.0381927400468207,0.5131464395559379,39.37344562383443,0.8682197354640178,19.65860909717409,4.433803006130751,3.492097883087328,-0.0518035148951647,0.5202530178203465,44.6846688968021,1.2961836959440327,5.654,daily,5,seed3,daily|N05B|A_lag1,-0.0321731159505425,5,linear,0.0,4.703353651701281,0.0,-0.028159614379984,4.433803006130751,5.0,False,global,1.0,"{""0"": 0.0}",0.0,0.0,4.715032884614012
AR-LRX-Aug [linear],N05B,A_lag1,pacf_train,1,1,1473,315,317,2014-01-03,2018-01-14,2018-01-15,2018-11-25,2018-11-26,2019-10-08,"{""colsample_bytree"": 0.8, ""learning_rate"": 0.05, ""max_depth"": 3, ""n_estimators"": 300, ""subsample"": 0.8}",132,none,3,22.121535572971776,4.703353651701281,3.4966883742269155,0.0381927400468207,0.5131464395559379,39.37344562383443,0.8682197354640178,19.65860909717409,4.433803006130751,3.492097883087328,-0.0518035148951647,0.5202530178203465,44.6846688968021,1.2961836959440327,6.656,daily,5,seed3,daily|N05B|A_lag1,-0.0085180838307046,5,linear,0.0,4.703353651701281,0.0,-0.0694278927660381,4.433803006130751,5.0,True,global,1.0,"{""0"": 0.0}",0.0,0.0,4.703353651701281
XGBoost,N05B,A_lag1,pacf_train,1,1,1473,315,317,2014-01-03,2018-01-14,2018-01-15,2018-11-25,2018-11-26,2019-10-08,"{""colsample_bytree"": 0.8, ""learning_rate"": 0.1, ""max_depth"": 5, ""n_estimators"": 300, ""subsample"": 0.8}",12,none,3,22.606451526229225,4.754624225554447,3.5192599532717748,0.0171094077993081,0.5187401742344315,39.5720335953769,0.8783752481541653,21.17609808821059,4.601749459521954,3.6038797118310297,-0.1329944194346088,0.5399594975823435,46.492542252568406,1.2812202590541586,6.072,daily,5,seed3,daily|N05B|A_lag1,,5,,,,,,,,,,,,,,
"LR-XGB (residual, tanpa gerbang)",N05B,A_lag1,pacf_train,1,1,1473,315,317,2014-01-03,2018-01-14,2018-01-15,2018-11-25,2018-11-26,2019-10-08,"{""colsample_bytree"": 0.8, ""learning_rate"": 0.05, ""max_depth"": 3, ""n_estimators"": 100, ""subsample"": 0.8}",12,none,3,22.69496548019869,4.763923328539061,3.5307448196911286,0.0132609695544058,0.5197547272408577,39.619673242663865,0.8852641424252414,20.21870158425803,4.496521053465449,3.522043575755172,-0.0817703982931337,0.5276122201467824,44.92642193117653,1.283412519272873,5.55,daily,5,seed3,daily|N05B|A_lag1,,5,,,,,,,5.0,,,,,,,
Naive,N05B,B_rich,pacf_train,1,1,1473,315,317,2014-01-03,2018-01-14,2018-01-15,2018-11-25,2018-11-26,2019-10-08,{},0,none,3,36.112,6.009326085344346,4.477460317460317,-0.5700891855747092,0.6556309631765964,51.48284895274944,1.037593235641704,34.789652996845426,5.898275425651589,4.513564668769717,-0.8613666472123493,0.6920910978425946,58.41854125142585,1.4696289793176036,0.0,daily,5,seed3,daily|N05B|B_rich,,5,,,,,,,,,,,,,,
SeasonalNaive(s=7),N05B,B_rich,pacf_train,1,1,1473,315,317,2014-01-03,2018-01-14,2018-01-15,2018-11-25,2018-11-26,2019-10-08,{},0,none,3,42.73676190476191,6.5373359944829135,4.9523809523809526,-0.8581227207894293,0.7132380293232605,55.1438964833201,1.2884391726352744,33.49817034700316,5.7877603912915365,4.490220820189275,-0.7922678628672513,0.6791234986820466,58.98982476196507,1.3497836088745436,0.0,daily,5,seed3,daily|N05B|B_rich,,5,,,,,,,,,,,,,,
S1 [linear],N05B,B_rich,pacf_train,1,1,1473,315,317,2014-01-03,2018-01-14,2018-01-15,2018-11-25,2018-11-26,2019-10-08,{},0,none,3,22.121535572971776,4.703353651701281,3.4966883742269155,0.0381927400468207,0.5131464395559379,39.37344562383443,0.8682197354640178,19.65860909717409,4.433803006130751,3.492097883087328,-0.0518035148951647,0.5202530178203465,44.6846688968021,1.2961836959440327,0.009,daily,5,seed3,daily|N05B|B_rich,,5,linear,0.0,4.703353651701281,0.0,,4.433803006130751,,,,,,,,
AR-LRX [linear],N05B,B_rich,pacf_train,1,1,1473,315,317,2014-01-03,2018-01-14,2018-01-15,2018-11-25,2018-11-26,2019-10-08,"{""colsample_bytree"": 0.8, ""learning_rate"": 0.1, ""max_depth"": 5, ""n_estimators"": 300, ""subsample"": 0.8}",132,none,3,22.1106842240184,4.702199934500701,3.4945334878608696,0.0386645384972138,0.5130205664199643,39.346540890776346,0.8685632580122272,19.67251276869888,4.4353706461465965,3.4883757116207064,-0.0525474093643731,0.5204369613667719,44.64373210131823,1.293808254158749,5.677,daily,5,seed3,daily|N05B|B_rich,-0.0956328349266792,5,linear,0.1,4.703353651701281,0.0245,-0.0297141003148422,4.433803006130751,5.0,,,,,,,
AR-LRX-g [linear],N05B,B_rich,pacf_train,1,1,1473,315,317,2014-01-03,2018-01-14,2018-01-15,2018-11-25,2018-11-26,2019-10-08,"{""colsample_bytree"": 0.8, ""learning_rate"": 0.05, ""max_depth"": 3, ""n_estimators"": 100, ""subsample"": 0.8}",132,none,3,22.121535572971776,4.703353651701281,3.4966883742269155,0.0381927400468207,0.5131464395559379,39.37344562383443,0.8682197354640178,19.65860909717409,4.433803006130751,3.492097883087328,-0.0518035148951647,0.5202530178203465,44.6846688968021,1.2961836959440327,5.249,daily,5,seed3,daily|N05B|B_rich,-0.0321731159505425,5,linear,0.0,4.703353651701281,0.0,-0.028159614379984,4.433803006130751,5.0,False,global,1.0,"{""0"": 0.0}",0.0,0.0,4.715032884614012
AR-LRX-Aug [linear],N05B,B_rich,pacf_train,1,1,1473,315,317,2014-01-03,2018-01-14,2018-01-15,2018-11-25,2018-11-26,2019-10-08,"{""colsample_bytree"": 0.8, ""learning_rate"": 0.05, ""max_depth"": 3, ""n_estimators"": 300, ""subsample"": 0.8}",132,none,3,22.121535572971776,4.703353651701281,3.4966883742269155,0.0381927400468207,0.5131464395559379,39.37344562383443,0.8682197354640178,19.65860909717409,4.433803006130751,3.492097883087328,-0.0518035148951647,0.5202530178203465,44.6846688968021,1.2961836959440327,5.797,daily,5,seed3,daily|N05B|B_rich,-0.0085180838307046,5,linear,0.0,4.703353651701281,0.0,-0.0694278927660381,4.433803006130751,5.0,True,global,1.0,"{""0"": 0.0}",0.0,0.0,4.703353651701281
XGBoost,N05B,B_rich,pacf_train,1,1,1473,315,317,2014-01-03,2018-01-14,2018-01-15,2018-11-25,2018-11-26,2019-10-08,"{""colsample_bytree"": 0.8, ""learning_rate"": 0.1, ""max_depth"": 5, ""n_estimators"": 300, ""subsample"": 0.8}",12,none,3,22.606451526229225,4.754624225554447,3.5192599532717748,0.0171094077993081,0.5187401742344315,39.5720335953769,0.8783752481541653,21.17609808821059,4.601749459521954,3.6038797118310297,-0.1329944194346088,0.5399594975823435,46.492542252568406,1.2812202590541586,5.495,daily,5,seed3,daily|N05B|B_rich,,5,,,,,,,,,,,,,,
"LR-XGB (residual, tanpa gerbang)",N05B,B_rich,pacf_train,1,1,1473,315,317,2014-01-03,2018-01-14,2018-01-15,2018-11-25,2018-11-26,2019-10-08,"{""colsample_bytree"": 0.8, ""learning_rate"": 0.05, ""max_depth"": 3, ""n_estimators"": 100, ""subsample"": 0.8}",12,none,3,22.69496548019869,4.763923328539061,3.5307448196911286,0.0132609695544058,0.5197547272408577,39.619673242663865,0.8852641424252414,20.21870158425803,4.496521053465449,3.522043575755172,-0.0817703982931337,0.5276122201467824,44.92642193117653,1.283412519272873,5.276,daily,5,seed3,daily|N05B|B_rich,,5,,,,,,,5.0,,,,,,,
Naive,N05C,A_lag1,pacf_train,1,7,1469,314,316,2014-01-09,2018-01-16,2018-01-17,2018-11-26,2018-11-27,2019-10-08,{},0,none,3,3.245222929936306,1.801450229658401,0.9968152866242038,-0.9423898790733812,2.828276860563689,170.12558275058277,1.14360616103027,2.7626582278481013,1.662124612611251,1.1044303797468351,-1.146047749072324,2.3343616781562457,170.49054797798516,1.0397716095374023,0.0,daily,5,seed3,daily|N05C|A_lag1,,5,,,,,,,,,,,,,,
SeasonalNaive(s=7),N05C,A_lag1,pacf_train,1,7,1469,314,316,2014-01-09,2018-01-16,2018-01-17,2018-11-26,2018-11-27,2019-10-08,{},0,none,3,2.8853503184713376,1.6986318961067868,0.961783439490446,-0.726992375309601,2.666852076887656,174.4593489569741,1.0456056110833476,2.6487341772151898,1.6274932187923823,1.0727848101265822,-1.0575509346775886,2.2857238095039683,166.73606125867434,1.0011821716055178,0.0,daily,5,seed3,daily|N05C|A_lag1,,5,,,,,,,,,,,,,,
S1 [linear],N05C,A_lag1,pacf_train,1,7,1469,314,316,2014-01-09,2018-01-16,2018-01-17,2018-11-26,2018-11-27,2019-10-08,{},0,none,3,1.6750876542176854,1.2942517738901058,0.8495322279728027,-0.0026039431987692,2.031975285007466,166.9933340045415,0.6374896487402409,1.311529447006751,1.145220261350082,0.8518890191874211,-0.0188031183948758,1.6083982337183376,158.08401182796632,0.6219326037169545,0.006,daily,5,seed3,daily|N05C|A_lag1,,5,linear,0.0,1.2942517738901058,0.0,,1.145220261350082,,,,,,,,
AR-LRX [linear],N05C,A_lag1,pacf_train,1,7,1469,314,316,2014-01-09,2018-01-16,2018-01-17,2018-11-26,2018-11-27,2019-10-08,"{""colsample_bytree"": 0.8, ""learning_rate"": 0.05, ""max_depth"": 3, ""n_estimators"": 100, ""subsample"": 0.8}",132,none,3,1.6750876542176854,1.2942517738901058,0.8495322279728027,-0.0026039431987692,2.031975285007466,166.9933340045415,0.6374896487402409,1.311529447006751,1.145220261350082,0.8518890191874211,-0.0188031183948758,1.6083982337183376,158.08401182796632,0.6219326037169545,4.607,daily,5,seed3,daily|N05C|A_lag1,-0.0161198574392733,5,linear,0.0,1.2942517738901058,0.0,-0.0219175451325324,1.145220261350082,5.0,,,,,,,
AR-LRX-g [linear],N05C,A_lag1,pacf_train,1,7,1469,314,316,2014-01-09,2018-01-16,2018-01-17,2018-11-26,2018-11-27,2019-10-08,"{""colsample_bytree"": 0.8, ""learning_rate"": 0.05, ""max_depth"": 5, ""n_estimators"": 500, ""subsample"": 0.8}",132,none,3,1.6750876542176854,1.2942517738901058,0.8495322279728027,-0.0026039431987692,2.031975285007466,166.9933340045415,0.6374896487402409,1.311529447006751,1.145220261350082,0.8518890191874211,-0.0188031183948758,1.6083982337183376,158.08401182796632,0.6219326037169545,5.274,daily,5,seed3,daily|N05C|A_lag1,-0.018384330819396,5,linear,0.0,1.2942517738901058,0.0,-0.0258318080364123,1.145220261350082,5.0,False,global,1.0,"{""0"": 0.0}",0.0,0.0,1.296511661101403
AR-LRX-Aug [linear],N05C,A_lag1,pacf_train,1,7,1469,314,316,2014-01-09,2018-01-16,2018-01-17,2018-11-26,2018-11-27,2019-10-08,"{""colsample_bytree"": 0.8, ""learning_rate"": 0.05, ""max_depth"": 5, ""n_estimators"": 500, ""subsample"": 0.8}",132,none,3,1.6748974948308626,1.294178308746852,0.8598433318740234,-0.002490125542371,2.031859944732558,166.0549780860046,0.6244391281538619,1.3041321793469172,1.1419860679303042,0.8532374332024932,-0.0130568811474851,1.6038559887376715,157.40301582004832,0.6139211546674013,5.17,daily,5,seed3,daily|N05C|A_lag1,0.0065904047759497,5,linear,0.0999999999999999,1.2942517738901058,0.0057,-0.0637166991373412,1.145220261350082,5.0,True,global,1.0,"{""0"": 0.1}",0.1,0.1,1.300514245199108
XGBoost,N05C,A_lag1,pacf_train,1,7,1469,314,316,2014-01-09,2018-01-16,2018-01-17,2018-11-26,2018-11-27,2019-10-08,"{""colsample_bytree"": 0.8, ""learning_rate"": 0.05, ""max_depth"": 3, ""n_estimators"": 100, ""subsample"": 0.8}",12,none,3,1.7042146744534814,1.3054557343906692,0.8483437392742011,-0.0200375773542773,2.049565502993351,167.7463889511906,0.6487228479909888,1.3133310696324356,1.1460065748644008,0.8496249377774664,-0.0202026285266594,1.609502567365114,158.83802475770247,0.6305358943298357,4.836,daily,5,seed3,daily|N05C|A_lag1,,5,,,,,,,,,,,,,,
"LR-XGB (residual, tanpa gerbang)",N05C,A_lag1,pacf_train,1,7,1469,314,316,2014-01-09,2018-01-16,2018-01-17,2018-11-26,2018-11-27,2019-10-08,"{""colsample_bytree"": 0.8, ""learning_rate"": 0.05, ""max_depth"": 3, ""n_estimators"": 100, ""subsample"": 0.8}",12,none,3,1.705943124389497,1.3061175767860629,0.8482796116166437,-0.0210721206613739,2.050604595554119,167.6393491065672,0.6486364707831691,1.3140629893667868,1.1463258652611772,0.850178384516187,-0.0207711877072966,1.609950992989031,158.78378188306547,0.6299355680749343,4.939,daily,5,seed3,daily|N05C|A_lag1,,5,,,,,,,5.0,,,,,,,
Naive,N05C,B_rich,pacf_train,8,7,1469,314,316,2014-01-09,2018-01-16,2018-01-17,2018-11-26,2018-11-27,2019-10-08,{},0,none,3,3.245222929936306,1.801450229658401,0.9968152866242038,-0.9423898790733812,2.828276860563689,170.12558275058277,1.14360616103027,2.7626582278481013,1.662124612611251,1.1044303797468351,-1.146047749072324,2.3343616781562457,170.49054797798516,1.0397716095374023,0.0,daily,5,seed3,daily|N05C|B_rich,,5,,,,,,,,,,,,,,
SeasonalNaive(s=7),N05C,B_rich,pacf_train,8,7,1469,314,316,2014-01-09,2018-01-16,2018-01-17,2018-11-26,2018-11-27,2019-10-08,{},0,none,3,2.8853503184713376,1.6986318961067868,0.961783439490446,-0.726992375309601,2.666852076887656,174.4593489569741,1.0456056110833476,2.6487341772151898,1.6274932187923823,1.0727848101265822,-1.0575509346775886,2.2857238095039683,166.73606125867434,1.0011821716055178,0.0,daily,5,seed3,daily|N05C|B_rich,,5,,,,,,,,,,,,,,
S1 [linear],N05C,B_rich,pacf_train,8,7,1469,314,316,2014-01-09,2018-01-16,2018-01-17,2018-11-26,2018-11-27,2019-10-08,{},0,none,3,1.6328380334848944,1.2778255097957991,0.8435138580167302,0.0226840685889672,2.006186050379405,166.4662038517874,0.6325619685318218,1.3157798107060052,1.1470744573505267,0.8571858049201146,-0.0221048237443026,1.611002348990073,157.0940017377655,0.6141574023080745,0.009,daily,5,seed3,daily|N05C|B_rich,,5,linear,0.0,1.2778255097957991,0.0,,1.1470744573505267,,,,,,,,
AR-LRX [linear],N05C,B_rich,pacf_train,8,7,1469,314,316,2014-01-09,2018-01-16,2018-01-17,2018-11-26,2018-11-27,2019-10-08,"{""colsample_bytree"": 0.8, ""learning_rate"": 0.1, ""max_depth"": 3, ""n_estimators"": 500, ""subsample"": 0.8}",132,none,3,1.6241365357977746,1.2744161548716235,0.835578721226681,0.0278922473197188,2.000833363148449,166.2372075731131,0.6315191624281781,1.3197869992790094,1.1488198289022562,0.8564835121108996,-0.0252176293496135,1.6134536263693908,157.08651627217372,0.6148533190180205,5.398,daily,5,seed3,daily|N05C|B_rich,-0.1175900743207498,5,linear,0.2,1.2778255097957991,0.2668,-0.0529027756454729,1.1470744573505267,5.0,,,,,,,
AR-LRX-g [linear],N05C,B_rich,pacf_train,8,7,1469,314,316,2014-01-09,2018-01-16,2018-01-17,2018-11-26,2018-11-27,2019-10-08,"{""colsample_bytree"": 0.8, ""learning_rate"": 0.1, ""max_depth"": 3, ""n_estimators"": 300, ""subsample"": 0.8}",132,none,3,1.62464001329679,1.27461367217553,0.8335339971685987,0.0275908968055809,2.0011434653155824,166.4404542866469,0.6353451751565568,1.327665623960539,1.152243734615441,0.8576070184990603,-0.0313377873167293,1.6182623117265749,157.29843657150855,0.6179163175105287,5.657,daily,5,seed3,daily|N05C|B_rich,-0.0913532183634169,5,linear,0.2999999999999999,1.2778255097957991,0.2514,-0.031481956129961,1.1470744573505267,5.0,False,global,1.0,"{""0"": 0.3}",0.3,0.3,1.276828734119389
AR-LRX-Aug [linear],N05C,B_rich,pacf_train,8,7,1469,314,316,2014-01-09,2018-01-16,2018-01-17,2018-11-26,2018-11-27,2019-10-08,"{""colsample_bytree"": 0.8, ""learning_rate"": 0.05, ""max_depth"": 5, ""n_estimators"": 300, ""subsample"": 0.8}",132,none,3,1.6284793248520355,1.2761188521654383,0.8398895493213984,0.0252929221922729,2.0035065978997384,166.90940184346695,0.6393636344655773,1.320030265709032,1.1489257006913165,0.857797723093621,-0.0254066000189898,1.6136023174153598,157.3536391836156,0.6173047211246436,6.518,daily,5,seed3,daily|N05C|B_rich,-0.1144273181820527,5,linear,0.1999999999999999,1.2778255097957991,0.1336,-0.0647821358062685,1.1470744573505267,5.0,True,global,1.0,"{""0"": 0.2}",0.2,0.2,1.2770392502259686
XGBoost,N05C,B_rich,pacf_train,8,7,1469,314,316,2014-01-09,2018-01-16,2018-01-17,2018-11-26,2018-11-27,2019-10-08,"{""colsample_bytree"": 0.8, ""learning_rate"": 0.05, ""max_depth"": 3, ""n_estimators"": 100, ""subsample"": 0.8}",12,none,3,1.6701923181243117,1.2923592063061693,0.8364470781473692,0.0003261024368376,2.029003953900686,168.219372499278,0.6586806973010537,1.318035590188906,1.1480573113694743,0.8513400553713871,-0.0238571253619563,1.612382712856684,158.12210194879967,0.6258441348247061,5.123,daily,5,seed3,daily|N05C|B_rich,,5,,,,,,,,,,,,,,
"LR-XGB (residual, tanpa gerbang)",N05C,B_rich,pacf_train,8,7,1469,314,316,2014-01-09,2018-01-16,2018-01-17,2018-11-26,2018-11-27,2019-10-08,"{""colsample_bytree"": 0.8, ""learning_rate"": 0.05, ""max_depth"": 3, ""n_estimators"": 300, ""subsample"": 0.8}",12,none,3,1.6669218251892175,1.291093267424634,0.8347430338507964,0.0022836173792185,2.027016429856676,167.93048166749458,0.6660827595795719,1.36690576611826,1.169147452684331,0.8597383776236468,-0.061819740495733,1.642002644658883,158.8831086511435,0.6388288991864128,5.87,daily,5,seed3,daily|N05C|B_rich,,5,,,,,,,5.0,,,,,,,
Naive,R03,A_lag1,pacf_train,1,1,1473,315,317,2014-01-03,2018-01-14,2018-01-15,2018-11-25,2018-11-26,2019-10-08,{},0,none,3,93.93055555555556,9.69177772937223,6.792063492063492,-0.7667535335805216,1.395137660117561,112.863476008676,3.275596500445437,118.7064164918472,10.895247426830068,7.588590956908518,-0.8056465862630271,1.48186428344732,116.8205138789049,4.156248040245456,0.0,daily,5,seed3,daily|R03|A_lag1,,5,,,,,,,,,,,,,,
SeasonalNaive(s=7),R03,A_lag1,pacf_train,1,1,1473,315,317,2014-01-03,2018-01-14,2018-01-15,2018-11-25,2018-11-26,2019-10-08,{},0,none,3,90.34960317460316,9.505240826754637,6.712698412698413,-0.699398877417658,1.3682855525774982,110.89724197734942,3.147523277675398,118.44248378881878,10.883128400823852,7.757097791798107,-0.8016318986133568,1.4802159728504856,117.31593920483728,2.6596602356187984,0.0,daily,5,seed3,daily|R03|A_lag1,,5,,,,,,,,,,,,,,
S1 [linear],R03,A_lag1,pacf_train,1,1,1473,315,317,2014-01-03,2018-01-14,2018-01-15,2018-11-25,2018-11-26,2019-10-08,{},0,none,3,55.86248272495644,7.474120866359899,5.098668280401342,-0.0507255936597115,1.0759045232050122,89.90307176351305,1.534883973521318,68.69126047976773,8.288019092628089,5.640236283663765,-0.044864664075809,1.127254755468032,91.40346584251876,1.8249838135443173,0.005,daily,5,seed3,daily|R03|A_lag1,,5,linear,0.0,7.474120866359899,0.0,,8.288019092628089,,,,,,,,
AR-LRX [linear],R03,A_lag1,pacf_train,1,1,1473,315,317,2014-01-03,2018-01-14,2018-01-15,2018-11-25,2018-11-26,2019-10-08,"{""colsample_bytree"": 0.8, ""learning_rate"": 0.1, ""max_depth"": 5, ""n_estimators"": 500, ""subsample"": 0.8}",132,none,3,55.184050740175074,7.428596821754097,5.070144540869508,-0.0379648674049031,1.069351307598556,89.50620414534714,1.597172721355947,69.21863809101087,8.319773920667007,5.669791472584296,-0.0528866195147395,1.1315737345287558,91.38793628639738,1.9293937265759769,5.669,daily,5,seed3,daily|R03|A_lag1,-0.0890923737147482,5,linear,0.5,7.474120866359899,0.6091,-0.0624180591072369,8.288019092628089,5.0,,,,,,,
AR-LRX-g [linear],R03,A_lag1,pacf_train,1,1,1473,315,317,2014-01-03,2018-01-14,2018-01-15,2018-11-25,2018-11-26,2019-10-08,"{""colsample_bytree"": 0.8, ""learning_rate"": 0.1, ""max_depth"": 5, ""n_estimators"": 500, ""subsample"": 0.8}",132,none,3,55.184050740175074,7.428596821754097,5.070144540869508,-0.0379648674049031,1.069351307598556,89.50620414534714,1.597172721355947,69.21863809101087,8.319773920667007,5.669791472584296,-0.0528866195147395,1.1315737345287558,91.38793628639738,1.9293937265759769,6.992,daily,5,seed3,daily|R03|A_lag1,-0.0890923737147482,5,linear,0.5,7.474120866359899,0.6091,-0.0624180591072369,8.288019092628089,5.0,False,global,1.0,"{""0"": 0.5}",0.5,0.5,7.439717366473075
AR-LRX-Aug [linear],R03,A_lag1,pacf_train,1,1,1473,315,317,2014-01-03,2018-01-14,2018-01-15,2018-11-25,2018-11-26,2019-10-08,"{""colsample_bytree"": 0.8, ""learning_rate"": 0.05, ""max_depth"": 5, ""n_estimators"": 300, ""subsample"": 0.8}",132,none,3,55.86248272495644,7.474120866359899,5.098668280401342,-0.0507255936597115,1.0759045232050122,89.90307176351305,1.534883973521318,68.69126047976773,8.288019092628089,5.640236283663765,-0.044864664075809,1.127254755468032,91.40346584251876,1.8249838135443173,15.229,daily,5,seed3,daily|R03|A_lag1,-0.0904983141395614,5,linear,0.0,7.474120866359899,0.0,-0.1403809492272514,8.288019092628089,5.0,True,global,1.0,"{""0"": 0.0}",0.0,0.0,7.474120866359899
XGBoost,R03,A_lag1,pacf_train,1,1,1473,315,317,2014-01-03,2018-01-14,2018-01-15,2018-11-25,2018-11-26,2019-10-08,"{""colsample_bytree"": 0.8, ""learning_rate"": 0.05, ""max_depth"": 3, ""n_estimators"": 100, ""subsample"": 0.8}",12,none,3,55.37946245387376,7.441737865167904,5.094824881780715,-0.0416403948585439,1.0712429692804248,89.78253943783568,1.632704318883512,70.43329671485067,8.392454749049927,5.709147066733501,-0.0713628254556535,1.141459065210351,91.72774145943768,1.9751672675678635,9.025,daily,5,seed3,daily|R03|A_lag1,,5,,,,,,,,,,,,,,
"LR-XGB (residual, tanpa gerbang)",R03,A_lag1,pacf_train,1,1,1473,315,317,2014-01-03,2018-01-14,2018-01-15,2018-11-25,2018-11-26,2019-10-08,"{""colsample_bytree"": 0.8, ""learning_rate"": 0.05, ""max_depth"": 3, ""n_estimators"": 100, ""subsample"": 0.8}",12,none,3,55.388173537916366,7.442323127754959,5.102393058744778,-0.041804242910145,1.0713272182076143,89.8752544299961,1.6479526312935555,70.54993893784012,8.399401105902736,5.733727206196536,-0.0731370735374286,1.142403840277589,91.88763025680606,2.007045372713961,8.341,daily,5,seed3,daily|R03|A_lag1,,5,,,,,,,5.0,,,,,,,
Naive,R03,B_rich,pacf_train,1,1,1473,315,317,2014-01-03,2018-01-14,2018-01-15,2018-11-25,2018-11-26,2019-10-08,{},0,none,3,93.93055555555556,9.69177772937223,6.792063492063492,-0.7667535335805216,1.395137660117561,112.863476008676,3.275596500445437,118.7064164918472,10.895247426830068,7.588590956908518,-0.8056465862630271,1.48186428344732,116.8205138789049,4.156248040245456,0.0,daily,5,seed3,daily|R03|B_rich,,5,,,,,,,,,,,,,,
SeasonalNaive(s=7),R03,B_rich,pacf_train,1,1,1473,315,317,2014-01-03,2018-01-14,2018-01-15,2018-11-25,2018-11-26,2019-10-08,{},0,none,3,90.34960317460316,9.505240826754637,6.712698412698413,-0.699398877417658,1.3682855525774982,110.89724197734942,3.147523277675398,118.44248378881878,10.883128400823852,7.757097791798107,-0.8016318986133568,1.4802159728504856,117.31593920483728,2.6596602356187984,0.0,daily,5,seed3,daily|R03|B_rich,,5,,,,,,,,,,,,,,
S1 [linear],R03,B_rich,pacf_train,1,1,1473,315,317,2014-01-03,2018-01-14,2018-01-15,2018-11-25,2018-11-26,2019-10-08,{},0,none,3,55.86248272495644,7.474120866359899,5.098668280401342,-0.0507255936597115,1.0759045232050122,89.90307176351305,1.534883973521318,68.69126047976773,8.288019092628089,5.640236283663765,-0.044864664075809,1.127254755468032,91.40346584251876,1.8249838135443173,0.005,daily,5,seed3,daily|R03|B_rich,,5,linear,0.0,7.474120866359899,0.0,,8.288019092628089,,,,,,,,
AR-LRX [linear],R03,B_rich,pacf_train,1,1,1473,315,317,2014-01-03,2018-01-14,2018-01-15,2018-11-25,2018-11-26,2019-10-08,"{""colsample_bytree"": 0.8, ""learning_rate"": 0.1, ""max_depth"": 5, ""n_estimators"": 500, ""subsample"": 0.8}",132,none,3,55.184050740175074,7.428596821754097,5.070144540869508,-0.0379648674049031,1.069351307598556,89.50620414534714,1.597172721355947,69.21863809101087,8.319773920667007,5.669791472584296,-0.0528866195147395,1.1315737345287558,91.38793628639738,1.9293937265759769,6.1,daily,5,seed3,daily|R03|B_rich,-0.0890923737147482,5,linear,0.5,7.474120866359899,0.6091,-0.0624180591072369,8.288019092628089,5.0,,,,,,,
AR-LRX-g [linear],R03,B_rich,pacf_train,1,1,1473,315,317,2014-01-03,2018-01-14,2018-01-15,2018-11-25,2018-11-26,2019-10-08,"{""colsample_bytree"": 0.8, ""learning_rate"": 0.1, ""max_depth"": 5, ""n_estimators"": 500, ""subsample"": 0.8}",132,none,3,55.184050740175074,7.428596821754097,5.070144540869508,-0.0379648674049031,1.069351307598556,89.50620414534714,1.597172721355947,69.21863809101087,8.319773920667007,5.669791472584296,-0.0528866195147395,1.1315737345287558,91.38793628639738,1.9293937265759769,7.556,daily,5,seed3,daily|R03|B_rich,-0.0890923737147482,5,linear,0.5,7.474120866359899,0.6091,-0.0624180591072369,8.288019092628089,5.0,False,global,1.0,"{""0"": 0.5}",0.5,0.5,7.439717366473075
AR-LRX-Aug [linear],R03,B_rich,pacf_train,1,1,1473,315,317,2014-01-03,2018-01-14,2018-01-15,2018-11-25,2018-11-26,2019-10-08,"{""colsample_bytree"": 0.8, ""learning_rate"": 0.05, ""max_depth"": 5, ""n_estimators"": 300, ""subsample"": 0.8}",132,none,3,55.86248272495644,7.474120866359899,5.098668280401342,-0.0507255936597115,1.0759045232050122,89.90307176351305,1.534883973521318,68.69126047976773,8.288019092628089,5.640236283663765,-0.044864664075809,1.127254755468032,91.40346584251876,1.8249838135443173,7.33,daily,5,seed3,daily|R03|B_rich,-0.0904983141395614,5,linear,0.0,7.474120866359899,0.0,-0.1403809492272514,8.288019092628089,5.0,True,global,1.0,"{""0"": 0.0}",0.0,0.0,7.474120866359899
XGBoost,R03,B_rich,pacf_train,1,1,1473,315,317,2014-01-03,2018-01-14,2018-01-15,2018-11-25,2018-11-26,2019-10-08,"{""colsample_bytree"": 0.8, ""learning_rate"": 0.05, ""max_depth"": 3, ""n_estimators"": 100, ""subsample"": 0.8}",12,none,3,55.37946245387376,7.441737865167904,5.094824881780715,-0.0416403948585439,1.0712429692804248,89.78253943783568,1.632704318883512,70.43329671485067,8.392454749049927,5.709147066733501,-0.0713628254556535,1.141459065210351,91.72774145943768,1.9751672675678635,5.417,daily,5,seed3,daily|R03|B_rich,,5,,,,,,,,,,,,,,
"LR-XGB (residual, tanpa gerbang)",R03,B_rich,pacf_train,1,1,1473,315,317,2014-01-03,2018-01-14,2018-01-15,2018-11-25,2018-11-26,2019-10-08,"{""colsample_bytree"": 0.8, ""learning_rate"": 0.05, ""max_depth"": 3, ""n_estimators"": 100, ""subsample"": 0.8}",12,none,3,55.388173537916366,7.442323127754959,5.102393058744778,-0.041804242910145,1.0713272182076143,89.8752544299961,1.6479526312935555,70.54993893784012,8.399401105902736,5.733727206196536,-0.0731370735374286,1.142403840277589,91.88763025680606,2.007045372713961,10.753,daily,5,seed3,daily|R03|B_rich,,5,,,,,,,5.0,,,,,,,
Naive,R06,A_lag1,pacf_train,1,1,1473,315,317,2014-01-03,2018-01-14,2018-01-15,2018-11-25,2018-11-26,2019-10-08,{},0,none,3,9.688604444444444,3.112652316665715,2.3900952380952383,-0.2610183509699195,0.8855540821438769,82.50612949788051,1.508581024997902,9.05630599369085,3.0093697004008746,2.3206940063091483,-0.2716879959630176,0.8359580036515833,78.61483989833405,1.431620528497761,0.0,daily,5,seed3,daily|R06|A_lag1,,5,,,,,,,,,,,,,,
SeasonalNaive(s=7),R06,A_lag1,pacf_train,1,1,1473,315,317,2014-01-03,2018-01-14,2018-01-15,2018-11-25,2018-11-26,2019-10-08,{},0,none,3,9.546223492063492,3.089696343018759,2.336063492063492,-0.2424867869236748,0.8790230744679456,83.76773845957486,1.4661327819832108,10.220126498422712,3.1968932572769324,2.403753943217666,-0.4351118650719232,0.8880492499424167,79.71016355745981,1.3420733814878152,0.0,daily,5,seed3,daily|R06|A_lag1,,5,,,,,,,,,,,,,,
S1 [linear],R06,A_lag1,pacf_train,1,1,1473,315,317,2014-01-03,2018-01-14,2018-01-15,2018-11-25,2018-11-26,2019-10-08,{},0,none,3,7.041915450053448,2.65366076393601,1.9937033643500504,0.0834609195354361,0.7549703221096851,67.28898489770721,1.5434353427329148,6.482149897726687,2.5460066570468127,1.8974653696979376,0.0897754317583048,0.7072426634803226,62.52055378314043,0.9984928028599572,0.007,daily,5,seed3,daily|R06|A_lag1,,5,linear,0.0,2.65366076393601,0.0,,2.5460066570468127,,,,,,,,
AR-LRX [linear],R06,A_lag1,pacf_train,1,1,1473,315,317,2014-01-03,2018-01-14,2018-01-15,2018-11-25,2018-11-26,2019-10-08,"{""colsample_bytree"": 0.8, ""learning_rate"": 0.05, ""max_depth"": 3, ""n_estimators"": 100, ""subsample"": 0.8}",132,none,3,7.041915450053448,2.65366076393601,1.9937033643500504,0.0834609195354361,0.7549703221096851,67.28898489770721,1.5434353427329148,6.482149897726687,2.5460066570468127,1.8974653696979376,0.0897754317583048,0.7072426634803226,62.52055378314043,0.9984928028599572,9.36,daily,5,seed3,daily|R06|A_lag1,-0.0451850063268572,5,linear,0.0,2.65366076393601,0.0,-0.0852460293981807,2.5460066570468127,5.0,,,,,,,
AR-LRX-g [linear],R06,A_lag1,pacf_train,1,1,1473,315,317,2014-01-03,2018-01-14,2018-01-15,2018-11-25,2018-11-26,2019-10-08,"{""colsample_bytree"": 0.8, ""learning_rate"": 0.05, ""max_depth"": 3, ""n_estimators"": 100, ""subsample"": 0.8}",132,none,3,7.041915450053448,2.65366076393601,1.9937033643500504,0.0834609195354361,0.7549703221096851,67.28898489770721,1.5434353427329148,6.482149897726687,2.5460066570468127,1.8974653696979376,0.0897754317583048,0.7072426634803226,62.52055378314043,0.9984928028599572,5.964,daily,5,seed3,daily|R06|A_lag1,-0.0451850063268572,5,linear,0.0,2.65366076393601,0.0,-0.0852460293981807,2.5460066570468127,5.0,False,global,1.0,"{""0"": 0.0}",0.0,0.0,2.65366076393601
AR-LRX-Aug [linear],R06,A_lag1,pacf_train,1,1,1473,315,317,2014-01-03,2018-01-14,2018-01-15,2018-11-25,2018-11-26,2019-10-08,"{""colsample_bytree"": 0.8, ""learning_rate"": 0.1, ""max_depth"": 5, ""n_estimators"": 100, ""subsample"": 0.8}",132,none,3,7.014411590880477,2.6484734453795222,1.9940847358617009,0.0870406787606665,0.7534945224842392,67.2742494091631,1.5419415769525755,6.472849614938999,2.544179556347979,1.901150656393891,0.0910813790163154,0.7067351221661184,62.59490668299647,0.9895112270509302,6.554,daily,5,seed3,daily|R06|A_lag1,-0.0818318539483557,5,linear,0.1999999999999999,2.65366076393601,0.1955,-0.0928410161505841,2.5460066570468127,5.0,True,global,1.0,"{""0"": 0.2}",0.2,0.2,2.661546416999977
XGBoost,R06,A_lag1,pacf_train,1,1,1473,315,317,2014-01-03,2018-01-14,2018-01-15,2018-11-25,2018-11-26,2019-10-08,"{""colsample_bytree"": 0.8, ""learning_rate"": 0.05, ""max_depth"": 3, ""n_estimators"": 100, ""subsample"": 0.8}",12,none,3,7.238505850751085,2.690447146990828,2.0254358190354846,0.0578737357128577,0.7654361012482938,67.99744012617305,1.54337402844354,6.45179519199146,2.540038423329745,1.8953956110018657,0.0940378445932256,0.7055847771984274,62.55788153245242,1.0065398220609605,5.638,daily,5,seed3,daily|R06|A_lag1,,5,,,,,,,,,,,,,,
"LR-XGB (residual, tanpa gerbang)",R06,A_lag1,pacf_train,1,1,1473,315,317,2014-01-03,2018-01-14,2018-01-15,2018-11-25,2018-11-26,2019-10-08,"{""colsample_bytree"": 0.8, ""learning_rate"": 0.05, ""max_depth"": 3, ""n_estimators"": 100, ""subsample"": 0.8}",12,none,3,7.226015450655,2.688124894913739,2.0252969582365234,0.0594994212099214,0.7647754171765064,67.98954695157413,1.5450677526373775,6.468431660028039,2.543311160677757,1.899022702898316,0.0917017489807232,0.7064938948051991,62.6016481851506,1.0140676158028858,6.225,daily,5,seed3,daily|R06|A_lag1,,5,,,,,,,5.0,,,,,,,
Naive,R06,B_rich,pacf_train,1,1,1473,315,317,2014-01-03,2018-01-14,2018-01-15,2018-11-25,2018-11-26,2019-10-08,{},0,none,3,9.688604444444444,3.112652316665715,2.3900952380952383,-0.2610183509699195,0.8855540821438769,82.50612949788051,1.508581024997902,9.05630599369085,3.0093697004008746,2.3206940063091483,-0.2716879959630176,0.8359580036515833,78.61483989833405,1.431620528497761,0.0,daily,5,seed3,daily|R06|B_rich,,5,,,,,,,,,,,,,,
SeasonalNaive(s=7),R06,B_rich,pacf_train,1,1,1473,315,317,2014-01-03,2018-01-14,2018-01-15,2018-11-25,2018-11-26,2019-10-08,{},0,none,3,9.546223492063492,3.089696343018759,2.336063492063492,-0.2424867869236748,0.8790230744679456,83.76773845957486,1.4661327819832108,10.220126498422712,3.1968932572769324,2.403753943217666,-0.4351118650719232,0.8880492499424167,79.71016355745981,1.3420733814878152,0.0,daily,5,seed3,daily|R06|B_rich,,5,,,,,,,,,,,,,,
S1 [linear],R06,B_rich,pacf_train,1,1,1473,315,317,2014-01-03,2018-01-14,2018-01-15,2018-11-25,2018-11-26,2019-10-08,{},0,none,3,7.041915450053448,2.65366076393601,1.9937033643500504,0.0834609195354361,0.7549703221096851,67.28898489770721,1.5434353427329148,6.482149897726687,2.5460066570468127,1.8974653696979376,0.0897754317583048,0.7072426634803226,62.52055378314043,0.9984928028599572,0.005,daily,5,seed3,daily|R06|B_rich,,5,linear,0.0,2.65366076393601,0.0,,2.5460066570468127,,,,,,,,
AR-LRX [linear],R06,B_rich,pacf_train,1,1,1473,315,317,2014-01-03,2018-01-14,2018-01-15,2018-11-25,2018-11-26,2019-10-08,"{""colsample_bytree"": 0.8, ""learning_rate"": 0.05, ""max_depth"": 3, ""n_estimators"": 100, ""subsample"": 0.8}",132,none,3,7.041915450053448,2.65366076393601,1.9937033643500504,0.0834609195354361,0.7549703221096851,67.28898489770721,1.5434353427329148,6.482149897726687,2.5460066570468127,1.8974653696979376,0.0897754317583048,0.7072426634803226,62.52055378314043,0.9984928028599572,7.094,daily,5,seed3,daily|R06|B_rich,-0.0451850063268572,5,linear,0.0,2.65366076393601,0.0,-0.0852460293981807,2.5460066570468127,5.0,,,,,,,
AR-LRX-g [linear],R06,B_rich,pacf_train,1,1,1473,315,317,2014-01-03,2018-01-14,2018-01-15,2018-11-25,2018-11-26,2019-10-08,"{""colsample_bytree"": 0.8, ""learning_rate"": 0.05, ""max_depth"": 3, ""n_estimators"": 100, ""subsample"": 0.8}",132,none,3,7.041915450053448,2.65366076393601,1.9937033643500504,0.0834609195354361,0.7549703221096851,67.28898489770721,1.5434353427329148,6.482149897726687,2.5460066570468127,1.8974653696979376,0.0897754317583048,0.7072426634803226,62.52055378314043,0.9984928028599572,7.031,daily,5,seed3,daily|R06|B_rich,-0.0451850063268572,5,linear,0.0,2.65366076393601,0.0,-0.0852460293981807,2.5460066570468127,5.0,False,global,1.0,"{""0"": 0.0}",0.0,0.0,2.65366076393601
AR-LRX-Aug [linear],R06,B_rich,pacf_train,1,1,1473,315,317,2014-01-03,2018-01-14,2018-01-15,2018-11-25,2018-11-26,2019-10-08,"{""colsample_bytree"": 0.8, ""learning_rate"": 0.1, ""max_depth"": 5, ""n_estimators"": 100, ""subsample"": 0.8}",132,none,3,7.014411590880477,2.6484734453795222,1.9940847358617009,0.0870406787606665,0.7534945224842392,67.2742494091631,1.5419415769525755,6.472849614938999,2.544179556347979,1.901150656393891,0.0910813790163154,0.7067351221661184,62.59490668299647,0.9895112270509302,5.926,daily,5,seed3,daily|R06|B_rich,-0.0818318539483557,5,linear,0.1999999999999999,2.65366076393601,0.1955,-0.0928410161505841,2.5460066570468127,5.0,True,global,1.0,"{""0"": 0.2}",0.2,0.2,2.661546416999977
XGBoost,R06,B_rich,pacf_train,1,1,1473,315,317,2014-01-03,2018-01-14,2018-01-15,2018-11-25,2018-11-26,2019-10-08,"{""colsample_bytree"": 0.8, ""learning_rate"": 0.05, ""max_depth"": 3, ""n_estimators"": 100, ""subsample"": 0.8}",12,none,3,7.238505850751085,2.690447146990828,2.0254358190354846,0.0578737357128577,0.7654361012482938,67.99744012617305,1.54337402844354,6.45179519199146,2.540038423329745,1.8953956110018657,0.0940378445932256,0.7055847771984274,62.55788153245242,1.0065398220609605,6.952,daily,5,seed3,daily|R06|B_rich,,5,,,,,,,,,,,,,,
"LR-XGB (residual, tanpa gerbang)",R06,B_rich,pacf_train,1,1,1473,315,317,2014-01-03,2018-01-14,2018-01-15,2018-11-25,2018-11-26,2019-10-08,"{""colsample_bytree"": 0.8, ""learning_rate"": 0.05, ""max_depth"": 3, ""n_estimators"": 100, ""subsample"": 0.8}",12,none,3,7.226015450655,2.688124894913739,2.0252969582365234,0.0594994212099214,0.7647754171765064,67.98954695157413,1.5450677526373775,6.468431660028039,2.543311160677757,1.899022702898316,0.0917017489807232,0.7064938948051991,62.6016481851506,1.0140676158028858,7.321,daily,5,seed3,daily|R06|B_rich,,5,,,,,,,5.0,,,,,,,
Naive,M01AB,A_lag1,pacf_train,1,2,210,45,45,2014-01-19,2018-01-21,2018-01-28,2018-12-02,2018-12-09,2019-10-13,{},0,none,3,116.87771555555555,10.810999748198848,8.296888888888889,-1.3783796475988883,0.3138819099371895,23.32963922164917,0.3176660823344512,119.25805777777776,10.92053376798853,8.319555555555553,-0.6164832561297386,0.2969670352242758,22.935915307261524,0.6606806987698898,0.0,weekly,2,seed3,weekly|M01AB|A_lag1,,5,,,,,,,,,,,,,,
SeasonalNaive(s=52),M01AB,A_lag1,pacf_train,1,2,210,45,45,2014-01-19,2018-01-21,2018-01-28,2018-12-02,2018-12-09,2019-10-13,{},0,none,3,129.6039682534853,11.384373863040746,8.50768518511111,-1.6373499762289798,0.330529007011177,24.06189369717972,0.3865061773117904,115.75853111111113,10.759113862726387,9.071777777777775,-0.5690489245092532,0.2925774704181673,26.511852462194813,0.5543948566692719,0.0,weekly,2,seed3,weekly|M01AB|A_lag1,,5,,,,,,,,,,,,,,
S1 [linear],M01AB,A_lag1,pacf_train,1,2,210,45,45,2014-01-19,2018-01-21,2018-01-28,2018-12-02,2018-12-09,2019-10-13,{},0,none,3,58.25809865115139,7.6326993030743315,6.062764552912976,-0.1855115021806272,0.2216045038410411,17.337583988198872,0.2288240041505057,76.0256622599075,8.71926959440454,6.422269794233635,-0.0304897829907042,0.2371070586642601,18.51808775832242,0.5814653539143978,0.009,weekly,2,seed3,weekly|M01AB|A_lag1,,5,linear,0.0,7.6326993030743315,0.0,,8.71926959440454,,,,,,,,
AR-LRX [linear],M01AB,A_lag1,pacf_train,1,2,210,45,45,2014-01-19,2018-01-21,2018-01-28,2018-12-02,2018-12-09,2019-10-13,"{""colsample_bytree"": 0.8, ""learning_rate"": 0.05, ""max_depth"": 3, ""n_estimators"": 100, ""subsample"": 0.8}",132,none,3,58.25809865115139,7.6326993030743315,6.062764552912976,-0.1855115021806272,0.2216045038410411,17.337583988198872,0.2288240041505057,76.0256622599075,8.71926959440454,6.422269794233635,-0.0304897829907042,0.2371070586642601,18.51808775832242,0.5814653539143978,7.859,weekly,2,seed3,weekly|M01AB|A_lag1,-0.0608677252407674,5,linear,0.0,7.6326993030743315,0.0,-0.2185125504788718,8.71926959440454,5.0,,,,,,,
AR-LRX-g [linear],M01AB,A_lag1,pacf_train,1,2,210,45,45,2014-01-19,2018-01-21,2018-01-28,2018-12-02,2018-12-09,2019-10-13,"{""colsample_bytree"": 0.8, ""learning_rate"": 0.05, ""max_depth"": 3, ""n_estimators"": 300, ""subsample"": 0.8}",132,none,3,58.25809865115139,7.6326993030743315,6.062764552912976,-0.1855115021806272,0.2216045038410411,17.337583988198872,0.2288240041505057,76.0256622599075,8.71926959440454,6.422269794233635,-0.0304897829907042,0.2371070586642601,18.51808775832242,0.5814653539143978,9.819,weekly,2,seed3,weekly|M01AB|A_lag1,-0.1016951881787897,5,linear,0.0,7.6326993030743315,0.0,-0.4362914904047248,8.71926959440454,5.0,False,global,1.0,"{""0"": 0.0}",0.0,0.0,7.6326993030743315
AR-LRX-Aug [linear],M01AB,A_lag1,pacf_train,1,2,210,45,45,2014-01-19,2018-01-21,2018-01-28,2018-12-02,2018-12-09,2019-10-13,"{""colsample_bytree"": 0.8, ""learning_rate"": 0.05, ""max_depth"": 5, ""n_estimators"": 100, ""subsample"": 0.8}",132,none,3,58.25809865115139,7.6326993030743315,6.062764552912976,-0.1855115021806272,0.2216045038410411,17.337583988198872,0.2288240041505057,76.0256622599075,8.71926959440454,6.422269794233635,-0.0304897829907042,0.2371070586642601,18.51808775832242,0.5814653539143978,16.572,weekly,2,seed3,weekly|M01AB|A_lag1,-0.0376563146333133,5,linear,0.0,7.6326993030743315,0.0,-0.2731947332772815,8.71926959440454,5.0,True,global,1.0,"{""0"": 0.0}",0.0,0.0,7.6326993030743315
XGBoost,M01AB,A_lag1,pacf_train,1,2,210,45,45,2014-01-19,2018-01-21,2018-01-28,2018-12-02,2018-12-09,2019-10-13,"{""colsample_bytree"": 0.8, ""learning_rate"": 0.05, ""max_depth"": 3, ""n_estimators"": 100, ""subsample"": 0.8}",12,none,3,65.75500477153317,8.108945971674318,6.146844012790257,-0.3380682907174479,0.2354316444777147,17.546844970260736,0.2332485627351535,78.53610169685574,8.862059675767012,6.608383073594834,-0.0645175324859734,0.2409900142067763,19.07600438483557,0.5819332784089523,8.208,weekly,2,seed3,weekly|M01AB|A_lag1,,5,,,,,,,,,,,,,,
"LR-XGB (residual, tanpa gerbang)",M01AB,A_lag1,pacf_train,1,2,210,45,45,2014-01-19,2018-01-21,2018-01-28,2018-12-02,2018-12-09,2019-10-13,"{""colsample_bytree"": 0.8, ""learning_rate"": 0.05, ""max_depth"": 3, ""n_estimators"": 100, ""subsample"": 0.8}",12,none,3,70.73911479923217,8.410654837718177,6.349557810979727,-0.4394914387908566,0.2441913297357416,18.22024714481597,0.2387567069232567,78.78144251969827,8.875891083136288,6.575708901748745,-0.0678430044881173,0.2413661379500565,18.92652592257263,0.5776087565887836,18.135,weekly,2,seed3,weekly|M01AB|A_lag1,,5,,,,,,,5.0,,,,,,,
Naive,M01AB,B_rich,pacf_train,3,2,210,45,45,2014-01-19,2018-01-21,2018-01-28,2018-12-02,2018-12-09,2019-10-13,{},0,none,3,116.87771555555555,10.810999748198848,8.296888888888889,-1.3783796475988883,0.3138819099371895,23.32963922164917,0.3176660823344512,119.25805777777776,10.92053376798853,8.319555555555553,-0.6164832561297386,0.2969670352242758,22.935915307261524,0.6606806987698898,0.0,weekly,2,seed3,weekly|M01AB|B_rich,,5,,,,,,,,,,,,,,
SeasonalNaive(s=52),M01AB,B_rich,pacf_train,3,2,210,45,45,2014-01-19,2018-01-21,2018-01-28,2018-12-02,2018-12-09,2019-10-13,{},0,none,3,129.6039682534853,11.384373863040746,8.50768518511111,-1.6373499762289798,0.330529007011177,24.06189369717972,0.3865061773117904,115.75853111111113,10.759113862726387,9.071777777777775,-0.5690489245092532,0.2925774704181673,26.511852462194813,0.5543948566692719,0.0,weekly,2,seed3,weekly|M01AB|B_rich,,5,,,,,,,,,,,,,,
S1 [linear],M01AB,B_rich,pacf_train,3,2,210,45,45,2014-01-19,2018-01-21,2018-01-28,2018-12-02,2018-12-09,2019-10-13,{},0,none,3,53.0614683834258,7.284330331844225,5.794794692892386,-0.0797637160769535,0.2114901091875053,16.615655355185332,0.2185907443432074,75.19148156849673,8.671302184129944,6.475317760284488,-0.019182881424649,0.2358026590882624,18.69895700095755,0.5749275958283854,0.006,weekly,2,seed3,weekly|M01AB|B_rich,,5,linear,0.0,7.284330331844225,0.0,,8.671302184129944,,,,,,,,
AR-LRX [linear],M01AB,B_rich,pacf_train,3,2,210,45,45,2014-01-19,2018-01-21,2018-01-28,2018-12-02,2018-12-09,2019-10-13,"{""colsample_bytree"": 0.8, ""learning_rate"": 0.05, ""max_depth"": 3, ""n_estimators"": 100, ""subsample"": 0.8}",132,none,3,53.0614683834258,7.284330331844225,5.794794692892386,-0.0797637160769535,0.2114901091875053,16.615655355185332,0.2185907443432074,75.19148156849673,8.671302184129944,6.475317760284488,-0.019182881424649,0.2358026590882624,18.69895700095755,0.5749275958283854,7.833,weekly,2,seed3,weekly|M01AB|B_rich,-0.1791183089335517,5,linear,0.0,7.284330331844225,0.0,-0.2150419633811924,8.671302184129944,5.0,,,,,,,
AR-LRX-g [linear],M01AB,B_rich,pacf_train,3,2,210,45,45,2014-01-19,2018-01-21,2018-01-28,2018-12-02,2018-12-09,2019-10-13,"{""colsample_bytree"": 0.8, ""learning_rate"": 0.05, ""max_depth"": 3, ""n_estimators"": 100, ""subsample"": 0.8}",132,none,3,53.0614683834258,7.284330331844225,5.794794692892386,-0.0797637160769535,0.2114901091875053,16.615655355185332,0.2185907443432074,75.19148156849673,8.671302184129944,6.475317760284488,-0.019182881424649,0.2358026590882624,18.69895700095755,0.5749275958283854,8.983,weekly,2,seed3,weekly|M01AB|B_rich,-0.1791183089335517,5,linear,0.0,7.284330331844225,0.0,-0.2150419633811924,8.671302184129944,5.0,False,global,1.0,"{""0"": 0.0}",0.0,0.0,7.284330331844225
AR-LRX-Aug [linear],M01AB,B_rich,pacf_train,3,2,210,45,45,2014-01-19,2018-01-21,2018-01-28,2018-12-02,2018-12-09,2019-10-13,"{""colsample_bytree"": 0.8, ""learning_rate"": 0.1, ""max_depth"": 3, ""n_estimators"": 100, ""subsample"": 0.8}",132,none,3,52.81693632785191,7.267526149099974,5.796418736244707,-0.0747876600221446,0.2110022237839766,16.60977263775128,0.2198679077994455,73.7570421004849,8.588192015813625,6.414266748715955,0.0002602272858203,0.233542606529821,18.56453283431705,0.5571855468128019,7.378,weekly,2,seed3,weekly|M01AB|B_rich,-0.0251327684628428,5,linear,0.1999999999999999,7.284330331844225,0.2307,-0.1310420223551616,8.671302184129944,5.0,True,global,1.0,"{""0"": 0.2}",0.2,0.2,7.271366098059894
XGBoost,M01AB,B_rich,pacf_train,3,2,210,45,45,2014-01-19,2018-01-21,2018-01-28,2018-12-02,2018-12-09,2019-10-13,"{""colsample_bytree"": 0.8, ""learning_rate"": 0.05, ""max_depth"": 3, ""n_estimators"": 100, ""subsample"": 0.8}",12,none,3,62.62165431631463,7.913384504516044,6.231651769002279,-0.2743068036275999,0.2297537970767854,17.776649177859603,0.2308478281597468,83.63881185373234,9.145425733870038,6.910659866333008,-0.1336822135412705,0.2486957161391046,19.988095057618136,0.5737035166440158,8.86,weekly,2,seed3,weekly|M01AB|B_rich,,5,,,,,,,,,,,,,,
"LR-XGB (residual, tanpa gerbang)",M01AB,B_rich,pacf_train,3,2,210,45,45,2014-01-19,2018-01-21,2018-01-28,2018-12-02,2018-12-09,2019-10-13,"{""colsample_bytree"": 0.8, ""learning_rate"": 0.05, ""max_depth"": 3, ""n_estimators"": 100, ""subsample"": 0.8}",12,none,3,64.33248138079078,8.02075316792574,6.377975847788796,-0.3091209360853595,0.2328710926020261,18.3421006538516,0.2306983903160799,88.00244395878492,9.380961782183366,7.0477712233953325,-0.1928290616885999,0.2551007548892329,20.4988998291866,0.561265424817171,6.278,weekly,2,seed3,weekly|M01AB|B_rich,,5,,,,,,,5.0,,,,,,,
Naive,M01AE,A_lag1,pacf_train,1,1,210,45,46,2014-01-12,2018-01-14,2018-01-21,2018-11-25,2018-12-02,2019-10-13,{},0,none,3,45.908203888888885,6.775559304506816,5.505622222222224,-0.5028531878042071,0.2521991261150493,20.14832613520521,0.2609274473557304,99.00320602173912,9.9500354784161,7.71463043478261,0.0553625698283433,0.3759201938377401,30.265748716527487,0.717837483642111,0.0,weekly,2,seed3,weekly|M01AE|A_lag1,,5,,,,,,,,,,,,,,
SeasonalNaive(s=52),M01AE,A_lag1,pacf_train,1,1,210,45,46,2014-01-12,2018-01-14,2018-01-21,2018-11-25,2018-12-02,2019-10-13,{},0,none,3,57.89583167521637,7.608931046817047,5.929825926,-0.8952807520908783,0.2832187978047084,22.669814585063577,0.2870582277992738,110.82956356521738,10.527562090304544,7.920347826086957,-0.0574784223685096,0.3977396050708463,29.493879602230432,0.6388227637679597,0.0,weekly,2,seed3,weekly|M01AE|A_lag1,,5,,,,,,,,,,,,,,
S1 [linear],M01AE,A_lag1,pacf_train,1,1,210,45,46,2014-01-12,2018-01-14,2018-01-21,2018-11-25,2018-12-02,2019-10-13,{},0,none,3,28.86272463150085,5.372403989975144,4.376200802707008,0.0551484474071438,0.1999710327245609,16.335850128153716,0.2131124701590943,85.1469526480301,9.227510641989534,7.280131693320726,0.1875717790520701,0.3486226352359398,27.57759171854261,0.6299231042993104,0.012,weekly,2,seed3,weekly|M01AE|A_lag1,,5,linear,0.0,5.372403989975144,0.0,,9.227510641989534,,,,,,,,
AR-LRX [linear],M01AE,A_lag1,pacf_train,1,1,210,45,46,2014-01-12,2018-01-14,2018-01-21,2018-11-25,2018-12-02,2019-10-13,"{""colsample_bytree"": 0.8, ""learning_rate"": 0.1, ""max_depth"": 3, ""n_estimators"": 100, ""subsample"": 0.8}",132,none,3,28.68139078443668,5.355500983515611,4.344497119312057,0.0610846010143892,0.1993418708699852,16.214360621348252,0.2095687865572846,85.07970651558102,9.223866137123904,7.259799296170317,0.1882134068972504,0.3484849429655451,27.51847018234357,0.6284128787976125,6.969,weekly,2,seed3,weekly|M01AE|A_lag1,-0.0632146544787677,5,linear,0.1,5.372403989975144,0.3146,-0.2576302415219935,9.227510641989534,5.0,,,,,,,
AR-LRX-g [linear],M01AE,A_lag1,pacf_train,1,1,210,45,46,2014-01-12,2018-01-14,2018-01-21,2018-11-25,2018-12-02,2019-10-13,"{""colsample_bytree"": 0.8, ""learning_rate"": 0.05, ""max_depth"": 3, ""n_estimators"": 100, ""subsample"": 0.8}",132,none,3,28.809137946853824,5.36741445640765,4.363968457670247,0.0569026637132435,0.1997853128527553,16.285154502500465,0.2106176026300528,84.7333189909208,9.205070287125505,7.257392002779145,0.1915184576555735,0.3477748209172297,27.513140283904256,0.6291205073564486,6.402,weekly,2,seed3,weekly|M01AE|A_lag1,0.0078062677110963,5,linear,0.0999999999999999,5.372403989975144,0.0929,-0.1446171082323701,9.227510641989534,5.0,False,global,1.0,"{""0"": 0.1}",0.1,0.1,5.891345060891871
AR-LRX-Aug [linear],M01AE,A_lag1,pacf_train,1,1,210,45,46,2014-01-12,2018-01-14,2018-01-21,2018-11-25,2018-12-02,2019-10-13,"{""colsample_bytree"": 0.8, ""learning_rate"": 0.05, ""max_depth"": 3, ""n_estimators"": 100, ""subsample"": 0.8}",132,none,3,28.86272463150085,5.372403989975144,4.376200802707008,0.0551484474071438,0.1999710327245609,16.335850128153716,0.2131124701590943,85.1469526480301,9.227510641989534,7.280131693320726,0.1875717790520701,0.3486226352359398,27.57759171854261,0.6299231042993104,5.754,weekly,2,seed3,weekly|M01AE|A_lag1,0.023400508671691,5,linear,0.0,5.372403989975144,0.0,-0.2001433474021305,9.227510641989534,5.0,True,global,1.0,"{""0"": 0.0}",0.0,0.0,5.372403989975145
XGBoost,M01AE,A_lag1,pacf_train,1,1,210,45,46,2014-01-12,2018-01-14,2018-01-21,2018-11-25,2018-12-02,2019-10-13,"{""colsample_bytree"": 0.8, ""learning_rate"": 0.05, ""max_depth"": 3, ""n_estimators"": 100, ""subsample"": 0.8}",12,none,3,30.772527840908136,5.547299148316065,4.285014292399088,-0.0073709630294536,0.206480961147148,15.855972023884648,0.1974795711138419,92.26021637305875,9.605218184562949,7.446209390391473,0.119700692494844,0.3628927243151374,28.03069029016284,0.6225212005552145,6.182,weekly,2,seed3,weekly|M01AE|A_lag1,,5,,,,,,,,,,,,,,
"LR-XGB (residual, tanpa gerbang)",M01AE,A_lag1,pacf_train,1,1,210,45,46,2014-01-12,2018-01-14,2018-01-21,2018-11-25,2018-12-02,2019-10-13,"{""colsample_bytree"": 0.8, ""learning_rate"": 0.05, ""max_depth"": 3, ""n_estimators"": 100, ""subsample"": 0.8}",12,none,3,32.79076670726673,5.72632226715077,4.484535134674197,-0.0734401283881851,0.2131445400629832,16.59830494868391,0.2047833583304393,83.84161588468017,9.15650675119503,7.247836954654316,0.2000266278916997,0.3459400521990647,27.435573235987608,0.6256721645490247,5.941,weekly,2,seed3,weekly|M01AE|A_lag1,,5,,,,,,,5.0,,,,,,,
Naive,M01AE,B_rich,pacf_train,1,1,210,45,46,2014-01-12,2018-01-14,2018-01-21,2018-11-25,2018-12-02,2019-10-13,{},0,none,3,45.908203888888885,6.775559304506816,5.505622222222224,-0.5028531878042071,0.2521991261150493,20.14832613520521,0.2609274473557304,99.00320602173912,9.9500354784161,7.71463043478261,0.0553625698283433,0.3759201938377401,30.265748716527487,0.717837483642111,0.0,weekly,2,seed3,weekly|M01AE|B_rich,,5,,,,,,,,,,,,,,
SeasonalNaive(s=52),M01AE,B_rich,pacf_train,1,1,210,45,46,2014-01-12,2018-01-14,2018-01-21,2018-11-25,2018-12-02,2019-10-13,{},0,none,3,57.89583167521637,7.608931046817047,5.929825926,-0.8952807520908783,0.2832187978047084,22.669814585063577,0.2870582277992738,110.82956356521738,10.527562090304544,7.920347826086957,-0.0574784223685096,0.3977396050708463,29.493879602230432,0.6388227637679597,0.0,weekly,2,seed3,weekly|M01AE|B_rich,,5,,,,,,,,,,,,,,
S1 [linear],M01AE,B_rich,pacf_train,1,1,210,45,46,2014-01-12,2018-01-14,2018-01-21,2018-11-25,2018-12-02,2019-10-13,{},0,none,3,28.86272463150085,5.372403989975144,4.376200802707008,0.0551484474071438,0.1999710327245609,16.335850128153716,0.2131124701590943,85.1469526480301,9.227510641989534,7.280131693320726,0.1875717790520701,0.3486226352359398,27.57759171854261,0.6299231042993104,0.007,weekly,2,seed3,weekly|M01AE|B_rich,,5,linear,0.0,5.372403989975144,0.0,,9.227510641989534,,,,,,,,
AR-LRX [linear],M01AE,B_rich,pacf_train,1,1,210,45,46,2014-01-12,2018-01-14,2018-01-21,2018-11-25,2018-12-02,2019-10-13,"{""colsample_bytree"": 0.8, ""learning_rate"": 0.1, ""max_depth"": 3, ""n_estimators"": 100, ""subsample"": 0.8}",132,none,3,28.68139078443668,5.355500983515611,4.344497119312057,0.0610846010143892,0.1993418708699852,16.214360621348252,0.2095687865572846,85.07970651558102,9.223866137123904,7.259799296170317,0.1882134068972504,0.3484849429655451,27.51847018234357,0.6284128787976125,6.183,weekly,2,seed3,weekly|M01AE|B_rich,-0.0632146544787677,5,linear,0.1,5.372403989975144,0.3146,-0.2576302415219935,9.227510641989534,5.0,,,,,,,
AR-LRX-g [linear],M01AE,B_rich,pacf_train,1,1,210,45,46,2014-01-12,2018-01-14,2018-01-21,2018-11-25,2018-12-02,2019-10-13,"{""colsample_bytree"": 0.8, ""learning_rate"": 0.05, ""max_depth"": 3, ""n_estimators"": 100, ""subsample"": 0.8}",132,none,3,28.809137946853824,5.36741445640765,4.363968457670247,0.0569026637132435,0.1997853128527553,16.285154502500465,0.2106176026300528,84.7333189909208,9.205070287125505,7.257392002779145,0.1915184576555735,0.3477748209172297,27.513140283904256,0.6291205073564486,6.277,weekly,2,seed3,weekly|M01AE|B_rich,0.0078062677110963,5,linear,0.0999999999999999,5.372403989975144,0.0929,-0.1446171082323701,9.227510641989534,5.0,False,global,1.0,"{""0"": 0.1}",0.1,0.1,5.891345060891871
AR-LRX-Aug [linear],M01AE,B_rich,pacf_train,1,1,210,45,46,2014-01-12,2018-01-14,2018-01-21,2018-11-25,2018-12-02,2019-10-13,"{""colsample_bytree"": 0.8, ""learning_rate"": 0.05, ""max_depth"": 3, ""n_estimators"": 100, ""subsample"": 0.8}",132,none,3,28.86272463150085,5.372403989975144,4.376200802707008,0.0551484474071438,0.1999710327245609,16.335850128153716,0.2131124701590943,85.1469526480301,9.227510641989534,7.280131693320726,0.1875717790520701,0.3486226352359398,27.57759171854261,0.6299231042993104,7.33,weekly,2,seed3,weekly|M01AE|B_rich,0.023400508671691,5,linear,0.0,5.372403989975144,0.0,-0.2001433474021305,9.227510641989534,5.0,True,global,1.0,"{""0"": 0.0}",0.0,0.0,5.372403989975145
XGBoost,M01AE,B_rich,pacf_train,1,1,210,45,46,2014-01-12,2018-01-14,2018-01-21,2018-11-25,2018-12-02,2019-10-13,"{""colsample_bytree"": 0.8, ""learning_rate"": 0.05, ""max_depth"": 3, ""n_estimators"": 100, ""subsample"": 0.8}",12,none,3,30.772527840908136,5.547299148316065,4.285014292399088,-0.0073709630294536,0.206480961147148,15.855972023884648,0.1974795711138419,92.26021637305875,9.605218184562949,7.446209390391473,0.119700692494844,0.3628927243151374,28.03069029016284,0.6225212005552145,5.862,weekly,2,seed3,weekly|M01AE|B_rich,,5,,,,,,,,,,,,,,
"LR-XGB (residual, tanpa gerbang)",M01AE,B_rich,pacf_train,1,1,210,45,46,2014-01-12,2018-01-14,2018-01-21,2018-11-25,2018-12-02,2019-10-13,"{""colsample_bytree"": 0.8, ""learning_rate"": 0.05, ""max_depth"": 3, ""n_estimators"": 100, ""subsample"": 0.8}",12,none,3,32.79076670726673,5.72632226715077,4.484535134674197,-0.0734401283881851,0.2131445400629832,16.59830494868391,0.2047833583304393,83.84161588468017,9.15650675119503,7.247836954654316,0.2000266278916997,0.3459400521990647,27.435573235987608,0.6256721645490247,5.881,weekly,2,seed3,weekly|M01AE|B_rich,,5,,,,,,,5.0,,,,,,,
Naive,N02BA,A_lag1,pacf_train,1,1,210,45,46,2014-01-12,2018-01-14,2018-01-21,2018-11-25,2018-12-02,2019-10-13,{},0,none,3,49.19444444444444,7.01387513750027,5.391111111111111,-0.5938228589736254,0.3180094520780979,25.109810773395424,0.3725147465421816,38.93119565217392,6.2394868100007965,5.060869565217392,-0.3633468510784168,0.2954211242448012,25.279798597319925,0.73400085945753,0.0,weekly,2,seed3,weekly|N02BA|A_lag1,,5,,,,,,,,,,,,,,
SeasonalNaive(s=52),N02BA,A_lag1,pacf_train,1,1,210,45,46,2014-01-12,2018-01-14,2018-01-21,2018-11-25,2018-12-02,2019-10-13,{},0,none,3,65.91587345219507,8.118859122573507,6.734814814666667,-1.1355709382177106,0.368109481628018,30.532345050571653,0.437846578175141,51.94179347826088,7.207065524765325,5.744565217391305,-0.8189700930492263,0.3412330957122175,27.667323161502104,0.8050507911847538,0.0,weekly,2,seed3,weekly|N02BA|A_lag1,,5,,,,,,,,,,,,,,
S1 [linear],N02BA,A_lag1,pacf_train,1,1,210,45,46,2014-01-12,2018-01-14,2018-01-21,2018-11-25,2018-12-02,2019-10-13,{},0,none,3,55.76310318721868,7.467469664298522,6.280953746808672,-0.806637102030147,0.3385754507742403,27.31280964135922,0.4743527058695995,47.144018591692,6.866150201655364,5.402531053338721,-0.6509549274676998,0.325091770136531,25.549350364411723,0.9667978071238208,0.007,weekly,2,seed3,weekly|N02BA|A_lag1,,5,linear,0.0,7.467469664298522,0.0,,6.866150201655364,,,,,,,,
AR-LRX [linear],N02BA,A_lag1,pacf_train,1,1,210,45,46,2014-01-12,2018-01-14,2018-01-21,2018-11-25,2018-12-02,2019-10-13,"{""colsample_bytree"": 0.8, ""learning_rate"": 0.1, ""max_depth"": 3, ""n_estimators"": 500, ""subsample"": 0.8}",132,none,3,54.97078074235144,7.41422826343723,6.26854134512256,-0.7809670972446798,0.3361614829770029,27.241473493323166,0.4653360585286614,46.80749012569122,6.841599968259707,5.379029978111211,-0.6391699047697188,0.3239293896762354,25.45771778374929,0.9404819375973166,6.874,weekly,2,seed3,weekly|N02BA|A_lag1,-1.347168983309985,5,linear,0.1,7.467469664298522,0.713,-2.117410352332883,6.866150201655364,5.0,,,,,,,
AR-LRX-g [linear],N02BA,A_lag1,pacf_train,1,1,210,45,46,2014-01-12,2018-01-14,2018-01-21,2018-11-25,2018-12-02,2019-10-13,"{""colsample_bytree"": 0.8, ""learning_rate"": 0.05, ""max_depth"": 5, ""n_estimators"": 500, ""subsample"": 0.8}",132,none,3,54.99340137308933,7.415753594415697,6.269457178174467,-0.781699970209536,0.3362306415604094,27.23583064464168,0.4646606895586052,46.95500337682979,6.852372098538563,5.392227331237124,-0.6443357293241176,0.3244394179741381,25.50919796858782,0.9378889420621964,7.022,weekly,2,seed3,weekly|N02BA|A_lag1,-1.628775946068838,5,linear,0.0999999999999999,7.467469664298522,0.6926,-2.4629132165338503,6.866150201655364,5.0,False,global,1.0,"{""0"": 0.1}",0.1,0.1,7.534442022306487
AR-LRX-Aug [linear],N02BA,A_lag1,pacf_train,1,1,210,45,46,2014-01-12,2018-01-14,2018-01-21,2018-11-25,2018-12-02,2019-10-13,"{""colsample_bytree"": 0.8, ""learning_rate"": 0.05, ""max_depth"": 3, ""n_estimators"": 100, ""subsample"": 0.8}",132,none,3,55.76310318721868,7.467469664298522,6.280953746808672,-0.806637102030147,0.3385754507742403,27.31280964135922,0.4743527058695995,47.144018591692,6.866150201655364,5.402531053338721,-0.6509549274676998,0.325091770136531,25.549350364411723,0.9667978071238208,6.361,weekly,2,seed3,weekly|N02BA|A_lag1,-1.223146502676916,5,linear,0.0,7.467469664298522,0.0,-1.6344888672502478,6.866150201655364,5.0,True,global,1.0,"{""0"": 0.0}",0.0,0.0,7.467469664298522
XGBoost,N02BA,A_lag1,pacf_train,1,1,210,45,46,2014-01-12,2018-01-14,2018-01-21,2018-11-25,2018-12-02,2019-10-13,"{""colsample_bytree"": 0.8, ""learning_rate"": 0.05, ""max_depth"": 3, ""n_estimators"": 100, ""subsample"": 0.8}",12,none,3,68.29783119564891,8.264250189560387,6.85785854763455,-1.2127426339955392,0.3747015199296901,29.03375831788099,0.5018597007268472,50.85330460554779,7.131150300305539,5.552336045970087,-0.7808518731438887,0.3376387358489576,25.97618566393613,0.9146632645655248,5.914,weekly,2,seed3,weekly|N02BA|A_lag1,,5,,,,,,,,,,,,,,
"LR-XGB (residual, tanpa gerbang)",N02BA,A_lag1,pacf_train,1,1,210,45,46,2014-01-12,2018-01-14,2018-01-21,2018-11-25,2018-12-02,2019-10-13,"{""colsample_bytree"": 0.8, ""learning_rate"": 0.05, ""max_depth"": 3, ""n_estimators"": 100, ""subsample"": 0.8}",12,none,3,66.49227687256142,8.154279666074828,6.585383657453139,-1.154245505188539,0.3697154508547781,27.920614880835,0.4882602831573667,46.9690455505015,6.853396643307718,5.2123574219655255,-0.6448274777263159,0.3244879271186815,24.573931718875595,0.8573893834998566,7.054,weekly,2,seed3,weekly|N02BA|A_lag1,,5,,,,,,,5.0,,,,,,,
Naive,N02BA,B_rich,pacf_train,1,1,210,45,46,2014-01-12,2018-01-14,2018-01-21,2018-11-25,2018-12-02,2019-10-13,{},0,none,3,49.19444444444444,7.01387513750027,5.391111111111111,-0.5938228589736254,0.3180094520780979,25.109810773395424,0.3725147465421816,38.93119565217392,6.2394868100007965,5.060869565217392,-0.3633468510784168,0.2954211242448012,25.279798597319925,0.73400085945753,0.0,weekly,2,seed3,weekly|N02BA|B_rich,,5,,,,,,,,,,,,,,
SeasonalNaive(s=52),N02BA,B_rich,pacf_train,1,1,210,45,46,2014-01-12,2018-01-14,2018-01-21,2018-11-25,2018-12-02,2019-10-13,{},0,none,3,65.91587345219507,8.118859122573507,6.734814814666667,-1.1355709382177106,0.368109481628018,30.532345050571653,0.437846578175141,51.94179347826088,7.207065524765325,5.744565217391305,-0.8189700930492263,0.3412330957122175,27.667323161502104,0.8050507911847538,0.0,weekly,2,seed3,weekly|N02BA|B_rich,,5,,,,,,,,,,,,,,
S1 [linear],N02BA,B_rich,pacf_train,1,1,210,45,46,2014-01-12,2018-01-14,2018-01-21,2018-11-25,2018-12-02,2019-10-13,{},0,none,3,55.76310318721868,7.467469664298522,6.280953746808672,-0.806637102030147,0.3385754507742403,27.31280964135922,0.4743527058695995,47.144018591692,6.866150201655364,5.402531053338721,-0.6509549274676998,0.325091770136531,25.549350364411723,0.9667978071238208,0.005,weekly,2,seed3,weekly|N02BA|B_rich,,5,linear,0.0,7.467469664298522,0.0,,6.866150201655364,,,,,,,,
AR-LRX [linear],N02BA,B_rich,pacf_train,1,1,210,45,46,2014-01-12,2018-01-14,2018-01-21,2018-11-25,2018-12-02,2019-10-13,"{""colsample_bytree"": 0.8, ""learning_rate"": 0.1, ""max_depth"": 3, ""n_estimators"": 500, ""subsample"": 0.8}",132,none,3,54.97078074235144,7.41422826343723,6.26854134512256,-0.7809670972446798,0.3361614829770029,27.241473493323166,0.4653360585286614,46.80749012569122,6.841599968259707,5.379029978111211,-0.6391699047697188,0.3239293896762354,25.45771778374929,0.9404819375973166,6.837,weekly,2,seed3,weekly|N02BA|B_rich,-1.347168983309985,5,linear,0.1,7.467469664298522,0.713,-2.117410352332883,6.866150201655364,5.0,,,,,,,
AR-LRX-g [linear],N02BA,B_rich,pacf_train,1,1,210,45,46,2014-01-12,2018-01-14,2018-01-21,2018-11-25,2018-12-02,2019-10-13,"{""colsample_bytree"": 0.8, ""learning_rate"": 0.05, ""max_depth"": 5, ""n_estimators"": 500, ""subsample"": 0.8}",132,none,3,54.99340137308933,7.415753594415697,6.269457178174467,-0.781699970209536,0.3362306415604094,27.23583064464168,0.4646606895586052,46.95500337682979,6.852372098538563,5.392227331237124,-0.6443357293241176,0.3244394179741381,25.50919796858782,0.9378889420621964,7.307,weekly,2,seed3,weekly|N02BA|B_rich,-1.628775946068838,5,linear,0.0999999999999999,7.467469664298522,0.6926,-2.4629132165338503,6.866150201655364,5.0,False,global,1.0,"{""0"": 0.1}",0.1,0.1,7.534442022306487
AR-LRX-Aug [linear],N02BA,B_rich,pacf_train,1,1,210,45,46,2014-01-12,2018-01-14,2018-01-21,2018-11-25,2018-12-02,2019-10-13,"{""colsample_bytree"": 0.8, ""learning_rate"": 0.05, ""max_depth"": 3, ""n_estimators"": 100, ""subsample"": 0.8}",132,none,3,55.76310318721868,7.467469664298522,6.280953746808672,-0.806637102030147,0.3385754507742403,27.31280964135922,0.4743527058695995,47.144018591692,6.866150201655364,5.402531053338721,-0.6509549274676998,0.325091770136531,25.549350364411723,0.9667978071238208,5.721,weekly,2,seed3,weekly|N02BA|B_rich,-1.223146502676916,5,linear,0.0,7.467469664298522,0.0,-1.6344888672502478,6.866150201655364,5.0,True,global,1.0,"{""0"": 0.0}",0.0,0.0,7.467469664298522
XGBoost,N02BA,B_rich,pacf_train,1,1,210,45,46,2014-01-12,2018-01-14,2018-01-21,2018-11-25,2018-12-02,2019-10-13,"{""colsample_bytree"": 0.8, ""learning_rate"": 0.05, ""max_depth"": 3, ""n_estimators"": 100, ""subsample"": 0.8}",12,none,3,68.29783119564891,8.264250189560387,6.85785854763455,-1.2127426339955392,0.3747015199296901,29.03375831788099,0.5018597007268472,50.85330460554779,7.131150300305539,5.552336045970087,-0.7808518731438887,0.3376387358489576,25.97618566393613,0.9146632645655248,6.869,weekly,2,seed3,weekly|N02BA|B_rich,,5,,,,,,,,,,,,,,
"LR-XGB (residual, tanpa gerbang)",N02BA,B_rich,pacf_train,1,1,210,45,46,2014-01-12,2018-01-14,2018-01-21,2018-11-25,2018-12-02,2019-10-13,"{""colsample_bytree"": 0.8, ""learning_rate"": 0.05, ""max_depth"": 3, ""n_estimators"": 100, ""subsample"": 0.8}",12,none,3,66.49227687256142,8.154279666074828,6.585383657453139,-1.154245505188539,0.3697154508547781,27.920614880835,0.4882602831573667,46.9690455505015,6.853396643307718,5.2123574219655255,-0.6448274777263159,0.3244879271186815,24.573931718875595,0.8573893834998566,6.139,weekly,2,seed3,weekly|N02BA|B_rich,,5,,,,,,,5.0,,,,,,,
Naive,N02BE,A_lag1,pacf_train,1,1,210,45,46,2014-01-12,2018-01-14,2018-01-21,2018-11-25,2018-12-02,2019-10-13,{},0,none,3,1680.9681508666667,40.999611594095214,33.66975555555555,0.5778299809887086,0.1966083430644854,16.091032387206173,0.1901027589132943,2872.5362513913046,53.59604697541886,41.5418695652174,0.6070022317317492,0.2638605401116403,20.08585888444381,0.3344249193079274,0.0,weekly,2,seed3,weekly|N02BE|A_lag1,,5,,,,,,,,,,,,,,
SeasonalNaive(s=52),N02BE,A_lag1,pacf_train,1,1,210,45,46,2014-01-12,2018-01-14,2018-01-21,2018-11-25,2018-12-02,2019-10-13,{},0,none,3,4928.619016884084,70.20412393074986,52.44873333333334,-0.2378076187729074,0.3366548107569486,28.57719475004721,0.2851328006650804,3827.384787608696,61.86586124518672,46.530130434782606,0.4763673812278127,0.3045739468456235,22.53129637433621,0.3785512957226687,0.0,weekly,2,seed3,weekly|N02BE|A_lag1,,5,,,,,,,,,,,,,,
S1 [linear],N02BE,A_lag1,pacf_train,1,1,210,45,46,2014-01-12,2018-01-14,2018-01-21,2018-11-25,2018-12-02,2019-10-13,{},0,none,3,1499.4320458283644,38.72250051105125,31.647842601792338,0.6234222195303742,0.1856887509121654,15.244489991691704,0.1862344902896344,2636.4831549119726,51.34669565718882,39.33803413707109,0.6392971557955466,0.252786681362296,19.063345346674403,0.3279954691336632,0.008,weekly,2,seed3,weekly|N02BE|A_lag1,,5,linear,0.0,38.72250051105125,0.0,,51.34669565718882,,,,,,,,
AR-LRX [linear],N02BE,A_lag1,pacf_train,1,1,210,45,46,2014-01-12,2018-01-14,2018-01-21,2018-11-25,2018-12-02,2019-10-13,"{""colsample_bytree"": 0.8, ""learning_rate"": 0.05, ""max_depth"": 3, ""n_estimators"": 100, ""subsample"": 0.8}",132,none,3,1498.436552595736,38.709644180691406,31.740951278861687,0.6236722346164589,0.18562710004008,15.266378742624884,0.1873524856435883,2610.6050265468475,51.09408015168536,39.1697397400098,0.6428375973442051,0.2515430212887595,19.02477279685333,0.3269747631786868,6.208,weekly,2,seed3,weekly|N02BE|A_lag1,0.0566378881367354,5,linear,0.1,38.72250051105125,0.0332,-0.5748091360448953,51.34669565718882,5.0,,,,,,,
AR-LRX-g [linear],N02BE,A_lag1,pacf_train,1,1,210,45,46,2014-01-12,2018-01-14,2018-01-21,2018-11-25,2018-12-02,2019-10-13,"{""colsample_bytree"": 0.8, ""learning_rate"": 0.1, ""max_depth"": 3, ""n_estimators"": 100, ""subsample"": 0.8}",132,none,3,1499.4320458283644,38.72250051105125,31.647842601792338,0.6234222195303742,0.1856887509121654,15.244489991691704,0.1862344902896344,2636.4831549119726,51.34669565718882,39.33803413707109,0.6392971557955466,0.252786681362296,19.063345346674403,0.3279954691336632,7.302,weekly,2,seed3,weekly|N02BE|A_lag1,0.0596211514036235,5,linear,0.0,38.72250051105125,0.0,-0.9842370646269488,51.34669565718882,5.0,False,global,1.0,"{""0"": 0.0}",0.0,0.0,39.837504553741816
AR-LRX-Aug [linear],N02BE,A_lag1,pacf_train,1,1,210,45,46,2014-01-12,2018-01-14,2018-01-21,2018-11-25,2018-12-02,2019-10-13,"{""colsample_bytree"": 0.8, ""learning_rate"": 0.05, ""max_depth"": 3, ""n_estimators"": 500, ""subsample"": 0.8}",132,none,3,1482.820206841336,38.50740457160592,31.64935145589013,0.6275942321752008,0.1846572861101833,15.236669119294785,0.1882583508940543,2589.677112697507,50.88887022422002,39.00641376679821,0.6457007895609499,0.250532745245041,18.929835583040788,0.3244122134573114,7.635,weekly,2,seed3,weekly|N02BE|A_lag1,0.0009355206204917,5,linear,0.0999999999999999,38.72250051105125,0.5555,-1.3707951311189135,51.34669565718882,5.0,True,global,1.0,"{""0"": 0.1}",0.1,0.1,39.89329250837672
XGBoost,N02BE,A_lag1,pacf_train,1,1,210,45,46,2014-01-12,2018-01-14,2018-01-21,2018-11-25,2018-12-02,2019-10-13,"{""colsample_bytree"": 0.8, ""learning_rate"": 0.05, ""max_depth"": 3, ""n_estimators"": 100, ""subsample"": 0.8}",12,none,3,2277.328384175576,47.721361927082256,34.78652952609592,0.4280559291104525,0.2288416287976621,15.802931534285108,0.223539486814281,2400.504486604873,48.994943479964064,36.53728974317469,0.6715818971834703,0.2412086894261398,18.312792559401068,0.3197901998091346,6.107,weekly,2,seed3,weekly|N02BE|A_lag1,,5,,,,,,,,,,,,,,
"LR-XGB (residual, tanpa gerbang)",N02BE,A_lag1,pacf_train,1,1,210,45,46,2014-01-12,2018-01-14,2018-01-21,2018-11-25,2018-12-02,2019-10-13,"{""colsample_bytree"": 0.8, ""learning_rate"": 0.05, ""max_depth"": 3, ""n_estimators"": 100, ""subsample"": 0.8}",12,none,3,2357.676628937034,48.55591239938792,35.67813343502466,0.4078767127457759,0.2328436078209788,16.167427307484697,0.2235574211229779,2477.648139126228,49.77597953959548,37.904228824822255,0.661027710700264,0.2450538348831458,18.805335195139588,0.3218644746089035,6.26,weekly,2,seed3,weekly|N02BE|A_lag1,,5,,,,,,,5.0,,,,,,,
Naive,N02BE,B_rich,pacf_train,1,1,210,45,46,2014-01-12,2018-01-14,2018-01-21,2018-11-25,2018-12-02,2019-10-13,{},0,none,3,1680.9681508666667,40.999611594095214,33.66975555555555,0.5778299809887086,0.1966083430644854,16.091032387206173,0.1901027589132943,2872.5362513913046,53.59604697541886,41.5418695652174,0.6070022317317492,0.2638605401116403,20.08585888444381,0.3344249193079274,0.0,weekly,2,seed3,weekly|N02BE|B_rich,,5,,,,,,,,,,,,,,
SeasonalNaive(s=52),N02BE,B_rich,pacf_train,1,1,210,45,46,2014-01-12,2018-01-14,2018-01-21,2018-11-25,2018-12-02,2019-10-13,{},0,none,3,4928.619016884084,70.20412393074986,52.44873333333334,-0.2378076187729074,0.3366548107569486,28.57719475004721,0.2851328006650804,3827.384787608696,61.86586124518672,46.530130434782606,0.4763673812278127,0.3045739468456235,22.53129637433621,0.3785512957226687,0.0,weekly,2,seed3,weekly|N02BE|B_rich,,5,,,,,,,,,,,,,,
S1 [linear],N02BE,B_rich,pacf_train,1,1,210,45,46,2014-01-12,2018-01-14,2018-01-21,2018-11-25,2018-12-02,2019-10-13,{},0,none,3,1499.4320458283644,38.72250051105125,31.647842601792338,0.6234222195303742,0.1856887509121654,15.244489991691704,0.1862344902896344,2636.4831549119726,51.34669565718882,39.33803413707109,0.6392971557955466,0.252786681362296,19.063345346674403,0.3279954691336632,0.011,weekly,2,seed3,weekly|N02BE|B_rich,,5,linear,0.0,38.72250051105125,0.0,,51.34669565718882,,,,,,,,
AR-LRX [linear],N02BE,B_rich,pacf_train,1,1,210,45,46,2014-01-12,2018-01-14,2018-01-21,2018-11-25,2018-12-02,2019-10-13,"{""colsample_bytree"": 0.8, ""learning_rate"": 0.05, ""max_depth"": 3, ""n_estimators"": 100, ""subsample"": 0.8}",132,none,3,1498.436552595736,38.709644180691406,31.740951278861687,0.6236722346164589,0.18562710004008,15.266378742624884,0.1873524856435883,2610.6050265468475,51.09408015168536,39.1697397400098,0.6428375973442051,0.2515430212887595,19.02477279685333,0.3269747631786868,5.714,weekly,2,seed3,weekly|N02BE|B_rich,0.0566378881367354,5,linear,0.1,38.72250051105125,0.0332,-0.5748091360448953,51.34669565718882,5.0,,,,,,,
AR-LRX-g [linear],N02BE,B_rich,pacf_train,1,1,210,45,46,2014-01-12,2018-01-14,2018-01-21,2018-11-25,2018-12-02,2019-10-13,"{""colsample_bytree"": 0.8, ""learning_rate"": 0.1, ""max_depth"": 3, ""n_estimators"": 100, ""subsample"": 0.8}",132,none,3,1499.4320458283644,38.72250051105125,31.647842601792338,0.6234222195303742,0.1856887509121654,15.244489991691704,0.1862344902896344,2636.4831549119726,51.34669565718882,39.33803413707109,0.6392971557955466,0.252786681362296,19.063345346674403,0.3279954691336632,5.248,weekly,2,seed3,weekly|N02BE|B_rich,0.0596211514036235,5,linear,0.0,38.72250051105125,0.0,-0.9842370646269488,51.34669565718882,5.0,False,global,1.0,"{""0"": 0.0}",0.0,0.0,39.837504553741816
AR-LRX-Aug [linear],N02BE,B_rich,pacf_train,1,1,210,45,46,2014-01-12,2018-01-14,2018-01-21,2018-11-25,2018-12-02,2019-10-13,"{""colsample_bytree"": 0.8, ""learning_rate"": 0.05, ""max_depth"": 3, ""n_estimators"": 500, ""subsample"": 0.8}",132,none,3,1482.820206841336,38.50740457160592,31.64935145589013,0.6275942321752008,0.1846572861101833,15.236669119294785,0.1882583508940543,2589.677112697507,50.88887022422002,39.00641376679821,0.6457007895609499,0.250532745245041,18.929835583040788,0.3244122134573114,7.165,weekly,2,seed3,weekly|N02BE|B_rich,0.0009355206204917,5,linear,0.0999999999999999,38.72250051105125,0.5555,-1.3707951311189135,51.34669565718882,5.0,True,global,1.0,"{""0"": 0.1}",0.1,0.1,39.89329250837672
XGBoost,N02BE,B_rich,pacf_train,1,1,210,45,46,2014-01-12,2018-01-14,2018-01-21,2018-11-25,2018-12-02,2019-10-13,"{""colsample_bytree"": 0.8, ""learning_rate"": 0.05, ""max_depth"": 3, ""n_estimators"": 100, ""subsample"": 0.8}",12,none,3,2277.328384175576,47.721361927082256,34.78652952609592,0.4280559291104525,0.2288416287976621,15.802931534285108,0.223539486814281,2400.504486604873,48.994943479964064,36.53728974317469,0.6715818971834703,0.2412086894261398,18.312792559401068,0.3197901998091346,5.898,weekly,2,seed3,weekly|N02BE|B_rich,,5,,,,,,,,,,,,,,
"LR-XGB (residual, tanpa gerbang)",N02BE,B_rich,pacf_train,1,1,210,45,46,2014-01-12,2018-01-14,2018-01-21,2018-11-25,2018-12-02,2019-10-13,"{""colsample_bytree"": 0.8, ""learning_rate"": 0.05, ""max_depth"": 3, ""n_estimators"": 100, ""subsample"": 0.8}",12,none,3,2357.676628937034,48.55591239938792,35.67813343502466,0.4078767127457759,0.2328436078209788,16.167427307484697,0.2235574211229779,2477.648139126228,49.77597953959548,37.904228824822255,0.661027710700264,0.2450538348831458,18.805335195139588,0.3218644746089035,5.229,weekly,2,seed3,weekly|N02BE|B_rich,,5,,,,,,,5.0,,,,,,,
Naive,N05B,A_lag1,pacf_train,1,1,210,45,46,2014-01-12,2018-01-14,2018-01-21,2018-11-25,2018-12-02,2019-10-13,{},0,none,3,426.96177777777774,20.663053447585565,15.013333333333332,-0.801173853632781,0.3220550724374308,22.340031684847204,0.2828881884247876,240.0434782608696,15.493336576117798,12.104347826086956,-0.5862350330555679,0.2638042206475491,21.2661248034866,0.3667312182996869,0.0,weekly,2,seed3,weekly|N05B|A_lag1,,5,,,,,,,,,,,,,,
SeasonalNaive(s=52),N05B,A_lag1,pacf_train,1,1,210,45,46,2014-01-12,2018-01-14,2018-01-21,2018-11-25,2018-12-02,2019-10-13,{},0,none,3,942.2986433552592,30.696883284060927,24.86833333177778,-2.975165382622386,0.4784426945770095,44.187967319122926,0.440706007994517,457.088695652174,21.379632729590423,16.165217391304346,-2.020494901632767,0.3640298732459134,26.617268981956737,0.5087289643221211,0.0,weekly,2,seed3,weekly|N05B|A_lag1,,5,,,,,,,,,,,,,,
S1 [linear],N05B,A_lag1,pacf_train,1,1,210,45,46,2014-01-12,2018-01-14,2018-01-21,2018-11-25,2018-12-02,2019-10-13,{},0,none,3,280.1724738223089,16.738353378463156,11.053311405027056,-0.1819309376658278,0.2608845601381415,16.80006438157009,0.223534293627507,168.22555190185386,12.970179331908016,9.770105004562676,-0.1116538796018928,0.2208425559919191,17.156348590497235,0.3310900704837283,0.007,weekly,2,seed3,weekly|N05B|A_lag1,,5,linear,0.0,16.738353378463156,0.0,,12.970179331908016,,,,,,,,
AR-LRX [linear],N05B,A_lag1,pacf_train,1,1,210,45,46,2014-01-12,2018-01-14,2018-01-21,2018-11-25,2018-12-02,2019-10-13,"{""colsample_bytree"": 0.8, ""learning_rate"": 0.05, ""max_depth"": 3, ""n_estimators"": 100, ""subsample"": 0.8}",132,none,3,280.1724738223089,16.738353378463156,11.053311405027056,-0.1819309376658278,0.2608845601381415,16.80006438157009,0.223534293627507,168.22555190185386,12.970179331908016,9.770105004562676,-0.1116538796018928,0.2208425559919191,17.156348590497235,0.3310900704837283,7.7,weekly,2,seed3,weekly|N05B|A_lag1,-0.1611859042008876,5,linear,0.0,16.738353378463156,0.0,-0.3074929824115906,12.970179331908016,5.0,,,,,,,
AR-LRX-g [linear],N05B,A_lag1,pacf_train,1,1,210,45,46,2014-01-12,2018-01-14,2018-01-21,2018-11-25,2018-12-02,2019-10-13,"{""colsample_bytree"": 0.8, ""learning_rate"": 0.05, ""max_depth"": 3, ""n_estimators"": 100, ""subsample"": 0.8}",132,none,3,280.1724738223089,16.738353378463156,11.053311405027056,-0.1819309376658278,0.2608845601381415,16.80006438157009,0.223534293627507,168.22555190185386,12.970179331908016,9.770105004562676,-0.1116538796018928,0.2208425559919191,17.156348590497235,0.3310900704837283,4.787,weekly,2,seed3,weekly|N05B|A_lag1,-0.1611859042008876,5,linear,0.0,16.738353378463156,0.0,-0.3074929824115906,12.970179331908016,5.0,False,global,1.0,"{""0"": 0.0}",0.0,0.0,16.738353378463152
AR-LRX-Aug [linear],N05B,A_lag1,pacf_train,1,1,210,45,46,2014-01-12,2018-01-14,2018-01-21,2018-11-25,2018-12-02,2019-10-13,"{""colsample_bytree"": 0.8, ""learning_rate"": 0.05, ""max_depth"": 3, ""n_estimators"": 100, ""subsample"": 0.8}",132,none,3,280.1724738223089,16.738353378463156,11.053311405027056,-0.1819309376658278,0.2608845601381415,16.80006438157009,0.223534293627507,168.22555190185386,12.970179331908016,9.770105004562676,-0.1116538796018928,0.2208425559919191,17.156348590497235,0.3310900704837283,4.908,weekly,2,seed3,weekly|N05B|A_lag1,-0.1035233858572082,5,linear,0.0,16.738353378463156,0.0,-0.264389583546786,12.970179331908016,5.0,True,global,1.0,"{""0"": 0.0}",0.0,0.0,16.738353378463152
XGBoost,N05B,A_lag1,pacf_train,1,1,210,45,46,2014-01-12,2018-01-14,2018-01-21,2018-11-25,2018-12-02,2019-10-13,"{""colsample_bytree"": 0.8, ""learning_rate"": 0.05, ""max_depth"": 3, ""n_estimators"": 100, ""subsample"": 0.8}",12,none,3,373.3449432545558,19.32213609450456,13.72600599500868,-0.5749867673778457,0.3011554877572406,20.36461791341633,0.2488064783048257,185.8156258770604,13.63142053775249,10.732350059177564,-0.2278911203537073,0.2321014749543287,18.63811957021137,0.3329483882328869,5.224,weekly,2,seed3,weekly|N05B|A_lag1,,5,,,,,,,,,,,,,,
"LR-XGB (residual, tanpa gerbang)",N05B,A_lag1,pacf_train,1,1,210,45,46,2014-01-12,2018-01-14,2018-01-21,2018-11-25,2018-12-02,2019-10-13,"{""colsample_bytree"": 0.8, ""learning_rate"": 0.05, ""max_depth"": 3, ""n_estimators"": 100, ""subsample"": 0.8}",12,none,3,364.9840393037343,19.104555459463963,13.347687945514204,-0.5397155970465455,0.2977642683831665,19.81842189502437,0.244619576554406,190.01719174879824,13.784672348256894,10.89838276743593,-0.2556555529795263,0.2347108854085791,18.903415030869304,0.3356277681566205,5.163,weekly,2,seed3,weekly|N05B|A_lag1,,5,,,,,,,5.0,,,,,,,
Naive,N05B,B_rich,pacf_train,1,1,210,45,46,2014-01-12,2018-01-14,2018-01-21,2018-11-25,2018-12-02,2019-10-13,{},0,none,3,426.96177777777774,20.663053447585565,15.013333333333332,-0.801173853632781,0.3220550724374308,22.340031684847204,0.2828881884247876,240.0434782608696,15.493336576117798,12.104347826086956,-0.5862350330555679,0.2638042206475491,21.2661248034866,0.3667312182996869,0.0,weekly,2,seed3,weekly|N05B|B_rich,,5,,,,,,,,,,,,,,
SeasonalNaive(s=52),N05B,B_rich,pacf_train,1,1,210,45,46,2014-01-12,2018-01-14,2018-01-21,2018-11-25,2018-12-02,2019-10-13,{},0,none,3,942.2986433552592,30.696883284060927,24.86833333177778,-2.975165382622386,0.4784426945770095,44.187967319122926,0.440706007994517,457.088695652174,21.379632729590423,16.165217391304346,-2.020494901632767,0.3640298732459134,26.617268981956737,0.5087289643221211,0.0,weekly,2,seed3,weekly|N05B|B_rich,,5,,,,,,,,,,,,,,
S1 [linear],N05B,B_rich,pacf_train,1,1,210,45,46,2014-01-12,2018-01-14,2018-01-21,2018-11-25,2018-12-02,2019-10-13,{},0,none,3,280.1724738223089,16.738353378463156,11.053311405027056,-0.1819309376658278,0.2608845601381415,16.80006438157009,0.223534293627507,168.22555190185386,12.970179331908016,9.770105004562676,-0.1116538796018928,0.2208425559919191,17.156348590497235,0.3310900704837283,0.005,weekly,2,seed3,weekly|N05B|B_rich,,5,linear,0.0,16.738353378463156,0.0,,12.970179331908016,,,,,,,,
AR-LRX [linear],N05B,B_rich,pacf_train,1,1,210,45,46,2014-01-12,2018-01-14,2018-01-21,2018-11-25,2018-12-02,2019-10-13,"{""colsample_bytree"": 0.8, ""learning_rate"": 0.05, ""max_depth"": 3, ""n_estimators"": 100, ""subsample"": 0.8}",132,none,3,280.1724738223089,16.738353378463156,11.053311405027056,-0.1819309376658278,0.2608845601381415,16.80006438157009,0.223534293627507,168.22555190185386,12.970179331908016,9.770105004562676,-0.1116538796018928,0.2208425559919191,17.156348590497235,0.3310900704837283,4.299,weekly,2,seed3,weekly|N05B|B_rich,-0.1611859042008876,5,linear,0.0,16.738353378463156,0.0,-0.3074929824115906,12.970179331908016,5.0,,,,,,,
AR-LRX-g [linear],N05B,B_rich,pacf_train,1,1,210,45,46,2014-01-12,2018-01-14,2018-01-21,2018-11-25,2018-12-02,2019-10-13,"{""colsample_bytree"": 0.8, ""learning_rate"": 0.05, ""max_depth"": 3, ""n_estimators"": 100, ""subsample"": 0.8}",132,none,3,280.1724738223089,16.738353378463156,11.053311405027056,-0.1819309376658278,0.2608845601381415,16.80006438157009,0.223534293627507,168.22555190185386,12.970179331908016,9.770105004562676,-0.1116538796018928,0.2208425559919191,17.156348590497235,0.3310900704837283,5.065,weekly,2,seed3,weekly|N05B|B_rich,-0.1611859042008876,5,linear,0.0,16.738353378463156,0.0,-0.3074929824115906,12.970179331908016,5.0,False,global,1.0,"{""0"": 0.0}",0.0,0.0,16.738353378463152
AR-LRX-Aug [linear],N05B,B_rich,pacf_train,1,1,210,45,46,2014-01-12,2018-01-14,2018-01-21,2018-11-25,2018-12-02,2019-10-13,"{""colsample_bytree"": 0.8, ""learning_rate"": 0.05, ""max_depth"": 3, ""n_estimators"": 100, ""subsample"": 0.8}",132,none,3,280.1724738223089,16.738353378463156,11.053311405027056,-0.1819309376658278,0.2608845601381415,16.80006438157009,0.223534293627507,168.22555190185386,12.970179331908016,9.770105004562676,-0.1116538796018928,0.2208425559919191,17.156348590497235,0.3310900704837283,5.389,weekly,2,seed3,weekly|N05B|B_rich,-0.1035233858572082,5,linear,0.0,16.738353378463156,0.0,-0.264389583546786,12.970179331908016,5.0,True,global,1.0,"{""0"": 0.0}",0.0,0.0,16.738353378463152
XGBoost,N05B,B_rich,pacf_train,1,1,210,45,46,2014-01-12,2018-01-14,2018-01-21,2018-11-25,2018-12-02,2019-10-13,"{""colsample_bytree"": 0.8, ""learning_rate"": 0.05, ""max_depth"": 3, ""n_estimators"": 100, ""subsample"": 0.8}",12,none,3,373.3449432545558,19.32213609450456,13.72600599500868,-0.5749867673778457,0.3011554877572406,20.36461791341633,0.2488064783048257,185.8156258770604,13.63142053775249,10.732350059177564,-0.2278911203537073,0.2321014749543287,18.63811957021137,0.3329483882328869,4.207,weekly,2,seed3,weekly|N05B|B_rich,,5,,,,,,,,,,,,,,
"LR-XGB (residual, tanpa gerbang)",N05B,B_rich,pacf_train,1,1,210,45,46,2014-01-12,2018-01-14,2018-01-21,2018-11-25,2018-12-02,2019-10-13,"{""colsample_bytree"": 0.8, ""learning_rate"": 0.05, ""max_depth"": 3, ""n_estimators"": 100, ""subsample"": 0.8}",12,none,3,364.9840393037343,19.104555459463963,13.347687945514204,-0.5397155970465455,0.2977642683831665,19.81842189502437,0.244619576554406,190.01719174879824,13.784672348256894,10.89838276743593,-0.2556555529795263,0.2347108854085791,18.903415030869304,0.3356277681566205,5.23,weekly,2,seed3,weekly|N05B|B_rich,,5,,,,,,,5.0,,,,,,,
Naive,N05C,A_lag1,pacf_train,1,10,204,43,45,2014-03-16,2018-02-04,2018-02-11,2018-12-02,2018-12-09,2019-10-13,{},0,none,3,28.023255813953487,5.293699633900046,3.930232558139535,-0.7170930540827152,1.1381454212885098,103.83645136372506,1.694474186562659,16.266666666666666,4.033195589934446,3.466666666666667,-1.0887761572606216,0.8249718252138639,83.43106601001338,1.7005504134034763,0.0,weekly,2,seed3,weekly|N05C|A_lag1,,5,,,,,,,,,,,,,,
SeasonalNaive(s=52),N05C,A_lag1,pacf_train,1,10,204,43,45,2014-03-16,2018-02-04,2018-02-11,2018-12-02,2018-12-09,2019-10-13,{},0,none,3,26.55813953488372,5.153458987406781,3.86046511627907,-0.6273197242841997,1.107993682292458,111.313739170882,1.3238583034523583,23.844444444444445,4.883077353927996,3.6222222222222222,-2.061826252377933,0.9988112769398172,94.92769692563294,1.404697471688822,0.0,weekly,2,seed3,weekly|N05C|A_lag1,,5,,,,,,,,,,,,,,
S1 [linear],N05C,A_lag1,pacf_train,1,10,204,43,45,2014-03-16,2018-02-04,2018-02-11,2018-12-02,2018-12-09,2019-10-13,{},0,none,3,16.6747895027876,4.083477623642329,2.880965845650394,-0.0217287178769312,0.8779476890831007,71.7752895751267,0.703521993405679,8.7326038490643,2.95509794238098,2.392135351294518,-0.121339428938187,0.6044518518506549,57.40333488628655,1.0633393387073906,0.012,weekly,2,seed3,weekly|N05C|A_lag1,,5,linear,0.0,4.083477623642329,0.0,,2.95509794238098,,,,,,,,
AR-LRX [linear],N05C,A_lag1,pacf_train,1,10,204,43,45,2014-03-16,2018-02-04,2018-02-11,2018-12-02,2018-12-09,2019-10-13,"{""colsample_bytree"": 0.8, ""learning_rate"": 0.05, ""max_depth"": 3, ""n_estimators"": 100, ""subsample"": 0.8}",132,none,3,16.6747895027876,4.083477623642329,2.880965845650394,-0.0217287178769312,0.8779476890831007,71.7752895751267,0.703521993405679,8.7326038490643,2.95509794238098,2.392135351294518,-0.121339428938187,0.6044518518506549,57.40333488628655,1.0633393387073906,4.477,weekly,2,seed3,weekly|N05C|A_lag1,-0.216882592375849,5,linear,0.0,4.083477623642329,0.0,-0.1095982469503895,2.95509794238098,5.0,,,,,,,
AR-LRX-g [linear],N05C,A_lag1,pacf_train,1,10,204,43,45,2014-03-16,2018-02-04,2018-02-11,2018-12-02,2018-12-09,2019-10-13,"{""colsample_bytree"": 0.8, ""learning_rate"": 0.05, ""max_depth"": 3, ""n_estimators"": 100, ""subsample"": 0.8}",132,none,3,16.6747895027876,4.083477623642329,2.880965845650394,-0.0217287178769312,0.8779476890831007,71.7752895751267,0.703521993405679,8.7326038490643,2.95509794238098,2.392135351294518,-0.121339428938187,0.6044518518506549,57.40333488628655,1.0633393387073906,4.462,weekly,2,seed3,weekly|N05C|A_lag1,-0.216882592375849,5,linear,0.0,4.083477623642329,0.0,-0.1095982469503895,2.95509794238098,5.0,False,global,1.0,"{""0"": 0.0}",0.0,0.0,4.124793022734568
AR-LRX-Aug [linear],N05C,A_lag1,pacf_train,1,10,204,43,45,2014-03-16,2018-02-04,2018-02-11,2018-12-02,2018-12-09,2019-10-13,"{""colsample_bytree"": 0.8, ""learning_rate"": 0.05, ""max_depth"": 3, ""n_estimators"": 100, ""subsample"": 0.8}",132,none,3,16.6747895027876,4.083477623642329,2.880965845650394,-0.0217287178769312,0.8779476890831007,71.7752895751267,0.703521993405679,8.7326038490643,2.95509794238098,2.392135351294518,-0.121339428938187,0.6044518518506549,57.40333488628655,1.0633393387073906,4.721,weekly,2,seed3,weekly|N05C|A_lag1,-0.2900202466973549,5,linear,0.0,4.083477623642329,0.0,-0.162972524463633,2.95509794238098,5.0,True,global,1.0,"{""0"": 0.0}",0.0,0.0,4.083477623642329
XGBoost,N05C,A_lag1,pacf_train,1,10,204,43,45,2014-03-16,2018-02-04,2018-02-11,2018-12-02,2018-12-09,2019-10-13,"{""colsample_bytree"": 0.8, ""learning_rate"": 0.05, ""max_depth"": 3, ""n_estimators"": 100, ""subsample"": 0.8}",12,none,3,17.536123480350874,4.187615488598598,2.993161212566287,-0.0745059754496544,0.9003373300486985,73.95030432898015,0.8222817560981073,9.73196888296442,3.11961037358264,2.5371814515855577,-0.2496662642994895,0.6381021218691764,61.77235267307878,1.0746597721125442,5.11,weekly,2,seed3,weekly|N05C|A_lag1,,5,,,,,,,,,,,,,,
"LR-XGB (residual, tanpa gerbang)",N05C,A_lag1,pacf_train,1,10,204,43,45,2014-03-16,2018-02-04,2018-02-11,2018-12-02,2018-12-09,2019-10-13,"{""colsample_bytree"": 0.8, ""learning_rate"": 0.05, ""max_depth"": 3, ""n_estimators"": 100, ""subsample"": 0.8}",12,none,3,17.767257255901686,4.215122448506293,3.014721231078468,-0.0886684340589285,0.9062513264288528,74.49102068134,0.824129658811802,9.75722643957012,3.12365594129221,2.5445794959559147,-0.2529095459815786,0.6389296243552247,61.94158380261048,1.0868016080165654,4.746,weekly,2,seed3,weekly|N05C|A_lag1,,5,,,,,,,5.0,,,,,,,
Naive,N05C,B_rich,pacf_train,11,10,204,43,45,2014-03-16,2018-02-04,2018-02-11,2018-12-02,2018-12-09,2019-10-13,{},0,none,3,28.023255813953487,5.293699633900046,3.930232558139535,-0.7170930540827152,1.1381454212885098,103.83645136372506,1.694474186562659,16.266666666666666,4.033195589934446,3.466666666666667,-1.0887761572606216,0.8249718252138639,83.43106601001338,1.7005504134034763,0.0,weekly,2,seed3,weekly|N05C|B_rich,,5,,,,,,,,,,,,,,
SeasonalNaive(s=52),N05C,B_rich,pacf_train,11,10,204,43,45,2014-03-16,2018-02-04,2018-02-11,2018-12-02,2018-12-09,2019-10-13,{},0,none,3,26.55813953488372,5.153458987406781,3.86046511627907,-0.6273197242841997,1.107993682292458,111.313739170882,1.3238583034523583,23.844444444444445,4.883077353927996,3.6222222222222222,-2.061826252377933,0.9988112769398172,94.92769692563294,1.404697471688822,0.0,weekly,2,seed3,weekly|N05C|B_rich,,5,,,,,,,,,,,,,,
S1 [linear],N05C,B_rich,pacf_train,11,10,204,43,45,2014-03-16,2018-02-04,2018-02-11,2018-12-02,2018-12-09,2019-10-13,{},0,none,3,17.659626898755008,4.202335885999001,2.787213246262259,-0.0820735066210902,0.9035022154897852,68.904493375253,0.6035741439547535,8.649548295964209,2.941011440978122,2.4123457709263696,-0.1106744007182958,0.6015705220182522,58.05904326021262,1.1261556910723465,0.005,weekly,2,seed3,weekly|N05C|B_rich,,5,linear,0.0,4.202335885999001,0.0,,2.941011440978122,,,,,,,,
AR-LRX [linear],N05C,B_rich,pacf_train,11,10,204,43,45,2014-03-16,2018-02-04,2018-02-11,2018-12-02,2018-12-09,2019-10-13,"{""colsample_bytree"": 0.8, ""learning_rate"": 0.1, ""max_depth"": 3, ""n_estimators"": 500, ""subsample"": 0.8}",132,none,3,16.5600331766171,4.069402066227556,2.910425691581223,-0.0146971548106118,0.8749214442389245,72.84216756910256,0.7129623799045998,9.642444709357378,3.105228608227964,2.445018829944401,-0.2381706110620605,0.635160397137538,58.504049208958165,1.2963535558623758,5.795,weekly,2,seed3,weekly|N05C|B_rich,-0.4414782965253834,5,linear,0.5,4.202335885999001,3.1633,-0.0438459786474767,2.941011440978122,5.0,,,,,,,
AR-LRX-g [linear],N05C,B_rich,pacf_train,11,10,204,43,45,2014-03-16,2018-02-04,2018-02-11,2018-12-02,2018-12-09,2019-10-13,"{""colsample_bytree"": 0.8, ""learning_rate"": 0.1, ""max_depth"": 3, ""n_estimators"": 300, ""subsample"": 0.8}",132,none,3,16.56702272384971,4.0702607685318775,2.8905106333387574,-0.0151254313493545,0.8751060652343536,72.3243949742197,0.699036409443285,9.446733067671344,3.0735538172726606,2.436750315358409,-0.2130395980998396,0.6286814626239533,58.219703950741895,1.285805506005813,5.746,weekly,2,seed3,weekly|N05C|B_rich,-0.3765921298935479,5,linear,0.5,4.202335885999001,3.1429,-0.0290990130856572,2.941011440978122,5.0,False,global,1.0,"{""0"": 0.5}",0.5,0.5,4.101345070458031
AR-LRX-Aug [linear],N05C,B_rich,pacf_train,11,10,204,43,45,2014-03-16,2018-02-04,2018-02-11,2018-12-02,2018-12-09,2019-10-13,"{""colsample_bytree"": 0.8, ""learning_rate"": 0.1, ""max_depth"": 5, ""n_estimators"": 300, ""subsample"": 0.8}",132,none,3,16.81220662393314,4.100269091649125,2.8600651260351224,-0.0301487953225207,0.8815578547045617,72.66602334662443,0.7486590815605739,9.316751204437304,3.052335368932664,2.482900062296179,-0.1963488388703578,0.6243413254634994,58.54595532891207,1.400613426749723,5.72,weekly,2,seed3,weekly|N05C|B_rich,-0.1832192807165198,5,linear,0.7999999999999997,4.202335885999001,2.4288,0.016227953332725,2.941011440978122,5.0,True,global,1.0,"{""0"": 0.8}",0.8,0.8,4.101772501117553
XGBoost,N05C,B_rich,pacf_train,11,10,204,43,45,2014-03-16,2018-02-04,2018-02-11,2018-12-02,2018-12-09,2019-10-13,"{""colsample_bytree"": 0.8, ""learning_rate"": 0.1, ""max_depth"": 5, ""n_estimators"": 300, ""subsample"": 0.8}",12,none,3,16.31234145904041,4.038853978425119,2.9108919570612355,0.0004798728205949,0.8683536053614006,75.06197634464314,0.8379242666077009,10.861397893300913,3.295663498189843,2.566699759165446,-0.3946944029127679,0.6741129882661042,59.480715381163385,1.4424673433674895,5.712,weekly,2,seed3,weekly|N05C|B_rich,,5,,,,,,,,,,,,,,
"LR-XGB (residual, tanpa gerbang)",N05C,B_rich,pacf_train,11,10,204,43,45,2014-03-16,2018-02-04,2018-02-11,2018-12-02,2018-12-09,2019-10-13,"{""colsample_bytree"": 0.8, ""learning_rate"": 0.1, ""max_depth"": 3, ""n_estimators"": 300, ""subsample"": 0.8}",12,none,3,17.59312593050429,4.194416041656369,3.1150106016154866,-0.0779987356012208,0.9017994489561194,81.35310628274158,0.8957287718586057,11.436626577254192,3.381808181617372,2.6869238417552137,-0.4685585807824823,0.6917334916944623,63.3716082579039,1.4850699492056385,5.863,weekly,2,seed3,weekly|N05C|B_rich,,5,,,,,,,5.0,,,,,,,
Naive,R03,A_lag1,pacf_train,1,1,210,45,46,2014-01-12,2018-01-14,2018-01-21,2018-11-25,2018-12-02,2019-10-13,{},0,none,3,605.225,24.60132110273756,18.655555555555555,-0.0380099004638978,0.5059108646741414,43.15658808353479,1.0011745992904533,851.7612469747946,29.184948980164325,21.98369565217392,0.034613661979338,0.5760084322364312,40.98350136138161,0.5872130475279131,0.0,weekly,2,seed3,weekly|R03|A_lag1,,5,,,,,,,,,,,,,,
SeasonalNaive(s=52),R03,A_lag1,pacf_train,1,1,210,45,46,2014-01-12,2018-01-14,2018-01-21,2018-11-25,2018-12-02,2019-10-13,{},0,none,3,614.4748842545926,24.78860391903087,20.19351851844444,-0.0538742012353665,0.5097622192877364,49.6886383629502,0.5251434447101891,1132.0758227639192,33.64633446252235,25.980978260869566,-0.2830949245242296,0.6640605189144648,56.65064999174927,0.93022075429727,0.0,weekly,2,seed3,weekly|R03|A_lag1,,5,,,,,,,,,,,,,,
S1 [linear],R03,A_lag1,pacf_train,1,1,210,45,46,2014-01-12,2018-01-14,2018-01-21,2018-11-25,2018-12-02,2019-10-13,{},0,none,3,552.0732474890453,23.49623900731871,17.94200808918741,0.053149660580966,0.4831855388229598,40.92385320485504,1.1251795150117032,713.517209522314,26.71174291434975,18.83879141520894,0.1912994768640235,0.5271960272692094,38.48032058277108,0.5320799290362752,0.006,weekly,2,seed3,weekly|R03|A_lag1,,5,linear,0.0,23.49623900731871,0.0,,26.71174291434975,,,,,,,,
AR-LRX [linear],R03,A_lag1,pacf_train,1,1,210,45,46,2014-01-12,2018-01-14,2018-01-21,2018-11-25,2018-12-02,2019-10-13,"{""colsample_bytree"": 0.8, ""learning_rate"": 0.05, ""max_depth"": 3, ""n_estimators"": 100, ""subsample"": 0.8}",132,none,3,552.0732474890453,23.49623900731871,17.94200808918741,0.053149660580966,0.4831855388229598,40.92385320485504,1.1251795150117032,713.517209522314,26.71174291434975,18.83879141520894,0.1912994768640235,0.5271960272692094,38.48032058277108,0.5320799290362752,4.554,weekly,2,seed3,weekly|R03|A_lag1,-0.0454537955356086,5,linear,0.0,23.49623900731871,0.0,-0.359213010180136,26.71174291434975,5.0,,,,,,,
AR-LRX-g [linear],R03,A_lag1,pacf_train,1,1,210,45,46,2014-01-12,2018-01-14,2018-01-21,2018-11-25,2018-12-02,2019-10-13,"{""colsample_bytree"": 0.8, ""learning_rate"": 0.05, ""max_depth"": 3, ""n_estimators"": 300, ""subsample"": 0.8}",132,none,3,552.0732474890453,23.49623900731871,17.94200808918741,0.053149660580966,0.4831855388229598,40.92385320485504,1.1251795150117032,713.517209522314,26.71174291434975,18.83879141520894,0.1912994768640235,0.5271960272692094,38.48032058277108,0.5320799290362752,5.072,weekly,2,seed3,weekly|R03|A_lag1,-0.0495042936635903,5,linear,0.0,23.49623900731871,0.0,-0.5415279162870936,26.71174291434975,5.0,False,global,1.0,"{""0"": 0.0}",0.0,0.0,23.49623900731872
AR-LRX-Aug [linear],R03,A_lag1,pacf_train,1,1,210,45,46,2014-01-12,2018-01-14,2018-01-21,2018-11-25,2018-12-02,2019-10-13,"{""colsample_bytree"": 0.8, ""learning_rate"": 0.05, ""max_depth"": 3, ""n_estimators"": 500, ""subsample"": 0.8}",132,none,3,542.756240563403,23.29712944899871,18.063187065664724,0.0691290821704698,0.4790909746166763,41.7109109174824,1.028306186674515,702.4545916310622,26.50385993833845,18.77254890896514,0.203837849809363,0.5230931471448587,38.42549718656395,0.540075807880659,5.181,weekly,2,seed3,weekly|R03|A_lag1,-0.1660628169367093,5,linear,0.3000000000000001,23.49623900731871,0.8474,-0.3442915933305386,26.71174291434975,5.0,True,global,1.0,"{""0"": 0.3}",0.3,0.3,23.67161186860649
XGBoost,R03,A_lag1,pacf_train,1,1,210,45,46,2014-01-12,2018-01-14,2018-01-21,2018-11-25,2018-12-02,2019-10-13,"{""colsample_bytree"": 0.8, ""learning_rate"": 0.05, ""max_depth"": 3, ""n_estimators"": 100, ""subsample"": 0.8}",12,none,3,631.8937396048233,25.137496685326948,19.49129825168185,-0.083748949152733,0.5169369819900435,44.86780659299725,1.002579372513665,720.9277960288717,26.850098622330453,19.299006158172027,0.1829003168933622,0.529926683214474,39.48115044826317,0.6014238603828082,4.969,weekly,2,seed3,weekly|R03|A_lag1,,5,,,,,,,,,,,,,,
"LR-XGB (residual, tanpa gerbang)",R03,A_lag1,pacf_train,1,1,210,45,46,2014-01-12,2018-01-14,2018-01-21,2018-11-25,2018-12-02,2019-10-13,"{""colsample_bytree"": 0.8, ""learning_rate"": 0.05, ""max_depth"": 3, ""n_estimators"": 100, ""subsample"": 0.8}",12,none,3,622.1260358540354,24.94245448736021,19.251362252044387,-0.0669965459999943,0.512926060519232,44.18684392442791,1.0410483192606088,687.5773942470609,26.22169701310464,18.97118288447968,0.2206996677819017,0.5175242416000987,38.94817453749688,0.5918069656745119,4.283,weekly,2,seed3,weekly|R03|A_lag1,,5,,,,,,,5.0,,,,,,,
Naive,R03,B_rich,pacf_train,1,1,210,45,46,2014-01-12,2018-01-14,2018-01-21,2018-11-25,2018-12-02,2019-10-13,{},0,none,3,605.225,24.60132110273756,18.655555555555555,-0.0380099004638978,0.5059108646741414,43.15658808353479,1.0011745992904533,851.7612469747946,29.184948980164325,21.98369565217392,0.034613661979338,0.5760084322364312,40.98350136138161,0.5872130475279131,0.0,weekly,2,seed3,weekly|R03|B_rich,,5,,,,,,,,,,,,,,
SeasonalNaive(s=52),R03,B_rich,pacf_train,1,1,210,45,46,2014-01-12,2018-01-14,2018-01-21,2018-11-25,2018-12-02,2019-10-13,{},0,none,3,614.4748842545926,24.78860391903087,20.19351851844444,-0.0538742012353665,0.5097622192877364,49.6886383629502,0.5251434447101891,1132.0758227639192,33.64633446252235,25.980978260869566,-0.2830949245242296,0.6640605189144648,56.65064999174927,0.93022075429727,0.0,weekly,2,seed3,weekly|R03|B_rich,,5,,,,,,,,,,,,,,
S1 [linear],R03,B_rich,pacf_train,1,1,210,45,46,2014-01-12,2018-01-14,2018-01-21,2018-11-25,2018-12-02,2019-10-13,{},0,none,3,552.0732474890453,23.49623900731871,17.94200808918741,0.053149660580966,0.4831855388229598,40.92385320485504,1.1251795150117032,713.517209522314,26.71174291434975,18.83879141520894,0.1912994768640235,0.5271960272692094,38.48032058277108,0.5320799290362752,0.007,weekly,2,seed3,weekly|R03|B_rich,,5,linear,0.0,23.49623900731871,0.0,,26.71174291434975,,,,,,,,
AR-LRX [linear],R03,B_rich,pacf_train,1,1,210,45,46,2014-01-12,2018-01-14,2018-01-21,2018-11-25,2018-12-02,2019-10-13,"{""colsample_bytree"": 0.8, ""learning_rate"": 0.05, ""max_depth"": 3, ""n_estimators"": 100, ""subsample"": 0.8}",132,none,3,552.0732474890453,23.49623900731871,17.94200808918741,0.053149660580966,0.4831855388229598,40.92385320485504,1.1251795150117032,713.517209522314,26.71174291434975,18.83879141520894,0.1912994768640235,0.5271960272692094,38.48032058277108,0.5320799290362752,5.822,weekly,2,seed3,weekly|R03|B_rich,-0.0454537955356086,5,linear,0.0,23.49623900731871,0.0,-0.359213010180136,26.71174291434975,5.0,,,,,,,
AR-LRX-g [linear],R03,B_rich,pacf_train,1,1,210,45,46,2014-01-12,2018-01-14,2018-01-21,2018-11-25,2018-12-02,2019-10-13,"{""colsample_bytree"": 0.8, ""learning_rate"": 0.05, ""max_depth"": 3, ""n_estimators"": 300, ""subsample"": 0.8}",132,none,3,552.0732474890453,23.49623900731871,17.94200808918741,0.053149660580966,0.4831855388229598,40.92385320485504,1.1251795150117032,713.517209522314,26.71174291434975,18.83879141520894,0.1912994768640235,0.5271960272692094,38.48032058277108,0.5320799290362752,5.393,weekly,2,seed3,weekly|R03|B_rich,-0.0495042936635903,5,linear,0.0,23.49623900731871,0.0,-0.5415279162870936,26.71174291434975,5.0,False,global,1.0,"{""0"": 0.0}",0.0,0.0,23.49623900731872
AR-LRX-Aug [linear],R03,B_rich,pacf_train,1,1,210,45,46,2014-01-12,2018-01-14,2018-01-21,2018-11-25,2018-12-02,2019-10-13,"{""colsample_bytree"": 0.8, ""learning_rate"": 0.05, ""max_depth"": 3, ""n_estimators"": 500, ""subsample"": 0.8}",132,none,3,542.756240563403,23.29712944899871,18.063187065664724,0.0691290821704698,0.4790909746166763,41.7109109174824,1.028306186674515,702.4545916310622,26.50385993833845,18.77254890896514,0.203837849809363,0.5230931471448587,38.42549718656395,0.540075807880659,4.493,weekly,2,seed3,weekly|R03|B_rich,-0.1660628169367093,5,linear,0.3000000000000001,23.49623900731871,0.8474,-0.3442915933305386,26.71174291434975,5.0,True,global,1.0,"{""0"": 0.3}",0.3,0.3,23.67161186860649
XGBoost,R03,B_rich,pacf_train,1,1,210,45,46,2014-01-12,2018-01-14,2018-01-21,2018-11-25,2018-12-02,2019-10-13,"{""colsample_bytree"": 0.8, ""learning_rate"": 0.05, ""max_depth"": 3, ""n_estimators"": 100, ""subsample"": 0.8}",12,none,3,631.8937396048233,25.137496685326948,19.49129825168185,-0.083748949152733,0.5169369819900435,44.86780659299725,1.002579372513665,720.9277960288717,26.850098622330453,19.299006158172027,0.1829003168933622,0.529926683214474,39.48115044826317,0.6014238603828082,4.668,weekly,2,seed3,weekly|R03|B_rich,,5,,,,,,,,,,,,,,
"LR-XGB (residual, tanpa gerbang)",R03,B_rich,pacf_train,1,1,210,45,46,2014-01-12,2018-01-14,2018-01-21,2018-11-25,2018-12-02,2019-10-13,"{""colsample_bytree"": 0.8, ""learning_rate"": 0.05, ""max_depth"": 3, ""n_estimators"": 100, ""subsample"": 0.8}",12,none,3,622.1260358540354,24.94245448736021,19.251362252044387,-0.0669965459999943,0.512926060519232,44.18684392442791,1.0410483192606088,687.5773942470609,26.22169701310464,18.97118288447968,0.2206996677819017,0.5175242416000987,38.94817453749688,0.5918069656745119,4.898,weekly,2,seed3,weekly|R03|B_rich,,5,,,,,,,5.0,,,,,,,
Naive,R06,A_lag1,pacf_train,1,1,210,45,46,2014-01-12,2018-01-14,2018-01-21,2018-11-25,2018-12-02,2019-10-13,{},0,none,3,72.78178666666668,8.531224218520263,7.1773333333333325,0.6065903388703285,0.3467350883611017,31.67014048982149,0.4256223160582587,88.61228260869566,9.413409722767604,6.910869565217392,0.4692393642943022,0.3794499042625636,31.080923626166985,1.6974011088135652,0.0,weekly,2,seed3,weekly|R06|A_lag1,,5,,,,,,,,,,,,,,
SeasonalNaive(s=52),R06,A_lag1,pacf_train,1,1,210,45,46,2014-01-12,2018-01-14,2018-01-21,2018-11-25,2018-12-02,2019-10-13,{},0,none,3,144.90436425880372,12.037622865782252,8.928481481555556,0.2167439211082876,0.4892458715319737,39.59400277715749,0.4217677180101728,150.25668913043478,12.257923524416148,9.24021739130435,0.1000081084235952,0.4941108530044978,38.11526129262688,3.121014022979048,0.0,weekly,2,seed3,weekly|R06|A_lag1,,5,,,,,,,,,,,,,,
S1 [linear],R06,A_lag1,pacf_train,1,1,210,45,46,2014-01-12,2018-01-14,2018-01-21,2018-11-25,2018-12-02,2019-10-13,{},0,none,3,69.38078682149396,8.329513000259617,6.405952128088666,0.6249738693917666,0.3385369264917655,27.86500534047628,0.408226425108261,79.69377989817822,8.927137273402836,6.663411575061467,0.5226584844074853,0.3598485016049584,29.74831197601932,1.9484451334648163,0.007,weekly,2,seed3,weekly|R06|A_lag1,,5,linear,0.0,8.329513000259617,0.0,,8.927137273402836,,,,,,,,
AR-LRX [linear],R06,A_lag1,pacf_train,1,1,210,45,46,2014-01-12,2018-01-14,2018-01-21,2018-11-25,2018-12-02,2019-10-13,"{""colsample_bytree"": 0.8, ""learning_rate"": 0.05, ""max_depth"": 3, ""n_estimators"": 100, ""subsample"": 0.8}",132,none,3,69.38078682149396,8.329513000259617,6.405952128088666,0.6249738693917666,0.3385369264917655,27.86500534047628,0.408226425108261,79.69377989817822,8.927137273402836,6.663411575061467,0.5226584844074853,0.3598485016049584,29.74831197601932,1.9484451334648163,4.398,weekly,2,seed3,weekly|R06|A_lag1,-0.2198980473528931,5,linear,0.0,8.329513000259617,0.0,-0.4456845418110067,8.927137273402836,5.0,,,,,,,
AR-LRX-g [linear],R06,A_lag1,pacf_train,1,1,210,45,46,2014-01-12,2018-01-14,2018-01-21,2018-11-25,2018-12-02,2019-10-13,"{""colsample_bytree"": 0.8, ""learning_rate"": 0.05, ""max_depth"": 3, ""n_estimators"": 100, ""subsample"": 0.8}",132,none,3,69.38078682149396,8.329513000259617,6.405952128088666,0.6249738693917666,0.3385369264917655,27.86500534047628,0.408226425108261,79.69377989817822,8.927137273402836,6.663411575061467,0.5226584844074853,0.3598485016049584,29.74831197601932,1.9484451334648163,4.89,weekly,2,seed3,weekly|R06|A_lag1,-0.2198980473528931,5,linear,0.0,8.329513000259617,0.0,-0.4456845418110067,8.927137273402836,5.0,False,global,1.0,"{""0"": 0.0}",0.0,0.0,8.329513000259617
AR-LRX-Aug [linear],R06,A_lag1,pacf_train,1,1,210,45,46,2014-01-12,2018-01-14,2018-01-21,2018-11-25,2018-12-02,2019-10-13,"{""colsample_bytree"": 0.8, ""learning_rate"": 0.05, ""max_depth"": 3, ""n_estimators"": 100, ""subsample"": 0.8}",132,none,3,69.38078682149396,8.329513000259617,6.405952128088666,0.6249738693917666,0.3385369264917655,27.86500534047628,0.408226425108261,79.69377989817822,8.927137273402836,6.663411575061467,0.5226584844074853,0.3598485016049584,29.74831197601932,1.9484451334648163,4.786,weekly,2,seed3,weekly|R06|A_lag1,-0.1998304687343766,5,linear,0.0,8.329513000259617,0.0,-0.4201233108966395,8.927137273402836,5.0,True,global,1.0,"{""0"": 0.0}",0.0,0.0,8.329513000259617
XGBoost,R06,A_lag1,pacf_train,1,1,210,45,46,2014-01-12,2018-01-14,2018-01-21,2018-11-25,2018-12-02,2019-10-13,"{""colsample_bytree"": 0.8, ""learning_rate"": 0.05, ""max_depth"": 3, ""n_estimators"": 100, ""subsample"": 0.8}",12,none,3,123.13107004554924,11.096444027054307,8.20750856781006,0.3344357873075018,0.4509934801458127,34.0521436256164,0.4230784005581881,99.3041243028817,9.96514547324231,7.14483556084011,0.4051984827437126,0.4016901003085835,30.491772507996373,1.690309793937504,4.833,weekly,2,seed3,weekly|R06|A_lag1,,5,,,,,,,,,,,,,,
"LR-XGB (residual, tanpa gerbang)",R06,A_lag1,pacf_train,1,1,210,45,46,2014-01-12,2018-01-14,2018-01-21,2018-11-25,2018-12-02,2019-10-13,"{""colsample_bytree"": 0.8, ""learning_rate"": 0.05, ""max_depth"": 3, ""n_estimators"": 100, ""subsample"": 0.8}",12,none,3,95.49912842317764,9.772365548994657,7.402945985773865,0.4837955830459421,0.3971788743720733,31.59985059446728,0.4189426082893036,95.69909962232826,9.782591661841368,7.072260702377154,0.426791484693958,0.3943314461865479,30.221803318223483,1.7429227921213994,5.056,weekly,2,seed3,weekly|R06|A_lag1,,5,,,,,,,5.0,,,,,,,
Naive,R06,B_rich,pacf_train,1,1,210,45,46,2014-01-12,2018-01-14,2018-01-21,2018-11-25,2018-12-02,2019-10-13,{},0,none,3,72.78178666666668,8.531224218520263,7.1773333333333325,0.6065903388703285,0.3467350883611017,31.67014048982149,0.4256223160582587,88.61228260869566,9.413409722767604,6.910869565217392,0.4692393642943022,0.3794499042625636,31.080923626166985,1.6974011088135652,0.0,weekly,2,seed3,weekly|R06|B_rich,,5,,,,,,,,,,,,,,
SeasonalNaive(s=52),R06,B_rich,pacf_train,1,1,210,45,46,2014-01-12,2018-01-14,2018-01-21,2018-11-25,2018-12-02,2019-10-13,{},0,none,3,144.90436425880372,12.037622865782252,8.928481481555556,0.2167439211082876,0.4892458715319737,39.59400277715749,0.4217677180101728,150.25668913043478,12.257923524416148,9.24021739130435,0.1000081084235952,0.4941108530044978,38.11526129262688,3.121014022979048,0.0,weekly,2,seed3,weekly|R06|B_rich,,5,,,,,,,,,,,,,,
S1 [linear],R06,B_rich,pacf_train,1,1,210,45,46,2014-01-12,2018-01-14,2018-01-21,2018-11-25,2018-12-02,2019-10-13,{},0,none,3,69.38078682149396,8.329513000259617,6.405952128088666,0.6249738693917666,0.3385369264917655,27.86500534047628,0.408226425108261,79.69377989817822,8.927137273402836,6.663411575061467,0.5226584844074853,0.3598485016049584,29.74831197601932,1.9484451334648163,0.007,weekly,2,seed3,weekly|R06|B_rich,,5,linear,0.0,8.329513000259617,0.0,,8.927137273402836,,,,,,,,
AR-LRX [linear],R06,B_rich,pacf_train,1,1,210,45,46,2014-01-12,2018-01-14,2018-01-21,2018-11-25,2018-12-02,2019-10-13,"{""colsample_bytree"": 0.8, ""learning_rate"": 0.05, ""max_depth"": 3, ""n_estimators"": 100, ""subsample"": 0.8}",132,none,3,69.38078682149396,8.329513000259617,6.405952128088666,0.6249738693917666,0.3385369264917655,27.86500534047628,0.408226425108261,79.69377989817822,8.927137273402836,6.663411575061467,0.5226584844074853,0.3598485016049584,29.74831197601932,1.9484451334648163,5.279,weekly,2,seed3,weekly|R06|B_rich,-0.2198980473528931,5,linear,0.0,8.329513000259617,0.0,-0.4456845418110067,8.927137273402836,5.0,,,,,,,
AR-LRX-g [linear],R06,B_rich,pacf_train,1,1,210,45,46,2014-01-12,2018-01-14,2018-01-21,2018-11-25,2018-12-02,2019-10-13,"{""colsample_bytree"": 0.8, ""learning_rate"": 0.05, ""max_depth"": 3, ""n_estimators"": 100, ""subsample"": 0.8}",132,none,3,69.38078682149396,8.329513000259617,6.405952128088666,0.6249738693917666,0.3385369264917655,27.86500534047628,0.408226425108261,79.69377989817822,8.927137273402836,6.663411575061467,0.5226584844074853,0.3598485016049584,29.74831197601932,1.9484451334648163,4.967,weekly,2,seed3,weekly|R06|B_rich,-0.2198980473528931,5,linear,0.0,8.329513000259617,0.0,-0.4456845418110067,8.927137273402836,5.0,False,global,1.0,"{""0"": 0.0}",0.0,0.0,8.329513000259617
AR-LRX-Aug [linear],R06,B_rich,pacf_train,1,1,210,45,46,2014-01-12,2018-01-14,2018-01-21,2018-11-25,2018-12-02,2019-10-13,"{""colsample_bytree"": 0.8, ""learning_rate"": 0.05, ""max_depth"": 3, ""n_estimators"": 100, ""subsample"": 0.8}",132,none,3,69.38078682149396,8.329513000259617,6.405952128088666,0.6249738693917666,0.3385369264917655,27.86500534047628,0.408226425108261,79.69377989817822,8.927137273402836,6.663411575061467,0.5226584844074853,0.3598485016049584,29.74831197601932,1.9484451334648163,4.902,weekly,2,seed3,weekly|R06|B_rich,-0.1998304687343766,5,linear,0.0,8.329513000259617,0.0,-0.4201233108966395,8.927137273402836,5.0,True,global,1.0,"{""0"": 0.0}",0.0,0.0,8.329513000259617
XGBoost,R06,B_rich,pacf_train,1,1,210,45,46,2014-01-12,2018-01-14,2018-01-21,2018-11-25,2018-12-02,2019-10-13,"{""colsample_bytree"": 0.8, ""learning_rate"": 0.05, ""max_depth"": 3, ""n_estimators"": 100, ""subsample"": 0.8}",12,none,3,123.13107004554924,11.096444027054307,8.20750856781006,0.3344357873075018,0.4509934801458127,34.0521436256164,0.4230784005581881,99.3041243028817,9.96514547324231,7.14483556084011,0.4051984827437126,0.4016901003085835,30.491772507996373,1.690309793937504,4.725,weekly,2,seed3,weekly|R06|B_rich,,5,,,,,,,,,,,,,,
"LR-XGB (residual, tanpa gerbang)",R06,B_rich,pacf_train,1,1,210,45,46,2014-01-12,2018-01-14,2018-01-21,2018-11-25,2018-12-02,2019-10-13,"{""colsample_bytree"": 0.8, ""learning_rate"": 0.05, ""max_depth"": 3, ""n_estimators"": 100, ""subsample"": 0.8}",12,none,3,95.49912842317764,9.772365548994657,7.402945985773865,0.4837955830459421,0.3971788743720733,31.59985059446728,0.4189426082893036,95.69909962232826,9.782591661841368,7.072260702377154,0.426791484693958,0.3943314461865479,30.221803318223483,1.7429227921213994,4.921,weekly,2,seed3,weekly|R06|B_rich,,5,,,,,,,5.0,,,,,,,
Naive,M01AB,A_lag1,pacf_train,1,1,1473,315,317,2014-01-03,2018-01-14,2018-01-15,2018-11-25,2018-11-26,2019-10-08,{},0,none,4,15.112755555555555,3.887512772397739,2.996063492063492,-1.0889083838028977,0.7876292158258805,64.5043814997324,1.5568921901843953,17.410850473186123,4.172631121149594,3.291482649842272,-1.0779070449005217,0.784236153182909,66.44657397551136,2.203789023711625,0.0,daily,5,seed4,daily|M01AB|A_lag1,,5,,,,,,,,,,,,,,
SeasonalNaive(s=7),M01AB,A_lag1,pacf_train,1,1,1473,315,317,2014-01-03,2018-01-14,2018-01-15,2018-11-25,2018-11-26,2019-10-08,{},0,none,4,13.7917673015873,3.713726874931341,2.996412698412698,-0.9063193497597276,0.7524193379021529,64.36533562242663,1.7661914785085977,16.361037223974765,4.044877899760976,3.161135646687697,-0.9526165342660348,0.7602252372908443,64.38007169290704,2.59657683376552,0.0,daily,5,seed4,daily|M01AB|A_lag1,,5,,,,,,,,,,,,,,
S1 [linear],M01AB,A_lag1,pacf_train,1,1,1473,315,317,2014-01-03,2018-01-14,2018-01-15,2018-11-25,2018-11-26,2019-10-08,{},0,none,4,7.3605331683239426,2.713030255696376,2.175527732894381,-0.0173842478990571,0.5496732790122904,47.36724549852949,1.3729886170064014,8.566003196532822,2.926773513022971,2.263650267843024,-0.0223141262472013,0.5500801615212979,46.915710730110106,1.864103666903613,0.007,daily,5,seed4,daily|M01AB|A_lag1,,5,linear,0.0,2.713030255696376,0.0,,2.926773513022971,,,,,,,,
AR-LRX [linear],M01AB,A_lag1,pacf_train,1,1,1473,315,317,2014-01-03,2018-01-14,2018-01-15,2018-11-25,2018-11-26,2019-10-08,"{""colsample_bytree"": 0.8, ""learning_rate"": 0.05, ""max_depth"": 5, ""n_estimators"": 100, ""subsample"": 0.8}",132,none,4,7.285896711558041,2.699240024814029,2.1691429347798388,-0.0070678817206655,0.546879310382003,47.30569847904661,1.3480110598820445,8.86682275878577,2.9777210679957533,2.336810918009572,-0.0582155940480964,0.5596556340147595,48.22084313174173,1.8511297598868623,6.241,daily,5,seed4,daily|M01AB|A_lag1,-0.0960570412030341,5,linear,0.6,2.713030255696376,0.5083,0.0032346485459192,2.926773513022971,5.0,,,,,,,
AR-LRX-g [linear],M01AB,A_lag1,pacf_train,1,1,1473,315,317,2014-01-03,2018-01-14,2018-01-15,2018-11-25,2018-11-26,2019-10-08,"{""colsample_bytree"": 0.8, ""learning_rate"": 0.05, ""max_depth"": 5, ""n_estimators"": 100, ""subsample"": 0.8}",132,none,4,7.285896711558041,2.699240024814029,2.1691429347798388,-0.0070678817206655,0.546879310382003,47.30569847904661,1.3480110598820445,8.86682273497415,2.9777210639974574,2.336810913159386,-0.058215591206286,0.5596556332632893,48.220843044388495,1.8511297618414704,5.818,daily,5,seed4,daily|M01AB|A_lag1,-0.0960570412030341,5,linear,0.6,2.713030255696376,0.5083,0.0032346485459192,2.926773513022971,5.0,False,global,1.0,"{""0"": 0.6}",0.6,0.6,2.709278373006737
AR-LRX-Aug [linear],M01AB,A_lag1,pacf_train,1,1,1473,315,317,2014-01-03,2018-01-14,2018-01-15,2018-11-25,2018-11-26,2019-10-08,"{""colsample_bytree"": 0.8, ""learning_rate"": 0.05, ""max_depth"": 3, ""n_estimators"": 100, ""subsample"": 0.8}",132,none,4,7.255491715382146,2.6936019964690674,2.183009762010017,-0.0028652562505557,0.5457370180979297,47.5498954721792,1.370350354097707,8.505564832160143,2.916430152114078,2.2739917169609334,-0.0151010780790106,0.5481361512949786,47.33095832894891,1.8639111908011143,5.78,daily,5,seed4,daily|M01AB|A_lag1,-0.006329061392126,5,linear,0.7999999999999999,2.713030255696376,0.7161,0.0130262133432972,2.926773513022971,5.0,True,global,1.0,"{""0"": 0.8}",0.8,0.8,2.699507738945975
XGBoost,M01AB,A_lag1,pacf_train,1,1,1473,315,317,2014-01-03,2018-01-14,2018-01-15,2018-11-25,2018-11-26,2019-10-08,"{""colsample_bytree"": 0.8, ""learning_rate"": 0.1, ""max_depth"": 3, ""n_estimators"": 100, ""subsample"": 0.8}",12,none,4,7.312410866639748,2.704146975783629,2.1741120544918,-0.010732709133246,0.547873482792631,47.40295404057115,1.338728654057851,9.048472731804411,3.008067940024695,2.3748304884215634,-0.0798947049693421,0.5653592568585047,49.02217392594814,1.8641029322549287,5.65,daily,5,seed4,daily|M01AB|A_lag1,,5,,,,,,,,,,,,,,
"LR-XGB (residual, tanpa gerbang)",M01AB,A_lag1,pacf_train,1,1,1473,315,317,2014-01-03,2018-01-14,2018-01-15,2018-11-25,2018-11-26,2019-10-08,"{""colsample_bytree"": 0.8, ""learning_rate"": 0.05, ""max_depth"": 5, ""n_estimators"": 100, ""subsample"": 0.8}",12,none,4,7.333718541478161,2.7080839243786667,2.171324294678189,-0.0136778888157789,0.548671127949368,47.380085927074255,1.335561734355725,9.283166558461566,3.0468289348864936,2.412138478208796,-0.1079043623124231,0.5726442941937928,49.56854593770361,1.8481593950573263,5.793,daily,5,seed4,daily|M01AB|A_lag1,,5,,,,,,,5.0,,,,,,,
Naive,M01AB,B_rich,pacf_train,1,1,1473,315,317,2014-01-03,2018-01-14,2018-01-15,2018-11-25,2018-11-26,2019-10-08,{},0,none,4,15.112755555555555,3.887512772397739,2.996063492063492,-1.0889083838028977,0.7876292158258805,64.5043814997324,1.5568921901843953,17.410850473186123,4.172631121149594,3.291482649842272,-1.0779070449005217,0.784236153182909,66.44657397551136,2.203789023711625,0.0,daily,5,seed4,daily|M01AB|B_rich,,5,,,,,,,,,,,,,,
SeasonalNaive(s=7),M01AB,B_rich,pacf_train,1,1,1473,315,317,2014-01-03,2018-01-14,2018-01-15,2018-11-25,2018-11-26,2019-10-08,{},0,none,4,13.7917673015873,3.713726874931341,2.996412698412698,-0.9063193497597276,0.7524193379021529,64.36533562242663,1.7661914785085977,16.361037223974765,4.044877899760976,3.161135646687697,-0.9526165342660348,0.7602252372908443,64.38007169290704,2.59657683376552,0.0,daily,5,seed4,daily|M01AB|B_rich,,5,,,,,,,,,,,,,,
S1 [linear],M01AB,B_rich,pacf_train,1,1,1473,315,317,2014-01-03,2018-01-14,2018-01-15,2018-11-25,2018-11-26,2019-10-08,{},0,none,4,7.3605331683239426,2.713030255696376,2.175527732894381,-0.0173842478990571,0.5496732790122904,47.36724549852949,1.3729886170064014,8.566003196532822,2.926773513022971,2.263650267843024,-0.0223141262472013,0.5500801615212979,46.915710730110106,1.864103666903613,0.011,daily,5,seed4,daily|M01AB|B_rich,,5,linear,0.0,2.713030255696376,0.0,,2.926773513022971,,,,,,,,
AR-LRX [linear],M01AB,B_rich,pacf_train,1,1,1473,315,317,2014-01-03,2018-01-14,2018-01-15,2018-11-25,2018-11-26,2019-10-08,"{""colsample_bytree"": 0.8, ""learning_rate"": 0.05, ""max_depth"": 5, ""n_estimators"": 100, ""subsample"": 0.8}",132,none,4,7.285896711558041,2.699240024814029,2.1691429347798388,-0.0070678817206655,0.546879310382003,47.30569847904661,1.3480110598820445,8.86682275878577,2.9777210679957533,2.336810918009572,-0.0582155940480964,0.5596556340147595,48.22084313174173,1.8511297598868623,5.919,daily,5,seed4,daily|M01AB|B_rich,-0.0960570412030341,5,linear,0.6,2.713030255696376,0.5083,0.0032346485459192,2.926773513022971,5.0,,,,,,,
AR-LRX-g [linear],M01AB,B_rich,pacf_train,1,1,1473,315,317,2014-01-03,2018-01-14,2018-01-15,2018-11-25,2018-11-26,2019-10-08,"{""colsample_bytree"": 0.8, ""learning_rate"": 0.05, ""max_depth"": 5, ""n_estimators"": 100, ""subsample"": 0.8}",132,none,4,7.285896711558041,2.699240024814029,2.1691429347798388,-0.0070678817206655,0.546879310382003,47.30569847904661,1.3480110598820445,8.86682273497415,2.9777210639974574,2.336810913159386,-0.058215591206286,0.5596556332632893,48.220843044388495,1.8511297618414704,5.558,daily,5,seed4,daily|M01AB|B_rich,-0.0960570412030341,5,linear,0.6,2.713030255696376,0.5083,0.0032346485459192,2.926773513022971,5.0,False,global,1.0,"{""0"": 0.6}",0.6,0.6,2.709278373006737
AR-LRX-Aug [linear],M01AB,B_rich,pacf_train,1,1,1473,315,317,2014-01-03,2018-01-14,2018-01-15,2018-11-25,2018-11-26,2019-10-08,"{""colsample_bytree"": 0.8, ""learning_rate"": 0.05, ""max_depth"": 3, ""n_estimators"": 100, ""subsample"": 0.8}",132,none,4,7.255491715382146,2.6936019964690674,2.183009762010017,-0.0028652562505557,0.5457370180979297,47.5498954721792,1.370350354097707,8.505564832160143,2.916430152114078,2.2739917169609334,-0.0151010780790106,0.5481361512949786,47.33095832894891,1.8639111908011143,6.013,daily,5,seed4,daily|M01AB|B_rich,-0.006329061392126,5,linear,0.7999999999999999,2.713030255696376,0.7161,0.0130262133432972,2.926773513022971,5.0,True,global,1.0,"{""0"": 0.8}",0.8,0.8,2.699507738945975
XGBoost,M01AB,B_rich,pacf_train,1,1,1473,315,317,2014-01-03,2018-01-14,2018-01-15,2018-11-25,2018-11-26,2019-10-08,"{""colsample_bytree"": 0.8, ""learning_rate"": 0.1, ""max_depth"": 3, ""n_estimators"": 100, ""subsample"": 0.8}",12,none,4,7.312410866639748,2.704146975783629,2.1741120544918,-0.010732709133246,0.547873482792631,47.40295404057115,1.338728654057851,9.048472731804411,3.008067940024695,2.3748304884215634,-0.0798947049693421,0.5653592568585047,49.02217392594814,1.8641029322549287,5.374,daily,5,seed4,daily|M01AB|B_rich,,5,,,,,,,,,,,,,,
"LR-XGB (residual, tanpa gerbang)",M01AB,B_rich,pacf_train,1,1,1473,315,317,2014-01-03,2018-01-14,2018-01-15,2018-11-25,2018-11-26,2019-10-08,"{""colsample_bytree"": 0.8, ""learning_rate"": 0.05, ""max_depth"": 5, ""n_estimators"": 100, ""subsample"": 0.8}",12,none,4,7.333718541478161,2.7080839243786667,2.171324294678189,-0.0136778888157789,0.548671127949368,47.380085927074255,1.335561734355725,9.283166558461566,3.0468289348864936,2.412138478208796,-0.1079043623124231,0.5726442941937928,49.56854593770361,1.8481593950573263,6.556,daily,5,seed4,daily|M01AB|B_rich,,5,,,,,,,5.0,,,,,,,
Naive,M01AE,A_lag1,pacf_train,1,21,1459,312,314,2014-01-23,2018-01-20,2018-01-21,2018-11-28,2018-11-29,2019-10-08,{},0,none,4,8.063918044871794,2.839703865700048,2.218602564102564,-1.0160140755539473,0.7349227624344821,60.37815381835404,19.092561696684115,8.127574394904459,2.850890105722151,2.2165859872611464,-0.4660092267111404,0.7429677004131198,66.51148449675807,2.7600257404290813,0.0,daily,5,seed4,daily|M01AE|A_lag1,,5,,,,,,,,,,,,,,
SeasonalNaive(s=7),M01AE,A_lag1,pacf_train,1,21,1459,312,314,2014-01-23,2018-01-20,2018-01-21,2018-11-28,2018-11-29,2019-10-08,{},0,none,4,7.688206141025641,2.7727614648623566,2.131211538461538,-0.9220844891801484,0.7175978946051728,58.50321369891426,11.658897336905705,8.206476410828024,2.864694819841727,2.21325796178344,-0.4802411583711663,0.7465653335466087,66.23754139148446,6.085345931316496,0.0,daily,5,seed4,daily|M01AE|A_lag1,,5,,,,,,,,,,,,,,
S1 [linear],M01AE,A_lag1,pacf_train,1,21,1459,312,314,2014-01-23,2018-01-20,2018-01-21,2018-11-28,2018-11-29,2019-10-08,{},0,none,4,4.030009093885328,2.007488254980668,1.604507226399023,-0.0075195472813609,0.519543193121465,44.18282874781168,8.974778377032807,5.39158856688948,2.3219794501436657,1.7570176272245002,0.0274935421513066,0.6051288083736097,50.103371144787765,3.901992843556399,0.009,daily,5,seed4,daily|M01AE|A_lag1,,5,linear,0.0,2.007488254980668,0.0,,2.3219794501436657,,,,,,,,
AR-LRX [linear],M01AE,A_lag1,pacf_train,1,21,1459,312,314,2014-01-23,2018-01-20,2018-01-21,2018-11-28,2018-11-29,2019-10-08,"{""colsample_bytree"": 0.8, ""learning_rate"": 0.05, ""max_depth"": 3, ""n_estimators"": 100, ""subsample"": 0.8}",132,none,4,4.030009093885328,2.007488254980668,1.604507226399023,-0.0075195472813609,0.519543193121465,44.18282874781168,8.974778377032807,5.39158856688948,2.3219794501436657,1.7570176272245002,0.0274935421513066,0.6051288083736097,50.103371144787765,3.901992843556399,5.431,daily,5,seed4,daily|M01AE|A_lag1,0.0176074452228496,5,linear,0.0,2.007488254980668,0.0,-0.03697553444857,2.3219794501436657,5.0,,,,,,,
AR-LRX-g [linear],M01AE,A_lag1,pacf_train,1,21,1459,312,314,2014-01-23,2018-01-20,2018-01-21,2018-11-28,2018-11-29,2019-10-08,"{""colsample_bytree"": 0.8, ""learning_rate"": 0.05, ""max_depth"": 3, ""n_estimators"": 100, ""subsample"": 0.8}",132,none,4,4.030009093885328,2.007488254980668,1.604507226399023,-0.0075195472813609,0.519543193121465,44.18282874781168,8.974778377032807,5.39158856688948,2.3219794501436657,1.7570176272245002,0.0274935421513066,0.6051288083736097,50.103371144787765,3.901992843556399,5.221,daily,5,seed4,daily|M01AE|A_lag1,0.0176074452228496,5,linear,0.0,2.007488254980668,0.0,-0.03697553444857,2.3219794501436657,5.0,False,global,1.0,"{""0"": 0.0}",0.0,0.0,2.007488254980668
AR-LRX-Aug [linear],M01AE,A_lag1,pacf_train,1,21,1459,312,314,2014-01-23,2018-01-20,2018-01-21,2018-11-28,2018-11-29,2019-10-08,"{""colsample_bytree"": 0.8, ""learning_rate"": 0.05, ""max_depth"": 3, ""n_estimators"": 500, ""subsample"": 0.8}",132,none,4,4.02548912176274,2.006362161167006,1.6049474203788296,-0.0063895348767775,0.5192517571072055,44.1848773181725,9.029345154563057,5.383837284589262,2.320309738933417,1.760312293255677,0.028891677784256,0.6046936665574651,50.18366459195008,3.92743341037006,5.979,daily,5,seed4,daily|M01AE|A_lag1,-0.0574109812444973,5,linear,0.0999999999999999,2.007488254980668,0.0561,-0.0622436267963126,2.3219794501436657,5.0,True,global,1.0,"{""0"": 0.1}",0.1,0.1,2.010418301224149
XGBoost,M01AE,A_lag1,pacf_train,1,21,1459,312,314,2014-01-23,2018-01-20,2018-01-21,2018-11-28,2018-11-29,2019-10-08,"{""colsample_bytree"": 0.8, ""learning_rate"": 0.05, ""max_depth"": 3, ""n_estimators"": 100, ""subsample"": 0.8}",12,none,4,4.138627356063005,2.0343616581284176,1.629528263263213,-0.0346745783957538,0.526498099904497,44.70408244823304,9.58696014115573,5.297258534777765,2.3015774014309764,1.7612383556912663,0.0445082984257532,0.5998118502820443,50.328012237963485,3.608880309820994,5.662,daily,5,seed4,daily|M01AE|A_lag1,,5,,,,,,,,,,,,,,
"LR-XGB (residual, tanpa gerbang)",M01AE,A_lag1,pacf_train,1,21,1459,312,314,2014-01-23,2018-01-20,2018-01-21,2018-11-28,2018-11-29,2019-10-08,"{""colsample_bytree"": 0.8, ""learning_rate"": 0.05, ""max_depth"": 3, ""n_estimators"": 100, ""subsample"": 0.8}",12,none,4,4.175243526081728,2.043341265203081,1.6357013357761103,-0.0438287778481609,0.5288220456217245,44.81644923622704,9.774517737708258,5.290813666327368,2.3001768771830062,1.7587631520026636,0.0456707899827849,0.5994468610185862,50.26202458679849,3.561443775839678,5.675,daily,5,seed4,daily|M01AE|A_lag1,,5,,,,,,,5.0,,,,,,,
Naive,M01AE,B_rich,pacf_train,22,21,1459,312,314,2014-01-23,2018-01-20,2018-01-21,2018-11-28,2018-11-29,2019-10-08,{},0,none,4,8.063918044871794,2.839703865700048,2.218602564102564,-1.0160140755539473,0.7349227624344821,60.37815381835404,19.092561696684115,8.127574394904459,2.850890105722151,2.2165859872611464,-0.4660092267111404,0.7429677004131198,66.51148449675807,2.7600257404290813,0.0,daily,5,seed4,daily|M01AE|B_rich,,5,,,,,,,,,,,,,,
SeasonalNaive(s=7),M01AE,B_rich,pacf_train,22,21,1459,312,314,2014-01-23,2018-01-20,2018-01-21,2018-11-28,2018-11-29,2019-10-08,{},0,none,4,7.688206141025641,2.7727614648623566,2.131211538461538,-0.9220844891801484,0.7175978946051728,58.50321369891426,11.658897336905705,8.206476410828024,2.864694819841727,2.21325796178344,-0.4802411583711663,0.7465653335466087,66.23754139148446,6.085345931316496,0.0,daily,5,seed4,daily|M01AE|B_rich,,5,,,,,,,,,,,,,,
S1 [linear],M01AE,B_rich,pacf_train,22,21,1459,312,314,2014-01-23,2018-01-20,2018-01-21,2018-11-28,2018-11-29,2019-10-08,{},0,none,4,4.001935488421122,2.000483813586384,1.5815566832610757,-0.0005010255835395,0.5177304254308,43.62955907641378,8.745514089424283,4.850956322761249,2.2024886657509155,1.678172644923681,0.1250099498321069,0.573988431155052,48.66748692964677,3.912127464558648,0.026,daily,5,seed4,daily|M01AE|B_rich,,5,linear,0.0,2.000483813586384,0.0,,2.2024886657509155,,,,,,,,
AR-LRX [linear],M01AE,B_rich,pacf_train,22,21,1459,312,314,2014-01-23,2018-01-20,2018-01-21,2018-11-28,2018-11-29,2019-10-08,"{""colsample_bytree"": 0.8, ""learning_rate"": 0.1, ""max_depth"": 3, ""n_estimators"": 100, ""subsample"": 0.8}",132,none,4,3.9833604064146906,1.9958357663932893,1.5797328755807725,0.0041428245363595,0.5165274987015959,43.60377158900033,8.69666829467158,4.799557250365056,2.190789184372849,1.6846838250639986,0.1342810448373343,0.5709394406807995,48.91525845987585,3.937585908031568,8.842,daily,5,seed4,daily|M01AE|B_rich,0.0043553704896815,5,linear,0.3,2.000483813586384,0.2323,-0.016820702134942,2.2024886657509155,5.0,,,,,,,
AR-LRX-g [linear],M01AE,B_rich,pacf_train,22,21,1459,312,314,2014-01-23,2018-01-20,2018-01-21,2018-11-28,2018-11-29,2019-10-08,"{""colsample_bytree"": 0.8, ""learning_rate"": 0.05, ""max_depth"": 3, ""n_estimators"": 500, ""subsample"": 0.8}",132,none,4,4.001935488421122,2.000483813586384,1.5815566832610757,-0.0005010255835395,0.5177304254308,43.62955907641378,8.745514089424283,4.850956322761249,2.2024886657509155,1.678172644923681,0.1250099498321069,0.573988431155052,48.66748692964677,3.912127464558648,10.209,daily,5,seed4,daily|M01AE|B_rich,-0.0201167946951641,5,linear,0.0,2.000483813586384,0.0,-0.1149661499838967,2.2024886657509155,5.0,False,global,1.0,"{""0"": 0.0}",0.0,0.0,2.000483813586384
AR-LRX-Aug [linear],M01AE,B_rich,pacf_train,22,21,1459,312,314,2014-01-23,2018-01-20,2018-01-21,2018-11-28,2018-11-29,2019-10-08,"{""colsample_bytree"": 0.8, ""learning_rate"": 0.1, ""max_depth"": 3, ""n_estimators"": 300, ""subsample"": 0.8}",132,none,4,3.981843435470771,1.995455696193421,1.5830340495425592,0.0045220737745252,0.5164291355431764,43.732736673049445,8.477263909304483,4.836482680317954,2.1992004638772595,1.686076276435002,0.127620629517708,0.5731314960597074,48.88285930003202,3.9114376712547023,9.132,daily,5,seed4,daily|M01AE|B_rich,-0.0809268126485991,5,linear,0.1999999999999999,2.000483813586384,0.2513,-0.0780889591794347,2.2024886657509155,5.0,True,global,1.0,"{""0"": 0.2}",0.2,0.2,1.999929293223848
XGBoost,M01AE,B_rich,pacf_train,22,21,1459,312,314,2014-01-23,2018-01-20,2018-01-21,2018-11-28,2018-11-29,2019-10-08,"{""colsample_bytree"": 0.8, ""learning_rate"": 0.05, ""max_depth"": 3, ""n_estimators"": 100, ""subsample"": 0.8}",12,none,4,4.014871237764781,2.003714360323043,1.5959816894592382,-0.003735018365899,0.5185664993470123,44.04389894558259,8.517019383831247,4.941856611155343,2.223028702278795,1.715891678536774,0.1086138327347361,0.5793413501170597,49.54499059095267,3.871812515106853,9.575,daily,5,seed4,daily|M01AE|B_rich,,5,,,,,,,,,,,,,,
"LR-XGB (residual, tanpa gerbang)",M01AE,B_rich,pacf_train,22,21,1459,312,314,2014-01-23,2018-01-20,2018-01-21,2018-11-28,2018-11-29,2019-10-08,"{""colsample_bytree"": 0.8, ""learning_rate"": 0.05, ""max_depth"": 3, ""n_estimators"": 100, ""subsample"": 0.8}",12,none,4,4.051209371089716,2.012761627985221,1.5928804580275564,-0.012819707453112,0.5209079558006531,43.90816602073311,8.720792372159618,4.7891574578670495,2.188414370695607,1.6931321683943032,0.1361569048439209,0.5703205427958374,49.28954939036409,3.7914554919235335,9.7,daily,5,seed4,daily|M01AE|B_rich,,5,,,,,,,5.0,,,,,,,
Naive,N02BA,A_lag1,pacf_train,1,1,1473,315,317,2014-01-03,2018-01-14,2018-01-15,2018-11-25,2018-11-26,2019-10-08,{},0,none,4,8.334103174603174,2.886884683288055,2.2893650793650795,-0.9287620753697006,0.9162404788269394,82.69963604275131,2.342371831447952,7.760276025236593,2.7857271986389107,2.134542586750789,-1.0094483557731615,0.9089347145988728,77.96042411378919,4.514916652855951,0.0,daily,5,seed4,daily|N02BA|A_lag1,,5,,,,,,,,,,,,,,
SeasonalNaive(s=7),N02BA,A_lag1,pacf_train,1,1,1473,315,317,2014-01-03,2018-01-14,2018-01-15,2018-11-25,2018-11-26,2019-10-08,{},0,none,4,7.847873015873016,2.801405542914666,2.178730158730158,-0.8162337960321493,0.8891110791114557,79.36972426456744,2.511528605299084,7.255528391167193,2.693608804404825,2.1228706624605675,-0.8787488419848966,0.8788780721489677,78.63586500450135,5.112774483243222,0.0,daily,5,seed4,daily|N02BA|A_lag1,,5,,,,,,,,,,,,,,
S1 [linear],N02BA,A_lag1,pacf_train,1,1,1473,315,317,2014-01-03,2018-01-14,2018-01-15,2018-11-25,2018-11-26,2019-10-08,{},0,none,4,5.2531433805716725,2.2919736867101403,1.905808851129704,-0.2157353366828771,0.7274274169407499,62.32415222541202,3.320251974157873,4.645671054039993,2.155381881254455,1.7629831366345512,-0.2029515484559096,0.7032639147317814,59.40873592073984,4.295684500120711,0.008,daily,5,seed4,daily|N02BA|A_lag1,,5,linear,0.0,2.2919736867101403,0.0,,2.155381881254455,,,,,,,,
AR-LRX [linear],N02BA,A_lag1,pacf_train,1,1,1473,315,317,2014-01-03,2018-01-14,2018-01-15,2018-11-25,2018-11-26,2019-10-08,"{""colsample_bytree"": 0.8, ""learning_rate"": 0.05, ""max_depth"": 5, ""n_estimators"": 300, ""subsample"": 0.8}",132,none,4,5.233281089694149,2.287636572905353,1.8988501209570845,-0.2111386053283539,0.7260509022319256,62.25856427639596,3.2269207881493256,4.627312106528946,2.1511188034436746,1.7517011263132034,-0.1981976767160611,0.7018729460055013,59.11380112616664,4.249953568735547,6.2,daily,5,seed4,daily|N02BA|A_lag1,-0.2326829187902097,5,linear,0.2,2.2919736867101403,0.1892,-0.3062748738121763,2.155381881254455,5.0,,,,,,,
AR-LRX-g [linear],N02BA,A_lag1,pacf_train,1,1,1473,315,317,2014-01-03,2018-01-14,2018-01-15,2018-11-25,2018-11-26,2019-10-08,"{""colsample_bytree"": 0.8, ""learning_rate"": 0.1, ""max_depth"": 5, ""n_estimators"": 500, ""subsample"": 0.8}",132,none,4,5.236552168570457,2.288351408453356,1.9002445577367328,-0.21189563133943,0.7262777769902338,62.25586317129821,3.2611820113114693,4.628037541687802,2.1512874149419927,1.7544083457921833,-0.1983855211280951,0.7019279610278542,59.19947557368418,4.267367949972385,6.802,daily,5,seed4,daily|N02BA|A_lag1,-0.2562585745288508,5,linear,0.0999999999999999,2.2919736867101403,0.158,-0.4212235473141934,2.155381881254455,5.0,False,global,1.0,"{""0"": 0.1}",0.1,0.1,2.293291623950362
AR-LRX-Aug [linear],N02BA,A_lag1,pacf_train,1,1,1473,315,317,2014-01-03,2018-01-14,2018-01-15,2018-11-25,2018-11-26,2019-10-08,"{""colsample_bytree"": 0.8, ""learning_rate"": 0.05, ""max_depth"": 3, ""n_estimators"": 100, ""subsample"": 0.8}",132,none,4,5.2531433805716725,2.2919736867101403,1.905808851129704,-0.2157353366828771,0.7274274169407499,62.32415222541202,3.320251974157873,4.645671054039993,2.155381881254455,1.7629831366345512,-0.2029515484559096,0.7032639147317814,59.40873592073984,4.295684500120711,5.672,daily,5,seed4,daily|N02BA|A_lag1,-0.337341516804609,5,linear,0.0,2.2919736867101403,0.0,-0.2565158999506556,2.155381881254455,5.0,True,global,1.0,"{""0"": 0.0}",0.0,0.0,2.2919736867101403
XGBoost,N02BA,A_lag1,pacf_train,1,1,1473,315,317,2014-01-03,2018-01-14,2018-01-15,2018-11-25,2018-11-26,2019-10-08,"{""colsample_bytree"": 0.8, ""learning_rate"": 0.05, ""max_depth"": 3, ""n_estimators"": 100, ""subsample"": 0.8}",12,none,4,5.337424604996447,2.3102866932474955,1.917012545267741,-0.2352405462933842,0.7332396054135628,62.49920671123963,3.312963213302655,4.661149281189608,2.158969495196634,1.7641512393951415,-0.2069594855440919,0.7044344912534949,59.321049673927774,4.178283234929713,6.074,daily,5,seed4,daily|N02BA|A_lag1,,5,,,,,,,,,,,,,,
"LR-XGB (residual, tanpa gerbang)",N02BA,A_lag1,pacf_train,1,1,1473,315,317,2014-01-03,2018-01-14,2018-01-15,2018-11-25,2018-11-26,2019-10-08,"{""colsample_bytree"": 0.8, ""learning_rate"": 0.05, ""max_depth"": 3, ""n_estimators"": 100, ""subsample"": 0.8}",12,none,4,5.284070159544509,2.298710542792308,1.907725276778936,-0.2228927232842241,0.7295655626998259,62.410345578801326,3.235823588630303,4.632261437511195,2.15226890455426,1.756607295760198,-0.1994792580634401,0.7022482041518198,59.21889599351589,4.170430111361379,5.687,daily,5,seed4,daily|N02BA|A_lag1,,5,,,,,,,5.0,,,,,,,
Naive,N02BA,B_rich,pacf_train,1,1,1473,315,317,2014-01-03,2018-01-14,2018-01-15,2018-11-25,2018-11-26,2019-10-08,{},0,none,4,8.334103174603174,2.886884683288055,2.2893650793650795,-0.9287620753697006,0.9162404788269394,82.69963604275131,2.342371831447952,7.760276025236593,2.7857271986389107,2.134542586750789,-1.0094483557731615,0.9089347145988728,77.96042411378919,4.514916652855951,0.0,daily,5,seed4,daily|N02BA|B_rich,,5,,,,,,,,,,,,,,
SeasonalNaive(s=7),N02BA,B_rich,pacf_train,1,1,1473,315,317,2014-01-03,2018-01-14,2018-01-15,2018-11-25,2018-11-26,2019-10-08,{},0,none,4,7.847873015873016,2.801405542914666,2.178730158730158,-0.8162337960321493,0.8891110791114557,79.36972426456744,2.511528605299084,7.255528391167193,2.693608804404825,2.1228706624605675,-0.8787488419848966,0.8788780721489677,78.63586500450135,5.112774483243222,0.0,daily,5,seed4,daily|N02BA|B_rich,,5,,,,,,,,,,,,,,
S1 [linear],N02BA,B_rich,pacf_train,1,1,1473,315,317,2014-01-03,2018-01-14,2018-01-15,2018-11-25,2018-11-26,2019-10-08,{},0,none,4,5.2531433805716725,2.2919736867101403,1.905808851129704,-0.2157353366828771,0.7274274169407499,62.32415222541202,3.320251974157873,4.645671054039993,2.155381881254455,1.7629831366345512,-0.2029515484559096,0.7032639147317814,59.40873592073984,4.295684500120711,0.006,daily,5,seed4,daily|N02BA|B_rich,,5,linear,0.0,2.2919736867101403,0.0,,2.155381881254455,,,,,,,,
AR-LRX [linear],N02BA,B_rich,pacf_train,1,1,1473,315,317,2014-01-03,2018-01-14,2018-01-15,2018-11-25,2018-11-26,2019-10-08,"{""colsample_bytree"": 0.8, ""learning_rate"": 0.05, ""max_depth"": 5, ""n_estimators"": 300, ""subsample"": 0.8}",132,none,4,5.233281089694149,2.287636572905353,1.8988501209570845,-0.2111386053283539,0.7260509022319256,62.25856427639596,3.2269207881493256,4.627312106528946,2.1511188034436746,1.7517011263132034,-0.1981976767160611,0.7018729460055013,59.11380112616664,4.249953568735547,6.21,daily,5,seed4,daily|N02BA|B_rich,-0.2326829187902097,5,linear,0.2,2.2919736867101403,0.1892,-0.3062748738121763,2.155381881254455,5.0,,,,,,,
AR-LRX-g [linear],N02BA,B_rich,pacf_train,1,1,1473,315,317,2014-01-03,2018-01-14,2018-01-15,2018-11-25,2018-11-26,2019-10-08,"{""colsample_bytree"": 0.8, ""learning_rate"": 0.1, ""max_depth"": 5, ""n_estimators"": 500, ""subsample"": 0.8}",132,none,4,5.236552168570457,2.288351408453356,1.9002445577367328,-0.21189563133943,0.7262777769902338,62.25586317129821,3.2611820113114693,4.628037541687802,2.1512874149419927,1.7544083457921833,-0.1983855211280951,0.7019279610278542,59.19947557368418,4.267367949972385,6.191,daily,5,seed4,daily|N02BA|B_rich,-0.2562585745288508,5,linear,0.0999999999999999,2.2919736867101403,0.158,-0.4212235473141934,2.155381881254455,5.0,False,global,1.0,"{""0"": 0.1}",0.1,0.1,2.293291623950362
AR-LRX-Aug [linear],N02BA,B_rich,pacf_train,1,1,1473,315,317,2014-01-03,2018-01-14,2018-01-15,2018-11-25,2018-11-26,2019-10-08,"{""colsample_bytree"": 0.8, ""learning_rate"": 0.05, ""max_depth"": 3, ""n_estimators"": 100, ""subsample"": 0.8}",132,none,4,5.2531433805716725,2.2919736867101403,1.905808851129704,-0.2157353366828771,0.7274274169407499,62.32415222541202,3.320251974157873,4.645671054039993,2.155381881254455,1.7629831366345512,-0.2029515484559096,0.7032639147317814,59.40873592073984,4.295684500120711,5.534,daily,5,seed4,daily|N02BA|B_rich,-0.337341516804609,5,linear,0.0,2.2919736867101403,0.0,-0.2565158999506556,2.155381881254455,5.0,True,global,1.0,"{""0"": 0.0}",0.0,0.0,2.2919736867101403
XGBoost,N02BA,B_rich,pacf_train,1,1,1473,315,317,2014-01-03,2018-01-14,2018-01-15,2018-11-25,2018-11-26,2019-10-08,"{""colsample_bytree"": 0.8, ""learning_rate"": 0.05, ""max_depth"": 3, ""n_estimators"": 100, ""subsample"": 0.8}",12,none,4,5.337424604996447,2.3102866932474955,1.917012545267741,-0.2352405462933842,0.7332396054135628,62.49920671123963,3.312963213302655,4.661149281189608,2.158969495196634,1.7641512393951415,-0.2069594855440919,0.7044344912534949,59.321049673927774,4.178283234929713,6.092,daily,5,seed4,daily|N02BA|B_rich,,5,,,,,,,,,,,,,,
"LR-XGB (residual, tanpa gerbang)",N02BA,B_rich,pacf_train,1,1,1473,315,317,2014-01-03,2018-01-14,2018-01-15,2018-11-25,2018-11-26,2019-10-08,"{""colsample_bytree"": 0.8, ""learning_rate"": 0.05, ""max_depth"": 3, ""n_estimators"": 100, ""subsample"": 0.8}",12,none,4,5.284070159544509,2.298710542792308,1.907725276778936,-0.2228927232842241,0.7295655626998259,62.410345578801326,3.235823588630303,4.632261437511195,2.15226890455426,1.756607295760198,-0.1994792580634401,0.7022482041518198,59.21889599351589,4.170430111361379,5.584,daily,5,seed4,daily|N02BA|B_rich,,5,,,,,,,5.0,,,,,,,
Naive,N02BE,A_lag1,pacf_train,1,1,1473,315,317,2014-01-03,2018-01-14,2018-01-15,2018-11-25,2018-11-26,2019-10-08,{},0,none,4,217.44338421587304,14.745961623979396,11.26143492063492,-0.1773857646180414,0.4949864836135261,39.65327459694022,0.6401810403773499,267.6145699621451,16.358929364788672,12.260832807570978,0.0353746408762239,0.5550064058152501,45.59922383129986,0.6090563105445783,0.0,daily,5,seed4,daily|N02BE|A_lag1,,5,,,,,,,,,,,,,,
SeasonalNaive(s=7),N02BE,A_lag1,pacf_train,1,1,1473,315,317,2014-01-03,2018-01-14,2018-01-15,2018-11-25,2018-11-26,2019-10-08,{},0,none,4,230.10919060634924,15.169350368633102,11.791273015873015,-0.2459670194367673,0.5091986259791271,41.05185459429482,0.6799729413046828,266.48052583596217,16.32423124793208,11.935097791798109,0.0394623395491182,0.5538292091481757,44.49239311465449,0.6478070977049389,0.0,daily,5,seed4,daily|N02BE|A_lag1,,5,,,,,,,,,,,,,,
S1 [linear],N02BE,A_lag1,pacf_train,1,1,1473,315,317,2014-01-03,2018-01-14,2018-01-15,2018-11-25,2018-11-26,2019-10-08,{},0,none,4,153.57083492845794,12.392370028709518,9.86939933741544,0.1684634804719228,0.4159820716048506,34.57583006066338,0.6084517399038339,205.6223851477789,14.339539223691215,11.141617867165255,0.2588274728647224,0.4864949256836939,40.123373437841536,0.62185815126519,0.007,daily,5,seed4,daily|N02BE|A_lag1,,5,linear,0.0,12.392370028709518,0.0,,14.339539223691215,,,,,,,,
AR-LRX [linear],N02BE,A_lag1,pacf_train,1,1,1473,315,317,2014-01-03,2018-01-14,2018-01-15,2018-11-25,2018-11-26,2019-10-08,"{""colsample_bytree"": 0.8, ""learning_rate"": 0.1, ""max_depth"": 5, ""n_estimators"": 500, ""subsample"": 0.8}",132,none,4,153.52570127865332,12.39054886914431,9.877245877304723,0.168707864622661,0.4159209396561674,34.568630445280306,0.6066262891097484,205.2716964677085,14.327305973828732,11.102263558099782,0.2600915415363251,0.4860798904520955,39.89459590882085,0.6160151632045034,6.625,daily,5,seed4,daily|N02BE|A_lag1,-0.0954111969910083,5,linear,0.1,12.392370028709518,0.0147,-0.1229714157555659,14.339539223691215,5.0,,,,,,,
AR-LRX-g [linear],N02BE,A_lag1,pacf_train,1,1,1473,315,317,2014-01-03,2018-01-14,2018-01-15,2018-11-25,2018-11-26,2019-10-08,"{""colsample_bytree"": 0.8, ""learning_rate"": 0.05, ""max_depth"": 5, ""n_estimators"": 300, ""subsample"": 0.8}",132,none,4,153.57083492845794,12.392370028709518,9.86939933741544,0.1684634804719228,0.4159820716048506,34.57583006066338,0.6084517399038339,205.6223851477789,14.339539223691215,11.141617867165255,0.2588274728647224,0.4864949256836939,40.123373437841536,0.62185815126519,5.503,daily,5,seed4,daily|N02BE|A_lag1,-0.0584375389294038,5,linear,0.0,12.392370028709518,0.0,-0.1075276456823006,14.339539223691215,5.0,False,global,1.0,"{""0"": 0.0}",0.0,0.0,12.39237002870952
AR-LRX-Aug [linear],N02BE,A_lag1,pacf_train,1,1,1473,315,317,2014-01-03,2018-01-14,2018-01-15,2018-11-25,2018-11-26,2019-10-08,"{""colsample_bytree"": 0.8, ""learning_rate"": 0.05, ""max_depth"": 5, ""n_estimators"": 300, ""subsample"": 0.8}",132,none,4,153.57083492845794,12.392370028709518,9.86939933741544,0.1684634804719228,0.4159820716048506,34.57583006066338,0.6084517399038339,205.6223851477789,14.339539223691215,11.141617867165255,0.2588274728647224,0.4864949256836939,40.123373437841536,0.62185815126519,6.194,daily,5,seed4,daily|N02BE|A_lag1,-0.0817067266176974,5,linear,0.0,12.392370028709518,0.0,-0.1496123724414646,14.339539223691215,5.0,True,global,1.0,"{""0"": 0.0}",0.0,0.0,12.39237002870952
XGBoost,N02BE,A_lag1,pacf_train,1,1,1473,315,317,2014-01-03,2018-01-14,2018-01-15,2018-11-25,2018-11-26,2019-10-08,"{""colsample_bytree"": 0.8, ""learning_rate"": 0.05, ""max_depth"": 3, ""n_estimators"": 100, ""subsample"": 0.8}",12,none,4,157.44915160808858,12.547874386049957,9.969074342951698,0.1474636470405937,0.4212019790608252,34.71487963641948,0.5980824837733285,202.8133599417543,14.241255560580123,10.953036157842693,0.2689526949276786,0.48316047381357,39.11925240240983,0.6023743738151739,5.727,daily,5,seed4,daily|N02BE|A_lag1,,5,,,,,,,,,,,,,,
"LR-XGB (residual, tanpa gerbang)",N02BE,A_lag1,pacf_train,1,1,1473,315,317,2014-01-03,2018-01-14,2018-01-15,2018-11-25,2018-11-26,2019-10-08,"{""colsample_bytree"": 0.8, ""learning_rate"": 0.05, ""max_depth"": 3, ""n_estimators"": 100, ""subsample"": 0.8}",12,none,4,159.5012457543047,12.629380260104003,9.999007946807142,0.1363522193734625,0.4239379353192664,34.79474162125125,0.6014387269361716,201.1665226896532,14.183318465354052,10.932458033639,0.2748887729818411,0.4811948525759106,39.051548128854805,0.6016083827195671,6.079,daily,5,seed4,daily|N02BE|A_lag1,,5,,,,,,,5.0,,,,,,,
Naive,N02BE,B_rich,pacf_train,1,1,1473,315,317,2014-01-03,2018-01-14,2018-01-15,2018-11-25,2018-11-26,2019-10-08,{},0,none,4,217.44338421587304,14.745961623979396,11.26143492063492,-0.1773857646180414,0.4949864836135261,39.65327459694022,0.6401810403773499,267.6145699621451,16.358929364788672,12.260832807570978,0.0353746408762239,0.5550064058152501,45.59922383129986,0.6090563105445783,0.0,daily,5,seed4,daily|N02BE|B_rich,,5,,,,,,,,,,,,,,
SeasonalNaive(s=7),N02BE,B_rich,pacf_train,1,1,1473,315,317,2014-01-03,2018-01-14,2018-01-15,2018-11-25,2018-11-26,2019-10-08,{},0,none,4,230.10919060634924,15.169350368633102,11.791273015873015,-0.2459670194367673,0.5091986259791271,41.05185459429482,0.6799729413046828,266.48052583596217,16.32423124793208,11.935097791798109,0.0394623395491182,0.5538292091481757,44.49239311465449,0.6478070977049389,0.0,daily,5,seed4,daily|N02BE|B_rich,,5,,,,,,,,,,,,,,
S1 [linear],N02BE,B_rich,pacf_train,1,1,1473,315,317,2014-01-03,2018-01-14,2018-01-15,2018-11-25,2018-11-26,2019-10-08,{},0,none,4,153.57083492845794,12.392370028709518,9.86939933741544,0.1684634804719228,0.4159820716048506,34.57583006066338,0.6084517399038339,205.6223851477789,14.339539223691215,11.141617867165255,0.2588274728647224,0.4864949256836939,40.123373437841536,0.62185815126519,0.007,daily,5,seed4,daily|N02BE|B_rich,,5,linear,0.0,12.392370028709518,0.0,,14.339539223691215,,,,,,,,
AR-LRX [linear],N02BE,B_rich,pacf_train,1,1,1473,315,317,2014-01-03,2018-01-14,2018-01-15,2018-11-25,2018-11-26,2019-10-08,"{""colsample_bytree"": 0.8, ""learning_rate"": 0.1, ""max_depth"": 5, ""n_estimators"": 500, ""subsample"": 0.8}",132,none,4,153.52570127865332,12.39054886914431,9.877245877304723,0.168707864622661,0.4159209396561674,34.568630445280306,0.6066262891097484,205.2716964677085,14.327305973828732,11.102263558099782,0.2600915415363251,0.4860798904520955,39.89459590882085,0.6160151632045034,6.474,daily,5,seed4,daily|N02BE|B_rich,-0.0954111969910083,5,linear,0.1,12.392370028709518,0.0147,-0.1229714157555659,14.339539223691215,5.0,,,,,,,
AR-LRX-g [linear],N02BE,B_rich,pacf_train,1,1,1473,315,317,2014-01-03,2018-01-14,2018-01-15,2018-11-25,2018-11-26,2019-10-08,"{""colsample_bytree"": 0.8, ""learning_rate"": 0.05, ""max_depth"": 5, ""n_estimators"": 300, ""subsample"": 0.8}",132,none,4,153.57083492845794,12.392370028709518,9.86939933741544,0.1684634804719228,0.4159820716048506,34.57583006066338,0.6084517399038339,205.6223851477789,14.339539223691215,11.141617867165255,0.2588274728647224,0.4864949256836939,40.123373437841536,0.62185815126519,6.012,daily,5,seed4,daily|N02BE|B_rich,-0.0584375389294038,5,linear,0.0,12.392370028709518,0.0,-0.1075276456823006,14.339539223691215,5.0,False,global,1.0,"{""0"": 0.0}",0.0,0.0,12.39237002870952
AR-LRX-Aug [linear],N02BE,B_rich,pacf_train,1,1,1473,315,317,2014-01-03,2018-01-14,2018-01-15,2018-11-25,2018-11-26,2019-10-08,"{""colsample_bytree"": 0.8, ""learning_rate"": 0.05, ""max_depth"": 5, ""n_estimators"": 300, ""subsample"": 0.8}",132,none,4,153.57083492845794,12.392370028709518,9.86939933741544,0.1684634804719228,0.4159820716048506,34.57583006066338,0.6084517399038339,205.6223851477789,14.339539223691215,11.141617867165255,0.2588274728647224,0.4864949256836939,40.123373437841536,0.62185815126519,6.564,daily,5,seed4,daily|N02BE|B_rich,-0.0817067266176974,5,linear,0.0,12.392370028709518,0.0,-0.1496123724414646,14.339539223691215,5.0,True,global,1.0,"{""0"": 0.0}",0.0,0.0,12.39237002870952
XGBoost,N02BE,B_rich,pacf_train,1,1,1473,315,317,2014-01-03,2018-01-14,2018-01-15,2018-11-25,2018-11-26,2019-10-08,"{""colsample_bytree"": 0.8, ""learning_rate"": 0.05, ""max_depth"": 3, ""n_estimators"": 100, ""subsample"": 0.8}",12,none,4,157.44915160808858,12.547874386049957,9.969074342951698,0.1474636470405937,0.4212019790608252,34.71487963641948,0.5980824837733285,202.8133599417543,14.241255560580123,10.953036157842693,0.2689526949276786,0.48316047381357,39.11925240240983,0.6023743738151739,5.921,daily,5,seed4,daily|N02BE|B_rich,,5,,,,,,,,,,,,,,
"LR-XGB (residual, tanpa gerbang)",N02BE,B_rich,pacf_train,1,1,1473,315,317,2014-01-03,2018-01-14,2018-01-15,2018-11-25,2018-11-26,2019-10-08,"{""colsample_bytree"": 0.8, ""learning_rate"": 0.05, ""max_depth"": 3, ""n_estimators"": 100, ""subsample"": 0.8}",12,none,4,159.5012457543047,12.629380260104003,9.999007946807142,0.1363522193734625,0.4239379353192664,34.79474162125125,0.6014387269361716,201.1665226896532,14.183318465354052,10.932458033639,0.2748887729818411,0.4811948525759106,39.051548128854805,0.6016083827195671,6.583,daily,5,seed4,daily|N02BE|B_rich,,5,,,,,,,5.0,,,,,,,
Naive,N05B,A_lag1,pacf_train,1,1,1473,315,317,2014-01-03,2018-01-14,2018-01-15,2018-11-25,2018-11-26,2019-10-08,{},0,none,4,36.112,6.009326085344346,4.477460317460317,-0.5700891855747092,0.6556309631765964,51.48284895274944,1.037593235641704,34.789652996845426,5.898275425651589,4.513564668769717,-0.8613666472123493,0.6920910978425946,58.41854125142585,1.4696289793176036,0.0,daily,5,seed4,daily|N05B|A_lag1,,5,,,,,,,,,,,,,,
SeasonalNaive(s=7),N05B,A_lag1,pacf_train,1,1,1473,315,317,2014-01-03,2018-01-14,2018-01-15,2018-11-25,2018-11-26,2019-10-08,{},0,none,4,42.73676190476191,6.5373359944829135,4.9523809523809526,-0.8581227207894293,0.7132380293232605,55.1438964833201,1.2884391726352744,33.49817034700316,5.7877603912915365,4.490220820189275,-0.7922678628672513,0.6791234986820466,58.98982476196507,1.3497836088745436,0.0,daily,5,seed4,daily|N05B|A_lag1,,5,,,,,,,,,,,,,,
S1 [linear],N05B,A_lag1,pacf_train,1,1,1473,315,317,2014-01-03,2018-01-14,2018-01-15,2018-11-25,2018-11-26,2019-10-08,{},0,none,4,22.121535572971776,4.703353651701281,3.4966883742269155,0.0381927400468207,0.5131464395559379,39.37344562383443,0.8682197354640178,19.65860909717409,4.433803006130751,3.492097883087328,-0.0518035148951647,0.5202530178203465,44.6846688968021,1.2961836959440327,0.007,daily,5,seed4,daily|N05B|A_lag1,,5,linear,0.0,4.703353651701281,0.0,,4.433803006130751,,,,,,,,
AR-LRX [linear],N05B,A_lag1,pacf_train,1,1,1473,315,317,2014-01-03,2018-01-14,2018-01-15,2018-11-25,2018-11-26,2019-10-08,"{""colsample_bytree"": 0.8, ""learning_rate"": 0.1, ""max_depth"": 5, ""n_estimators"": 500, ""subsample"": 0.8}",132,none,4,22.114374788596205,4.702592347694642,3.494087725004731,0.0385040789399397,0.5130633795801511,39.342148449947366,0.8687694534839457,19.668369058724128,4.434903500497404,3.487917492893457,-0.0523257065625828,0.5203821474895162,44.642342205778505,1.2933964773974165,6.262,daily,5,seed4,daily|N05B|A_lag1,-0.0959657626772139,5,linear,0.1,4.703353651701281,0.0162,-0.0320622662225271,4.433803006130751,5.0,,,,,,,
AR-LRX-g [linear],N05B,A_lag1,pacf_train,1,1,1473,315,317,2014-01-03,2018-01-14,2018-01-15,2018-11-25,2018-11-26,2019-10-08,"{""colsample_bytree"": 0.8, ""learning_rate"": 0.1, ""max_depth"": 3, ""n_estimators"": 100, ""subsample"": 0.8}",132,none,4,22.121535572971776,4.703353651701281,3.4966883742269155,0.0381927400468207,0.5131464395559379,39.37344562383443,0.8682197354640178,19.65860909717409,4.433803006130751,3.492097883087328,-0.0518035148951647,0.5202530178203465,44.6846688968021,1.2961836959440327,5.637,daily,5,seed4,daily|N05B|A_lag1,-0.043627385771348,5,linear,0.0,4.703353651701281,0.0,-0.0349870786485786,4.433803006130751,5.0,False,global,1.0,"{""0"": 0.0}",0.0,0.0,4.717551359848351
AR-LRX-Aug [linear],N05B,A_lag1,pacf_train,1,1,1473,315,317,2014-01-03,2018-01-14,2018-01-15,2018-11-25,2018-11-26,2019-10-08,"{""colsample_bytree"": 0.8, ""learning_rate"": 0.05, ""max_depth"": 3, ""n_estimators"": 300, ""subsample"": 0.8}",132,none,4,22.121535572971776,4.703353651701281,3.4966883742269155,0.0381927400468207,0.5131464395559379,39.37344562383443,0.8682197354640178,19.65860909717409,4.433803006130751,3.492097883087328,-0.0518035148951647,0.5202530178203465,44.6846688968021,1.2961836959440327,5.715,daily,5,seed4,daily|N05B|A_lag1,-0.0030681468167357,5,linear,0.0,4.703353651701281,0.0,-0.0691875257842993,4.433803006130751,5.0,True,global,1.0,"{""0"": 0.0}",0.0,0.0,4.703353651701281
XGBoost,N05B,A_lag1,pacf_train,1,1,1473,315,317,2014-01-03,2018-01-14,2018-01-15,2018-11-25,2018-11-26,2019-10-08,"{""colsample_bytree"": 0.8, ""learning_rate"": 0.05, ""max_depth"": 3, ""n_estimators"": 100, ""subsample"": 0.8}",12,none,4,22.57486264979034,4.751301153346349,3.516188729906839,0.0184828391595526,0.5183776195982612,39.49982365730744,0.8859034599955928,19.96685295463707,4.468428465874448,3.5034606079197834,-0.0682956263727265,0.5243158956478382,44.81458136639994,1.2770557791711832,5.524,daily,5,seed4,daily|N05B|A_lag1,,5,,,,,,,,,,,,,,
"LR-XGB (residual, tanpa gerbang)",N05B,A_lag1,pacf_train,1,1,1473,315,317,2014-01-03,2018-01-14,2018-01-15,2018-11-25,2018-11-26,2019-10-08,"{""colsample_bytree"": 0.8, ""learning_rate"": 0.05, ""max_depth"": 3, ""n_estimators"": 100, ""subsample"": 0.8}",12,none,4,22.5987461969473,4.753813858045696,3.5265231620796387,0.0174444225915335,0.5186517613204469,39.58153148709426,0.8842256086247597,20.21955322274257,4.496615752178806,3.5238288091369667,-0.081815963894801,0.5276233318924642,44.94150502324906,1.2826300368815038,5.395,daily,5,seed4,daily|N05B|A_lag1,,5,,,,,,,5.0,,,,,,,
Naive,N05B,B_rich,pacf_train,1,1,1473,315,317,2014-01-03,2018-01-14,2018-01-15,2018-11-25,2018-11-26,2019-10-08,{},0,none,4,36.112,6.009326085344346,4.477460317460317,-0.5700891855747092,0.6556309631765964,51.48284895274944,1.037593235641704,34.789652996845426,5.898275425651589,4.513564668769717,-0.8613666472123493,0.6920910978425946,58.41854125142585,1.4696289793176036,0.0,daily,5,seed4,daily|N05B|B_rich,,5,,,,,,,,,,,,,,
SeasonalNaive(s=7),N05B,B_rich,pacf_train,1,1,1473,315,317,2014-01-03,2018-01-14,2018-01-15,2018-11-25,2018-11-26,2019-10-08,{},0,none,4,42.73676190476191,6.5373359944829135,4.9523809523809526,-0.8581227207894293,0.7132380293232605,55.1438964833201,1.2884391726352744,33.49817034700316,5.7877603912915365,4.490220820189275,-0.7922678628672513,0.6791234986820466,58.98982476196507,1.3497836088745436,0.0,daily,5,seed4,daily|N05B|B_rich,,5,,,,,,,,,,,,,,
S1 [linear],N05B,B_rich,pacf_train,1,1,1473,315,317,2014-01-03,2018-01-14,2018-01-15,2018-11-25,2018-11-26,2019-10-08,{},0,none,4,22.121535572971776,4.703353651701281,3.4966883742269155,0.0381927400468207,0.5131464395559379,39.37344562383443,0.8682197354640178,19.65860909717409,4.433803006130751,3.492097883087328,-0.0518035148951647,0.5202530178203465,44.6846688968021,1.2961836959440327,0.007,daily,5,seed4,daily|N05B|B_rich,,5,linear,0.0,4.703353651701281,0.0,,4.433803006130751,,,,,,,,
AR-LRX [linear],N05B,B_rich,pacf_train,1,1,1473,315,317,2014-01-03,2018-01-14,2018-01-15,2018-11-25,2018-11-26,2019-10-08,"{""colsample_bytree"": 0.8, ""learning_rate"": 0.1, ""max_depth"": 5, ""n_estimators"": 500, ""subsample"": 0.8}",132,none,4,22.114374788596205,4.702592347694642,3.494087725004731,0.0385040789399397,0.5130633795801511,39.342148449947366,0.8687694534839457,19.668369058724128,4.434903500497404,3.487917492893457,-0.0523257065625828,0.5203821474895162,44.642342205778505,1.2933964773974165,6.297,daily,5,seed4,daily|N05B|B_rich,-0.0959657626772139,5,linear,0.1,4.703353651701281,0.0162,-0.0320622662225271,4.433803006130751,5.0,,,,,,,
AR-LRX-g [linear],N05B,B_rich,pacf_train,1,1,1473,315,317,2014-01-03,2018-01-14,2018-01-15,2018-11-25,2018-11-26,2019-10-08,"{""colsample_bytree"": 0.8, ""learning_rate"": 0.1, ""max_depth"": 3, ""n_estimators"": 100, ""subsample"": 0.8}",132,none,4,22.121535572971776,4.703353651701281,3.4966883742269155,0.0381927400468207,0.5131464395559379,39.37344562383443,0.8682197354640178,19.65860909717409,4.433803006130751,3.492097883087328,-0.0518035148951647,0.5202530178203465,44.6846688968021,1.2961836959440327,5.23,daily,5,seed4,daily|N05B|B_rich,-0.043627385771348,5,linear,0.0,4.703353651701281,0.0,-0.0349870786485786,4.433803006130751,5.0,False,global,1.0,"{""0"": 0.0}",0.0,0.0,4.717551359848351
AR-LRX-Aug [linear],N05B,B_rich,pacf_train,1,1,1473,315,317,2014-01-03,2018-01-14,2018-01-15,2018-11-25,2018-11-26,2019-10-08,"{""colsample_bytree"": 0.8, ""learning_rate"": 0.05, ""max_depth"": 3, ""n_estimators"": 300, ""subsample"": 0.8}",132,none,4,22.121535572971776,4.703353651701281,3.4966883742269155,0.0381927400468207,0.5131464395559379,39.37344562383443,0.8682197354640178,19.65860909717409,4.433803006130751,3.492097883087328,-0.0518035148951647,0.5202530178203465,44.6846688968021,1.2961836959440327,5.708,daily,5,seed4,daily|N05B|B_rich,-0.0030681468167357,5,linear,0.0,4.703353651701281,0.0,-0.0691875257842993,4.433803006130751,5.0,True,global,1.0,"{""0"": 0.0}",0.0,0.0,4.703353651701281
XGBoost,N05B,B_rich,pacf_train,1,1,1473,315,317,2014-01-03,2018-01-14,2018-01-15,2018-11-25,2018-11-26,2019-10-08,"{""colsample_bytree"": 0.8, ""learning_rate"": 0.05, ""max_depth"": 3, ""n_estimators"": 100, ""subsample"": 0.8}",12,none,4,22.57486264979034,4.751301153346349,3.516188729906839,0.0184828391595526,0.5183776195982612,39.49982365730744,0.8859034599955928,19.96685295463707,4.468428465874448,3.5034606079197834,-0.0682956263727265,0.5243158956478382,44.81458136639994,1.2770557791711832,5.332,daily,5,seed4,daily|N05B|B_rich,,5,,,,,,,,,,,,,,
"LR-XGB (residual, tanpa gerbang)",N05B,B_rich,pacf_train,1,1,1473,315,317,2014-01-03,2018-01-14,2018-01-15,2018-11-25,2018-11-26,2019-10-08,"{""colsample_bytree"": 0.8, ""learning_rate"": 0.05, ""max_depth"": 3, ""n_estimators"": 100, ""subsample"": 0.8}",12,none,4,22.5987461969473,4.753813858045696,3.5265231620796387,0.0174444225915335,0.5186517613204469,39.58153148709426,0.8842256086247597,20.21955322274257,4.496615752178806,3.5238288091369667,-0.081815963894801,0.5276233318924642,44.94150502324906,1.2826300368815038,5.487,daily,5,seed4,daily|N05B|B_rich,,5,,,,,,,5.0,,,,,,,
Naive,N05C,A_lag1,pacf_train,1,7,1469,314,316,2014-01-09,2018-01-16,2018-01-17,2018-11-26,2018-11-27,2019-10-08,{},0,none,4,3.245222929936306,1.801450229658401,0.9968152866242038,-0.9423898790733812,2.828276860563689,170.12558275058277,1.14360616103027,2.7626582278481013,1.662124612611251,1.1044303797468351,-1.146047749072324,2.3343616781562457,170.49054797798516,1.0397716095374023,0.0,daily,5,seed4,daily|N05C|A_lag1,,5,,,,,,,,,,,,,,
SeasonalNaive(s=7),N05C,A_lag1,pacf_train,1,7,1469,314,316,2014-01-09,2018-01-16,2018-01-17,2018-11-26,2018-11-27,2019-10-08,{},0,none,4,2.8853503184713376,1.6986318961067868,0.961783439490446,-0.726992375309601,2.666852076887656,174.4593489569741,1.0456056110833476,2.6487341772151898,1.6274932187923823,1.0727848101265822,-1.0575509346775886,2.2857238095039683,166.73606125867434,1.0011821716055178,0.0,daily,5,seed4,daily|N05C|A_lag1,,5,,,,,,,,,,,,,,
S1 [linear],N05C,A_lag1,pacf_train,1,7,1469,314,316,2014-01-09,2018-01-16,2018-01-17,2018-11-26,2018-11-27,2019-10-08,{},0,none,4,1.6750876542176854,1.2942517738901058,0.8495322279728027,-0.0026039431987692,2.031975285007466,166.9933340045415,0.6374896487402409,1.311529447006751,1.145220261350082,0.8518890191874211,-0.0188031183948758,1.6083982337183376,158.08401182796632,0.6219326037169545,0.007,daily,5,seed4,daily|N05C|A_lag1,,5,linear,0.0,1.2942517738901058,0.0,,1.145220261350082,,,,,,,,
AR-LRX [linear],N05C,A_lag1,pacf_train,1,7,1469,314,316,2014-01-09,2018-01-16,2018-01-17,2018-11-26,2018-11-27,2019-10-08,"{""colsample_bytree"": 0.8, ""learning_rate"": 0.05, ""max_depth"": 3, ""n_estimators"": 100, ""subsample"": 0.8}",132,none,4,1.6750876542176854,1.2942517738901058,0.8495322279728027,-0.0026039431987692,2.031975285007466,166.9933340045415,0.6374896487402409,1.311529447006751,1.145220261350082,0.8518890191874211,-0.0188031183948758,1.6083982337183376,158.08401182796632,0.6219326037169545,5.178,daily,5,seed4,daily|N05C|A_lag1,-0.014447517983023,5,linear,0.0,1.2942517738901058,0.0,-0.021700733006704,1.145220261350082,5.0,,,,,,,
AR-LRX-g [linear],N05C,A_lag1,pacf_train,1,7,1469,314,316,2014-01-09,2018-01-16,2018-01-17,2018-11-26,2018-11-27,2019-10-08,"{""colsample_bytree"": 0.8, ""learning_rate"": 0.1, ""max_depth"": 3, ""n_estimators"": 500, ""subsample"": 0.8}",132,none,4,1.6750876542176854,1.2942517738901058,0.8495322279728027,-0.0026039431987692,2.031975285007466,166.9933340045415,0.6374896487402409,1.311529447006751,1.145220261350082,0.8518890191874211,-0.0188031183948758,1.6083982337183376,158.08401182796632,0.6219326037169545,5.631,daily,5,seed4,daily|N05C|A_lag1,-0.0167747351537441,5,linear,0.0,1.2942517738901058,0.0,-0.0234640949924758,1.145220261350082,5.0,False,global,1.0,"{""0"": 0.0}",0.0,0.0,1.2974589422379388
AR-LRX-Aug [linear],N05C,A_lag1,pacf_train,1,7,1469,314,316,2014-01-09,2018-01-16,2018-01-17,2018-11-26,2018-11-27,2019-10-08,"{""colsample_bytree"": 0.8, ""learning_rate"": 0.1, ""max_depth"": 3, ""n_estimators"": 100, ""subsample"": 0.8}",132,none,4,1.674866812362103,1.2941664546580178,0.8584144197452863,-0.0024717609128617,2.0318413338130883,166.17401185409457,0.6260871005873392,1.305852997990243,1.142739251968813,0.8528397722997565,-0.0143936223117899,1.6049137938761997,157.5718163090747,0.6159207497006488,5.24,daily,5,seed4,daily|N05C|A_lag1,0.0105969934367514,5,linear,0.0999999999999999,1.2942517738901058,0.0066,-0.0463380928479926,1.145220261350082,5.0,True,global,1.0,"{""0"": 0.1}",0.1,0.1,1.3016167765634117
XGBoost,N05C,A_lag1,pacf_train,1,7,1469,314,316,2014-01-09,2018-01-16,2018-01-17,2018-11-26,2018-11-27,2019-10-08,"{""colsample_bytree"": 0.8, ""learning_rate"": 0.05, ""max_depth"": 3, ""n_estimators"": 100, ""subsample"": 0.8}",12,none,4,1.703288760062895,1.3051010535827847,0.8483187793546422,-0.0194833822250082,2.049008654124972,167.6341394467078,0.647193978769623,1.310983421073602,1.14498184311962,0.8499939374955772,-0.0183789625174108,1.608063388559111,158.58588543473303,0.6276112068159344,5.359,daily,5,seed4,daily|N05C|A_lag1,,5,,,,,,,,,,,,,,
"LR-XGB (residual, tanpa gerbang)",N05C,A_lag1,pacf_train,1,7,1469,314,316,2014-01-09,2018-01-16,2018-01-17,2018-11-26,2018-11-27,2019-10-08,"{""colsample_bytree"": 0.8, ""learning_rate"": 0.1, ""max_depth"": 5, ""n_estimators"": 100, ""subsample"": 0.8}",12,none,4,1.705122363996029,1.305803340475138,0.8483641564749203,-0.0205808642158735,2.050111244545967,167.55210762647246,0.6474961071778432,1.3116370225641547,1.145267227577981,0.8502409530336387,-0.0188866836656338,1.6084641951761864,158.42661496505562,0.6273315436317742,5.472,daily,5,seed4,daily|N05C|A_lag1,,5,,,,,,,5.0,,,,,,,
Naive,N05C,B_rich,pacf_train,8,7,1469,314,316,2014-01-09,2018-01-16,2018-01-17,2018-11-26,2018-11-27,2019-10-08,{},0,none,4,3.245222929936306,1.801450229658401,0.9968152866242038,-0.9423898790733812,2.828276860563689,170.12558275058277,1.14360616103027,2.7626582278481013,1.662124612611251,1.1044303797468351,-1.146047749072324,2.3343616781562457,170.49054797798516,1.0397716095374023,0.0,daily,5,seed4,daily|N05C|B_rich,,5,,,,,,,,,,,,,,
SeasonalNaive(s=7),N05C,B_rich,pacf_train,8,7,1469,314,316,2014-01-09,2018-01-16,2018-01-17,2018-11-26,2018-11-27,2019-10-08,{},0,none,4,2.8853503184713376,1.6986318961067868,0.961783439490446,-0.726992375309601,2.666852076887656,174.4593489569741,1.0456056110833476,2.6487341772151898,1.6274932187923823,1.0727848101265822,-1.0575509346775886,2.2857238095039683,166.73606125867434,1.0011821716055178,0.0,daily,5,seed4,daily|N05C|B_rich,,5,,,,,,,,,,,,,,
S1 [linear],N05C,B_rich,pacf_train,8,7,1469,314,316,2014-01-09,2018-01-16,2018-01-17,2018-11-26,2018-11-27,2019-10-08,{},0,none,4,1.6328380334848944,1.2778255097957991,0.8435138580167302,0.0226840685889672,2.006186050379405,166.4662038517874,0.6325619685318218,1.3157798107060052,1.1470744573505267,0.8571858049201146,-0.0221048237443026,1.611002348990073,157.0940017377655,0.6141574023080745,0.008,daily,5,seed4,daily|N05C|B_rich,,5,linear,0.0,1.2778255097957991,0.0,,1.1470744573505267,,,,,,,,
AR-LRX [linear],N05C,B_rich,pacf_train,8,7,1469,314,316,2014-01-09,2018-01-16,2018-01-17,2018-11-26,2018-11-27,2019-10-08,"{""colsample_bytree"": 0.8, ""learning_rate"": 0.05, ""max_depth"": 3, ""n_estimators"": 500, ""subsample"": 0.8}",132,none,4,1.6249722415583163,1.2747439905950984,0.8354311187932949,0.0273920455011672,2.0013480652343043,166.57452742100958,0.6373606048114485,1.3262043566659925,1.1516094636056065,0.8566759709008278,-0.0302026670341535,1.6173715133305406,157.37174966977304,0.6183056178013967,6.707,daily,5,seed4,daily|N05C|B_rich,-0.0716902556916867,5,linear,0.3,1.2778255097957991,0.2412,-0.0260269414087941,1.1470744573505267,5.0,,,,,,,
AR-LRX-g [linear],N05C,B_rich,pacf_train,8,7,1469,314,316,2014-01-09,2018-01-16,2018-01-17,2018-11-26,2018-11-27,2019-10-08,"{""colsample_bytree"": 0.8, ""learning_rate"": 0.05, ""max_depth"": 3, ""n_estimators"": 100, ""subsample"": 0.8}",132,none,4,1.6328380334848944,1.2778255097957991,0.8435138580167302,0.0226840685889672,2.006186050379405,166.4662038517874,0.6325619685318218,1.3157798107060052,1.1470744573505267,0.8571858049201146,-0.0221048237443026,1.611002348990073,157.0940017377655,0.6141574023080745,6.122,daily,5,seed4,daily|N05C|B_rich,-0.0099533366817081,5,linear,0.0,1.2778255097957991,0.0,-0.0237107300482746,1.1470744573505267,5.0,False,global,1.0,"{""0"": 0.0}",0.0,0.0,1.2778255097957991
AR-LRX-Aug [linear],N05C,B_rich,pacf_train,8,7,1469,314,316,2014-01-09,2018-01-16,2018-01-17,2018-11-26,2018-11-27,2019-10-08,"{""colsample_bytree"": 0.8, ""learning_rate"": 0.1, ""max_depth"": 3, ""n_estimators"": 300, ""subsample"": 0.8}",132,none,4,1.6299728566273397,1.2767039032709735,0.8391899064251466,0.0243989863773667,2.0044251281354284,166.93378528622657,0.6391488639813214,1.3107349567439706,1.1448733365503674,0.8544746695733539,-0.0181859540917013,1.607910997110738,157.41801506673457,0.6176848685944918,6.987,daily,5,seed4,daily|N05C|B_rich,-0.0565114124977215,5,linear,0.1999999999999999,1.2778255097957991,0.0878,-0.0501161585350962,1.1470744573505267,5.0,True,global,1.0,"{""0"": 0.2}",0.2,0.2,1.2774113412649182
XGBoost,N05C,B_rich,pacf_train,8,7,1469,314,316,2014-01-09,2018-01-16,2018-01-17,2018-11-26,2018-11-27,2019-10-08,"{""colsample_bytree"": 0.8, ""learning_rate"": 0.05, ""max_depth"": 3, ""n_estimators"": 300, ""subsample"": 0.8}",12,none,4,1.6340163990733163,1.2782865089929238,0.8325125599802015,0.0219787717750917,2.0069098191188903,169.12318217431223,0.6764832309541092,1.3613214421379525,1.166756805053201,0.8583995921513702,-0.0574818076355527,1.6386451128747173,159.34047402444668,0.6430091443226466,5.977,daily,5,seed4,daily|N05C|B_rich,,5,,,,,,,,,,,,,,
"LR-XGB (residual, tanpa gerbang)",N05C,B_rich,pacf_train,8,7,1469,314,316,2014-01-09,2018-01-16,2018-01-17,2018-11-26,2018-11-27,2019-10-08,"{""colsample_bytree"": 0.8, ""learning_rate"": 0.05, ""max_depth"": 3, ""n_estimators"": 300, ""subsample"": 0.8}",12,none,4,1.6561923381251529,1.286931364962853,0.8366639691124408,0.0087056252137612,2.02048224299168,168.8574492985168,0.6730260438030672,1.3654676683316374,1.1685322709842625,0.8583664030644382,-0.0607026184113512,1.6411386561378971,158.92417617693755,0.6388341292616996,6.419,daily,5,seed4,daily|N05C|B_rich,,5,,,,,,,5.0,,,,,,,
Naive,R03,A_lag1,pacf_train,1,1,1473,315,317,2014-01-03,2018-01-14,2018-01-15,2018-11-25,2018-11-26,2019-10-08,{},0,none,4,93.93055555555556,9.69177772937223,6.792063492063492,-0.7667535335805216,1.395137660117561,112.863476008676,3.275596500445437,118.7064164918472,10.895247426830068,7.588590956908518,-0.8056465862630271,1.48186428344732,116.8205138789049,4.156248040245456,0.0,daily,5,seed4,daily|R03|A_lag1,,5,,,,,,,,,,,,,,
SeasonalNaive(s=7),R03,A_lag1,pacf_train,1,1,1473,315,317,2014-01-03,2018-01-14,2018-01-15,2018-11-25,2018-11-26,2019-10-08,{},0,none,4,90.34960317460316,9.505240826754637,6.712698412698413,-0.699398877417658,1.3682855525774982,110.89724197734942,3.147523277675398,118.44248378881878,10.883128400823852,7.757097791798107,-0.8016318986133568,1.4802159728504856,117.31593920483728,2.6596602356187984,0.0,daily,5,seed4,daily|R03|A_lag1,,5,,,,,,,,,,,,,,
S1 [linear],R03,A_lag1,pacf_train,1,1,1473,315,317,2014-01-03,2018-01-14,2018-01-15,2018-11-25,2018-11-26,2019-10-08,{},0,none,4,55.86248272495644,7.474120866359899,5.098668280401342,-0.0507255936597115,1.0759045232050122,89.90307176351305,1.534883973521318,68.69126047976773,8.288019092628089,5.640236283663765,-0.044864664075809,1.127254755468032,91.40346584251876,1.8249838135443173,0.007,daily,5,seed4,daily|R03|A_lag1,,5,linear,0.0,7.474120866359899,0.0,,8.288019092628089,,,,,,,,
AR-LRX [linear],R03,A_lag1,pacf_train,1,1,1473,315,317,2014-01-03,2018-01-14,2018-01-15,2018-11-25,2018-11-26,2019-10-08,"{""colsample_bytree"": 0.8, ""learning_rate"": 0.1, ""max_depth"": 5, ""n_estimators"": 500, ""subsample"": 0.8}",132,none,4,55.26211581015984,7.433849326570981,5.082757120758722,-0.0394332047039751,1.0701074090574016,89.59951877269478,1.6160478322227616,69.1940795810737,8.318297877635406,5.676369574258009,-0.0525130593404685,1.1313729776883028,91.50649022213834,1.9332635563465816,6.02,daily,5,seed4,daily|R03|A_lag1,-0.0876949630939318,5,linear,0.5,7.474120866359899,0.5388,-0.0676558952458501,8.288019092628089,5.0,,,,,,,
AR-LRX-g [linear],R03,A_lag1,pacf_train,1,1,1473,315,317,2014-01-03,2018-01-14,2018-01-15,2018-11-25,2018-11-26,2019-10-08,"{""colsample_bytree"": 0.8, ""learning_rate"": 0.1, ""max_depth"": 5, ""n_estimators"": 500, ""subsample"": 0.8}",132,none,4,55.26211581015984,7.433849326570981,5.082757120758722,-0.0394332047039751,1.0701074090574016,89.59951877269478,1.6160478322227616,69.1940795810737,8.318297877635406,5.676369574258009,-0.0525130593404685,1.1313729776883028,91.50649022213834,1.9332635563465816,6.024,daily,5,seed4,daily|R03|A_lag1,-0.0876949630939318,5,linear,0.5,7.474120866359899,0.5388,-0.0676558952458501,8.288019092628089,5.0,False,global,1.0,"{""0"": 0.5}",0.5,0.5,7.442863655352258
AR-LRX-Aug [linear],R03,A_lag1,pacf_train,1,1,1473,315,317,2014-01-03,2018-01-14,2018-01-15,2018-11-25,2018-11-26,2019-10-08,"{""colsample_bytree"": 0.8, ""learning_rate"": 0.05, ""max_depth"": 5, ""n_estimators"": 300, ""subsample"": 0.8}",132,none,4,55.86248272495644,7.474120866359899,5.098668280401342,-0.0507255936597115,1.0759045232050122,89.90307176351305,1.534883973521318,68.69126047976773,8.288019092628089,5.640236283663765,-0.044864664075809,1.127254755468032,91.40346584251876,1.8249838135443173,5.88,daily,5,seed4,daily|R03|A_lag1,-0.1002661378329095,5,linear,0.0,7.474120866359899,0.0,-0.1363165518739648,8.288019092628089,5.0,True,global,1.0,"{""0"": 0.0}",0.0,0.0,7.474120866359899
XGBoost,R03,A_lag1,pacf_train,1,1,1473,315,317,2014-01-03,2018-01-14,2018-01-15,2018-11-25,2018-11-26,2019-10-08,"{""colsample_bytree"": 0.8, ""learning_rate"": 0.05, ""max_depth"": 3, ""n_estimators"": 100, ""subsample"": 0.8}",12,none,4,55.60637595049472,7.456968281446202,5.109864748091924,-0.0459084439465224,1.0734353975348123,90.02522260833103,1.6367429495946166,70.13254280320604,8.374517466887632,5.697086182311945,-0.0667880493827555,1.1390194126960842,91.6304291722085,1.9570515545409195,5.745,daily,5,seed4,daily|R03|A_lag1,,5,,,,,,,,,,,,,,
"LR-XGB (residual, tanpa gerbang)",R03,A_lag1,pacf_train,1,1,1473,315,317,2014-01-03,2018-01-14,2018-01-15,2018-11-25,2018-11-26,2019-10-08,"{""colsample_bytree"": 0.8, ""learning_rate"": 0.05, ""max_depth"": 3, ""n_estimators"": 100, ""subsample"": 0.8}",12,none,4,55.56941675985274,7.454489704859263,5.11302333782646,-0.0452132731335872,1.073078604835219,89.99383263324998,1.6627996654606243,70.32734581018505,8.38614010198882,5.716462032890939,-0.0697512033127671,1.1406002090893428,91.76749809918095,1.9941317446163715,5.931,daily,5,seed4,daily|R03|A_lag1,,5,,,,,,,5.0,,,,,,,
Naive,R03,B_rich,pacf_train,1,1,1473,315,317,2014-01-03,2018-01-14,2018-01-15,2018-11-25,2018-11-26,2019-10-08,{},0,none,4,93.93055555555556,9.69177772937223,6.792063492063492,-0.7667535335805216,1.395137660117561,112.863476008676,3.275596500445437,118.7064164918472,10.895247426830068,7.588590956908518,-0.8056465862630271,1.48186428344732,116.8205138789049,4.156248040245456,0.0,daily,5,seed4,daily|R03|B_rich,,5,,,,,,,,,,,,,,
SeasonalNaive(s=7),R03,B_rich,pacf_train,1,1,1473,315,317,2014-01-03,2018-01-14,2018-01-15,2018-11-25,2018-11-26,2019-10-08,{},0,none,4,90.34960317460316,9.505240826754637,6.712698412698413,-0.699398877417658,1.3682855525774982,110.89724197734942,3.147523277675398,118.44248378881878,10.883128400823852,7.757097791798107,-0.8016318986133568,1.4802159728504856,117.31593920483728,2.6596602356187984,0.0,daily,5,seed4,daily|R03|B_rich,,5,,,,,,,,,,,,,,
S1 [linear],R03,B_rich,pacf_train,1,1,1473,315,317,2014-01-03,2018-01-14,2018-01-15,2018-11-25,2018-11-26,2019-10-08,{},0,none,4,55.86248272495644,7.474120866359899,5.098668280401342,-0.0507255936597115,1.0759045232050122,89.90307176351305,1.534883973521318,68.69126047976773,8.288019092628089,5.640236283663765,-0.044864664075809,1.127254755468032,91.40346584251876,1.8249838135443173,0.007,daily,5,seed4,daily|R03|B_rich,,5,linear,0.0,7.474120866359899,0.0,,8.288019092628089,,,,,,,,
AR-LRX [linear],R03,B_rich,pacf_train,1,1,1473,315,317,2014-01-03,2018-01-14,2018-01-15,2018-11-25,2018-11-26,2019-10-08,"{""colsample_bytree"": 0.8, ""learning_rate"": 0.1, ""max_depth"": 5, ""n_estimators"": 500, ""subsample"": 0.8}",132,none,4,55.26211581015984,7.433849326570981,5.082757120758722,-0.0394332047039751,1.0701074090574016,89.59951877269478,1.6160478322227616,69.1940795810737,8.318297877635406,5.676369574258009,-0.0525130593404685,1.1313729776883028,91.50649022213834,1.9332635563465816,6.26,daily,5,seed4,daily|R03|B_rich,-0.0876949630939318,5,linear,0.5,7.474120866359899,0.5388,-0.0676558952458501,8.288019092628089,5.0,,,,,,,
AR-LRX-g [linear],R03,B_rich,pacf_train,1,1,1473,315,317,2014-01-03,2018-01-14,2018-01-15,2018-11-25,2018-11-26,2019-10-08,"{""colsample_bytree"": 0.8, ""learning_rate"": 0.1, ""max_depth"": 5, ""n_estimators"": 500, ""subsample"": 0.8}",132,none,4,55.26211581015984,7.433849326570981,5.082757120758722,-0.0394332047039751,1.0701074090574016,89.59951877269478,1.6160478322227616,69.1940795810737,8.318297877635406,5.676369574258009,-0.0525130593404685,1.1313729776883028,91.50649022213834,1.9332635563465816,6.424,daily,5,seed4,daily|R03|B_rich,-0.0876949630939318,5,linear,0.5,7.474120866359899,0.5388,-0.0676558952458501,8.288019092628089,5.0,False,global,1.0,"{""0"": 0.5}",0.5,0.5,7.442863655352258
AR-LRX-Aug [linear],R03,B_rich,pacf_train,1,1,1473,315,317,2014-01-03,2018-01-14,2018-01-15,2018-11-25,2018-11-26,2019-10-08,"{""colsample_bytree"": 0.8, ""learning_rate"": 0.05, ""max_depth"": 5, ""n_estimators"": 300, ""subsample"": 0.8}",132,none,4,55.86248272495644,7.474120866359899,5.098668280401342,-0.0507255936597115,1.0759045232050122,89.90307176351305,1.534883973521318,68.69126047976773,8.288019092628089,5.640236283663765,-0.044864664075809,1.127254755468032,91.40346584251876,1.8249838135443173,5.902,daily,5,seed4,daily|R03|B_rich,-0.1002661378329095,5,linear,0.0,7.474120866359899,0.0,-0.1363165518739648,8.288019092628089,5.0,True,global,1.0,"{""0"": 0.0}",0.0,0.0,7.474120866359899
XGBoost,R03,B_rich,pacf_train,1,1,1473,315,317,2014-01-03,2018-01-14,2018-01-15,2018-11-25,2018-11-26,2019-10-08,"{""colsample_bytree"": 0.8, ""learning_rate"": 0.05, ""max_depth"": 3, ""n_estimators"": 100, ""subsample"": 0.8}",12,none,4,55.60637595049472,7.456968281446202,5.109864748091924,-0.0459084439465224,1.0734353975348123,90.02522260833103,1.6367429495946166,70.13254280320604,8.374517466887632,5.697086182311945,-0.0667880493827555,1.1390194126960842,91.6304291722085,1.9570515545409195,5.547,daily,5,seed4,daily|R03|B_rich,,5,,,,,,,,,,,,,,
"LR-XGB (residual, tanpa gerbang)",R03,B_rich,pacf_train,1,1,1473,315,317,2014-01-03,2018-01-14,2018-01-15,2018-11-25,2018-11-26,2019-10-08,"{""colsample_bytree"": 0.8, ""learning_rate"": 0.05, ""max_depth"": 3, ""n_estimators"": 100, ""subsample"": 0.8}",12,none,4,55.56941675985274,7.454489704859263,5.11302333782646,-0.0452132731335872,1.073078604835219,89.99383263324998,1.6627996654606243,70.32734581018505,8.38614010198882,5.716462032890939,-0.0697512033127671,1.1406002090893428,91.76749809918095,1.9941317446163715,5.411,daily,5,seed4,daily|R03|B_rich,,5,,,,,,,5.0,,,,,,,
Naive,R06,A_lag1,pacf_train,1,1,1473,315,317,2014-01-03,2018-01-14,2018-01-15,2018-11-25,2018-11-26,2019-10-08,{},0,none,4,9.688604444444444,3.112652316665715,2.3900952380952383,-0.2610183509699195,0.8855540821438769,82.50612949788051,1.508581024997902,9.05630599369085,3.0093697004008746,2.3206940063091483,-0.2716879959630176,0.8359580036515833,78.61483989833405,1.431620528497761,0.0,daily,5,seed4,daily|R06|A_lag1,,5,,,,,,,,,,,,,,
SeasonalNaive(s=7),R06,A_lag1,pacf_train,1,1,1473,315,317,2014-01-03,2018-01-14,2018-01-15,2018-11-25,2018-11-26,2019-10-08,{},0,none,4,9.546223492063492,3.089696343018759,2.336063492063492,-0.2424867869236748,0.8790230744679456,83.76773845957486,1.4661327819832108,10.220126498422712,3.1968932572769324,2.403753943217666,-0.4351118650719232,0.8880492499424167,79.71016355745981,1.3420733814878152,0.0,daily,5,seed4,daily|R06|A_lag1,,5,,,,,,,,,,,,,,
S1 [linear],R06,A_lag1,pacf_train,1,1,1473,315,317,2014-01-03,2018-01-14,2018-01-15,2018-11-25,2018-11-26,2019-10-08,{},0,none,4,7.041915450053448,2.65366076393601,1.9937033643500504,0.0834609195354361,0.7549703221096851,67.28898489770721,1.5434353427329148,6.482149897726687,2.5460066570468127,1.8974653696979376,0.0897754317583048,0.7072426634803226,62.52055378314043,0.9984928028599572,0.006,daily,5,seed4,daily|R06|A_lag1,,5,linear,0.0,2.65366076393601,0.0,,2.5460066570468127,,,,,,,,
AR-LRX [linear],R06,A_lag1,pacf_train,1,1,1473,315,317,2014-01-03,2018-01-14,2018-01-15,2018-11-25,2018-11-26,2019-10-08,"{""colsample_bytree"": 0.8, ""learning_rate"": 0.05, ""max_depth"": 3, ""n_estimators"": 100, ""subsample"": 0.8}",132,none,4,7.041915450053448,2.65366076393601,1.9937033643500504,0.0834609195354361,0.7549703221096851,67.28898489770721,1.5434353427329148,6.482149897726687,2.5460066570468127,1.8974653696979376,0.0897754317583048,0.7072426634803226,62.52055378314043,0.9984928028599572,5.564,daily,5,seed4,daily|R06|A_lag1,-0.0401535248710016,5,linear,0.0,2.65366076393601,0.0,-0.0867866438655997,2.5460066570468127,5.0,,,,,,,
AR-LRX-g [linear],R06,A_lag1,pacf_train,1,1,1473,315,317,2014-01-03,2018-01-14,2018-01-15,2018-11-25,2018-11-26,2019-10-08,"{""colsample_bytree"": 0.8, ""learning_rate"": 0.05, ""max_depth"": 3, ""n_estimators"": 100, ""subsample"": 0.8}",132,none,4,7.041915450053448,2.65366076393601,1.9937033643500504,0.0834609195354361,0.7549703221096851,67.28898489770721,1.5434353427329148,6.482149897726687,2.5460066570468127,1.8974653696979376,0.0897754317583048,0.7072426634803226,62.52055378314043,0.9984928028599572,5.808,daily,5,seed4,daily|R06|A_lag1,-0.0401535248710016,5,linear,0.0,2.65366076393601,0.0,-0.0867866438655997,2.5460066570468127,5.0,False,global,1.0,"{""0"": 0.0}",0.0,0.0,2.65366076393601
AR-LRX-Aug [linear],R06,A_lag1,pacf_train,1,1,1473,315,317,2014-01-03,2018-01-14,2018-01-15,2018-11-25,2018-11-26,2019-10-08,"{""colsample_bytree"": 0.8, ""learning_rate"": 0.05, ""max_depth"": 3, ""n_estimators"": 100, ""subsample"": 0.8}",132,none,4,7.041915450053448,2.65366076393601,1.9937033643500504,0.0834609195354361,0.7549703221096851,67.28898489770721,1.5434353427329148,6.482149897726687,2.5460066570468127,1.8974653696979376,0.0897754317583048,0.7072426634803226,62.52055378314043,0.9984928028599572,6.017,daily,5,seed4,daily|R06|A_lag1,-0.0509556353165494,5,linear,0.0,2.65366076393601,0.0,-0.0715388228275313,2.5460066570468127,5.0,True,global,1.0,"{""0"": 0.0}",0.0,0.0,2.660134188495774
XGBoost,R06,A_lag1,pacf_train,1,1,1473,315,317,2014-01-03,2018-01-14,2018-01-15,2018-11-25,2018-11-26,2019-10-08,"{""colsample_bytree"": 0.8, ""learning_rate"": 0.05, ""max_depth"": 3, ""n_estimators"": 100, ""subsample"": 0.8}",12,none,4,7.260994356913499,2.6946232309756217,2.028740179440332,0.0549467487438557,0.7666242031767712,68.04303744660284,1.5422303904145822,6.455920943792017,2.540850437115892,1.897966081802777,0.0934585058382468,0.7058103425131554,62.681506028531686,1.0116418231332058,5.88,daily,5,seed4,daily|R06|A_lag1,,5,,,,,,,,,,,,,,
"LR-XGB (residual, tanpa gerbang)",R06,A_lag1,pacf_train,1,1,1473,315,317,2014-01-03,2018-01-14,2018-01-15,2018-11-25,2018-11-26,2019-10-08,"{""colsample_bytree"": 0.8, ""learning_rate"": 0.05, ""max_depth"": 3, ""n_estimators"": 100, ""subsample"": 0.8}",12,none,4,7.236273496889221,2.6900322482991204,2.028279974597228,0.05816428727803,0.7653180619709384,68.02669538017938,1.545401360282115,6.437292872398204,2.5371820731666466,1.8969480373746848,0.0960742627258739,0.7047913257392212,62.62814465388038,1.0158135730917357,5.978,daily,5,seed4,daily|R06|A_lag1,,5,,,,,,,5.0,,,,,,,
Naive,R06,B_rich,pacf_train,1,1,1473,315,317,2014-01-03,2018-01-14,2018-01-15,2018-11-25,2018-11-26,2019-10-08,{},0,none,4,9.688604444444444,3.112652316665715,2.3900952380952383,-0.2610183509699195,0.8855540821438769,82.50612949788051,1.508581024997902,9.05630599369085,3.0093697004008746,2.3206940063091483,-0.2716879959630176,0.8359580036515833,78.61483989833405,1.431620528497761,0.0,daily,5,seed4,daily|R06|B_rich,,5,,,,,,,,,,,,,,
SeasonalNaive(s=7),R06,B_rich,pacf_train,1,1,1473,315,317,2014-01-03,2018-01-14,2018-01-15,2018-11-25,2018-11-26,2019-10-08,{},0,none,4,9.546223492063492,3.089696343018759,2.336063492063492,-0.2424867869236748,0.8790230744679456,83.76773845957486,1.4661327819832108,10.220126498422712,3.1968932572769324,2.403753943217666,-0.4351118650719232,0.8880492499424167,79.71016355745981,1.3420733814878152,0.0,daily,5,seed4,daily|R06|B_rich,,5,,,,,,,,,,,,,,
S1 [linear],R06,B_rich,pacf_train,1,1,1473,315,317,2014-01-03,2018-01-14,2018-01-15,2018-11-25,2018-11-26,2019-10-08,{},0,none,4,7.041915450053448,2.65366076393601,1.9937033643500504,0.0834609195354361,0.7549703221096851,67.28898489770721,1.5434353427329148,6.482149897726687,2.5460066570468127,1.8974653696979376,0.0897754317583048,0.7072426634803226,62.52055378314043,0.9984928028599572,0.006,daily,5,seed4,daily|R06|B_rich,,5,linear,0.0,2.65366076393601,0.0,,2.5460066570468127,,,,,,,,
AR-LRX [linear],R06,B_rich,pacf_train,1,1,1473,315,317,2014-01-03,2018-01-14,2018-01-15,2018-11-25,2018-11-26,2019-10-08,"{""colsample_bytree"": 0.8, ""learning_rate"": 0.05, ""max_depth"": 3, ""n_estimators"": 100, ""subsample"": 0.8}",132,none,4,7.041915450053448,2.65366076393601,1.9937033643500504,0.0834609195354361,0.7549703221096851,67.28898489770721,1.5434353427329148,6.482149897726687,2.5460066570468127,1.8974653696979376,0.0897754317583048,0.7072426634803226,62.52055378314043,0.9984928028599572,5.247,daily,5,seed4,daily|R06|B_rich,-0.0401535248710016,5,linear,0.0,2.65366076393601,0.0,-0.0867866438655997,2.5460066570468127,5.0,,,,,,,
AR-LRX-g [linear],R06,B_rich,pacf_train,1,1,1473,315,317,2014-01-03,2018-01-14,2018-01-15,2018-11-25,2018-11-26,2019-10-08,"{""colsample_bytree"": 0.8, ""learning_rate"": 0.05, ""max_depth"": 3, ""n_estimators"": 100, ""subsample"": 0.8}",132,none,4,7.041915450053448,2.65366076393601,1.9937033643500504,0.0834609195354361,0.7549703221096851,67.28898489770721,1.5434353427329148,6.482149897726687,2.5460066570468127,1.8974653696979376,0.0897754317583048,0.7072426634803226,62.52055378314043,0.9984928028599572,5.812,daily,5,seed4,daily|R06|B_rich,-0.0401535248710016,5,linear,0.0,2.65366076393601,0.0,-0.0867866438655997,2.5460066570468127,5.0,False,global,1.0,"{""0"": 0.0}",0.0,0.0,2.65366076393601
AR-LRX-Aug [linear],R06,B_rich,pacf_train,1,1,1473,315,317,2014-01-03,2018-01-14,2018-01-15,2018-11-25,2018-11-26,2019-10-08,"{""colsample_bytree"": 0.8, ""learning_rate"": 0.05, ""max_depth"": 3, ""n_estimators"": 100, ""subsample"": 0.8}",132,none,4,7.041915450053448,2.65366076393601,1.9937033643500504,0.0834609195354361,0.7549703221096851,67.28898489770721,1.5434353427329148,6.482149897726687,2.5460066570468127,1.8974653696979376,0.0897754317583048,0.7072426634803226,62.52055378314043,0.9984928028599572,6.329,daily,5,seed4,daily|R06|B_rich,-0.0509556353165494,5,linear,0.0,2.65366076393601,0.0,-0.0715388228275313,2.5460066570468127,5.0,True,global,1.0,"{""0"": 0.0}",0.0,0.0,2.660134188495774
XGBoost,R06,B_rich,pacf_train,1,1,1473,315,317,2014-01-03,2018-01-14,2018-01-15,2018-11-25,2018-11-26,2019-10-08,"{""colsample_bytree"": 0.8, ""learning_rate"": 0.05, ""max_depth"": 3, ""n_estimators"": 100, ""subsample"": 0.8}",12,none,4,7.260994356913499,2.6946232309756217,2.028740179440332,0.0549467487438557,0.7666242031767712,68.04303744660284,1.5422303904145822,6.455920943792017,2.540850437115892,1.897966081802777,0.0934585058382468,0.7058103425131554,62.681506028531686,1.0116418231332058,5.88,daily,5,seed4,daily|R06|B_rich,,5,,,,,,,,,,,,,,
"LR-XGB (residual, tanpa gerbang)",R06,B_rich,pacf_train,1,1,1473,315,317,2014-01-03,2018-01-14,2018-01-15,2018-11-25,2018-11-26,2019-10-08,"{""colsample_bytree"": 0.8, ""learning_rate"": 0.05, ""max_depth"": 3, ""n_estimators"": 100, ""subsample"": 0.8}",12,none,4,7.236273496889221,2.6900322482991204,2.028279974597228,0.05816428727803,0.7653180619709384,68.02669538017938,1.545401360282115,6.437292872398204,2.5371820731666466,1.8969480373746848,0.0960742627258739,0.7047913257392212,62.62814465388038,1.0158135730917357,5.605,daily,5,seed4,daily|R06|B_rich,,5,,,,,,,5.0,,,,,,,
Naive,M01AB,A_lag1,pacf_train,1,2,210,45,45,2014-01-19,2018-01-21,2018-01-28,2018-12-02,2018-12-09,2019-10-13,{},0,none,4,116.87771555555555,10.810999748198848,8.296888888888889,-1.3783796475988883,0.3138819099371895,23.32963922164917,0.3176660823344512,119.25805777777776,10.92053376798853,8.319555555555553,-0.6164832561297386,0.2969670352242758,22.935915307261524,0.6606806987698898,0.0,weekly,2,seed4,weekly|M01AB|A_lag1,,5,,,,,,,,,,,,,,
SeasonalNaive(s=52),M01AB,A_lag1,pacf_train,1,2,210,45,45,2014-01-19,2018-01-21,2018-01-28,2018-12-02,2018-12-09,2019-10-13,{},0,none,4,129.6039682534853,11.384373863040746,8.50768518511111,-1.6373499762289798,0.330529007011177,24.06189369717972,0.3865061773117904,115.75853111111113,10.759113862726387,9.071777777777775,-0.5690489245092532,0.2925774704181673,26.511852462194813,0.5543948566692719,0.0,weekly,2,seed4,weekly|M01AB|A_lag1,,5,,,,,,,,,,,,,,
S1 [linear],M01AB,A_lag1,pacf_train,1,2,210,45,45,2014-01-19,2018-01-21,2018-01-28,2018-12-02,2018-12-09,2019-10-13,{},0,none,4,58.25809865115139,7.6326993030743315,6.062764552912976,-0.1855115021806272,0.2216045038410411,17.337583988198872,0.2288240041505057,76.0256622599075,8.71926959440454,6.422269794233635,-0.0304897829907042,0.2371070586642601,18.51808775832242,0.5814653539143978,0.004,weekly,2,seed4,weekly|M01AB|A_lag1,,5,linear,0.0,7.6326993030743315,0.0,,8.71926959440454,,,,,,,,
AR-LRX [linear],M01AB,A_lag1,pacf_train,1,2,210,45,45,2014-01-19,2018-01-21,2018-01-28,2018-12-02,2018-12-09,2019-10-13,"{""colsample_bytree"": 0.8, ""learning_rate"": 0.05, ""max_depth"": 3, ""n_estimators"": 100, ""subsample"": 0.8}",132,none,4,58.25809865115139,7.6326993030743315,6.062764552912976,-0.1855115021806272,0.2216045038410411,17.337583988198872,0.2288240041505057,76.0256622599075,8.71926959440454,6.422269794233635,-0.0304897829907042,0.2371070586642601,18.51808775832242,0.5814653539143978,5.485,weekly,2,seed4,weekly|M01AB|A_lag1,-0.0735124735774113,5,linear,0.0,7.6326993030743315,0.0,-0.248723106221816,8.71926959440454,5.0,,,,,,,
AR-LRX-g [linear],M01AB,A_lag1,pacf_train,1,2,210,45,45,2014-01-19,2018-01-21,2018-01-28,2018-12-02,2018-12-09,2019-10-13,"{""colsample_bytree"": 0.8, ""learning_rate"": 0.05, ""max_depth"": 3, ""n_estimators"": 500, ""subsample"": 0.8}",132,none,4,58.25809865115139,7.6326993030743315,6.062764552912976,-0.1855115021806272,0.2216045038410411,17.337583988198872,0.2288240041505057,76.0256622599075,8.71926959440454,6.422269794233635,-0.0304897829907042,0.2371070586642601,18.51808775832242,0.5814653539143978,4.739,weekly,2,seed4,weekly|M01AB|A_lag1,-0.1310782398494623,5,linear,0.0,7.6326993030743315,0.0,-0.6228051686222353,8.71926959440454,5.0,False,global,1.0,"{""0"": 0.0}",0.0,0.0,7.6326993030743315
AR-LRX-Aug [linear],M01AB,A_lag1,pacf_train,1,2,210,45,45,2014-01-19,2018-01-21,2018-01-28,2018-12-02,2018-12-09,2019-10-13,"{""colsample_bytree"": 0.8, ""learning_rate"": 0.05, ""max_depth"": 3, ""n_estimators"": 300, ""subsample"": 0.8}",132,none,4,58.25809865115139,7.6326993030743315,6.062764552912976,-0.1855115021806272,0.2216045038410411,17.337583988198872,0.2288240041505057,76.0256622599075,8.71926959440454,6.422269794233635,-0.0304897829907042,0.2371070586642601,18.51808775832242,0.5814653539143978,5.009,weekly,2,seed4,weekly|M01AB|A_lag1,-0.0919226445672678,5,linear,0.0,7.6326993030743315,0.0,-0.2427853717256025,8.71926959440454,5.0,True,global,1.0,"{""0"": 0.0}",0.0,0.0,7.6326993030743315
XGBoost,M01AB,A_lag1,pacf_train,1,2,210,45,45,2014-01-19,2018-01-21,2018-01-28,2018-12-02,2018-12-09,2019-10-13,"{""colsample_bytree"": 0.8, ""learning_rate"": 0.05, ""max_depth"": 3, ""n_estimators"": 100, ""subsample"": 0.8}",12,none,4,66.58263322392676,8.159818210225444,6.216040020412869,-0.3549099500328292,0.2369086471389966,17.74158987899359,0.2339573692227578,78.07698984726723,8.836118483093538,6.5921636589898,-0.0582945012595763,0.2402845835710499,19.04222025448241,0.5795066776921795,4.995,weekly,2,seed4,weekly|M01AB|A_lag1,,5,,,,,,,,,,,,,,
"LR-XGB (residual, tanpa gerbang)",M01AB,A_lag1,pacf_train,1,2,210,45,45,2014-01-19,2018-01-21,2018-01-28,2018-12-02,2018-12-09,2019-10-13,"{""colsample_bytree"": 0.8, ""learning_rate"": 0.05, ""max_depth"": 3, ""n_estimators"": 100, ""subsample"": 0.8}",12,none,4,72.49294816763602,8.514279075038356,6.391975287823775,-0.4751807194108974,0.2471999112067809,18.33907028530445,0.241581775585082,79.72045828062481,8.928631377799444,6.568304625640996,-0.0805708929265496,0.2428003287392359,18.913184317609065,0.5765937134294439,5.886,weekly,2,seed4,weekly|M01AB|A_lag1,,5,,,,,,,5.0,,,,,,,
Naive,M01AB,B_rich,pacf_train,3,2,210,45,45,2014-01-19,2018-01-21,2018-01-28,2018-12-02,2018-12-09,2019-10-13,{},0,none,4,116.87771555555555,10.810999748198848,8.296888888888889,-1.3783796475988883,0.3138819099371895,23.32963922164917,0.3176660823344512,119.25805777777776,10.92053376798853,8.319555555555553,-0.6164832561297386,0.2969670352242758,22.935915307261524,0.6606806987698898,0.0,weekly,2,seed4,weekly|M01AB|B_rich,,5,,,,,,,,,,,,,,
SeasonalNaive(s=52),M01AB,B_rich,pacf_train,3,2,210,45,45,2014-01-19,2018-01-21,2018-01-28,2018-12-02,2018-12-09,2019-10-13,{},0,none,4,129.6039682534853,11.384373863040746,8.50768518511111,-1.6373499762289798,0.330529007011177,24.06189369717972,0.3865061773117904,115.75853111111113,10.759113862726387,9.071777777777775,-0.5690489245092532,0.2925774704181673,26.511852462194813,0.5543948566692719,0.0,weekly,2,seed4,weekly|M01AB|B_rich,,5,,,,,,,,,,,,,,
S1 [linear],M01AB,B_rich,pacf_train,3,2,210,45,45,2014-01-19,2018-01-21,2018-01-28,2018-12-02,2018-12-09,2019-10-13,{},0,none,4,53.0614683834258,7.284330331844225,5.794794692892386,-0.0797637160769535,0.2114901091875053,16.615655355185332,0.2185907443432074,75.19148156849673,8.671302184129944,6.475317760284488,-0.019182881424649,0.2358026590882624,18.69895700095755,0.5749275958283854,0.007,weekly,2,seed4,weekly|M01AB|B_rich,,5,linear,0.0,7.284330331844225,0.0,,8.671302184129944,,,,,,,,
AR-LRX [linear],M01AB,B_rich,pacf_train,3,2,210,45,45,2014-01-19,2018-01-21,2018-01-28,2018-12-02,2018-12-09,2019-10-13,"{""colsample_bytree"": 0.8, ""learning_rate"": 0.05, ""max_depth"": 3, ""n_estimators"": 100, ""subsample"": 0.8}",132,none,4,53.0614683834258,7.284330331844225,5.794794692892386,-0.0797637160769535,0.2114901091875053,16.615655355185332,0.2185907443432074,75.19148156849673,8.671302184129944,6.475317760284488,-0.019182881424649,0.2358026590882624,18.69895700095755,0.5749275958283854,5.967,weekly,2,seed4,weekly|M01AB|B_rich,-0.1631540832265938,5,linear,0.0,7.284330331844225,0.0,-0.2677850957457659,8.671302184129944,5.0,,,,,,,
AR-LRX-g [linear],M01AB,B_rich,pacf_train,3,2,210,45,45,2014-01-19,2018-01-21,2018-01-28,2018-12-02,2018-12-09,2019-10-13,"{""colsample_bytree"": 0.8, ""learning_rate"": 0.05, ""max_depth"": 3, ""n_estimators"": 100, ""subsample"": 0.8}",132,none,4,53.0614683834258,7.284330331844225,5.794794692892386,-0.0797637160769535,0.2114901091875053,16.615655355185332,0.2185907443432074,75.19148156849673,8.671302184129944,6.475317760284488,-0.019182881424649,0.2358026590882624,18.69895700095755,0.5749275958283854,5.559,weekly,2,seed4,weekly|M01AB|B_rich,-0.1631540832265938,5,linear,0.0,7.284330331844225,0.0,-0.2677850957457659,8.671302184129944,5.0,False,global,1.0,"{""0"": 0.0}",0.0,0.0,7.284330331844225
AR-LRX-Aug [linear],M01AB,B_rich,pacf_train,3,2,210,45,45,2014-01-19,2018-01-21,2018-01-28,2018-12-02,2018-12-09,2019-10-13,"{""colsample_bytree"": 0.8, ""learning_rate"": 0.1, ""max_depth"": 3, ""n_estimators"": 300, ""subsample"": 0.8}",132,none,4,52.77500844280239,7.264640971362755,5.779304205947919,-0.0739344569286837,0.2109184567763214,16.569453455133974,0.2175558943443679,73.5675927447411,8.577155282769521,6.3937530289486215,0.0028281184384252,0.2332424796348997,18.49626506301436,0.5635430466430594,6.001,weekly,2,seed4,weekly|M01AB|B_rich,-0.0324527002573109,5,linear,0.0999999999999999,7.284330331844225,0.2703,-0.2182120974249934,8.671302184129944,5.0,True,global,1.0,"{""0"": 0.1}",0.1,0.1,7.268467931617207
XGBoost,M01AB,B_rich,pacf_train,3,2,210,45,45,2014-01-19,2018-01-21,2018-01-28,2018-12-02,2018-12-09,2019-10-13,"{""colsample_bytree"": 0.8, ""learning_rate"": 0.05, ""max_depth"": 3, ""n_estimators"": 100, ""subsample"": 0.8}",12,none,4,63.636897319239374,7.977273802449015,6.312217146131727,-0.2949662876365566,0.2316087314331651,18.005055955603964,0.233706585039192,80.90334990376442,8.9946289475311,6.7107344868977865,-0.096604396559355,0.2445950306312504,19.47899273360189,0.5658859404130062,5.542,weekly,2,seed4,weekly|M01AB|B_rich,,5,,,,,,,,,,,,,,
"LR-XGB (residual, tanpa gerbang)",M01AB,B_rich,pacf_train,3,2,210,45,45,2014-01-19,2018-01-21,2018-01-28,2018-12-02,2018-12-09,2019-10-13,"{""colsample_bytree"": 0.8, ""learning_rate"": 0.05, ""max_depth"": 3, ""n_estimators"": 100, ""subsample"": 0.8}",12,none,4,67.12505701444732,8.192988283553646,6.486649298305125,-0.3659478942432832,0.2378716927602627,18.71781286706788,0.2360288559022298,86.810968203148,9.317240374872163,6.859123948973662,-0.1766792044381953,0.2533679497158269,20.038740680498044,0.5631142134243321,5.354,weekly,2,seed4,weekly|M01AB|B_rich,,5,,,,,,,5.0,,,,,,,
Naive,M01AE,A_lag1,pacf_train,1,1,210,45,46,2014-01-12,2018-01-14,2018-01-21,2018-11-25,2018-12-02,2019-10-13,{},0,none,4,45.908203888888885,6.775559304506816,5.505622222222224,-0.5028531878042071,0.2521991261150493,20.14832613520521,0.2609274473557304,99.00320602173912,9.9500354784161,7.71463043478261,0.0553625698283433,0.3759201938377401,30.265748716527487,0.717837483642111,0.0,weekly,2,seed4,weekly|M01AE|A_lag1,,5,,,,,,,,,,,,,,
SeasonalNaive(s=52),M01AE,A_lag1,pacf_train,1,1,210,45,46,2014-01-12,2018-01-14,2018-01-21,2018-11-25,2018-12-02,2019-10-13,{},0,none,4,57.89583167521637,7.608931046817047,5.929825926,-0.8952807520908783,0.2832187978047084,22.669814585063577,0.2870582277992738,110.82956356521738,10.527562090304544,7.920347826086957,-0.0574784223685096,0.3977396050708463,29.493879602230432,0.6388227637679597,0.0,weekly,2,seed4,weekly|M01AE|A_lag1,,5,,,,,,,,,,,,,,
S1 [linear],M01AE,A_lag1,pacf_train,1,1,210,45,46,2014-01-12,2018-01-14,2018-01-21,2018-11-25,2018-12-02,2019-10-13,{},0,none,4,28.86272463150085,5.372403989975144,4.376200802707008,0.0551484474071438,0.1999710327245609,16.335850128153716,0.2131124701590943,85.1469526480301,9.227510641989534,7.280131693320726,0.1875717790520701,0.3486226352359398,27.57759171854261,0.6299231042993104,0.007,weekly,2,seed4,weekly|M01AE|A_lag1,,5,linear,0.0,5.372403989975144,0.0,,9.227510641989534,,,,,,,,
AR-LRX [linear],M01AE,A_lag1,pacf_train,1,1,210,45,46,2014-01-12,2018-01-14,2018-01-21,2018-11-25,2018-12-02,2019-10-13,"{""colsample_bytree"": 0.8, ""learning_rate"": 0.1, ""max_depth"": 3, ""n_estimators"": 100, ""subsample"": 0.8}",132,none,4,28.73913407806168,5.360889299179911,4.345348393047421,0.0591943137553042,0.1995424341653082,16.215880773409832,0.2096562650125803,84.92920010088214,9.21570399377509,7.25327490283027,0.1896494613294097,0.3481765707475291,27.501279394619488,0.628638037884693,5.481,weekly,2,seed4,weekly|M01AE|A_lag1,-0.0490905701963679,5,linear,0.1,5.372403989975144,0.2143,-0.2485416775833415,9.227510641989534,5.0,,,,,,,
AR-LRX-g [linear],M01AE,A_lag1,pacf_train,1,1,210,45,46,2014-01-12,2018-01-14,2018-01-21,2018-11-25,2018-12-02,2019-10-13,"{""colsample_bytree"": 0.8, ""learning_rate"": 0.05, ""max_depth"": 3, ""n_estimators"": 100, ""subsample"": 0.8}",132,none,4,28.78404926275103,5.365076817972976,4.36263287831469,0.0577239680921506,0.1996983015310471,16.2807938892183,0.210595648299753,84.80296909265579,9.20885275659546,7.2576319243023235,0.1908538923777613,0.3479177255992698,27.515205315323744,0.6289972633215022,5.683,weekly,2,seed4,weekly|M01AE|A_lag1,-0.0033758980739317,5,linear,0.0999999999999999,5.372403989975144,0.1364,-0.118759806804612,9.227510641989534,5.0,False,global,1.0,"{""0"": 0.1}",0.1,0.1,5.870554702732224
AR-LRX-Aug [linear],M01AE,A_lag1,pacf_train,1,1,210,45,46,2014-01-12,2018-01-14,2018-01-21,2018-11-25,2018-12-02,2019-10-13,"{""colsample_bytree"": 0.8, ""learning_rate"": 0.1, ""max_depth"": 3, ""n_estimators"": 100, ""subsample"": 0.8}",132,none,4,28.7507626135818,5.361973760993409,4.326282776142559,0.0588136414528503,0.1995827998841186,16.136047619608703,0.2120965359292336,85.06653146128477,9.223151926607562,7.265154610776023,0.188339116456899,0.3484579595285185,27.527276743616376,0.6260000629181443,5.558,weekly,2,seed4,weekly|M01AE|A_lag1,-0.0384649947769399,5,linear,0.0999999999999999,5.372403989975144,0.1941,-0.1784351925752472,9.227510641989534,5.0,True,global,1.0,"{""0"": 0.1}",0.1,0.1,5.361973760993409
XGBoost,M01AE,A_lag1,pacf_train,1,1,210,45,46,2014-01-12,2018-01-14,2018-01-21,2018-11-25,2018-12-02,2019-10-13,"{""colsample_bytree"": 0.8, ""learning_rate"": 0.05, ""max_depth"": 3, ""n_estimators"": 100, ""subsample"": 0.8}",12,none,4,31.35663656065727,5.599699684863222,4.335883152601454,-0.0264923743925256,0.2084314081776038,16.07083027289176,0.1992758196004779,92.4566024336618,9.615435634107367,7.420319993723992,0.1178268781905997,0.363278747623456,27.92324926449678,0.6373407927896263,4.959,weekly,2,seed4,weekly|M01AE|A_lag1,,5,,,,,,,,,,,,,,
"LR-XGB (residual, tanpa gerbang)",M01AE,A_lag1,pacf_train,1,1,210,45,46,2014-01-12,2018-01-14,2018-01-21,2018-11-25,2018-12-02,2019-10-13,"{""colsample_bytree"": 0.8, ""learning_rate"": 0.05, ""max_depth"": 3, ""n_estimators"": 100, ""subsample"": 0.8}",12,none,4,32.050011800932616,5.661272984138162,4.42152475135964,-0.0491907398679936,0.2107232827773629,16.336952696044744,0.2026468918278913,84.78652293054947,9.207959759390214,7.270004926254972,0.1910108131577296,0.3478839874600219,27.5020448162364,0.6248762692257044,5.113,weekly,2,seed4,weekly|M01AE|A_lag1,,5,,,,,,,5.0,,,,,,,
Naive,M01AE,B_rich,pacf_train,1,1,210,45,46,2014-01-12,2018-01-14,2018-01-21,2018-11-25,2018-12-02,2019-10-13,{},0,none,4,45.908203888888885,6.775559304506816,5.505622222222224,-0.5028531878042071,0.2521991261150493,20.14832613520521,0.2609274473557304,99.00320602173912,9.9500354784161,7.71463043478261,0.0553625698283433,0.3759201938377401,30.265748716527487,0.717837483642111,0.0,weekly,2,seed4,weekly|M01AE|B_rich,,5,,,,,,,,,,,,,,
SeasonalNaive(s=52),M01AE,B_rich,pacf_train,1,1,210,45,46,2014-01-12,2018-01-14,2018-01-21,2018-11-25,2018-12-02,2019-10-13,{},0,none,4,57.89583167521637,7.608931046817047,5.929825926,-0.8952807520908783,0.2832187978047084,22.669814585063577,0.2870582277992738,110.82956356521738,10.527562090304544,7.920347826086957,-0.0574784223685096,0.3977396050708463,29.493879602230432,0.6388227637679597,0.0,weekly,2,seed4,weekly|M01AE|B_rich,,5,,,,,,,,,,,,,,
S1 [linear],M01AE,B_rich,pacf_train,1,1,210,45,46,2014-01-12,2018-01-14,2018-01-21,2018-11-25,2018-12-02,2019-10-13,{},0,none,4,28.86272463150085,5.372403989975144,4.376200802707008,0.0551484474071438,0.1999710327245609,16.335850128153716,0.2131124701590943,85.1469526480301,9.227510641989534,7.280131693320726,0.1875717790520701,0.3486226352359398,27.57759171854261,0.6299231042993104,0.005,weekly,2,seed4,weekly|M01AE|B_rich,,5,linear,0.0,5.372403989975144,0.0,,9.227510641989534,,,,,,,,
AR-LRX [linear],M01AE,B_rich,pacf_train,1,1,210,45,46,2014-01-12,2018-01-14,2018-01-21,2018-11-25,2018-12-02,2019-10-13,"{""colsample_bytree"": 0.8, ""learning_rate"": 0.1, ""max_depth"": 3, ""n_estimators"": 100, ""subsample"": 0.8}",132,none,4,28.73913407806168,5.360889299179911,4.345348393047421,0.0591943137553042,0.1995424341653082,16.215880773409832,0.2096562650125803,84.92920010088214,9.21570399377509,7.25327490283027,0.1896494613294097,0.3481765707475291,27.501279394619488,0.628638037884693,5.52,weekly,2,seed4,weekly|M01AE|B_rich,-0.0490905701963679,5,linear,0.1,5.372403989975144,0.2143,-0.2485416775833415,9.227510641989534,5.0,,,,,,,
AR-LRX-g [linear],M01AE,B_rich,pacf_train,1,1,210,45,46,2014-01-12,2018-01-14,2018-01-21,2018-11-25,2018-12-02,2019-10-13,"{""colsample_bytree"": 0.8, ""learning_rate"": 0.05, ""max_depth"": 3, ""n_estimators"": 100, ""subsample"": 0.8}",132,none,4,28.78404926275103,5.365076817972976,4.36263287831469,0.0577239680921506,0.1996983015310471,16.2807938892183,0.210595648299753,84.80296909265579,9.20885275659546,7.2576319243023235,0.1908538923777613,0.3479177255992698,27.515205315323744,0.6289972633215022,4.735,weekly,2,seed4,weekly|M01AE|B_rich,-0.0033758980739317,5,linear,0.0999999999999999,5.372403989975144,0.1364,-0.118759806804612,9.227510641989534,5.0,False,global,1.0,"{""0"": 0.1}",0.1,0.1,5.870554702732224
AR-LRX-Aug [linear],M01AE,B_rich,pacf_train,1,1,210,45,46,2014-01-12,2018-01-14,2018-01-21,2018-11-25,2018-12-02,2019-10-13,"{""colsample_bytree"": 0.8, ""learning_rate"": 0.1, ""max_depth"": 3, ""n_estimators"": 100, ""subsample"": 0.8}",132,none,4,28.7507626135818,5.361973760993409,4.326282776142559,0.0588136414528503,0.1995827998841186,16.136047619608703,0.2120965359292336,85.06653146128477,9.223151926607562,7.265154610776023,0.188339116456899,0.3484579595285185,27.527276743616376,0.6260000629181443,5.361,weekly,2,seed4,weekly|M01AE|B_rich,-0.0384649947769399,5,linear,0.0999999999999999,5.372403989975144,0.1941,-0.1784351925752472,9.227510641989534,5.0,True,global,1.0,"{""0"": 0.1}",0.1,0.1,5.361973760993409
XGBoost,M01AE,B_rich,pacf_train,1,1,210,45,46,2014-01-12,2018-01-14,2018-01-21,2018-11-25,2018-12-02,2019-10-13,"{""colsample_bytree"": 0.8, ""learning_rate"": 0.05, ""max_depth"": 3, ""n_estimators"": 100, ""subsample"": 0.8}",12,none,4,31.35663656065727,5.599699684863222,4.335883152601454,-0.0264923743925256,0.2084314081776038,16.07083027289176,0.1992758196004779,92.4566024336618,9.615435634107367,7.420319993723992,0.1178268781905997,0.363278747623456,27.92324926449678,0.6373407927896263,4.783,weekly,2,seed4,weekly|M01AE|B_rich,,5,,,,,,,,,,,,,,
"LR-XGB (residual, tanpa gerbang)",M01AE,B_rich,pacf_train,1,1,210,45,46,2014-01-12,2018-01-14,2018-01-21,2018-11-25,2018-12-02,2019-10-13,"{""colsample_bytree"": 0.8, ""learning_rate"": 0.05, ""max_depth"": 3, ""n_estimators"": 100, ""subsample"": 0.8}",12,none,4,32.050011800932616,5.661272984138162,4.42152475135964,-0.0491907398679936,0.2107232827773629,16.336952696044744,0.2026468918278913,84.78652293054947,9.207959759390214,7.270004926254972,0.1910108131577296,0.3478839874600219,27.5020448162364,0.6248762692257044,5.286,weekly,2,seed4,weekly|M01AE|B_rich,,5,,,,,,,5.0,,,,,,,
Naive,N02BA,A_lag1,pacf_train,1,1,210,45,46,2014-01-12,2018-01-14,2018-01-21,2018-11-25,2018-12-02,2019-10-13,{},0,none,4,49.19444444444444,7.01387513750027,5.391111111111111,-0.5938228589736254,0.3180094520780979,25.109810773395424,0.3725147465421816,38.93119565217392,6.2394868100007965,5.060869565217392,-0.3633468510784168,0.2954211242448012,25.279798597319925,0.73400085945753,0.0,weekly,2,seed4,weekly|N02BA|A_lag1,,5,,,,,,,,,,,,,,
SeasonalNaive(s=52),N02BA,A_lag1,pacf_train,1,1,210,45,46,2014-01-12,2018-01-14,2018-01-21,2018-11-25,2018-12-02,2019-10-13,{},0,none,4,65.91587345219507,8.118859122573507,6.734814814666667,-1.1355709382177106,0.368109481628018,30.532345050571653,0.437846578175141,51.94179347826088,7.207065524765325,5.744565217391305,-0.8189700930492263,0.3412330957122175,27.667323161502104,0.8050507911847538,0.0,weekly,2,seed4,weekly|N02BA|A_lag1,,5,,,,,,,,,,,,,,
S1 [linear],N02BA,A_lag1,pacf_train,1,1,210,45,46,2014-01-12,2018-01-14,2018-01-21,2018-11-25,2018-12-02,2019-10-13,{},0,none,4,55.76310318721868,7.467469664298522,6.280953746808672,-0.806637102030147,0.3385754507742403,27.31280964135922,0.4743527058695995,47.144018591692,6.866150201655364,5.402531053338721,-0.6509549274676998,0.325091770136531,25.549350364411723,0.9667978071238208,0.006,weekly,2,seed4,weekly|N02BA|A_lag1,,5,linear,0.0,7.467469664298522,0.0,,6.866150201655364,,,,,,,,
AR-LRX [linear],N02BA,A_lag1,pacf_train,1,1,210,45,46,2014-01-12,2018-01-14,2018-01-21,2018-11-25,2018-12-02,2019-10-13,"{""colsample_bytree"": 0.8, ""learning_rate"": 0.05, ""max_depth"": 5, ""n_estimators"": 300, ""subsample"": 0.8}",132,none,4,55.17952558846559,7.428292239032171,6.28078217750434,-0.7877301029293033,0.3367991443389901,27.285935320799187,0.4664497378438051,46.90627433187203,6.848815542257801,5.388064542343907,-0.6426292677349907,0.3242710256228283,25.49365341666024,0.939969862056149,5.415,weekly,2,seed4,weekly|N02BA|A_lag1,-1.3954363553955007,5,linear,0.1,7.467469664298522,0.5246,-2.078308322529544,6.866150201655364,5.0,,,,,,,
AR-LRX-g [linear],N02BA,A_lag1,pacf_train,1,1,210,45,46,2014-01-12,2018-01-14,2018-01-21,2018-11-25,2018-12-02,2019-10-13,"{""colsample_bytree"": 0.8, ""learning_rate"": 0.1, ""max_depth"": 5, ""n_estimators"": 500, ""subsample"": 0.8}",132,none,4,55.18903338863255,7.428932183607046,6.284636350730073,-0.7880381407456825,0.336828159458254,27.281292638786297,0.4650594291134872,47.13675076966162,6.865620931107515,5.395835219238586,-0.65070041274979,0.3250667107518354,25.521500073076066,0.9340123046514258,4.979,weekly,2,seed4,weekly|N02BA|A_lag1,-2.013653431014549,5,linear,0.0999999999999999,7.467469664298522,0.5161,-2.9088638805603875,6.866150201655364,5.0,False,global,1.0,"{""0"": 0.1}",0.1,0.1,7.540429316137465
AR-LRX-Aug [linear],N02BA,A_lag1,pacf_train,1,1,210,45,46,2014-01-12,2018-01-14,2018-01-21,2018-11-25,2018-12-02,2019-10-13,"{""colsample_bytree"": 0.8, ""learning_rate"": 0.05, ""max_depth"": 3, ""n_estimators"": 100, ""subsample"": 0.8}",132,none,4,55.76310318721868,7.467469664298522,6.280953746808672,-0.806637102030147,0.3385754507742403,27.31280964135922,0.4743527058695995,47.144018591692,6.866150201655364,5.402531053338721,-0.6509549274676998,0.325091770136531,25.549350364411723,0.9667978071238208,4.698,weekly,2,seed4,weekly|N02BA|A_lag1,-1.2361468472749904,5,linear,0.0,7.467469664298522,0.0,-1.7727011420568544,6.866150201655364,5.0,True,global,1.0,"{""0"": 0.0}",0.0,0.0,7.467469664298522
XGBoost,N02BA,A_lag1,pacf_train,1,1,210,45,46,2014-01-12,2018-01-14,2018-01-21,2018-11-25,2018-12-02,2019-10-13,"{""colsample_bytree"": 0.8, ""learning_rate"": 0.05, ""max_depth"": 3, ""n_estimators"": 100, ""subsample"": 0.8}",12,none,4,67.40399995001327,8.209993906819497,6.814231270684137,-1.183783903239513,0.3722415373369042,28.844534101090307,0.5008945591725826,51.832034708279245,7.199446833492088,5.532239996868631,-0.8151264075182283,0.3408723733628079,25.83127258592257,0.9265173948465966,4.601,weekly,2,seed4,weekly|N02BA|A_lag1,,5,,,,,,,,,,,,,,
"LR-XGB (residual, tanpa gerbang)",N02BA,A_lag1,pacf_train,1,1,210,45,46,2014-01-12,2018-01-14,2018-01-21,2018-11-25,2018-12-02,2019-10-13,"{""colsample_bytree"": 0.8, ""learning_rate"": 0.05, ""max_depth"": 3, ""n_estimators"": 100, ""subsample"": 0.8}",12,none,4,64.45414796711741,8.028334071718579,6.482154654136313,-1.088213324609693,0.3640050712617996,27.516346653212725,0.4803980194602903,46.63383180883671,6.82889682224272,5.161347945963603,-0.633088495876901,0.3233279335321549,24.36610217202748,0.8595488553406729,4.75,weekly,2,seed4,weekly|N02BA|A_lag1,,5,,,,,,,5.0,,,,,,,
Naive,N02BA,B_rich,pacf_train,1,1,210,45,46,2014-01-12,2018-01-14,2018-01-21,2018-11-25,2018-12-02,2019-10-13,{},0,none,4,49.19444444444444,7.01387513750027,5.391111111111111,-0.5938228589736254,0.3180094520780979,25.109810773395424,0.3725147465421816,38.93119565217392,6.2394868100007965,5.060869565217392,-0.3633468510784168,0.2954211242448012,25.279798597319925,0.73400085945753,0.0,weekly,2,seed4,weekly|N02BA|B_rich,,5,,,,,,,,,,,,,,
SeasonalNaive(s=52),N02BA,B_rich,pacf_train,1,1,210,45,46,2014-01-12,2018-01-14,2018-01-21,2018-11-25,2018-12-02,2019-10-13,{},0,none,4,65.91587345219507,8.118859122573507,6.734814814666667,-1.1355709382177106,0.368109481628018,30.532345050571653,0.437846578175141,51.94179347826088,7.207065524765325,5.744565217391305,-0.8189700930492263,0.3412330957122175,27.667323161502104,0.8050507911847538,0.0,weekly,2,seed4,weekly|N02BA|B_rich,,5,,,,,,,,,,,,,,
S1 [linear],N02BA,B_rich,pacf_train,1,1,210,45,46,2014-01-12,2018-01-14,2018-01-21,2018-11-25,2018-12-02,2019-10-13,{},0,none,4,55.76310318721868,7.467469664298522,6.280953746808672,-0.806637102030147,0.3385754507742403,27.31280964135922,0.4743527058695995,47.144018591692,6.866150201655364,5.402531053338721,-0.6509549274676998,0.325091770136531,25.549350364411723,0.9667978071238208,0.009,weekly,2,seed4,weekly|N02BA|B_rich,,5,linear,0.0,7.467469664298522,0.0,,6.866150201655364,,,,,,,,
AR-LRX [linear],N02BA,B_rich,pacf_train,1,1,210,45,46,2014-01-12,2018-01-14,2018-01-21,2018-11-25,2018-12-02,2019-10-13,"{""colsample_bytree"": 0.8, ""learning_rate"": 0.05, ""max_depth"": 5, ""n_estimators"": 300, ""subsample"": 0.8}",132,none,4,55.17952558846559,7.428292239032171,6.28078217750434,-0.7877301029293033,0.3367991443389901,27.285935320799187,0.4664497378438051,46.90627433187203,6.848815542257801,5.388064542343907,-0.6426292677349907,0.3242710256228283,25.49365341666024,0.939969862056149,5.797,weekly,2,seed4,weekly|N02BA|B_rich,-1.3954363553955007,5,linear,0.1,7.467469664298522,0.5246,-2.078308322529544,6.866150201655364,5.0,,,,,,,
AR-LRX-g [linear],N02BA,B_rich,pacf_train,1,1,210,45,46,2014-01-12,2018-01-14,2018-01-21,2018-11-25,2018-12-02,2019-10-13,"{""colsample_bytree"": 0.8, ""learning_rate"": 0.1, ""max_depth"": 5, ""n_estimators"": 500, ""subsample"": 0.8}",132,none,4,55.18903338863255,7.428932183607046,6.284636350730073,-0.7880381407456825,0.336828159458254,27.281292638786297,0.4650594291134872,47.13675076966162,6.865620931107515,5.395835219238586,-0.65070041274979,0.3250667107518354,25.521500073076066,0.9340123046514258,6.288,weekly,2,seed4,weekly|N02BA|B_rich,-2.013653431014549,5,linear,0.0999999999999999,7.467469664298522,0.5161,-2.9088638805603875,6.866150201655364,5.0,False,global,1.0,"{""0"": 0.1}",0.1,0.1,7.540429316137465
AR-LRX-Aug [linear],N02BA,B_rich,pacf_train,1,1,210,45,46,2014-01-12,2018-01-14,2018-01-21,2018-11-25,2018-12-02,2019-10-13,"{""colsample_bytree"": 0.8, ""learning_rate"": 0.05, ""max_depth"": 3, ""n_estimators"": 100, ""subsample"": 0.8}",132,none,4,55.76310318721868,7.467469664298522,6.280953746808672,-0.806637102030147,0.3385754507742403,27.31280964135922,0.4743527058695995,47.144018591692,6.866150201655364,5.402531053338721,-0.6509549274676998,0.325091770136531,25.549350364411723,0.9667978071238208,5.528,weekly,2,seed4,weekly|N02BA|B_rich,-1.2361468472749904,5,linear,0.0,7.467469664298522,0.0,-1.7727011420568544,6.866150201655364,5.0,True,global,1.0,"{""0"": 0.0}",0.0,0.0,7.467469664298522
XGBoost,N02BA,B_rich,pacf_train,1,1,210,45,46,2014-01-12,2018-01-14,2018-01-21,2018-11-25,2018-12-02,2019-10-13,"{""colsample_bytree"": 0.8, ""learning_rate"": 0.05, ""max_depth"": 3, ""n_estimators"": 100, ""subsample"": 0.8}",12,none,4,67.40399995001327,8.209993906819497,6.814231270684137,-1.183783903239513,0.3722415373369042,28.844534101090307,0.5008945591725826,51.832034708279245,7.199446833492088,5.532239996868631,-0.8151264075182283,0.3408723733628079,25.83127258592257,0.9265173948465966,4.924,weekly,2,seed4,weekly|N02BA|B_rich,,5,,,,,,,,,,,,,,
"LR-XGB (residual, tanpa gerbang)",N02BA,B_rich,pacf_train,1,1,210,45,46,2014-01-12,2018-01-14,2018-01-21,2018-11-25,2018-12-02,2019-10-13,"{""colsample_bytree"": 0.8, ""learning_rate"": 0.05, ""max_depth"": 3, ""n_estimators"": 100, ""subsample"": 0.8}",12,none,4,64.45414796711741,8.028334071718579,6.482154654136313,-1.088213324609693,0.3640050712617996,27.516346653212725,0.4803980194602903,46.63383180883671,6.82889682224272,5.161347945963603,-0.633088495876901,0.3233279335321549,24.36610217202748,0.8595488553406729,6.054,weekly,2,seed4,weekly|N02BA|B_rich,,5,,,,,,,5.0,,,,,,,
Naive,N02BE,A_lag1,pacf_train,1,1,210,45,46,2014-01-12,2018-01-14,2018-01-21,2018-11-25,2018-12-02,2019-10-13,{},0,none,4,1680.9681508666667,40.999611594095214,33.66975555555555,0.5778299809887086,0.1966083430644854,16.091032387206173,0.1901027589132943,2872.5362513913046,53.59604697541886,41.5418695652174,0.6070022317317492,0.2638605401116403,20.08585888444381,0.3344249193079274,0.0,weekly,2,seed4,weekly|N02BE|A_lag1,,5,,,,,,,,,,,,,,
SeasonalNaive(s=52),N02BE,A_lag1,pacf_train,1,1,210,45,46,2014-01-12,2018-01-14,2018-01-21,2018-11-25,2018-12-02,2019-10-13,{},0,none,4,4928.619016884084,70.20412393074986,52.44873333333334,-0.2378076187729074,0.3366548107569486,28.57719475004721,0.2851328006650804,3827.384787608696,61.86586124518672,46.530130434782606,0.4763673812278127,0.3045739468456235,22.53129637433621,0.3785512957226687,0.0,weekly,2,seed4,weekly|N02BE|A_lag1,,5,,,,,,,,,,,,,,
S1 [linear],N02BE,A_lag1,pacf_train,1,1,210,45,46,2014-01-12,2018-01-14,2018-01-21,2018-11-25,2018-12-02,2019-10-13,{},0,none,4,1499.4320458283644,38.72250051105125,31.647842601792338,0.6234222195303742,0.1856887509121654,15.244489991691704,0.1862344902896344,2636.4831549119726,51.34669565718882,39.33803413707109,0.6392971557955466,0.252786681362296,19.063345346674403,0.3279954691336632,0.005,weekly,2,seed4,weekly|N02BE|A_lag1,,5,linear,0.0,38.72250051105125,0.0,,51.34669565718882,,,,,,,,
AR-LRX [linear],N02BE,A_lag1,pacf_train,1,1,210,45,46,2014-01-12,2018-01-14,2018-01-21,2018-11-25,2018-12-02,2019-10-13,"{""colsample_bytree"": 0.8, ""learning_rate"": 0.05, ""max_depth"": 3, ""n_estimators"": 100, ""subsample"": 0.8}",132,none,4,1498.2481060565883,38.70721000093637,31.741324786467345,0.6237195623894292,0.1856154272453936,15.269729703812017,0.1875188044640828,2612.1591646521965,51.10928648154068,39.214513433449234,0.6426249724185189,0.2516178840936708,19.05513921420989,0.3278996098602835,4.003,weekly,2,seed4,weekly|N02BE|A_lag1,0.0421291666710722,5,linear,0.1,38.72250051105125,0.0395,-0.6518088709283505,51.34669565718882,5.0,,,,,,,
AR-LRX-g [linear],N02BE,A_lag1,pacf_train,1,1,210,45,46,2014-01-12,2018-01-14,2018-01-21,2018-11-25,2018-12-02,2019-10-13,"{""colsample_bytree"": 0.8, ""learning_rate"": 0.1, ""max_depth"": 3, ""n_estimators"": 100, ""subsample"": 0.8}",132,none,4,1499.4320458283644,38.72250051105125,31.647842601792338,0.6234222195303742,0.1856887509121654,15.244489991691704,0.1862344902896344,2636.4831549119726,51.34669565718882,39.33803413707109,0.6392971557955466,0.252786681362296,19.063345346674403,0.3279954691336632,4.119,weekly,2,seed4,weekly|N02BE|A_lag1,0.0351745812321979,5,linear,0.0,38.72250051105125,0.0,-1.0995079720720038,51.34669565718882,5.0,False,global,1.0,"{""0"": 0.0}",0.0,0.0,39.90365656713183
AR-LRX-Aug [linear],N02BE,A_lag1,pacf_train,1,1,210,45,46,2014-01-12,2018-01-14,2018-01-21,2018-11-25,2018-12-02,2019-10-13,"{""colsample_bytree"": 0.8, ""learning_rate"": 0.05, ""max_depth"": 3, ""n_estimators"": 300, ""subsample"": 0.8}",132,none,4,1492.369065917441,38.6311929134662,31.73426935936644,0.6251960653713758,0.1852508971186192,15.275555222356818,0.1882722467272883,2592.630056863858,50.91787561224307,38.99284639479164,0.6452967910155409,0.2506755426672729,18.92055372423291,0.3252302908073978,4.674,weekly,2,seed4,weekly|N02BE|A_lag1,0.0396520589758623,5,linear,0.0999999999999999,38.72250051105125,0.2358,-1.15552713626046,51.34669565718882,5.0,True,global,1.0,"{""0"": 0.1}",0.1,0.1,39.775999010189416
XGBoost,N02BE,A_lag1,pacf_train,1,1,210,45,46,2014-01-12,2018-01-14,2018-01-21,2018-11-25,2018-12-02,2019-10-13,"{""colsample_bytree"": 0.8, ""learning_rate"": 0.05, ""max_depth"": 3, ""n_estimators"": 100, ""subsample"": 0.8}",12,none,4,2346.5145618354286,48.44083568473431,35.228818221028654,0.4106800318200014,0.2322917722958684,16.031036557226127,0.2286028745466446,2366.766950601689,48.64942908813719,35.98759976196289,0.6761976009364513,0.2395076756538816,17.991683693341145,0.3170642080583288,5.307,weekly,2,seed4,weekly|N02BE|A_lag1,,5,,,,,,,,,,,,,,
"LR-XGB (residual, tanpa gerbang)",N02BE,A_lag1,pacf_train,1,1,210,45,46,2014-01-12,2018-01-14,2018-01-21,2018-11-25,2018-12-02,2019-10-13,"{""colsample_bytree"": 0.8, ""learning_rate"": 0.05, ""max_depth"": 3, ""n_estimators"": 100, ""subsample"": 0.8}",12,none,4,2472.9543925808275,49.72880847738892,36.09871554359792,0.3789250543553489,0.2384680795053842,16.290686242266123,0.2271467196504422,2515.753874228839,50.15729133664256,38.32755301587423,0.6558143843771258,0.2469310840908332,19.103023331516408,0.3313217606146226,5.0,weekly,2,seed4,weekly|N02BE|A_lag1,,5,,,,,,,5.0,,,,,,,
Naive,N02BE,B_rich,pacf_train,1,1,210,45,46,2014-01-12,2018-01-14,2018-01-21,2018-11-25,2018-12-02,2019-10-13,{},0,none,4,1680.9681508666667,40.999611594095214,33.66975555555555,0.5778299809887086,0.1966083430644854,16.091032387206173,0.1901027589132943,2872.5362513913046,53.59604697541886,41.5418695652174,0.6070022317317492,0.2638605401116403,20.08585888444381,0.3344249193079274,0.0,weekly,2,seed4,weekly|N02BE|B_rich,,5,,,,,,,,,,,,,,
SeasonalNaive(s=52),N02BE,B_rich,pacf_train,1,1,210,45,46,2014-01-12,2018-01-14,2018-01-21,2018-11-25,2018-12-02,2019-10-13,{},0,none,4,4928.619016884084,70.20412393074986,52.44873333333334,-0.2378076187729074,0.3366548107569486,28.57719475004721,0.2851328006650804,3827.384787608696,61.86586124518672,46.530130434782606,0.4763673812278127,0.3045739468456235,22.53129637433621,0.3785512957226687,0.0,weekly,2,seed4,weekly|N02BE|B_rich,,5,,,,,,,,,,,,,,
S1 [linear],N02BE,B_rich,pacf_train,1,1,210,45,46,2014-01-12,2018-01-14,2018-01-21,2018-11-25,2018-12-02,2019-10-13,{},0,none,4,1499.4320458283644,38.72250051105125,31.647842601792338,0.6234222195303742,0.1856887509121654,15.244489991691704,0.1862344902896344,2636.4831549119726,51.34669565718882,39.33803413707109,0.6392971557955466,0.252786681362296,19.063345346674403,0.3279954691336632,0.007,weekly,2,seed4,weekly|N02BE|B_rich,,5,linear,0.0,38.72250051105125,0.0,,51.34669565718882,,,,,,,,
AR-LRX [linear],N02BE,B_rich,pacf_train,1,1,210,45,46,2014-01-12,2018-01-14,2018-01-21,2018-11-25,2018-12-02,2019-10-13,"{""colsample_bytree"": 0.8, ""learning_rate"": 0.05, ""max_depth"": 3, ""n_estimators"": 100, ""subsample"": 0.8}",132,none,4,1498.2481060565883,38.70721000093637,31.741324786467345,0.6237195623894292,0.1856154272453936,15.269729703812017,0.1875188044640828,2612.1591646521965,51.10928648154068,39.214513433449234,0.6426249724185189,0.2516178840936708,19.05513921420989,0.3278996098602835,4.145,weekly,2,seed4,weekly|N02BE|B_rich,0.0421291666710722,5,linear,0.1,38.72250051105125,0.0395,-0.6518088709283505,51.34669565718882,5.0,,,,,,,
AR-LRX-g [linear],N02BE,B_rich,pacf_train,1,1,210,45,46,2014-01-12,2018-01-14,2018-01-21,2018-11-25,2018-12-02,2019-10-13,"{""colsample_bytree"": 0.8, ""learning_rate"": 0.1, ""max_depth"": 3, ""n_estimators"": 100, ""subsample"": 0.8}",132,none,4,1499.4320458283644,38.72250051105125,31.647842601792338,0.6234222195303742,0.1856887509121654,15.244489991691704,0.1862344902896344,2636.4831549119726,51.34669565718882,39.33803413707109,0.6392971557955466,0.252786681362296,19.063345346674403,0.3279954691336632,4.988,weekly,2,seed4,weekly|N02BE|B_rich,0.0351745812321979,5,linear,0.0,38.72250051105125,0.0,-1.0995079720720038,51.34669565718882,5.0,False,global,1.0,"{""0"": 0.0}",0.0,0.0,39.90365656713183
AR-LRX-Aug [linear],N02BE,B_rich,pacf_train,1,1,210,45,46,2014-01-12,2018-01-14,2018-01-21,2018-11-25,2018-12-02,2019-10-13,"{""colsample_bytree"": 0.8, ""learning_rate"": 0.05, ""max_depth"": 3, ""n_estimators"": 300, ""subsample"": 0.8}",132,none,4,1492.369065917441,38.6311929134662,31.73426935936644,0.6251960653713758,0.1852508971186192,15.275555222356818,0.1882722467272883,2592.630056863858,50.91787561224307,38.99284639479164,0.6452967910155409,0.2506755426672729,18.92055372423291,0.3252302908073978,4.804,weekly,2,seed4,weekly|N02BE|B_rich,0.0396520589758623,5,linear,0.0999999999999999,38.72250051105125,0.2358,-1.15552713626046,51.34669565718882,5.0,True,global,1.0,"{""0"": 0.1}",0.1,0.1,39.775999010189416
XGBoost,N02BE,B_rich,pacf_train,1,1,210,45,46,2014-01-12,2018-01-14,2018-01-21,2018-11-25,2018-12-02,2019-10-13,"{""colsample_bytree"": 0.8, ""learning_rate"": 0.05, ""max_depth"": 3, ""n_estimators"": 100, ""subsample"": 0.8}",12,none,4,2346.5145618354286,48.44083568473431,35.228818221028654,0.4106800318200014,0.2322917722958684,16.031036557226127,0.2286028745466446,2366.766950601689,48.64942908813719,35.98759976196289,0.6761976009364513,0.2395076756538816,17.991683693341145,0.3170642080583288,5.171,weekly,2,seed4,weekly|N02BE|B_rich,,5,,,,,,,,,,,,,,
"LR-XGB (residual, tanpa gerbang)",N02BE,B_rich,pacf_train,1,1,210,45,46,2014-01-12,2018-01-14,2018-01-21,2018-11-25,2018-12-02,2019-10-13,"{""colsample_bytree"": 0.8, ""learning_rate"": 0.05, ""max_depth"": 3, ""n_estimators"": 100, ""subsample"": 0.8}",12,none,4,2472.9543925808275,49.72880847738892,36.09871554359792,0.3789250543553489,0.2384680795053842,16.290686242266123,0.2271467196504422,2515.753874228839,50.15729133664256,38.32755301587423,0.6558143843771258,0.2469310840908332,19.103023331516408,0.3313217606146226,5.192,weekly,2,seed4,weekly|N02BE|B_rich,,5,,,,,,,5.0,,,,,,,
Naive,N05B,A_lag1,pacf_train,1,1,210,45,46,2014-01-12,2018-01-14,2018-01-21,2018-11-25,2018-12-02,2019-10-13,{},0,none,4,426.96177777777774,20.663053447585565,15.013333333333332,-0.801173853632781,0.3220550724374308,22.340031684847204,0.2828881884247876,240.0434782608696,15.493336576117798,12.104347826086956,-0.5862350330555679,0.2638042206475491,21.2661248034866,0.3667312182996869,0.0,weekly,2,seed4,weekly|N05B|A_lag1,,5,,,,,,,,,,,,,,
SeasonalNaive(s=52),N05B,A_lag1,pacf_train,1,1,210,45,46,2014-01-12,2018-01-14,2018-01-21,2018-11-25,2018-12-02,2019-10-13,{},0,none,4,942.2986433552592,30.696883284060927,24.86833333177778,-2.975165382622386,0.4784426945770095,44.187967319122926,0.440706007994517,457.088695652174,21.379632729590423,16.165217391304346,-2.020494901632767,0.3640298732459134,26.617268981956737,0.5087289643221211,0.0,weekly,2,seed4,weekly|N05B|A_lag1,,5,,,,,,,,,,,,,,
S1 [linear],N05B,A_lag1,pacf_train,1,1,210,45,46,2014-01-12,2018-01-14,2018-01-21,2018-11-25,2018-12-02,2019-10-13,{},0,none,4,280.1724738223089,16.738353378463156,11.053311405027056,-0.1819309376658278,0.2608845601381415,16.80006438157009,0.223534293627507,168.22555190185386,12.970179331908016,9.770105004562676,-0.1116538796018928,0.2208425559919191,17.156348590497235,0.3310900704837283,0.007,weekly,2,seed4,weekly|N05B|A_lag1,,5,linear,0.0,16.738353378463156,0.0,,12.970179331908016,,,,,,,,
AR-LRX [linear],N05B,A_lag1,pacf_train,1,1,210,45,46,2014-01-12,2018-01-14,2018-01-21,2018-11-25,2018-12-02,2019-10-13,"{""colsample_bytree"": 0.8, ""learning_rate"": 0.05, ""max_depth"": 3, ""n_estimators"": 100, ""subsample"": 0.8}",132,none,4,280.1724738223089,16.738353378463156,11.053311405027056,-0.1819309376658278,0.2608845601381415,16.80006438157009,0.223534293627507,168.22555190185386,12.970179331908016,9.770105004562676,-0.1116538796018928,0.2208425559919191,17.156348590497235,0.3310900704837283,6.318,weekly,2,seed4,weekly|N05B|A_lag1,-0.0759589141948651,5,linear,0.0,16.738353378463156,0.0,-0.3109142918248557,12.970179331908016,5.0,,,,,,,
AR-LRX-g [linear],N05B,A_lag1,pacf_train,1,1,210,45,46,2014-01-12,2018-01-14,2018-01-21,2018-11-25,2018-12-02,2019-10-13,"{""colsample_bytree"": 0.8, ""learning_rate"": 0.05, ""max_depth"": 3, ""n_estimators"": 100, ""subsample"": 0.8}",132,none,4,280.1724738223089,16.738353378463156,11.053311405027056,-0.1819309376658278,0.2608845601381415,16.80006438157009,0.223534293627507,168.22555190185386,12.970179331908016,9.770105004562676,-0.1116538796018928,0.2208425559919191,17.156348590497235,0.3310900704837283,5.054,weekly,2,seed4,weekly|N05B|A_lag1,-0.0759589141948651,5,linear,0.0,16.738353378463156,0.0,-0.3109142918248557,12.970179331908016,5.0,False,global,1.0,"{""0"": 0.0}",0.0,0.0,16.738353378463152
AR-LRX-Aug [linear],N05B,A_lag1,pacf_train,1,1,210,45,46,2014-01-12,2018-01-14,2018-01-21,2018-11-25,2018-12-02,2019-10-13,"{""colsample_bytree"": 0.8, ""learning_rate"": 0.05, ""max_depth"": 3, ""n_estimators"": 100, ""subsample"": 0.8}",132,none,4,280.1724738223089,16.738353378463156,11.053311405027056,-0.1819309376658278,0.2608845601381415,16.80006438157009,0.223534293627507,168.22555190185386,12.970179331908016,9.770105004562676,-0.1116538796018928,0.2208425559919191,17.156348590497235,0.3310900704837283,4.87,weekly,2,seed4,weekly|N05B|A_lag1,-0.0743961014169465,5,linear,0.0,16.738353378463156,0.0,-0.2516941852569982,12.970179331908016,5.0,True,global,1.0,"{""0"": 0.0}",0.0,0.0,16.738353378463152
XGBoost,N05B,A_lag1,pacf_train,1,1,210,45,46,2014-01-12,2018-01-14,2018-01-21,2018-11-25,2018-12-02,2019-10-13,"{""colsample_bytree"": 0.8, ""learning_rate"": 0.05, ""max_depth"": 3, ""n_estimators"": 100, ""subsample"": 0.8}",12,none,4,372.638197147518,19.303838922543825,13.754648861355252,-0.5720053000067411,0.3008703073962566,20.432713420279622,0.2485575713611222,176.3585375339343,13.280005178234468,10.33878931791886,-0.1653975881434073,0.2261179442548066,18.08281995936549,0.3295307361208067,5.023,weekly,2,seed4,weekly|N05B|A_lag1,,5,,,,,,,,,,,,,,
"LR-XGB (residual, tanpa gerbang)",N05B,A_lag1,pacf_train,1,1,210,45,46,2014-01-12,2018-01-14,2018-01-21,2018-11-25,2018-12-02,2019-10-13,"{""colsample_bytree"": 0.8, ""learning_rate"": 0.05, ""max_depth"": 3, ""n_estimators"": 100, ""subsample"": 0.8}",12,none,4,365.93909095308095,19.12953452003161,13.447347913124917,-0.5437445620481092,0.2981535928932607,19.997289758752352,0.2464313707815063,176.07059349647773,13.26915948718975,10.404179914538906,-0.1634948206819364,0.2259332752482709,18.206241039972053,0.3312495742072081,5.502,weekly,2,seed4,weekly|N05B|A_lag1,,5,,,,,,,5.0,,,,,,,
Naive,N05B,B_rich,pacf_train,1,1,210,45,46,2014-01-12,2018-01-14,2018-01-21,2018-11-25,2018-12-02,2019-10-13,{},0,none,4,426.96177777777774,20.663053447585565,15.013333333333332,-0.801173853632781,0.3220550724374308,22.340031684847204,0.2828881884247876,240.0434782608696,15.493336576117798,12.104347826086956,-0.5862350330555679,0.2638042206475491,21.2661248034866,0.3667312182996869,0.0,weekly,2,seed4,weekly|N05B|B_rich,,5,,,,,,,,,,,,,,
SeasonalNaive(s=52),N05B,B_rich,pacf_train,1,1,210,45,46,2014-01-12,2018-01-14,2018-01-21,2018-11-25,2018-12-02,2019-10-13,{},0,none,4,942.2986433552592,30.696883284060927,24.86833333177778,-2.975165382622386,0.4784426945770095,44.187967319122926,0.440706007994517,457.088695652174,21.379632729590423,16.165217391304346,-2.020494901632767,0.3640298732459134,26.617268981956737,0.5087289643221211,0.0,weekly,2,seed4,weekly|N05B|B_rich,,5,,,,,,,,,,,,,,
S1 [linear],N05B,B_rich,pacf_train,1,1,210,45,46,2014-01-12,2018-01-14,2018-01-21,2018-11-25,2018-12-02,2019-10-13,{},0,none,4,280.1724738223089,16.738353378463156,11.053311405027056,-0.1819309376658278,0.2608845601381415,16.80006438157009,0.223534293627507,168.22555190185386,12.970179331908016,9.770105004562676,-0.1116538796018928,0.2208425559919191,17.156348590497235,0.3310900704837283,0.009,weekly,2,seed4,weekly|N05B|B_rich,,5,linear,0.0,16.738353378463156,0.0,,12.970179331908016,,,,,,,,
AR-LRX [linear],N05B,B_rich,pacf_train,1,1,210,45,46,2014-01-12,2018-01-14,2018-01-21,2018-11-25,2018-12-02,2019-10-13,"{""colsample_bytree"": 0.8, ""learning_rate"": 0.05, ""max_depth"": 3, ""n_estimators"": 100, ""subsample"": 0.8}",132,none,4,280.1724738223089,16.738353378463156,11.053311405027056,-0.1819309376658278,0.2608845601381415,16.80006438157009,0.223534293627507,168.22555190185386,12.970179331908016,9.770105004562676,-0.1116538796018928,0.2208425559919191,17.156348590497235,0.3310900704837283,6.114,weekly,2,seed4,weekly|N05B|B_rich,-0.0759589141948651,5,linear,0.0,16.738353378463156,0.0,-0.3109142918248557,12.970179331908016,5.0,,,,,,,
AR-LRX-g [linear],N05B,B_rich,pacf_train,1,1,210,45,46,2014-01-12,2018-01-14,2018-01-21,2018-11-25,2018-12-02,2019-10-13,"{""colsample_bytree"": 0.8, ""learning_rate"": 0.05, ""max_depth"": 3, ""n_estimators"": 100, ""subsample"": 0.8}",132,none,4,280.1724738223089,16.738353378463156,11.053311405027056,-0.1819309376658278,0.2608845601381415,16.80006438157009,0.223534293627507,168.22555190185386,12.970179331908016,9.770105004562676,-0.1116538796018928,0.2208425559919191,17.156348590497235,0.3310900704837283,5.632,weekly,2,seed4,weekly|N05B|B_rich,-0.0759589141948651,5,linear,0.0,16.738353378463156,0.0,-0.3109142918248557,12.970179331908016,5.0,False,global,1.0,"{""0"": 0.0}",0.0,0.0,16.738353378463152
AR-LRX-Aug [linear],N05B,B_rich,pacf_train,1,1,210,45,46,2014-01-12,2018-01-14,2018-01-21,2018-11-25,2018-12-02,2019-10-13,"{""colsample_bytree"": 0.8, ""learning_rate"": 0.05, ""max_depth"": 3, ""n_estimators"": 100, ""subsample"": 0.8}",132,none,4,280.1724738223089,16.738353378463156,11.053311405027056,-0.1819309376658278,0.2608845601381415,16.80006438157009,0.223534293627507,168.22555190185386,12.970179331908016,9.770105004562676,-0.1116538796018928,0.2208425559919191,17.156348590497235,0.3310900704837283,5.102,weekly,2,seed4,weekly|N05B|B_rich,-0.0743961014169465,5,linear,0.0,16.738353378463156,0.0,-0.2516941852569982,12.970179331908016,5.0,True,global,1.0,"{""0"": 0.0}",0.0,0.0,16.738353378463152
XGBoost,N05B,B_rich,pacf_train,1,1,210,45,46,2014-01-12,2018-01-14,2018-01-21,2018-11-25,2018-12-02,2019-10-13,"{""colsample_bytree"": 0.8, ""learning_rate"": 0.05, ""max_depth"": 3, ""n_estimators"": 100, ""subsample"": 0.8}",12,none,4,372.638197147518,19.303838922543825,13.754648861355252,-0.5720053000067411,0.3008703073962566,20.432713420279622,0.2485575713611222,176.3585375339343,13.280005178234468,10.33878931791886,-0.1653975881434073,0.2261179442548066,18.08281995936549,0.3295307361208067,5.046,weekly,2,seed4,weekly|N05B|B_rich,,5,,,,,,,,,,,,,,
"LR-XGB (residual, tanpa gerbang)",N05B,B_rich,pacf_train,1,1,210,45,46,2014-01-12,2018-01-14,2018-01-21,2018-11-25,2018-12-02,2019-10-13,"{""colsample_bytree"": 0.8, ""learning_rate"": 0.05, ""max_depth"": 3, ""n_estimators"": 100, ""subsample"": 0.8}",12,none,4,365.93909095308095,19.12953452003161,13.447347913124917,-0.5437445620481092,0.2981535928932607,19.997289758752352,0.2464313707815063,176.07059349647773,13.26915948718975,10.404179914538906,-0.1634948206819364,0.2259332752482709,18.206241039972053,0.3312495742072081,5.134,weekly,2,seed4,weekly|N05B|B_rich,,5,,,,,,,5.0,,,,,,,
Naive,N05C,A_lag1,pacf_train,1,10,204,43,45,2014-03-16,2018-02-04,2018-02-11,2018-12-02,2018-12-09,2019-10-13,{},0,none,4,28.023255813953487,5.293699633900046,3.930232558139535,-0.7170930540827152,1.1381454212885098,103.83645136372506,1.694474186562659,16.266666666666666,4.033195589934446,3.466666666666667,-1.0887761572606216,0.8249718252138639,83.43106601001338,1.7005504134034763,0.0,weekly,2,seed4,weekly|N05C|A_lag1,,5,,,,,,,,,,,,,,
SeasonalNaive(s=52),N05C,A_lag1,pacf_train,1,10,204,43,45,2014-03-16,2018-02-04,2018-02-11,2018-12-02,2018-12-09,2019-10-13,{},0,none,4,26.55813953488372,5.153458987406781,3.86046511627907,-0.6273197242841997,1.107993682292458,111.313739170882,1.3238583034523583,23.844444444444445,4.883077353927996,3.6222222222222222,-2.061826252377933,0.9988112769398172,94.92769692563294,1.404697471688822,0.0,weekly,2,seed4,weekly|N05C|A_lag1,,5,,,,,,,,,,,,,,
S1 [linear],N05C,A_lag1,pacf_train,1,10,204,43,45,2014-03-16,2018-02-04,2018-02-11,2018-12-02,2018-12-09,2019-10-13,{},0,none,4,16.6747895027876,4.083477623642329,2.880965845650394,-0.0217287178769312,0.8779476890831007,71.7752895751267,0.703521993405679,8.7326038490643,2.95509794238098,2.392135351294518,-0.121339428938187,0.6044518518506549,57.40333488628655,1.0633393387073906,0.006,weekly,2,seed4,weekly|N05C|A_lag1,,5,linear,0.0,4.083477623642329,0.0,,2.95509794238098,,,,,,,,
AR-LRX [linear],N05C,A_lag1,pacf_train,1,10,204,43,45,2014-03-16,2018-02-04,2018-02-11,2018-12-02,2018-12-09,2019-10-13,"{""colsample_bytree"": 0.8, ""learning_rate"": 0.05, ""max_depth"": 3, ""n_estimators"": 100, ""subsample"": 0.8}",132,none,4,16.6747895027876,4.083477623642329,2.880965845650394,-0.0217287178769312,0.8779476890831007,71.7752895751267,0.703521993405679,8.7326038490643,2.95509794238098,2.392135351294518,-0.121339428938187,0.6044518518506549,57.40333488628655,1.0633393387073906,4.915,weekly,2,seed4,weekly|N05C|A_lag1,-0.2209170617915057,5,linear,0.0,4.083477623642329,0.0,-0.1116570569739672,2.95509794238098,5.0,,,,,,,
AR-LRX-g [linear],N05C,A_lag1,pacf_train,1,10,204,43,45,2014-03-16,2018-02-04,2018-02-11,2018-12-02,2018-12-09,2019-10-13,"{""colsample_bytree"": 0.8, ""learning_rate"": 0.05, ""max_depth"": 3, ""n_estimators"": 100, ""subsample"": 0.8}",132,none,4,16.6747895027876,4.083477623642329,2.880965845650394,-0.0217287178769312,0.8779476890831007,71.7752895751267,0.703521993405679,8.7326038490643,2.95509794238098,2.392135351294518,-0.121339428938187,0.6044518518506549,57.40333488628655,1.0633393387073906,5.037,weekly,2,seed4,weekly|N05C|A_lag1,-0.2209170617915057,5,linear,0.0,4.083477623642329,0.0,-0.1116570569739672,2.95509794238098,5.0,False,global,1.0,"{""0"": 0.0}",0.0,0.0,4.1227357750207005
AR-LRX-Aug [linear],N05C,A_lag1,pacf_train,1,10,204,43,45,2014-03-16,2018-02-04,2018-02-11,2018-12-02,2018-12-09,2019-10-13,"{""colsample_bytree"": 0.8, ""learning_rate"": 0.05, ""max_depth"": 3, ""n_estimators"": 100, ""subsample"": 0.8}",132,none,4,16.6747895027876,4.083477623642329,2.880965845650394,-0.0217287178769312,0.8779476890831007,71.7752895751267,0.703521993405679,8.7326038490643,2.95509794238098,2.392135351294518,-0.121339428938187,0.6044518518506549,57.40333488628655,1.0633393387073906,5.056,weekly,2,seed4,weekly|N05C|A_lag1,-0.3195949814868912,5,linear,0.0,4.083477623642329,0.0,-0.1475062386913512,2.95509794238098,5.0,True,global,1.0,"{""0"": 0.0}",0.0,0.0,4.083477623642329
XGBoost,N05C,A_lag1,pacf_train,1,10,204,43,45,2014-03-16,2018-02-04,2018-02-11,2018-12-02,2018-12-09,2019-10-13,"{""colsample_bytree"": 0.8, ""learning_rate"": 0.05, ""max_depth"": 3, ""n_estimators"": 100, ""subsample"": 0.8}",12,none,4,17.544171168533133,4.188576269871796,3.010776946710986,-0.0749990883688285,0.9005438980224362,74.37464633455834,0.8413153176005806,9.736009778058492,3.1202579665884183,2.539576594034831,-0.2501851490531672,0.6382345840749036,61.86752931223979,1.0823161009238749,4.614,weekly,2,seed4,weekly|N05C|A_lag1,,5,,,,,,,,,,,,,,
"LR-XGB (residual, tanpa gerbang)",N05C,A_lag1,pacf_train,1,10,204,43,45,2014-03-16,2018-02-04,2018-02-11,2018-12-02,2018-12-09,2019-10-13,"{""colsample_bytree"": 0.8, ""learning_rate"": 0.05, ""max_depth"": 3, ""n_estimators"": 100, ""subsample"": 0.8}",12,none,4,17.80022360875099,4.219031122041053,3.0335769185601174,-0.0906884097488265,0.9070916912388264,74.9528007940976,0.8414837213956897,9.78957568336629,3.128829762605548,2.549774376024217,-0.2570634596586392,0.6399879059874984,62.17349253306495,1.093951548800591,5.052,weekly,2,seed4,weekly|N05C|A_lag1,,5,,,,,,,5.0,,,,,,,
Naive,N05C,B_rich,pacf_train,11,10,204,43,45,2014-03-16,2018-02-04,2018-02-11,2018-12-02,2018-12-09,2019-10-13,{},0,none,4,28.023255813953487,5.293699633900046,3.930232558139535,-0.7170930540827152,1.1381454212885098,103.83645136372506,1.694474186562659,16.266666666666666,4.033195589934446,3.466666666666667,-1.0887761572606216,0.8249718252138639,83.43106601001338,1.7005504134034763,0.0,weekly,2,seed4,weekly|N05C|B_rich,,5,,,,,,,,,,,,,,
SeasonalNaive(s=52),N05C,B_rich,pacf_train,11,10,204,43,45,2014-03-16,2018-02-04,2018-02-11,2018-12-02,2018-12-09,2019-10-13,{},0,none,4,26.55813953488372,5.153458987406781,3.86046511627907,-0.6273197242841997,1.107993682292458,111.313739170882,1.3238583034523583,23.844444444444445,4.883077353927996,3.6222222222222222,-2.061826252377933,0.9988112769398172,94.92769692563294,1.404697471688822,0.0,weekly,2,seed4,weekly|N05C|B_rich,,5,,,,,,,,,,,,,,
S1 [linear],N05C,B_rich,pacf_train,11,10,204,43,45,2014-03-16,2018-02-04,2018-02-11,2018-12-02,2018-12-09,2019-10-13,{},0,none,4,17.659626898755008,4.202335885999001,2.787213246262259,-0.0820735066210902,0.9035022154897852,68.904493375253,0.6035741439547535,8.649548295964209,2.941011440978122,2.4123457709263696,-0.1106744007182958,0.6015705220182522,58.05904326021262,1.1261556910723465,0.006,weekly,2,seed4,weekly|N05C|B_rich,,5,linear,0.0,4.202335885999001,0.0,,2.941011440978122,,,,,,,,
AR-LRX [linear],N05C,B_rich,pacf_train,11,10,204,43,45,2014-03-16,2018-02-04,2018-02-11,2018-12-02,2018-12-09,2019-10-13,"{""colsample_bytree"": 0.8, ""learning_rate"": 0.1, ""max_depth"": 3, ""n_estimators"": 500, ""subsample"": 0.8}",132,none,4,16.95985816307867,4.11823483583424,2.919240639668472,-0.03919597506404,0.8854204897043616,73.01399587393821,0.7274096849197154,9.017745535559657,3.0029561328064145,2.384008403731368,-0.1579540082123214,0.6142410271649483,56.71965315664518,1.2673700356036215,5.13,weekly,2,seed4,weekly|N05C|B_rich,-0.3288014288103487,5,linear,0.4,4.202335885999001,2.0013,-0.0713780256499911,2.941011440978122,5.0,,,,,,,
AR-LRX-g [linear],N05C,B_rich,pacf_train,11,10,204,43,45,2014-03-16,2018-02-04,2018-02-11,2018-12-02,2018-12-09,2019-10-13,"{""colsample_bytree"": 0.8, ""learning_rate"": 0.1, ""max_depth"": 3, ""n_estimators"": 500, ""subsample"": 0.8}",132,none,4,16.95985816307867,4.11823483583424,2.919240639668472,-0.03919597506404,0.8854204897043616,73.01399587393821,0.7274096849197154,9.01774551011753,3.002956128570234,2.384008402875068,-0.1579540049453394,0.6142410262984569,56.7196531609877,1.267370030468593,5.717,weekly,2,seed4,weekly|N05C|B_rich,-0.3288014288103487,5,linear,0.3999999999999998,4.202335885999001,2.0013,-0.0713780256499911,2.941011440978122,5.0,False,global,1.0,"{""0"": 0.4}",0.4,0.4,4.118234835834241
AR-LRX-Aug [linear],N05C,B_rich,pacf_train,11,10,204,43,45,2014-03-16,2018-02-04,2018-02-11,2018-12-02,2018-12-09,2019-10-13,"{""colsample_bytree"": 0.8, ""learning_rate"": 0.05, ""max_depth"": 5, ""n_estimators"": 500, ""subsample"": 0.8}",132,none,4,16.972300427094478,4.119745189583268,2.904935025690161,-0.0399583606076914,0.8857452157604027,72.34210675173391,0.632889962091615,8.836675659751341,2.972654648584552,2.353690264994725,-0.1347031205451152,0.6080429963013855,55.9051075483019,1.3244385760176944,6.012,weekly,2,seed4,weekly|N05C|B_rich,-0.1465340949931042,5,linear,0.7,4.202335885999001,1.9654,0.0034120368971145,2.941011440978122,5.0,True,global,1.0,"{""0"": 0.7}",0.7,0.7,4.121461849074247
XGBoost,N05C,B_rich,pacf_train,11,10,204,43,45,2014-03-16,2018-02-04,2018-02-11,2018-12-02,2018-12-09,2019-10-13,"{""colsample_bytree"": 0.8, ""learning_rate"": 0.05, ""max_depth"": 3, ""n_estimators"": 100, ""subsample"": 0.8}",12,none,4,18.24711316084679,4.271663980329772,3.040589376937511,-0.1180710576088854,0.918407755770901,74.98426464366729,0.8026581521548849,8.401290089634887,2.898497902299549,2.317984003490872,-0.0787959690241375,0.5928745709249077,55.312507227848485,1.2356799712719684,4.704,weekly,2,seed4,weekly|N05C|B_rich,,5,,,,,,,,,,,,,,
"LR-XGB (residual, tanpa gerbang)",N05C,B_rich,pacf_train,11,10,204,43,45,2014-03-16,2018-02-04,2018-02-11,2018-12-02,2018-12-09,2019-10-13,"{""colsample_bytree"": 0.8, ""learning_rate"": 0.05, ""max_depth"": 3, ""n_estimators"": 100, ""subsample"": 0.8}",12,none,4,17.831418843355546,4.222726470345379,2.9587610685699675,-0.0925998621873149,0.9078861911242564,73.5813766322026,0.7933258512227187,8.87497651867653,2.9790898809328548,2.4237586928271395,-0.1396212714216851,0.6093592938271748,57.47536263239326,1.243152786174318,5.172,weekly,2,seed4,weekly|N05C|B_rich,,5,,,,,,,5.0,,,,,,,
Naive,R03,A_lag1,pacf_train,1,1,210,45,46,2014-01-12,2018-01-14,2018-01-21,2018-11-25,2018-12-02,2019-10-13,{},0,none,4,605.225,24.60132110273756,18.655555555555555,-0.0380099004638978,0.5059108646741414,43.15658808353479,1.0011745992904533,851.7612469747946,29.184948980164325,21.98369565217392,0.034613661979338,0.5760084322364312,40.98350136138161,0.5872130475279131,0.0,weekly,2,seed4,weekly|R03|A_lag1,,5,,,,,,,,,,,,,,
SeasonalNaive(s=52),R03,A_lag1,pacf_train,1,1,210,45,46,2014-01-12,2018-01-14,2018-01-21,2018-11-25,2018-12-02,2019-10-13,{},0,none,4,614.4748842545926,24.78860391903087,20.19351851844444,-0.0538742012353665,0.5097622192877364,49.6886383629502,0.5251434447101891,1132.0758227639192,33.64633446252235,25.980978260869566,-0.2830949245242296,0.6640605189144648,56.65064999174927,0.93022075429727,0.0,weekly,2,seed4,weekly|R03|A_lag1,,5,,,,,,,,,,,,,,
S1 [linear],R03,A_lag1,pacf_train,1,1,210,45,46,2014-01-12,2018-01-14,2018-01-21,2018-11-25,2018-12-02,2019-10-13,{},0,none,4,552.0732474890453,23.49623900731871,17.94200808918741,0.053149660580966,0.4831855388229598,40.92385320485504,1.1251795150117032,713.517209522314,26.71174291434975,18.83879141520894,0.1912994768640235,0.5271960272692094,38.48032058277108,0.5320799290362752,0.014,weekly,2,seed4,weekly|R03|A_lag1,,5,linear,0.0,23.49623900731871,0.0,,26.71174291434975,,,,,,,,
AR-LRX [linear],R03,A_lag1,pacf_train,1,1,210,45,46,2014-01-12,2018-01-14,2018-01-21,2018-11-25,2018-12-02,2019-10-13,"{""colsample_bytree"": 0.8, ""learning_rate"": 0.05, ""max_depth"": 3, ""n_estimators"": 100, ""subsample"": 0.8}",132,none,4,552.0732474890453,23.49623900731871,17.94200808918741,0.053149660580966,0.4831855388229598,40.92385320485504,1.1251795150117032,713.517209522314,26.71174291434975,18.83879141520894,0.1912994768640235,0.5271960272692094,38.48032058277108,0.5320799290362752,5.611,weekly,2,seed4,weekly|R03|A_lag1,-0.058965993565468,5,linear,0.0,23.49623900731871,0.0,-0.3782302048140311,26.71174291434975,5.0,,,,,,,
AR-LRX-g [linear],R03,A_lag1,pacf_train,1,1,210,45,46,2014-01-12,2018-01-14,2018-01-21,2018-11-25,2018-12-02,2019-10-13,"{""colsample_bytree"": 0.8, ""learning_rate"": 0.05, ""max_depth"": 3, ""n_estimators"": 300, ""subsample"": 0.8}",132,none,4,552.0732474890453,23.49623900731871,17.94200808918741,0.053149660580966,0.4831855388229598,40.92385320485504,1.1251795150117032,713.517209522314,26.71174291434975,18.83879141520894,0.1912994768640235,0.5271960272692094,38.48032058277108,0.5320799290362752,5.134,weekly,2,seed4,weekly|R03|A_lag1,-0.0562791624290253,5,linear,0.0,23.49623900731871,0.0,-0.5065419031011404,26.71174291434975,5.0,False,global,1.0,"{""0"": 0.0}",0.0,0.0,23.49623900731872
AR-LRX-Aug [linear],R03,A_lag1,pacf_train,1,1,210,45,46,2014-01-12,2018-01-14,2018-01-21,2018-11-25,2018-12-02,2019-10-13,"{""colsample_bytree"": 0.8, ""learning_rate"": 0.1, ""max_depth"": 3, ""n_estimators"": 300, ""subsample"": 0.8}",132,none,4,545.2751744322796,23.351127904927413,18.051046273586284,0.0648089065423848,0.4802014192718992,41.47974271416948,1.0632209267377344,703.1598159874354,26.517160782923867,18.791199568689564,0.203038548407356,0.5233556591212294,38.43630298044488,0.537273695926107,5.119,weekly,2,seed4,weekly|R03|A_lag1,-0.1739923416781894,5,linear,0.1999999999999999,23.49623900731871,0.6176,-0.3600835419520192,26.71174291434975,5.0,True,global,1.0,"{""0"": 0.2}",0.2,0.2,23.557043263657263
XGBoost,R03,A_lag1,pacf_train,1,1,210,45,46,2014-01-12,2018-01-14,2018-01-21,2018-11-25,2018-12-02,2019-10-13,"{""colsample_bytree"": 0.8, ""learning_rate"": 0.05, ""max_depth"": 3, ""n_estimators"": 100, ""subsample"": 0.8}",12,none,4,637.3783976884254,25.246354146458955,19.60235873328315,-0.0931555820437044,0.5191755679609976,45.10015088799633,0.9762903442838968,724.210010111988,26.911150293363303,19.007704099164297,0.1791802549093809,0.5311316288644029,38.90020200109397,0.5954242255807993,4.847,weekly,2,seed4,weekly|R03|A_lag1,,5,,,,,,,,,,,,,,
"LR-XGB (residual, tanpa gerbang)",R03,A_lag1,pacf_train,1,1,210,45,46,2014-01-12,2018-01-14,2018-01-21,2018-11-25,2018-12-02,2019-10-13,"{""colsample_bytree"": 0.8, ""learning_rate"": 0.05, ""max_depth"": 3, ""n_estimators"": 100, ""subsample"": 0.8}",12,none,4,630.8304050897902,25.116337413918263,19.29738600168729,-0.0819252443254221,0.5165018547361233,44.3001738830094,1.0121938961145378,696.464139841744,26.39060703814416,18.89248270560676,0.2106274288569177,0.5208579324959832,38.86042230666192,0.5851788386015118,5.459,weekly,2,seed4,weekly|R03|A_lag1,,5,,,,,,,5.0,,,,,,,
Naive,R03,B_rich,pacf_train,1,1,210,45,46,2014-01-12,2018-01-14,2018-01-21,2018-11-25,2018-12-02,2019-10-13,{},0,none,4,605.225,24.60132110273756,18.655555555555555,-0.0380099004638978,0.5059108646741414,43.15658808353479,1.0011745992904533,851.7612469747946,29.184948980164325,21.98369565217392,0.034613661979338,0.5760084322364312,40.98350136138161,0.5872130475279131,0.0,weekly,2,seed4,weekly|R03|B_rich,,5,,,,,,,,,,,,,,
SeasonalNaive(s=52),R03,B_rich,pacf_train,1,1,210,45,46,2014-01-12,2018-01-14,2018-01-21,2018-11-25,2018-12-02,2019-10-13,{},0,none,4,614.4748842545926,24.78860391903087,20.19351851844444,-0.0538742012353665,0.5097622192877364,49.6886383629502,0.5251434447101891,1132.0758227639192,33.64633446252235,25.980978260869566,-0.2830949245242296,0.6640605189144648,56.65064999174927,0.93022075429727,0.0,weekly,2,seed4,weekly|R03|B_rich,,5,,,,,,,,,,,,,,
S1 [linear],R03,B_rich,pacf_train,1,1,210,45,46,2014-01-12,2018-01-14,2018-01-21,2018-11-25,2018-12-02,2019-10-13,{},0,none,4,552.0732474890453,23.49623900731871,17.94200808918741,0.053149660580966,0.4831855388229598,40.92385320485504,1.1251795150117032,713.517209522314,26.71174291434975,18.83879141520894,0.1912994768640235,0.5271960272692094,38.48032058277108,0.5320799290362752,0.009,weekly,2,seed4,weekly|R03|B_rich,,5,linear,0.0,23.49623900731871,0.0,,26.71174291434975,,,,,,,,
AR-LRX [linear],R03,B_rich,pacf_train,1,1,210,45,46,2014-01-12,2018-01-14,2018-01-21,2018-11-25,2018-12-02,2019-10-13,"{""colsample_bytree"": 0.8, ""learning_rate"": 0.05, ""max_depth"": 3, ""n_estimators"": 100, ""subsample"": 0.8}",132,none,4,552.0732474890453,23.49623900731871,17.94200808918741,0.053149660580966,0.4831855388229598,40.92385320485504,1.1251795150117032,713.517209522314,26.71174291434975,18.83879141520894,0.1912994768640235,0.5271960272692094,38.48032058277108,0.5320799290362752,5.637,weekly,2,seed4,weekly|R03|B_rich,-0.058965993565468,5,linear,0.0,23.49623900731871,0.0,-0.3782302048140311,26.71174291434975,5.0,,,,,,,
AR-LRX-g [linear],R03,B_rich,pacf_train,1,1,210,45,46,2014-01-12,2018-01-14,2018-01-21,2018-11-25,2018-12-02,2019-10-13,"{""colsample_bytree"": 0.8, ""learning_rate"": 0.05, ""max_depth"": 3, ""n_estimators"": 300, ""subsample"": 0.8}",132,none,4,552.0732474890453,23.49623900731871,17.94200808918741,0.053149660580966,0.4831855388229598,40.92385320485504,1.1251795150117032,713.517209522314,26.71174291434975,18.83879141520894,0.1912994768640235,0.5271960272692094,38.48032058277108,0.5320799290362752,5.818,weekly,2,seed4,weekly|R03|B_rich,-0.0562791624290253,5,linear,0.0,23.49623900731871,0.0,-0.5065419031011404,26.71174291434975,5.0,False,global,1.0,"{""0"": 0.0}",0.0,0.0,23.49623900731872
AR-LRX-Aug [linear],R03,B_rich,pacf_train,1,1,210,45,46,2014-01-12,2018-01-14,2018-01-21,2018-11-25,2018-12-02,2019-10-13,"{""colsample_bytree"": 0.8, ""learning_rate"": 0.1, ""max_depth"": 3, ""n_estimators"": 300, ""subsample"": 0.8}",132,none,4,545.2751744322796,23.351127904927413,18.051046273586284,0.0648089065423848,0.4802014192718992,41.47974271416948,1.0632209267377344,703.1598159874354,26.517160782923867,18.791199568689564,0.203038548407356,0.5233556591212294,38.43630298044488,0.537273695926107,4.903,weekly,2,seed4,weekly|R03|B_rich,-0.1739923416781894,5,linear,0.1999999999999999,23.49623900731871,0.6176,-0.3600835419520192,26.71174291434975,5.0,True,global,1.0,"{""0"": 0.2}",0.2,0.2,23.557043263657263
XGBoost,R03,B_rich,pacf_train,1,1,210,45,46,2014-01-12,2018-01-14,2018-01-21,2018-11-25,2018-12-02,2019-10-13,"{""colsample_bytree"": 0.8, ""learning_rate"": 0.05, ""max_depth"": 3, ""n_estimators"": 100, ""subsample"": 0.8}",12,none,4,637.3783976884254,25.246354146458955,19.60235873328315,-0.0931555820437044,0.5191755679609976,45.10015088799633,0.9762903442838968,724.210010111988,26.911150293363303,19.007704099164297,0.1791802549093809,0.5311316288644029,38.90020200109397,0.5954242255807993,4.984,weekly,2,seed4,weekly|R03|B_rich,,5,,,,,,,,,,,,,,
"LR-XGB (residual, tanpa gerbang)",R03,B_rich,pacf_train,1,1,210,45,46,2014-01-12,2018-01-14,2018-01-21,2018-11-25,2018-12-02,2019-10-13,"{""colsample_bytree"": 0.8, ""learning_rate"": 0.05, ""max_depth"": 3, ""n_estimators"": 100, ""subsample"": 0.8}",12,none,4,630.8304050897902,25.116337413918263,19.29738600168729,-0.0819252443254221,0.5165018547361233,44.3001738830094,1.0121938961145378,696.464139841744,26.39060703814416,18.89248270560676,0.2106274288569177,0.5208579324959832,38.86042230666192,0.5851788386015118,4.775,weekly,2,seed4,weekly|R03|B_rich,,5,,,,,,,5.0,,,,,,,
Naive,R06,A_lag1,pacf_train,1,1,210,45,46,2014-01-12,2018-01-14,2018-01-21,2018-11-25,2018-12-02,2019-10-13,{},0,none,4,72.78178666666668,8.531224218520263,7.1773333333333325,0.6065903388703285,0.3467350883611017,31.67014048982149,0.4256223160582587,88.61228260869566,9.413409722767604,6.910869565217392,0.4692393642943022,0.3794499042625636,31.080923626166985,1.6974011088135652,0.0,weekly,2,seed4,weekly|R06|A_lag1,,5,,,,,,,,,,,,,,
SeasonalNaive(s=52),R06,A_lag1,pacf_train,1,1,210,45,46,2014-01-12,2018-01-14,2018-01-21,2018-11-25,2018-12-02,2019-10-13,{},0,none,4,144.90436425880372,12.037622865782252,8.928481481555556,0.2167439211082876,0.4892458715319737,39.59400277715749,0.4217677180101728,150.25668913043478,12.257923524416148,9.24021739130435,0.1000081084235952,0.4941108530044978,38.11526129262688,3.121014022979048,0.0,weekly,2,seed4,weekly|R06|A_lag1,,5,,,,,,,,,,,,,,
S1 [linear],R06,A_lag1,pacf_train,1,1,210,45,46,2014-01-12,2018-01-14,2018-01-21,2018-11-25,2018-12-02,2019-10-13,{},0,none,4,69.38078682149396,8.329513000259617,6.405952128088666,0.6249738693917666,0.3385369264917655,27.86500534047628,0.408226425108261,79.69377989817822,8.927137273402836,6.663411575061467,0.5226584844074853,0.3598485016049584,29.74831197601932,1.9484451334648163,0.008,weekly,2,seed4,weekly|R06|A_lag1,,5,linear,0.0,8.329513000259617,0.0,,8.927137273402836,,,,,,,,
AR-LRX [linear],R06,A_lag1,pacf_train,1,1,210,45,46,2014-01-12,2018-01-14,2018-01-21,2018-11-25,2018-12-02,2019-10-13,"{""colsample_bytree"": 0.8, ""learning_rate"": 0.05, ""max_depth"": 3, ""n_estimators"": 100, ""subsample"": 0.8}",132,none,4,69.38078682149396,8.329513000259617,6.405952128088666,0.6249738693917666,0.3385369264917655,27.86500534047628,0.408226425108261,79.69377989817822,8.927137273402836,6.663411575061467,0.5226584844074853,0.3598485016049584,29.74831197601932,1.9484451334648163,5.147,weekly,2,seed4,weekly|R06|A_lag1,-0.2325495813353977,5,linear,0.0,8.329513000259617,0.0,-0.4162761560393404,8.927137273402836,5.0,,,,,,,
AR-LRX-g [linear],R06,A_lag1,pacf_train,1,1,210,45,46,2014-01-12,2018-01-14,2018-01-21,2018-11-25,2018-12-02,2019-10-13,"{""colsample_bytree"": 0.8, ""learning_rate"": 0.05, ""max_depth"": 3, ""n_estimators"": 100, ""subsample"": 0.8}",132,none,4,69.38078682149396,8.329513000259617,6.405952128088666,0.6249738693917666,0.3385369264917655,27.86500534047628,0.408226425108261,79.69377989817822,8.927137273402836,6.663411575061467,0.5226584844074853,0.3598485016049584,29.74831197601932,1.9484451334648163,4.768,weekly,2,seed4,weekly|R06|A_lag1,-0.2325495813353977,5,linear,0.0,8.329513000259617,0.0,-0.4162761560393404,8.927137273402836,5.0,False,global,1.0,"{""0"": 0.0}",0.0,0.0,8.329513000259617
AR-LRX-Aug [linear],R06,A_lag1,pacf_train,1,1,210,45,46,2014-01-12,2018-01-14,2018-01-21,2018-11-25,2018-12-02,2019-10-13,"{""colsample_bytree"": 0.8, ""learning_rate"": 0.05, ""max_depth"": 3, ""n_estimators"": 100, ""subsample"": 0.8}",132,none,4,69.38078682149396,8.329513000259617,6.405952128088666,0.6249738693917666,0.3385369264917655,27.86500534047628,0.408226425108261,79.69377989817822,8.927137273402836,6.663411575061467,0.5226584844074853,0.3598485016049584,29.74831197601932,1.9484451334648163,4.843,weekly,2,seed4,weekly|R06|A_lag1,-0.2093015981214925,5,linear,0.0,8.329513000259617,0.0,-0.4179633243082694,8.927137273402836,5.0,True,global,1.0,"{""0"": 0.0}",0.0,0.0,8.329513000259617
XGBoost,R06,A_lag1,pacf_train,1,1,210,45,46,2014-01-12,2018-01-14,2018-01-21,2018-11-25,2018-12-02,2019-10-13,"{""colsample_bytree"": 0.8, ""learning_rate"": 0.05, ""max_depth"": 3, ""n_estimators"": 100, ""subsample"": 0.8}",12,none,4,124.5027142426872,11.158078429670908,8.191235349019369,0.3270215961547354,0.4534984910903096,34.1437016354603,0.431108942471228,96.93046538079057,9.845327083484356,7.091372620126476,0.4194159781218755,0.396860280098741,30.26240576869224,1.6872573342104449,4.943,weekly,2,seed4,weekly|R06|A_lag1,,5,,,,,,,,,,,,,,
"LR-XGB (residual, tanpa gerbang)",R06,A_lag1,pacf_train,1,1,210,45,46,2014-01-12,2018-01-14,2018-01-21,2018-11-25,2018-12-02,2019-10-13,"{""colsample_bytree"": 0.8, ""learning_rate"": 0.05, ""max_depth"": 3, ""n_estimators"": 100, ""subsample"": 0.8}",12,none,4,93.55646726280544,9.672459214843215,7.317825921091435,0.4942963099969312,0.3931183748807303,31.561901065862408,0.4172276248837346,96.69159273566196,9.833188330122736,7.070080863255248,0.4208467526516438,0.3963709729362372,30.13190767111652,1.7801111198149269,4.892,weekly,2,seed4,weekly|R06|A_lag1,,5,,,,,,,5.0,,,,,,,
Naive,R06,B_rich,pacf_train,1,1,210,45,46,2014-01-12,2018-01-14,2018-01-21,2018-11-25,2018-12-02,2019-10-13,{},0,none,4,72.78178666666668,8.531224218520263,7.1773333333333325,0.6065903388703285,0.3467350883611017,31.67014048982149,0.4256223160582587,88.61228260869566,9.413409722767604,6.910869565217392,0.4692393642943022,0.3794499042625636,31.080923626166985,1.6974011088135652,0.0,weekly,2,seed4,weekly|R06|B_rich,,5,,,,,,,,,,,,,,
SeasonalNaive(s=52),R06,B_rich,pacf_train,1,1,210,45,46,2014-01-12,2018-01-14,2018-01-21,2018-11-25,2018-12-02,2019-10-13,{},0,none,4,144.90436425880372,12.037622865782252,8.928481481555556,0.2167439211082876,0.4892458715319737,39.59400277715749,0.4217677180101728,150.25668913043478,12.257923524416148,9.24021739130435,0.1000081084235952,0.4941108530044978,38.11526129262688,3.121014022979048,0.0,weekly,2,seed4,weekly|R06|B_rich,,5,,,,,,,,,,,,,,
S1 [linear],R06,B_rich,pacf_train,1,1,210,45,46,2014-01-12,2018-01-14,2018-01-21,2018-11-25,2018-12-02,2019-10-13,{},0,none,4,69.38078682149396,8.329513000259617,6.405952128088666,0.6249738693917666,0.3385369264917655,27.86500534047628,0.408226425108261,79.69377989817822,8.927137273402836,6.663411575061467,0.5226584844074853,0.3598485016049584,29.74831197601932,1.9484451334648163,0.006,weekly,2,seed4,weekly|R06|B_rich,,5,linear,0.0,8.329513000259617,0.0,,8.927137273402836,,,,,,,,
AR-LRX [linear],R06,B_rich,pacf_train,1,1,210,45,46,2014-01-12,2018-01-14,2018-01-21,2018-11-25,2018-12-02,2019-10-13,"{""colsample_bytree"": 0.8, ""learning_rate"": 0.05, ""max_depth"": 3, ""n_estimators"": 100, ""subsample"": 0.8}",132,none,4,69.38078682149396,8.329513000259617,6.405952128088666,0.6249738693917666,0.3385369264917655,27.86500534047628,0.408226425108261,79.69377989817822,8.927137273402836,6.663411575061467,0.5226584844074853,0.3598485016049584,29.74831197601932,1.9484451334648163,5.145,weekly,2,seed4,weekly|R06|B_rich,-0.2325495813353977,5,linear,0.0,8.329513000259617,0.0,-0.4162761560393404,8.927137273402836,5.0,,,,,,,
AR-LRX-g [linear],R06,B_rich,pacf_train,1,1,210,45,46,2014-01-12,2018-01-14,2018-01-21,2018-11-25,2018-12-02,2019-10-13,"{""colsample_bytree"": 0.8, ""learning_rate"": 0.05, ""max_depth"": 3, ""n_estimators"": 100, ""subsample"": 0.8}",132,none,4,69.38078682149396,8.329513000259617,6.405952128088666,0.6249738693917666,0.3385369264917655,27.86500534047628,0.408226425108261,79.69377989817822,8.927137273402836,6.663411575061467,0.5226584844074853,0.3598485016049584,29.74831197601932,1.9484451334648163,5.23,weekly,2,seed4,weekly|R06|B_rich,-0.2325495813353977,5,linear,0.0,8.329513000259617,0.0,-0.4162761560393404,8.927137273402836,5.0,False,global,1.0,"{""0"": 0.0}",0.0,0.0,8.329513000259617
AR-LRX-Aug [linear],R06,B_rich,pacf_train,1,1,210,45,46,2014-01-12,2018-01-14,2018-01-21,2018-11-25,2018-12-02,2019-10-13,"{""colsample_bytree"": 0.8, ""learning_rate"": 0.05, ""max_depth"": 3, ""n_estimators"": 100, ""subsample"": 0.8}",132,none,4,69.38078682149396,8.329513000259617,6.405952128088666,0.6249738693917666,0.3385369264917655,27.86500534047628,0.408226425108261,79.69377989817822,8.927137273402836,6.663411575061467,0.5226584844074853,0.3598485016049584,29.74831197601932,1.9484451334648163,5.069,weekly,2,seed4,weekly|R06|B_rich,-0.2093015981214925,5,linear,0.0,8.329513000259617,0.0,-0.4179633243082694,8.927137273402836,5.0,True,global,1.0,"{""0"": 0.0}",0.0,0.0,8.329513000259617
XGBoost,R06,B_rich,pacf_train,1,1,210,45,46,2014-01-12,2018-01-14,2018-01-21,2018-11-25,2018-12-02,2019-10-13,"{""colsample_bytree"": 0.8, ""learning_rate"": 0.05, ""max_depth"": 3, ""n_estimators"": 100, ""subsample"": 0.8}",12,none,4,124.5027142426872,11.158078429670908,8.191235349019369,0.3270215961547354,0.4534984910903096,34.1437016354603,0.431108942471228,96.93046538079057,9.845327083484356,7.091372620126476,0.4194159781218755,0.396860280098741,30.26240576869224,1.6872573342104449,5.026,weekly,2,seed4,weekly|R06|B_rich,,5,,,,,,,,,,,,,,
"LR-XGB (residual, tanpa gerbang)",R06,B_rich,pacf_train,1,1,210,45,46,2014-01-12,2018-01-14,2018-01-21,2018-11-25,2018-12-02,2019-10-13,"{""colsample_bytree"": 0.8, ""learning_rate"": 0.05, ""max_depth"": 3, ""n_estimators"": 100, ""subsample"": 0.8}",12,none,4,93.55646726280544,9.672459214843215,7.317825921091435,0.4942963099969312,0.39311837488073037,31.561901065862408,0.4172276248837346,96.69159273566196,9.833188330122736,7.070080863255248,0.42084675265164384,0.39637097293623724,30.13190767111652,1.7801111198149269,5.453,weekly,2,seed4,weekly|R06|B_rich,,5,,,,,,,5.0,,,,,,,
