model,category,feature_set,lag_rule,n_features,n_lags,n_train,n_val,n_test,train_start,train_end,val_start,val_end,test_start,test_end,params,n_grid,scaler,seed,val_MSE,val_RMSE,val_MAE,val_R2,val_nRMSE,val_SMAPE,val_RMSPE,test_MSE,test_RMSE,test_MAE,test_R2,test_nRMSE,test_SMAPE,test_RMSPE,runtime_s,granularity,stage1,gate_w,stage1_val_RMSE,gate_val_gain_pct,resid_val_r2,stage1_only_test_RMSE,cross_fit_folds
Naive,M01AB,A_lag1,pacf_train,1,1,1473,315,317,2014-01-03,2018-01-14,2018-01-15,2018-11-25,2018-11-26,2019-10-08,{},0,none,42,15.112755555555555,3.887512772397739,2.996063492063492,-1.0889083838028975,0.7876292158258805,64.5043814997324,1.5568921901843953,17.410850473186123,4.172631121149594,3.291482649842272,-1.0779070449005217,0.784236153182909,66.44657397551136,2.203789023711625,0.0,daily,,,,,,,
S1 [linear],M01AB,A_lag1,pacf_train,1,1,1473,315,317,2014-01-03,2018-01-14,2018-01-15,2018-11-25,2018-11-26,2019-10-08,{},0,none,42,7.3605331683239426,2.713030255696376,2.175527732894381,-0.017384247899057126,0.5496732790122904,47.36724549852949,1.3729886170064014,8.566003196532822,2.926773513022971,2.263650267843024,-0.022314126247201305,0.5500801615212979,46.915710730110106,1.864103666903613,0.664,daily,linear,0.0,2.713030255696376,0.0,,2.926773513022971,
AR-LRX [linear],M01AB,A_lag1,pacf_train,1,1,1473,315,317,2014-01-03,2018-01-14,2018-01-15,2018-11-25,2018-11-26,2019-10-08,"{""colsample_bytree"": 0.8, ""learning_rate"": 0.1, ""max_depth"": 5, ""n_estimators"": 100, ""subsample"": 0.8}",132,none,42,7.28190397242516,2.698500319144906,2.1711738112885786,-0.006515999159053765,0.5467294423737871,47.322973941126605,1.350044996953268,8.787350852231569,2.964346614725,2.322216056000765,-0.048730977845403034,0.5571419371459382,47.969800876783154,1.8422656856732662,5.448,daily,linear,0.4,2.713030255696376,0.5356,-0.009651914259662053,2.926773513022971,5.0
XGBoost,M01AB,A_lag1,pacf_train,1,1,1473,315,317,2014-01-03,2018-01-14,2018-01-15,2018-11-25,2018-11-26,2019-10-08,"{""colsample_bytree"": 0.8, ""learning_rate"": 0.05, ""max_depth"": 5, ""n_estimators"": 100, ""subsample"": 0.8}",12,none,42,7.306749701534913,2.70310001693147,2.173739280337379,-0.009950214160300064,0.5476613637777218,47.43292570255277,1.3357027062905813,9.196900043833027,3.0326391219254933,2.3991443322058355,-0.09760884005969239,0.5699773523990783,49.38125516295228,1.8524969406197325,5.271,daily,,,,,,,
"ARIMA(5,1,0) multi-step",M01AB,A_lag1,pacf_train,1,1,1473,315,317,2014-01-03,2018-01-14,2018-01-15,2018-11-25,2018-11-26,2019-10-08,"{""order"": [5, 1, 0]}",1,none,42,7.2305944628138175,2.688976471227262,2.15702198286205,0.0005760804026082589,0.5447998639244814,47.20013691355038,1.3444854133898805,8.959264763684695,2.9932030942929173,2.4085440252821964,-0.06924813341313363,0.5625654442506136,48.19159540128816,2.320959908605792,1.215,daily,,,,,,,
"ARIMA(5,1,0) rolling 1-step",M01AB,A_lag1,pacf_train,1,1,1473,315,317,2014-01-03,2018-01-14,2018-01-15,2018-11-25,2018-11-26,2019-10-08,"{'order': (5, 1, 0)}",1,none,42,8.5062947602036,2.9165552900988523,2.326175763416165,-0.175753182427145,0.5909084524078716,50.406903578243146,1.2459657136256228,9.498913846758827,3.0820307991256066,2.4223139750413476,-0.133652835137543,0.5792604013439842,49.53002500726219,1.8109545242238447,0.669,daily,,,,,,,
Random Forest,M01AB,A_lag1,pacf_train,1,1,1473,315,317,2014-01-03,2018-01-14,2018-01-15,2018-11-25,2018-11-26,2019-10-08,"{""max_depth"": null, ""max_features"": 1.0, ""min_samples_leaf"": 5, ""n_estimators"": 300}",8,none,42,7.2771435852396875,2.6976181318414376,2.1664215035696097,-0.005858011099541427,0.5465507068853853,47.25886629199192,1.3409865150220481,9.243239486223915,3.0402696403812466,2.3905225297997106,-0.10313924501889171,0.571411490300749,49.19957733173696,1.8456171091469775,8.097,daily,,,,,,,
LSTM,M01AB,A_lag1,pacf_train,1,1,1473,315,317,2014-01-03,2018-01-14,2018-01-15,2018-11-25,2018-11-26,2019-10-08,"{""learning_rate"": 0.001, ""units"": 256}",3,none,42,7.343913751996865,2.709965636681924,2.1819535644167942,-0.015087086539441463,0.549052372120795,47.4274034084755,1.3987606095063765,8.569924974375446,2.927443419500272,2.2635845721031216,-0.0227821728725095,0.5502060688597368,46.997127464939595,1.848296158904262,73.021,daily,,,,,,,
Naive,M01AB,B_rich,pacf_train,1,1,1473,315,317,2014-01-03,2018-01-14,2018-01-15,2018-11-25,2018-11-26,2019-10-08,{},0,none,42,15.112755555555555,3.887512772397739,2.996063492063492,-1.0889083838028975,0.7876292158258805,64.5043814997324,1.5568921901843953,17.410850473186123,4.172631121149594,3.291482649842272,-1.0779070449005217,0.784236153182909,66.44657397551136,2.203789023711625,0.0,daily,,,,,,,
S1 [linear],M01AB,B_rich,pacf_train,1,1,1473,315,317,2014-01-03,2018-01-14,2018-01-15,2018-11-25,2018-11-26,2019-10-08,{},0,none,42,7.3605331683239426,2.713030255696376,2.175527732894381,-0.017384247899057126,0.5496732790122904,47.36724549852949,1.3729886170064014,8.566003196532822,2.926773513022971,2.263650267843024,-0.022314126247201305,0.5500801615212979,46.915710730110106,1.864103666903613,0.006,daily,linear,0.0,2.713030255696376,0.0,,2.926773513022971,
AR-LRX [linear],M01AB,B_rich,pacf_train,1,1,1473,315,317,2014-01-03,2018-01-14,2018-01-15,2018-11-25,2018-11-26,2019-10-08,"{""colsample_bytree"": 0.8, ""learning_rate"": 0.1, ""max_depth"": 5, ""n_estimators"": 100, ""subsample"": 0.8}",132,none,42,7.28190397242516,2.698500319144906,2.1711738112885786,-0.006515999159053765,0.5467294423737871,47.322973941126605,1.350044996953268,8.787350852231569,2.964346614725,2.322216056000765,-0.048730977845403034,0.5571419371459382,47.969800876783154,1.8422656856732662,4.719,daily,linear,0.4,2.713030255696376,0.5356,-0.009651914259662053,2.926773513022971,5.0
XGBoost,M01AB,B_rich,pacf_train,1,1,1473,315,317,2014-01-03,2018-01-14,2018-01-15,2018-11-25,2018-11-26,2019-10-08,"{""colsample_bytree"": 0.8, ""learning_rate"": 0.05, ""max_depth"": 5, ""n_estimators"": 100, ""subsample"": 0.8}",12,none,42,7.306749701534913,2.70310001693147,2.173739280337379,-0.009950214160300064,0.5476613637777218,47.43292570255277,1.3357027062905813,9.196900043833027,3.0326391219254933,2.3991443322058355,-0.09760884005969239,0.5699773523990783,49.38125516295228,1.8524969406197325,5.077,daily,,,,,,,
"ARIMA(5,1,0) multi-step",M01AB,B_rich,pacf_train,1,1,1473,315,317,2014-01-03,2018-01-14,2018-01-15,2018-11-25,2018-11-26,2019-10-08,"{""order"": [5, 1, 0]}",1,none,42,7.2305944628138175,2.688976471227262,2.15702198286205,0.0005760804026082589,0.5447998639244814,47.20013691355038,1.3444854133898805,8.959264763684695,2.9932030942929173,2.4085440252821964,-0.06924813341313363,0.5625654442506136,48.19159540128816,2.320959908605792,0.61,daily,,,,,,,
"ARIMA(5,1,0) rolling 1-step",M01AB,B_rich,pacf_train,1,1,1473,315,317,2014-01-03,2018-01-14,2018-01-15,2018-11-25,2018-11-26,2019-10-08,"{'order': (5, 1, 0)}",1,none,42,8.5062947602036,2.9165552900988523,2.326175763416165,-0.175753182427145,0.5909084524078716,50.406903578243146,1.2459657136256228,9.498913846758827,3.0820307991256066,2.4223139750413476,-0.133652835137543,0.5792604013439842,49.53002500726219,1.8109545242238447,0.639,daily,,,,,,,
Random Forest,M01AB,B_rich,pacf_train,1,1,1473,315,317,2014-01-03,2018-01-14,2018-01-15,2018-11-25,2018-11-26,2019-10-08,"{""max_depth"": null, ""max_features"": 1.0, ""min_samples_leaf"": 5, ""n_estimators"": 300}",8,none,42,7.2771435852396875,2.6976181318414376,2.1664215035696097,-0.005858011099541427,0.5465507068853853,47.25886629199192,1.340986515022048,9.243239486223915,3.0402696403812466,2.390522529799711,-0.10313924501889171,0.571411490300749,49.19957733173697,1.8456171091469773,6.713,daily,,,,,,,
LSTM,M01AB,B_rich,pacf_train,1,1,1473,315,317,2014-01-03,2018-01-14,2018-01-15,2018-11-25,2018-11-26,2019-10-08,"{""learning_rate"": 0.001, ""units"": 256}",3,none,42,7.343913751996865,2.709965636681924,2.1819535644167942,-0.015087086539441463,0.549052372120795,47.4274034084755,1.3987606095063765,8.569924974375446,2.927443419500272,2.2635845721031216,-0.0227821728725095,0.5502060688597368,46.997127464939595,1.848296158904262,39.32,daily,,,,,,,
Naive,M01AE,A_lag1,pacf_train,1,21,1459,312,314,2014-01-23,2018-01-20,2018-01-21,2018-11-28,2018-11-29,2019-10-08,{},0,none,42,8.063918044871794,2.8397038657000477,2.218602564102564,-1.0160140755539473,0.7349227624344821,60.37815381835404,19.092561696684115,8.127574394904459,2.850890105722151,2.2165859872611464,-0.4660092267111404,0.7429677004131198,66.51148449675807,2.7600257404290813,0.0,daily,,,,,,,
S1 [linear],M01AE,A_lag1,pacf_train,1,21,1459,312,314,2014-01-23,2018-01-20,2018-01-21,2018-11-28,2018-11-29,2019-10-08,{},0,none,42,4.030009093885328,2.007488254980668,1.604507226399023,-0.00751954728136095,0.519543193121465,44.18282874781168,8.974778377032807,5.39158856688948,2.3219794501436657,1.7570176272245002,0.027493542151306616,0.6051288083736097,50.103371144787765,3.901992843556399,0.005,daily,linear,0.0,2.007488254980668,0.0,,2.3219794501436657,
AR-LRX [linear],M01AE,A_lag1,pacf_train,1,21,1459,312,314,2014-01-23,2018-01-20,2018-01-21,2018-11-28,2018-11-29,2019-10-08,"{""colsample_bytree"": 0.8, ""learning_rate"": 0.05, ""max_depth"": 3, ""n_estimators"": 100, ""subsample"": 0.8}",132,none,42,4.030009093885328,2.007488254980668,1.604507226399023,-0.00751954728136095,0.519543193121465,44.18282874781168,8.974778377032807,5.39158856688948,2.3219794501436657,1.7570176272245002,0.027493542151306616,0.6051288083736097,50.103371144787765,3.901992843556399,4.547,daily,linear,0.0,2.007488254980668,0.0,-0.032622914178921825,2.3219794501436657,5.0
XGBoost,M01AE,A_lag1,pacf_train,1,21,1459,312,314,2014-01-23,2018-01-20,2018-01-21,2018-11-28,2018-11-29,2019-10-08,"{""colsample_bytree"": 0.8, ""learning_rate"": 0.05, ""max_depth"": 3, ""n_estimators"": 100, ""subsample"": 0.8}",12,none,42,4.146593883941135,2.0363187088324692,1.6288393891835824,-0.03666624451217926,0.5270045897279672,44.69920984650791,9.582399653500117,5.3194486649593244,2.3063929988099003,1.7637240654222528,0.0405057591677328,0.6010668384359381,50.411534961428096,3.5090514062897897,4.486,daily,,,,,,,
"ARIMA(5,1,0) multi-step",M01AE,A_lag1,pacf_train,1,21,1459,312,314,2014-01-23,2018-01-20,2018-01-21,2018-11-28,2018-11-29,2019-10-08,"{""order"": [5, 1, 0]}",1,none,42,5.289339470753609,2.2998564022028876,1.711272027962508,-0.3223575393606166,0.5952088317113661,48.64662739364955,5.720734424104582,5.925083143726702,2.4341493675875157,1.9038915717790266,-0.06873541055247445,0.6343613015698624,52.43864209568697,4.55483407470335,0.482,daily,,,,,,,
"ARIMA(5,1,0) rolling 1-step",M01AE,A_lag1,pacf_train,1,21,1459,312,314,2014-01-23,2018-01-20,2018-01-21,2018-11-28,2018-11-29,2019-10-08,"{'order': (5, 1, 0)}",1,none,42,4.505832568314156,2.1226946479213997,1.6582921514828484,-0.126477455408607,0.5493589079122897,45.427237483669686,8.89494476648495,4.847485615700356,2.201700618998949,1.694485064794605,0.12563597776212132,0.5737830590567199,49.91629204266109,3.49707843710635,0.521,daily,,,,,,,
Random Forest,M01AE,A_lag1,pacf_train,1,21,1459,312,314,2014-01-23,2018-01-20,2018-01-21,2018-11-28,2018-11-29,2019-10-08,"{""max_depth"": 10, ""max_features"": 1.0, ""min_samples_leaf"": 5, ""n_estimators"": 300}",8,none,42,4.413228705125097,2.100768598662189,1.6723556455335034,-0.10332609268381598,0.5436843892114176,45.45082815980301,9.588137942803742,5.36556281145394,2.316368453302268,1.7985637822523013,0.03218793136840803,0.6036665319386425,51.15442000746961,3.45003991974493,6.755,daily,,,,,,,
LSTM,M01AE,A_lag1,pacf_train,1,21,1459,312,314,2014-01-23,2018-01-20,2018-01-21,2018-11-28,2018-11-29,2019-10-08,"{""learning_rate"": 0.001, ""units"": 256}",3,none,42,4.033200332564882,2.0082829314030635,1.617002436197721,-0.008317370629841836,0.5197488574509899,44.4175985299472,8.943353764102314,5.509462221637327,2.3472243654234095,1.7851036122801958,0.0062321107512021134,0.6117078612156919,50.74499637493673,3.9617563837893717,41.833,daily,,,,,,,
Naive,M01AE,B_rich,pacf_train,22,21,1459,312,314,2014-01-23,2018-01-20,2018-01-21,2018-11-28,2018-11-29,2019-10-08,{},0,none,42,8.063918044871794,2.8397038657000477,2.218602564102564,-1.0160140755539473,0.7349227624344821,60.37815381835404,19.092561696684115,8.127574394904459,2.850890105722151,2.2165859872611464,-0.4660092267111404,0.7429677004131198,66.51148449675807,2.7600257404290813,0.0,daily,,,,,,,
S1 [linear],M01AE,B_rich,pacf_train,22,21,1459,312,314,2014-01-23,2018-01-20,2018-01-21,2018-11-28,2018-11-29,2019-10-08,{},0,none,42,4.001935488421122,2.000483813586384,1.5815566832610755,-0.0005010255835395938,0.5177304254308,43.629559076413784,8.745514089424283,4.850956322761249,2.2024886657509155,1.6781726449236807,0.1250099498321069,0.573988431155052,48.66748692964677,3.912127464558648,0.015,daily,linear,0.0,2.000483813586384,0.0,,2.2024886657509155,
AR-LRX [linear],M01AE,B_rich,pacf_train,22,21,1459,312,314,2014-01-23,2018-01-20,2018-01-21,2018-11-28,2018-11-29,2019-10-08,"{""colsample_bytree"": 0.8, ""learning_rate"": 0.05, ""max_depth"": 3, ""n_estimators"": 100, ""subsample"": 0.8}",132,none,42,4.001006958935665,2.0002517238926867,1.5812407657903254,-0.0002688892322235681,0.5176703600131045,43.62477731159512,8.758604613081117,4.831850059137226,2.1981469603138972,1.6782474899214415,0.12845623742048673,0.5728569435196857,48.695391397736735,3.9054671248267696,9.155,daily,linear,0.1,2.000483813586384,0.0116,-0.014451080029720842,2.2024886657509155,5.0
XGBoost,M01AE,B_rich,pacf_train,22,21,1459,312,314,2014-01-23,2018-01-20,2018-01-21,2018-11-28,2018-11-29,2019-10-08,"{""colsample_bytree"": 0.8, ""learning_rate"": 0.05, ""max_depth"": 3, ""n_estimators"": 100, ""subsample"": 0.8}",12,none,42,4.010450250705011,2.002610858530686,1.5898411670036803,-0.0026297526512994995,0.518280910206755,43.88304419006916,9.239336590892151,5.001747363845778,2.236458665803099,1.7271177625595389,0.097811052991016,0.5828413198620376,49.83094658199001,3.8900566352934076,9.744,daily,,,,,,,
"ARIMA(5,1,0) multi-step",M01AE,B_rich,pacf_train,22,21,1459,312,314,2014-01-23,2018-01-20,2018-01-21,2018-11-28,2018-11-29,2019-10-08,"{""order"": [5, 1, 0]}",1,none,42,5.289339470753609,2.2998564022028876,1.711272027962508,-0.3223575393606166,0.5952088317113661,48.64662739364955,5.720734424104582,5.925083143726702,2.4341493675875157,1.9038915717790266,-0.06873541055247445,0.6343613015698624,52.43864209568697,4.55483407470335,0.604,daily,,,,,,,
"ARIMA(5,1,0) rolling 1-step",M01AE,B_rich,pacf_train,22,21,1459,312,314,2014-01-23,2018-01-20,2018-01-21,2018-11-28,2018-11-29,2019-10-08,"{'order': (5, 1, 0)}",1,none,42,4.505832568314156,2.1226946479213997,1.6582921514828484,-0.126477455408607,0.5493589079122897,45.427237483669686,8.89494476648495,4.847485615700356,2.201700618998949,1.694485064794605,0.12563597776212132,0.5737830590567199,49.91629204266109,3.49707843710635,0.625,daily,,,,,,,
Random Forest,M01AE,B_rich,pacf_train,22,21,1459,312,314,2014-01-23,2018-01-20,2018-01-21,2018-11-28,2018-11-29,2019-10-08,"{""max_depth"": 10, ""max_features"": ""sqrt"", ""min_samples_leaf"": 5, ""n_estimators"": 300}",8,none,42,4.002776572305038,2.0006940226593963,1.6034600347251113,-0.0007113001596525947,0.5177848280868279,44.28577507227162,8.128796549117787,5.011911457281558,2.238729875907667,1.716325670613809,0.09597770714464038,0.5834332177205902,49.337779502736204,3.821133761456102,13.225,daily,,,,,,,
LSTM,M01AE,B_rich,pacf_train,22,21,1459,312,314,2014-01-23,2018-01-20,2018-01-21,2018-11-28,2018-11-29,2019-10-08,"{""learning_rate"": 0.001, ""units"": 64}",3,none,42,4.011767661846466,2.0029397549218664,1.585390860123512,-0.0029591110834767953,0.5183660294500961,43.96896585120093,7.937737876267269,5.221688842976389,2.2851014951149082,1.7415407374618919,0.05813916294419952,0.5955180803456649,49.993526678269774,3.8502338240902474,48.303,daily,,,,,,,
Naive,N02BA,A_lag1,pacf_train,1,1,1473,315,317,2014-01-03,2018-01-14,2018-01-15,2018-11-25,2018-11-26,2019-10-08,{},0,none,42,8.334103174603174,2.886884683288055,2.2893650793650795,-0.9287620753697006,0.9162404788269394,82.69963604275131,2.342371831447952,7.760276025236593,2.7857271986389107,2.1345425867507886,-1.0094483557731615,0.9089347145988727,77.96042411378919,4.514916652855951,0.0,daily,,,,,,,
S1 [linear],N02BA,A_lag1,pacf_train,1,1,1473,315,317,2014-01-03,2018-01-14,2018-01-15,2018-11-25,2018-11-26,2019-10-08,{},0,none,42,5.2531433805716725,2.2919736867101403,1.905808851129704,-0.21573533668287714,0.7274274169407499,62.32415222541202,3.320251974157873,4.645671054039993,2.155381881254455,1.7629831366345512,-0.20295154845590968,0.7032639147317814,59.40873592073984,4.295684500120711,0.007,daily,linear,0.0,2.2919736867101403,0.0,,2.155381881254455,
AR-LRX [linear],N02BA,A_lag1,pacf_train,1,1,1473,315,317,2014-01-03,2018-01-14,2018-01-15,2018-11-25,2018-11-26,2019-10-08,"{""colsample_bytree"": 0.8, ""learning_rate"": 0.1, ""max_depth"": 3, ""n_estimators"": 500, ""subsample"": 0.8}",132,none,42,5.230464309152608,2.2870208370613083,1.8974336776207081,-0.21048671761238236,0.7258554797726067,62.235847096955155,3.2195266456389526,4.624400028412417,2.1504418216758197,1.752006446650938,-0.19744362227726087,0.7016520585366012,59.11961957657804,4.260234444535585,7.512,daily,linear,0.2,2.2919736867101403,0.2161,-0.32105873238925464,2.155381881254455,5.0
XGBoost,N02BA,A_lag1,pacf_train,1,1,1473,315,317,2014-01-03,2018-01-14,2018-01-15,2018-11-25,2018-11-26,2019-10-08,"{""colsample_bytree"": 0.8, ""learning_rate"": 0.05, ""max_depth"": 3, ""n_estimators"": 100, ""subsample"": 0.8}",12,none,42,5.331220175999178,2.3089435194476233,1.9189018702128577,-0.2338046548604915,0.732813308439296,62.54711440172541,3.317541156670962,4.67996274712004,2.163322155186333,1.7687966103057378,-0.21183105042881523,0.7058546890989322,59.417350130956606,4.196046041834413,8.41,daily,,,,,,,
"ARIMA(5,1,0) multi-step",N02BA,A_lag1,pacf_train,1,1,1473,315,317,2014-01-03,2018-01-14,2018-01-15,2018-11-25,2018-11-26,2019-10-08,"{""order"": [5, 1, 0]}",1,none,42,4.3166748085936355,2.0776608983647056,1.635516580749532,0.0009916498405243557,0.6594087485993776,58.17592624763608,2.5572551755215307,4.14414484035743,2.035717279083083,1.642474984661537,-0.0730861902928488,0.6642194199674101,57.34191908520108,3.8343606150785345,0.734,daily,,,,,,,
"ARIMA(5,1,0) rolling 1-step",N02BA,A_lag1,pacf_train,1,1,1473,315,317,2014-01-03,2018-01-14,2018-01-15,2018-11-25,2018-11-26,2019-10-08,"{'order': (5, 1, 0)}",1,none,42,4.9737770107789405,2.2301966305191434,1.778405504659949,-0.1510815583577021,0.7078205930614914,62.7973034695993,2.5053713230237613,4.5961385368166265,2.1438606617074316,1.6407621125845733,-0.19012558260519596,0.69950473960296,58.85132251845475,3.3855008325192273,0.808,daily,,,,,,,
Random Forest,N02BA,A_lag1,pacf_train,1,1,1473,315,317,2014-01-03,2018-01-14,2018-01-15,2018-11-25,2018-11-26,2019-10-08,"{""max_depth"": 10, ""max_features"": 1.0, ""min_samples_leaf"": 5, ""n_estimators"": 300}",8,none,42,5.5188485894676,2.349222975681023,1.9382296478172105,-0.2772275115947924,0.7455972164629947,62.69884061161656,3.4376599192635227,4.766353414308184,2.1831979787248303,1.7770153779769,-0.23420107741894025,0.7123398273436995,59.524272779716284,4.179602617332889,7.65,daily,,,,,,,
LSTM,N02BA,A_lag1,pacf_train,1,1,1473,315,317,2014-01-03,2018-01-14,2018-01-15,2018-11-25,2018-11-26,2019-10-08,"{""learning_rate"": 0.001, ""units"": 64}",3,none,42,5.712525044746162,2.3900889198408835,2.014335949912904,-0.3220500670644293,0.7585672642316155,64.07942832175267,3.560444965173967,5.004709741448779,2.237120859821565,1.837417036652189,-0.2959211409969873,0.7299339329560354,60.55699833263367,4.4937329610583,51.545,daily,,,,,,,
Naive,N02BA,B_rich,pacf_train,1,1,1473,315,317,2014-01-03,2018-01-14,2018-01-15,2018-11-25,2018-11-26,2019-10-08,{},0,none,42,8.334103174603174,2.886884683288055,2.2893650793650795,-0.9287620753697006,0.9162404788269394,82.69963604275131,2.342371831447952,7.760276025236593,2.7857271986389107,2.1345425867507886,-1.0094483557731615,0.9089347145988727,77.96042411378919,4.514916652855951,0.0,daily,,,,,,,
S1 [linear],N02BA,B_rich,pacf_train,1,1,1473,315,317,2014-01-03,2018-01-14,2018-01-15,2018-11-25,2018-11-26,2019-10-08,{},0,none,42,5.2531433805716725,2.2919736867101403,1.905808851129704,-0.21573533668287714,0.7274274169407499,62.32415222541202,3.320251974157873,4.645671054039993,2.155381881254455,1.7629831366345512,-0.20295154845590968,0.7032639147317814,59.40873592073984,4.295684500120711,0.009,daily,linear,0.0,2.2919736867101403,0.0,,2.155381881254455,
AR-LRX [linear],N02BA,B_rich,pacf_train,1,1,1473,315,317,2014-01-03,2018-01-14,2018-01-15,2018-11-25,2018-11-26,2019-10-08,"{""colsample_bytree"": 0.8, ""learning_rate"": 0.1, ""max_depth"": 3, ""n_estimators"": 500, ""subsample"": 0.8}",132,none,42,5.230464309152608,2.2870208370613083,1.8974336776207081,-0.21048671761238236,0.7258554797726067,62.235847096955155,3.2195266456389526,4.624400028412417,2.1504418216758197,1.752006446650938,-0.19744362227726087,0.7016520585366012,59.11961957657804,4.260234444535585,7.579,daily,linear,0.2,2.2919736867101403,0.2161,-0.32105873238925464,2.155381881254455,5.0
XGBoost,N02BA,B_rich,pacf_train,1,1,1473,315,317,2014-01-03,2018-01-14,2018-01-15,2018-11-25,2018-11-26,2019-10-08,"{""colsample_bytree"": 0.8, ""learning_rate"": 0.05, ""max_depth"": 3, ""n_estimators"": 100, ""subsample"": 0.8}",12,none,42,5.331220175999178,2.3089435194476233,1.9189018702128577,-0.2338046548604915,0.732813308439296,62.54711440172541,3.317541156670962,4.67996274712004,2.163322155186333,1.7687966103057378,-0.21183105042881523,0.7058546890989322,59.417350130956606,4.196046041834413,6.138,daily,,,,,,,
"ARIMA(5,1,0) multi-step",N02BA,B_rich,pacf_train,1,1,1473,315,317,2014-01-03,2018-01-14,2018-01-15,2018-11-25,2018-11-26,2019-10-08,"{""order"": [5, 1, 0]}",1,none,42,4.3166748085936355,2.0776608983647056,1.635516580749532,0.0009916498405243557,0.6594087485993776,58.17592624763608,2.5572551755215307,4.14414484035743,2.035717279083083,1.642474984661537,-0.0730861902928488,0.6642194199674101,57.34191908520108,3.8343606150785345,0.546,daily,,,,,,,
"ARIMA(5,1,0) rolling 1-step",N02BA,B_rich,pacf_train,1,1,1473,315,317,2014-01-03,2018-01-14,2018-01-15,2018-11-25,2018-11-26,2019-10-08,"{'order': (5, 1, 0)}",1,none,42,4.9737770107789405,2.2301966305191434,1.778405504659949,-0.1510815583577021,0.7078205930614914,62.7973034695993,2.5053713230237613,4.5961385368166265,2.1438606617074316,1.6407621125845733,-0.19012558260519596,0.69950473960296,58.85132251845475,3.3855008325192273,0.602,daily,,,,,,,
Random Forest,N02BA,B_rich,pacf_train,1,1,1473,315,317,2014-01-03,2018-01-14,2018-01-15,2018-11-25,2018-11-26,2019-10-08,"{""max_depth"": 10, ""max_features"": 1.0, ""min_samples_leaf"": 5, ""n_estimators"": 300}",8,none,42,5.5188485894676,2.349222975681023,1.9382296478172105,-0.2772275115947924,0.7455972164629947,62.69884061161656,3.4376599192635227,4.766353414308184,2.1831979787248303,1.7770153779769,-0.23420107741894025,0.7123398273436995,59.524272779716284,4.179602617332887,7.111,daily,,,,,,,
LSTM,N02BA,B_rich,pacf_train,1,1,1473,315,317,2014-01-03,2018-01-14,2018-01-15,2018-11-25,2018-11-26,2019-10-08,"{""learning_rate"": 0.001, ""units"": 64}",3,none,42,5.712525044746162,2.3900889198408835,2.014335949912904,-0.3220500670644293,0.7585672642316155,64.07942832175267,3.560444965173967,5.004709741448779,2.237120859821565,1.837417036652189,-0.2959211409969873,0.7299339329560354,60.55699833263367,4.4937329610583,60.465,daily,,,,,,,
Naive,N02BE,A_lag1,pacf_train,1,1,1473,315,317,2014-01-03,2018-01-14,2018-01-15,2018-11-25,2018-11-26,2019-10-08,{},0,none,42,217.44338421587304,14.745961623979396,11.26143492063492,-0.17738576461804145,0.49498648361352615,39.65327459694022,0.6401810403773499,267.6145699621451,16.358929364788672,12.260832807570978,0.035374640876223995,0.5550064058152501,45.59922383129986,0.6090563105445783,0.0,daily,,,,,,,
S1 [linear],N02BE,A_lag1,pacf_train,1,1,1473,315,317,2014-01-03,2018-01-14,2018-01-15,2018-11-25,2018-11-26,2019-10-08,{},0,none,42,153.57083492845794,12.392370028709518,9.86939933741544,0.16846348047192283,0.4159820716048506,34.57583006066338,0.6084517399038339,205.6223851477789,14.339539223691217,11.141617867165255,0.2588274728647224,0.48649492568369396,40.123373437841536,0.62185815126519,0.006,daily,linear,0.0,12.392370028709518,0.0,,14.339539223691217,
AR-LRX [linear],N02BE,A_lag1,pacf_train,1,1,1473,315,317,2014-01-03,2018-01-14,2018-01-15,2018-11-25,2018-11-26,2019-10-08,"{""colsample_bytree"": 0.8, ""learning_rate"": 0.05, ""max_depth"": 3, ""n_estimators"": 100, ""subsample"": 0.8}",132,none,42,153.57083492845794,12.392370028709518,9.86939933741544,0.16846348047192283,0.4159820716048506,34.57583006066338,0.6084517399038339,205.6223851477789,14.339539223691217,11.141617867165255,0.2588274728647224,0.48649492568369396,40.123373437841536,0.62185815126519,4.941,daily,linear,0.0,12.392370028709518,0.0,-0.03588401758450721,14.339539223691217,5.0
XGBoost,N02BE,A_lag1,pacf_train,1,1,1473,315,317,2014-01-03,2018-01-14,2018-01-15,2018-11-25,2018-11-26,2019-10-08,"{""colsample_bytree"": 0.8, ""learning_rate"": 0.05, ""max_depth"": 3, ""n_estimators"": 100, ""subsample"": 0.8}",12,none,42,156.3816289320099,12.505264048871975,9.946712917654855,0.1532439378816074,0.41977165247357723,34.663867229079116,0.5987058025031782,203.4899291194104,14.26498962913785,10.946068590952395,0.26651397947933475,0.48396569521845906,39.07560741324525,0.6022380834744682,4.794,daily,,,,,,,
"ARIMA(5,1,0) multi-step",N02BE,A_lag1,pacf_train,1,1,1473,315,317,2014-01-03,2018-01-14,2018-01-15,2018-11-25,2018-11-26,2019-10-08,"{""order"": [5, 1, 0]}",1,none,42,239.81490887208972,15.485958442152999,13.323594541298561,-0.2985203521706403,0.5198263979068947,43.99340306681487,0.9912070074176763,299.48664164260833,17.30568235125701,12.440880212176657,-0.07950927069531155,0.5871267213015217,44.05899619385409,0.5792619266616157,0.846,daily,,,,,,,
"ARIMA(5,1,0) rolling 1-step",N02BE,A_lag1,pacf_train,1,1,1473,315,317,2014-01-03,2018-01-14,2018-01-15,2018-11-25,2018-11-26,2019-10-08,"{'order': (5, 1, 0)}",1,none,42,137.71066363872947,11.735018689321695,9.249516701757097,0.2543411905170875,0.3939163673612496,32.27499180393561,0.5185035092213768,173.74911438315885,13.181392733059692,9.736684696640223,0.37371570657382147,0.447202701428696,34.77778803686522,0.4819121212756196,0.9,daily,,,,,,,
Random Forest,N02BE,A_lag1,pacf_train,1,1,1473,315,317,2014-01-03,2018-01-14,2018-01-15,2018-11-25,2018-11-26,2019-10-08,"{""max_depth"": 10, ""max_features"": 1.0, ""min_samples_leaf"": 5, ""n_estimators"": 300}",8,none,42,170.42677134478419,13.054760485921761,10.386233908969738,0.07719402356268545,0.43821692692018427,35.88476248493816,0.6038093849899442,217.73412131229185,14.755816524757003,11.220101569297936,0.215170328752732,0.500617889573023,39.56969058529447,0.5898740641334433,7.331,daily,,,,,,,
LSTM,N02BE,A_lag1,pacf_train,1,1,1473,315,317,2014-01-03,2018-01-14,2018-01-15,2018-11-25,2018-11-26,2019-10-08,"{""learning_rate"": 0.001, ""units"": 256}",3,none,42,154.0218575192468,12.410554279291752,9.8533401730492,0.16602133867105406,0.4165924731834232,34.461335662091756,0.6057083065024559,201.22628909206196,14.185425234798636,10.798985374137805,0.2746733430544076,0.4812663285576969,38.5644010212515,0.5848727301107856,27.5,daily,,,,,,,
Naive,N02BE,B_rich,pacf_train,1,1,1473,315,317,2014-01-03,2018-01-14,2018-01-15,2018-11-25,2018-11-26,2019-10-08,{},0,none,42,217.44338421587304,14.745961623979396,11.26143492063492,-0.17738576461804145,0.49498648361352615,39.65327459694022,0.6401810403773499,267.6145699621451,16.358929364788672,12.260832807570978,0.035374640876223995,0.5550064058152501,45.59922383129986,0.6090563105445783,0.0,daily,,,,,,,
S1 [linear],N02BE,B_rich,pacf_train,1,1,1473,315,317,2014-01-03,2018-01-14,2018-01-15,2018-11-25,2018-11-26,2019-10-08,{},0,none,42,153.57083492845794,12.392370028709518,9.86939933741544,0.16846348047192283,0.4159820716048506,34.57583006066338,0.6084517399038339,205.6223851477789,14.339539223691217,11.141617867165255,0.2588274728647224,0.48649492568369396,40.123373437841536,0.62185815126519,0.006,daily,linear,0.0,12.392370028709518,0.0,,14.339539223691217,
AR-LRX [linear],N02BE,B_rich,pacf_train,1,1,1473,315,317,2014-01-03,2018-01-14,2018-01-15,2018-11-25,2018-11-26,2019-10-08,"{""colsample_bytree"": 0.8, ""learning_rate"": 0.05, ""max_depth"": 3, ""n_estimators"": 100, ""subsample"": 0.8}",132,none,42,153.57083492845794,12.392370028709518,9.86939933741544,0.16846348047192283,0.4159820716048506,34.57583006066338,0.6084517399038339,205.6223851477789,14.339539223691217,11.141617867165255,0.2588274728647224,0.48649492568369396,40.123373437841536,0.62185815126519,4.829,daily,linear,0.0,12.392370028709518,0.0,-0.03588401758450721,14.339539223691217,5.0
XGBoost,N02BE,B_rich,pacf_train,1,1,1473,315,317,2014-01-03,2018-01-14,2018-01-15,2018-11-25,2018-11-26,2019-10-08,"{""colsample_bytree"": 0.8, ""learning_rate"": 0.05, ""max_depth"": 3, ""n_estimators"": 100, ""subsample"": 0.8}",12,none,42,156.3816289320099,12.505264048871975,9.946712917654855,0.1532439378816074,0.41977165247357723,34.663867229079116,0.5987058025031782,203.4899291194104,14.26498962913785,10.946068590952395,0.26651397947933475,0.48396569521845906,39.07560741324525,0.6022380834744682,4.76,daily,,,,,,,
"ARIMA(5,1,0) multi-step",N02BE,B_rich,pacf_train,1,1,1473,315,317,2014-01-03,2018-01-14,2018-01-15,2018-11-25,2018-11-26,2019-10-08,"{""order"": [5, 1, 0]}",1,none,42,239.81490887208972,15.485958442152999,13.323594541298561,-0.2985203521706403,0.5198263979068947,43.99340306681487,0.9912070074176763,299.48664164260833,17.30568235125701,12.440880212176657,-0.07950927069531155,0.5871267213015217,44.05899619385409,0.5792619266616157,0.832,daily,,,,,,,
"ARIMA(5,1,0) rolling 1-step",N02BE,B_rich,pacf_train,1,1,1473,315,317,2014-01-03,2018-01-14,2018-01-15,2018-11-25,2018-11-26,2019-10-08,"{'order': (5, 1, 0)}",1,none,42,137.71066363872947,11.735018689321695,9.249516701757097,0.2543411905170875,0.3939163673612496,32.27499180393561,0.5185035092213768,173.74911438315885,13.181392733059692,9.736684696640223,0.37371570657382147,0.447202701428696,34.77778803686522,0.4819121212756196,0.865,daily,,,,,,,
Random Forest,N02BE,B_rich,pacf_train,1,1,1473,315,317,2014-01-03,2018-01-14,2018-01-15,2018-11-25,2018-11-26,2019-10-08,"{""max_depth"": 10, ""max_features"": ""sqrt"", ""min_samples_leaf"": 5, ""n_estimators"": 300}",8,none,42,170.42677134478419,13.054760485921761,10.386233908969738,0.07719402356268545,0.43821692692018427,35.88476248493816,0.6038093849899442,217.73412131229185,14.755816524757003,11.220101569297936,0.215170328752732,0.500617889573023,39.56969058529447,0.5898740641334433,7.151,daily,,,,,,,
LSTM,N02BE,B_rich,pacf_train,1,1,1473,315,317,2014-01-03,2018-01-14,2018-01-15,2018-11-25,2018-11-26,2019-10-08,"{""learning_rate"": 0.001, ""units"": 256}",3,none,42,154.0218575192468,12.410554279291752,9.8533401730492,0.16602133867105406,0.4165924731834232,34.461335662091756,0.6057083065024559,201.22628909206196,14.185425234798636,10.798985374137805,0.2746733430544076,0.4812663285576969,38.5644010212515,0.5848727301107856,28.464,daily,,,,,,,
Naive,N05B,A_lag1,pacf_train,1,1,1473,315,317,2014-01-03,2018-01-14,2018-01-15,2018-11-25,2018-11-26,2019-10-08,{},0,none,42,36.112,6.009326085344346,4.477460317460317,-0.5700891855747092,0.6556309631765964,51.482848952749436,1.037593235641704,34.789652996845426,5.898275425651589,4.513564668769717,-0.8613666472123493,0.6920910978425946,58.41854125142585,1.4696289793176036,0.0,daily,,,,,,,
S1 [linear],N05B,A_lag1,pacf_train,1,1,1473,315,317,2014-01-03,2018-01-14,2018-01-15,2018-11-25,2018-11-26,2019-10-08,{},0,none,42,22.121535572971776,4.703353651701281,3.4966883742269155,0.03819274004682072,0.5131464395559379,39.37344562383443,0.8682197354640178,19.658609097174086,4.433803006130751,3.492097883087328,-0.05180351489516477,0.5202530178203465,44.6846688968021,1.2961836959440327,0.009,daily,linear,0.0,4.703353651701281,0.0,,4.433803006130751,
AR-LRX [linear],N05B,A_lag1,pacf_train,1,1,1473,315,317,2014-01-03,2018-01-14,2018-01-15,2018-11-25,2018-11-26,2019-10-08,"{""colsample_bytree"": 0.8, ""learning_rate"": 0.1, ""max_depth"": 5, ""n_estimators"": 300, ""subsample"": 0.8}",132,none,42,22.10774987857504,4.701887905785828,3.494233499488412,0.038792118915007334,0.5129865233868578,39.34498570944101,0.8683921553124293,19.678215520328784,4.436013471612635,3.489299279086933,-0.05285252628181447,0.5205123891402151,44.652227133530346,1.2942116064786042,5.09,daily,linear,0.1,4.703353651701281,0.0312,-0.026594530787815263,4.433803006130751,5.0
XGBoost,N05B,A_lag1,pacf_train,1,1,1473,315,317,2014-01-03,2018-01-14,2018-01-15,2018-11-25,2018-11-26,2019-10-08,"{""colsample_bytree"": 0.8, ""learning_rate"": 0.05, ""max_depth"": 3, ""n_estimators"": 100, ""subsample"": 0.8}",12,none,42,22.548097762658838,4.748483733009816,3.513976276639908,0.019646531556492763,0.5180702327161583,39.508421515890255,0.8808568297522316,19.877701406790553,4.458441589478386,3.49944596756896,-0.06352571050941203,0.5231440568050963,44.775934775204306,1.2772689667062351,4.612,daily,,,,,,,
"ARIMA(5,1,0) multi-step",N05B,A_lag1,pacf_train,1,1,1473,315,317,2014-01-03,2018-01-14,2018-01-15,2018-11-25,2018-11-26,2019-10-08,"{""order"": [5, 1, 0]}",1,none,42,30.74642902971029,5.544946260308596,3.882507094484704,-0.3368031600185095,0.6049660820162123,45.01607086671276,0.6199963378793709,18.71165430467968,4.325696973284153,3.458244975748586,-0.0011381613969043691,0.5075680857754946,44.885372009923294,1.2490507316804662,0.769,daily,,,,,,,
"ARIMA(5,1,0) rolling 1-step",N05B,A_lag1,pacf_train,1,1,1473,315,317,2014-01-03,2018-01-14,2018-01-15,2018-11-25,2018-11-26,2019-10-08,"{'order': (5, 1, 0)}",1,none,42,24.31749118111292,4.931276830711588,3.8118273466149803,-0.05728372628970302,0.5380133699342443,42.150822130049,0.9824427001931887,21.08512476003222,4.591854174517329,3.621296676336011,-0.12812703202857545,0.5387984058787361,46.62396647105634,1.2001518576283814,0.73,daily,,,,,,,
Random Forest,N05B,A_lag1,pacf_train,1,1,1473,315,317,2014-01-03,2018-01-14,2018-01-15,2018-11-25,2018-11-26,2019-10-08,"{""max_depth"": null, ""max_features"": 1.0, ""min_samples_leaf"": 1, ""n_estimators"": 300}",8,none,42,22.711180272400867,4.765624856448613,3.5220498755217573,0.012555977588217804,0.5199403677546803,39.591596169066406,0.8785610944420469,20.69498760457766,4.54917438713638,3.5713972068358135,-0.1072533461350349,0.5337904503709773,45.63764502442771,1.2707527761626312,6.825,daily,,,,,,,
LSTM,N05B,A_lag1,pacf_train,1,1,1473,315,317,2014-01-03,2018-01-14,2018-01-15,2018-11-25,2018-11-26,2019-10-08,"{""learning_rate"": 0.001, ""units"": 256}",3,none,42,22.044839153566496,4.695193196617844,3.499223715767028,0.04152737171165599,0.512256115591099,39.38996665246857,0.8792094073261735,19.526294158517633,4.418856657385215,3.5096737711211485,-0.044724208477092464,0.5184992450366868,44.96285340526996,1.2885867980562868,41.643,daily,,,,,,,
Naive,N05B,B_rich,pacf_train,1,1,1473,315,317,2014-01-03,2018-01-14,2018-01-15,2018-11-25,2018-11-26,2019-10-08,{},0,none,42,36.112,6.009326085344346,4.477460317460317,-0.5700891855747092,0.6556309631765964,51.482848952749436,1.037593235641704,34.789652996845426,5.898275425651589,4.513564668769717,-0.8613666472123493,0.6920910978425946,58.41854125142585,1.4696289793176036,0.0,daily,,,,,,,
S1 [linear],N05B,B_rich,pacf_train,1,1,1473,315,317,2014-01-03,2018-01-14,2018-01-15,2018-11-25,2018-11-26,2019-10-08,{},0,none,42,22.121535572971776,4.703353651701281,3.4966883742269155,0.03819274004682072,0.5131464395559379,39.37344562383443,0.8682197354640178,19.658609097174086,4.433803006130751,3.492097883087328,-0.05180351489516477,0.5202530178203465,44.6846688968021,1.2961836959440327,0.007,daily,linear,0.0,4.703353651701281,0.0,,4.433803006130751,
AR-LRX [linear],N05B,B_rich,pacf_train,1,1,1473,315,317,2014-01-03,2018-01-14,2018-01-15,2018-11-25,2018-11-26,2019-10-08,"{""colsample_bytree"": 0.8, ""learning_rate"": 0.1, ""max_depth"": 5, ""n_estimators"": 300, ""subsample"": 0.8}",132,none,42,22.10774987857504,4.701887905785828,3.494233499488412,0.038792118915007334,0.5129865233868578,39.34498570944101,0.8683921553124293,19.678215520328784,4.436013471612635,3.489299279086933,-0.05285252628181447,0.5205123891402151,44.652227133530346,1.2942116064786042,5.797,daily,linear,0.1,4.703353651701281,0.0312,-0.026594530787815263,4.433803006130751,5.0
XGBoost,N05B,B_rich,pacf_train,1,1,1473,315,317,2014-01-03,2018-01-14,2018-01-15,2018-11-25,2018-11-26,2019-10-08,"{""colsample_bytree"": 0.8, ""learning_rate"": 0.05, ""max_depth"": 3, ""n_estimators"": 100, ""subsample"": 0.8}",12,none,42,22.548097762658838,4.748483733009816,3.513976276639908,0.019646531556492763,0.5180702327161583,39.508421515890255,0.8808568297522316,19.877701406790553,4.458441589478386,3.49944596756896,-0.06352571050941203,0.5231440568050963,44.775934775204306,1.2772689667062351,5.767,daily,,,,,,,
"ARIMA(5,1,0) multi-step",N05B,B_rich,pacf_train,1,1,1473,315,317,2014-01-03,2018-01-14,2018-01-15,2018-11-25,2018-11-26,2019-10-08,"{""order"": [5, 1, 0]}",1,none,42,30.74642902971029,5.544946260308596,3.882507094484704,-0.3368031600185095,0.6049660820162123,45.01607086671276,0.6199963378793709,18.71165430467968,4.325696973284153,3.458244975748586,-0.0011381613969043691,0.5075680857754946,44.885372009923294,1.2490507316804662,0.768,daily,,,,,,,
"ARIMA(5,1,0) rolling 1-step",N05B,B_rich,pacf_train,1,1,1473,315,317,2014-01-03,2018-01-14,2018-01-15,2018-11-25,2018-11-26,2019-10-08,"{'order': (5, 1, 0)}",1,none,42,24.31749118111292,4.931276830711588,3.8118273466149803,-0.05728372628970302,0.5380133699342443,42.150822130049,0.9824427001931887,21.08512476003222,4.591854174517329,3.621296676336011,-0.12812703202857545,0.5387984058787361,46.62396647105634,1.2001518576283814,0.801,daily,,,,,,,
Random Forest,N05B,B_rich,pacf_train,1,1,1473,315,317,2014-01-03,2018-01-14,2018-01-15,2018-11-25,2018-11-26,2019-10-08,"{""max_depth"": null, ""max_features"": 1.0, ""min_samples_leaf"": 1, ""n_estimators"": 300}",8,none,42,22.711180272400867,4.765624856448613,3.5220498755217573,0.012555977588217804,0.5199403677546803,39.5915961690664,0.878561094442047,20.694987604577666,4.549174387136381,3.5713972068358135,-0.10725334613503534,0.5337904503709774,45.63764502442771,1.2707527761626314,7.041,daily,,,,,,,
LSTM,N05B,B_rich,pacf_train,1,1,1473,315,317,2014-01-03,2018-01-14,2018-01-15,2018-11-25,2018-11-26,2019-10-08,"{""learning_rate"": 0.001, ""units"": 256}",3,none,42,22.044839153566496,4.695193196617844,3.499223715767028,0.04152737171165599,0.512256115591099,39.38996665246857,0.8792094073261735,19.526294158517633,4.418856657385215,3.5096737711211485,-0.044724208477092464,0.5184992450366868,44.96285340526996,1.2885867980562868,42.049,daily,,,,,,,
Naive,N05C,A_lag1,pacf_train,1,7,1469,314,316,2014-01-09,2018-01-16,2018-01-17,2018-11-26,2018-11-27,2019-10-08,{},0,none,42,3.245222929936306,1.801450229658401,0.9968152866242038,-0.9423898790733811,2.8282768605636894,170.12558275058277,1.14360616103027,2.7626582278481013,1.662124612611251,1.1044303797468353,-1.146047749072324,2.3343616781562457,170.49054797798516,1.0397716095374023,0.0,daily,,,,,,,
S1 [linear],N05C,A_lag1,pacf_train,1,7,1469,314,316,2014-01-09,2018-01-16,2018-01-17,2018-11-26,2018-11-27,2019-10-08,{},0,none,42,1.6750876542176854,1.2942517738901058,0.8495322279728027,-0.0026039431987692208,2.031975285007466,166.9933340045415,0.6374896487402409,1.3115294470067507,1.1452202613500821,0.8518890191874211,-0.018803118394875806,1.6083982337183376,158.08401182796632,0.6219326037169545,0.009,daily,linear,0.0,1.2942517738901058,0.0,,1.1452202613500821,
AR-LRX [linear],N05C,A_lag1,pacf_train,1,7,1469,314,316,2014-01-09,2018-01-16,2018-01-17,2018-11-26,2018-11-27,2019-10-08,"{""colsample_bytree"": 0.8, ""learning_rate"": 0.05, ""max_depth"": 3, ""n_estimators"": 100, ""subsample"": 0.8}",132,none,42,1.6750876542176854,1.2942517738901058,0.8495322279728027,-0.0026039431987692208,2.031975285007466,166.9933340045415,0.6374896487402409,1.3115294470067507,1.1452202613500821,0.8518890191874211,-0.018803118394875806,1.6083982337183376,158.08401182796632,0.6219326037169545,4.559,daily,linear,0.0,1.2942517738901058,0.0,-0.021378154784662096,1.1452202613500821,5.0
XGBoost,N05C,A_lag1,pacf_train,1,7,1469,314,316,2014-01-09,2018-01-16,2018-01-17,2018-11-26,2018-11-27,2019-10-08,"{""colsample_bytree"": 0.8, ""learning_rate"": 0.05, ""max_depth"": 3, ""n_estimators"": 100, ""subsample"": 0.8}",12,none,42,1.702841166242428,1.3049295637092555,0.8490909117801934,-0.019215480227031234,2.0487394150235314,167.61966890076948,0.6465352974569292,1.3105261975321847,1.1447821616063838,0.8496733883136436,-0.018023788814782504,1.6077829469671878,158.4525885495531,0.6275932928890113,4.2,daily,,,,,,,
"ARIMA(5,1,0) multi-step",N05C,A_lag1,pacf_train,1,7,1469,314,316,2014-01-09,2018-01-16,2018-01-17,2018-11-26,2018-11-27,2019-10-08,"{""order"": [5, 1, 0]}",1,none,42,2.0764331210191083,1.4409833867949722,0.6369426751592356,-0.2428245349910152,2.2623439172681064,200.0,1.0,1.2889171259488292,1.1353048603563842,0.8740249132915582,-0.0012377459508685629,1.5944726038782995,153.42059886249672,0.5672230731613157,0.579,daily,,,,,,,
"ARIMA(5,1,0) rolling 1-step",N05C,A_lag1,pacf_train,1,7,1469,314,316,2014-01-09,2018-01-16,2018-01-17,2018-11-26,2018-11-27,2019-10-08,"{'order': (5, 1, 0)}",1,none,42,1.85887806654799,1.3634067868937685,0.8670055809132147,-0.11260952509206446,2.1405486554232165,165.17186127284035,0.7307796799241663,1.4903774152719398,1.2208101471039385,0.922832289585487,-0.15773318069962605,1.7145600288215315,157.3847093875906,0.6545733385142745,0.635,daily,,,,,,,
Random Forest,N05C,A_lag1,pacf_train,1,7,1469,314,316,2014-01-09,2018-01-16,2018-01-17,2018-11-26,2018-11-27,2019-10-08,"{""max_depth"": null, ""max_features"": 1.0, ""min_samples_leaf"": 5, ""n_estimators"": 300}",8,none,42,1.6818828474726955,1.2968742604711898,0.8467852607429021,-0.006671125913128462,2.036092588939768,167.42415959238372,0.643652649512602,1.316297277043123,1.1472999943533178,0.8523696000182042,-0.022506794374183015,1.6113191031806595,158.7915345308934,0.6300342821784526,6.894,daily,,,,,,,
LSTM,N05C,A_lag1,pacf_train,1,7,1469,314,316,2014-01-09,2018-01-16,2018-01-17,2018-11-26,2018-11-27,2019-10-08,"{""learning_rate"": 0.001, ""units"": 64}",3,none,42,1.6744170723218028,1.29399268634788,0.8555173274058445,-0.002202574320336881,2.0315685175661717,166.48550990711794,0.6303163790005462,1.3068773024330431,1.1431873435413127,0.8514462815055365,-0.015189307504289928,1.6055431135957992,157.98273777481916,0.620569836175799,21.839,daily,,,,,,,
Naive,N05C,B_rich,pacf_train,8,7,1469,314,316,2014-01-09,2018-01-16,2018-01-17,2018-11-26,2018-11-27,2019-10-08,{},0,none,42,3.245222929936306,1.801450229658401,0.9968152866242038,-0.9423898790733811,2.8282768605636894,170.12558275058277,1.14360616103027,2.7626582278481013,1.662124612611251,1.1044303797468353,-1.146047749072324,2.3343616781562457,170.49054797798516,1.0397716095374023,0.0,daily,,,,,,,
S1 [linear],N05C,B_rich,pacf_train,8,7,1469,314,316,2014-01-09,2018-01-16,2018-01-17,2018-11-26,2018-11-27,2019-10-08,{},0,none,42,1.6328380334848944,1.2778255097957993,0.8435138580167302,0.02268406858896721,2.006186050379405,166.4662038517874,0.6325619685318218,1.3157798107060052,1.1470744573505267,0.8571858049201146,-0.02210482374430267,1.611002348990073,157.0940017377655,0.6141574023080745,0.007,daily,linear,0.0,1.2778255097957993,0.0,,1.1470744573505267,
AR-LRX [linear],N05C,B_rich,pacf_train,8,7,1469,314,316,2014-01-09,2018-01-16,2018-01-17,2018-11-26,2018-11-27,2019-10-08,"{""colsample_bytree"": 0.8, ""learning_rate"": 0.05, ""max_depth"": 5, ""n_estimators"": 300, ""subsample"": 0.8}",132,none,42,1.6241839521328811,1.2744347578957822,0.8384078912078877,0.027863866832029016,2.0008625698963782,166.44112095092888,0.6340937052970885,1.3207035925198425,1.1492186878570338,0.8564885994247858,-0.02592964390193009,1.6140138016125454,156.91984511502335,0.6131440418279335,6.151,daily,linear,0.2,1.2778255097957993,0.2654,-0.06314760834807398,1.1470744573505267,5.0
XGBoost,N05C,B_rich,pacf_train,8,7,1469,314,316,2014-01-09,2018-01-16,2018-01-17,2018-11-26,2018-11-27,2019-10-08,"{""colsample_bytree"": 0.8, ""learning_rate"": 0.05, ""max_depth"": 5, ""n_estimators"": 100, ""subsample"": 0.8}",12,none,42,1.663909800270813,1.2899262770681172,0.8327761454400933,0.0040864293410892705,2.0251842549969443,168.11172452527413,0.6612747647804266,1.3453687688798135,1.1599003271315227,0.8549156139923048,-0.04508968537004088,1.6290155705491607,158.16710874820487,0.6295910645002329,5.003,daily,,,,,,,
"ARIMA(5,1,0) multi-step",N05C,B_rich,pacf_train,8,7,1469,314,316,2014-01-09,2018-01-16,2018-01-17,2018-11-26,2018-11-27,2019-10-08,"{""order"": [5, 1, 0]}",1,none,42,2.0764331210191083,1.4409833867949722,0.6369426751592356,-0.2428245349910152,2.2623439172681064,200.0,1.0,1.2889171259488292,1.1353048603563842,0.8740249132915582,-0.0012377459508685629,1.5944726038782995,153.42059886249672,0.5672230731613157,0.566,daily,,,,,,,
"ARIMA(5,1,0) rolling 1-step",N05C,B_rich,pacf_train,8,7,1469,314,316,2014-01-09,2018-01-16,2018-01-17,2018-11-26,2018-11-27,2019-10-08,"{'order': (5, 1, 0)}",1,none,42,1.85887806654799,1.3634067868937685,0.8670055809132147,-0.11260952509206446,2.1405486554232165,165.17186127284035,0.7307796799241663,1.4903774152719398,1.2208101471039385,0.922832289585487,-0.15773318069962605,1.7145600288215315,157.3847093875906,0.6545733385142745,0.598,daily,,,,,,,
Random Forest,N05C,B_rich,pacf_train,8,7,1469,314,316,2014-01-09,2018-01-16,2018-01-17,2018-11-26,2018-11-27,2019-10-08,"{""max_depth"": 10, ""max_features"": ""sqrt"", ""min_samples_leaf"": 1, ""n_estimators"": 300}",8,none,42,1.6248997324135759,1.2747155496084512,0.832653897946104,0.027435444993875402,2.0013034128852687,167.27967114919542,0.6526063979844166,1.34690556371091,1.1605626065451662,0.8527951991243914,-0.04628347584865167,1.6299457051923223,157.97821927411994,0.6272535495048419,7.104,daily,,,,,,,
LSTM,N05C,B_rich,pacf_train,8,7,1469,314,316,2014-01-09,2018-01-16,2018-01-17,2018-11-26,2018-11-27,2019-10-08,"{""learning_rate"": 0.001, ""units"": 256}",3,none,42,1.6579350942456448,1.2876082844738321,0.859077130343504,0.007662519108812327,2.0215450066239167,165.6679971939974,0.6194008464478556,1.315959896657011,1.1471529525991775,0.8535648718287673,-0.022244715478249022,1.6111125912059558,158.12163438589687,0.6236202578529976,35.154,daily,,,,,,,
Naive,R03,A_lag1,pacf_train,1,1,1473,315,317,2014-01-03,2018-01-14,2018-01-15,2018-11-25,2018-11-26,2019-10-08,{},0,none,42,93.93055555555556,9.69177772937223,6.792063492063492,-0.7667535335805216,1.395137660117561,112.86347600867599,3.275596500445437,118.7064164918472,10.895247426830068,7.588590956908518,-0.8056465862630271,1.4818642834473201,116.8205138789049,4.156248040245456,0.0,daily,,,,,,,
S1 [linear],R03,A_lag1,pacf_train,1,1,1473,315,317,2014-01-03,2018-01-14,2018-01-15,2018-11-25,2018-11-26,2019-10-08,{},0,none,42,55.86248272495644,7.474120866359899,5.098668280401342,-0.05072559365971152,1.0759045232050122,89.90307176351305,1.534883973521318,68.69126047976773,8.288019092628089,5.640236283663765,-0.044864664075809024,1.1272547554680319,91.40346584251877,1.8249838135443173,0.01,daily,linear,0.0,7.474120866359899,0.0,,8.288019092628089,
AR-LRX [linear],R03,A_lag1,pacf_train,1,1,1473,315,317,2014-01-03,2018-01-14,2018-01-15,2018-11-25,2018-11-26,2019-10-08,"{""colsample_bytree"": 0.8, ""learning_rate"": 0.05, ""max_depth"": 3, ""n_estimators"": 100, ""subsample"": 0.8}",132,none,42,55.157632535893256,7.426818466604207,5.071382300430277,-0.03746796354343118,1.0690953122268136,89.5104845530672,1.6021913075950245,69.67260118097978,8.347011511971203,5.686922579628264,-0.05979186463894126,1.1352783235242685,91.49126382803146,1.9385826414639566,4.75,daily,linear,0.7,7.474120866359899,0.6329,-0.05401570874352957,8.288019092628089,5.0
XGBoost,R03,A_lag1,pacf_train,1,1,1473,315,317,2014-01-03,2018-01-14,2018-01-15,2018-11-25,2018-11-26,2019-10-08,"{""colsample_bytree"": 0.8, ""learning_rate"": 0.05, ""max_depth"": 3, ""n_estimators"": 100, ""subsample"": 0.8}",12,none,42,55.429034906935684,7.445067824199836,5.09006395718408,-0.042572810365908875,1.0717223190325367,89.70085900163357,1.6289123815332394,70.40643659736021,8.39085434251842,5.703273836379986,-0.07095425546519651,1.141241393671089,91.59110417243099,1.9652206403236616,4.745,daily,,,,,,,
"ARIMA(5,1,0) multi-step",R03,A_lag1,pacf_train,1,1,1473,315,317,2014-01-03,2018-01-14,2018-01-15,2018-11-25,2018-11-26,2019-10-08,"{""order"": [5, 1, 0]}",1,none,42,53.165135001456356,7.2914425871329716,5.428133004948447,9.213492265125467e-06,1.0496078669927504,88.3203659822542,2.2180794207669936,73.19038461772016,8.555137907580459,7.087163763774723,-0.11330096584409066,1.1635856267009266,95.65515901721882,3.6120182193663934,0.754,daily,,,,,,,
"ARIMA(5,1,0) rolling 1-step",R03,A_lag1,pacf_train,1,1,1473,315,317,2014-01-03,2018-01-14,2018-01-15,2018-11-25,2018-11-26,2019-10-08,"{'order': (5, 1, 0)}",1,none,42,56.115954108646285,7.491058276949011,5.374795106023984,-0.05549317392309794,1.0783426743922946,90.91671390178347,2.3381452066192647,67.42403125354397,8.211213750326072,5.9458750945513135,-0.025588805247227286,1.1168084490119683,90.51876667120804,2.745174885962835,0.748,daily,,,,,,,
Random Forest,R03,A_lag1,pacf_train,1,1,1473,315,317,2014-01-03,2018-01-14,2018-01-15,2018-11-25,2018-11-26,2019-10-08,"{""max_depth"": null, ""max_features"": 1.0, ""min_samples_leaf"": 5, ""n_estimators"": 300}",8,none,42,55.80277823549931,7.47012571751636,5.095171197670046,-0.049602603200482154,1.0753294189501443,89.79444515210065,1.613952933396879,70.71905948971492,8.40946249707524,5.758043239334004,-0.07570957093213004,1.1437722916432373,92.2246096272983,1.910656722034554,6.878,daily,,,,,,,
LSTM,R03,A_lag1,pacf_train,1,1,1473,315,317,2014-01-03,2018-01-14,2018-01-15,2018-11-25,2018-11-26,2019-10-08,"{""learning_rate"": 0.001, ""units"": 128}",3,none,42,55.72823652146407,7.46513472895594,5.068525191715786,-0.048200537217884865,1.0746109629252238,89.9509636831459,1.5139456192632956,69.6858836145177,8.347807114117916,5.586678498936439,-0.05999390410305616,1.1353865334949889,91.0904996496269,1.70724947001779,27.637,daily,,,,,,,
Naive,R03,B_rich,pacf_train,1,1,1473,315,317,2014-01-03,2018-01-14,2018-01-15,2018-11-25,2018-11-26,2019-10-08,{},0,none,42,93.93055555555556,9.69177772937223,6.792063492063492,-0.7667535335805216,1.395137660117561,112.86347600867599,3.275596500445437,118.7064164918472,10.895247426830068,7.588590956908518,-0.8056465862630271,1.4818642834473201,116.8205138789049,4.156248040245456,0.0,daily,,,,,,,
S1 [linear],R03,B_rich,pacf_train,1,1,1473,315,317,2014-01-03,2018-01-14,2018-01-15,2018-11-25,2018-11-26,2019-10-08,{},0,none,42,55.86248272495644,7.474120866359899,5.098668280401342,-0.05072559365971152,1.0759045232050122,89.90307176351305,1.534883973521318,68.69126047976773,8.288019092628089,5.640236283663765,-0.044864664075809024,1.1272547554680319,91.40346584251877,1.8249838135443173,0.005,daily,linear,0.0,7.474120866359899,0.0,,8.288019092628089,
AR-LRX [linear],R03,B_rich,pacf_train,1,1,1473,315,317,2014-01-03,2018-01-14,2018-01-15,2018-11-25,2018-11-26,2019-10-08,"{""colsample_bytree"": 0.8, ""learning_rate"": 0.05, ""max_depth"": 3, ""n_estimators"": 100, ""subsample"": 0.8}",132,none,42,55.157632535893256,7.426818466604207,5.071382300430277,-0.03746796354343118,1.0690953122268136,89.5104845530672,1.6021913075950245,69.67260118097978,8.347011511971203,5.686922579628264,-0.05979186463894126,1.1352783235242685,91.49126382803146,1.9385826414639566,4.634,daily,linear,0.7,7.474120866359899,0.6329,-0.05401570874352957,8.288019092628089,5.0
XGBoost,R03,B_rich,pacf_train,1,1,1473,315,317,2014-01-03,2018-01-14,2018-01-15,2018-11-25,2018-11-26,2019-10-08,"{""colsample_bytree"": 0.8, ""learning_rate"": 0.05, ""max_depth"": 3, ""n_estimators"": 100, ""subsample"": 0.8}",12,none,42,55.429034906935684,7.445067824199836,5.09006395718408,-0.042572810365908875,1.0717223190325367,89.70085900163357,1.6289123815332394,70.40643659736021,8.39085434251842,5.703273836379986,-0.07095425546519651,1.141241393671089,91.59110417243099,1.9652206403236616,4.336,daily,,,,,,,
"ARIMA(5,1,0) multi-step",R03,B_rich,pacf_train,1,1,1473,315,317,2014-01-03,2018-01-14,2018-01-15,2018-11-25,2018-11-26,2019-10-08,"{""order"": [5, 1, 0]}",1,none,42,53.165135001456356,7.2914425871329716,5.428133004948447,9.213492265125467e-06,1.0496078669927504,88.3203659822542,2.2180794207669936,73.19038461772016,8.555137907580459,7.087163763774723,-0.11330096584409066,1.1635856267009266,95.65515901721882,3.6120182193663934,0.643,daily,,,,,,,
"ARIMA(5,1,0) rolling 1-step",R03,B_rich,pacf_train,1,1,1473,315,317,2014-01-03,2018-01-14,2018-01-15,2018-11-25,2018-11-26,2019-10-08,"{'order': (5, 1, 0)}",1,none,42,56.115954108646285,7.491058276949011,5.374795106023984,-0.05549317392309794,1.0783426743922946,90.91671390178347,2.3381452066192647,67.42403125354397,8.211213750326072,5.9458750945513135,-0.025588805247227286,1.1168084490119683,90.51876667120804,2.745174885962835,0.668,daily,,,,,,,
Random Forest,R03,B_rich,pacf_train,1,1,1473,315,317,2014-01-03,2018-01-14,2018-01-15,2018-11-25,2018-11-26,2019-10-08,"{""max_depth"": null, ""max_features"": 1.0, ""min_samples_leaf"": 5, ""n_estimators"": 300}",8,none,42,55.80277823549931,7.47012571751636,5.095171197670046,-0.049602603200482154,1.0753294189501443,89.79444515210062,1.6139529333968792,70.71905948971491,8.40946249707524,5.758043239334004,-0.07570957093212982,1.1437722916432373,92.2246096272983,1.910656722034554,6.727,daily,,,,,,,
LSTM,R03,B_rich,pacf_train,1,1,1473,315,317,2014-01-03,2018-01-14,2018-01-15,2018-11-25,2018-11-26,2019-10-08,"{""learning_rate"": 0.001, ""units"": 128}",3,none,42,55.72823652146407,7.46513472895594,5.068525191715786,-0.048200537217884865,1.0746109629252238,89.9509636831459,1.5139456192632956,69.6858836145177,8.347807114117916,5.586678498936439,-0.05999390410305616,1.1353865334949889,91.0904996496269,1.70724947001779,27.79,daily,,,,,,,
Naive,R06,A_lag1,pacf_train,1,1,1473,315,317,2014-01-03,2018-01-14,2018-01-15,2018-11-25,2018-11-26,2019-10-08,{},0,none,42,9.688604444444444,3.112652316665715,2.3900952380952383,-0.26101835096991954,0.8855540821438769,82.50612949788051,1.5085810249979021,9.05630599369085,3.0093697004008746,2.3206940063091483,-0.2716879959630176,0.8359580036515833,78.61483989833405,1.431620528497761,0.0,daily,,,,,,,
S1 [linear],R06,A_lag1,pacf_train,1,1,1473,315,317,2014-01-03,2018-01-14,2018-01-15,2018-11-25,2018-11-26,2019-10-08,{},0,none,42,7.041915450053448,2.65366076393601,1.9937033643500504,0.0834609195354361,0.7549703221096851,67.28898489770721,1.5434353427329148,6.482149897726687,2.5460066570468127,1.8974653696979378,0.08977543175830482,0.7072426634803226,62.52055378314043,0.9984928028599571,0.007,daily,linear,0.0,2.65366076393601,0.0,,2.5460066570468127,
AR-LRX [linear],R06,A_lag1,pacf_train,1,1,1473,315,317,2014-01-03,2018-01-14,2018-01-15,2018-11-25,2018-11-26,2019-10-08,"{""colsample_bytree"": 0.8, ""learning_rate"": 0.05, ""max_depth"": 3, ""n_estimators"": 100, ""subsample"": 0.8}",132,none,42,7.041915450053448,2.65366076393601,1.9937033643500504,0.0834609195354361,0.7549703221096851,67.28898489770721,1.5434353427329148,6.482149897726687,2.5460066570468127,1.8974653696979378,0.08977543175830482,0.7072426634803226,62.52055378314043,0.9984928028599571,4.783,daily,linear,0.0,2.65366076393601,0.0,-0.08874866964168104,2.5460066570468127,5.0
XGBoost,R06,A_lag1,pacf_train,1,1,1473,315,317,2014-01-03,2018-01-14,2018-01-15,2018-11-25,2018-11-26,2019-10-08,"{""colsample_bytree"": 0.8, ""learning_rate"": 0.05, ""max_depth"": 3, ""n_estimators"": 100, ""subsample"": 0.8}",12,none,42,7.228240714349805,2.688538769359632,2.0255604949224564,0.059209792464007927,0.7648931650544474,67.98405114229779,1.5384278643908864,6.4934038579783815,2.5482158185637225,1.9005164637700989,0.08819514878541335,0.7078563355895267,62.66185108888153,1.0122770332847484,4.443,daily,,,,,,,
"ARIMA(5,1,0) multi-step",R06,A_lag1,pacf_train,1,1,1473,315,317,2014-01-03,2018-01-14,2018-01-15,2018-11-25,2018-11-26,2019-10-08,"{""order"": [5, 1, 0]}",1,none,42,15.248445827625437,3.9049258415014028,2.901632954871753,-0.9846583811595548,1.1109570448635677,120.05154137464655,0.8248490955956206,10.671519547224143,3.266729181800068,2.3745108402353554,-0.4984965521641913,0.9074486278386408,82.87764853534507,0.6677313436010295,0.457,daily,,,,,,,
"ARIMA(5,1,0) rolling 1-step",R06,A_lag1,pacf_train,1,1,1473,315,317,2014-01-03,2018-01-14,2018-01-15,2018-11-25,2018-11-26,2019-10-08,"{'order': (5, 1, 0)}",1,none,42,5.495122599057163,2.344167783896273,1.7833872985892498,0.2847834300621048,0.666919122044189,63.09045372065124,1.3798040327523904,5.4642613921272405,2.3375759649960557,1.7763479073949,0.23270750524404293,0.6493437269677171,60.355849520148666,1.0514551722649514,0.474,daily,,,,,,,
Random Forest,R06,A_lag1,pacf_train,1,1,1473,315,317,2014-01-03,2018-01-14,2018-01-15,2018-11-25,2018-11-26,2019-10-08,"{""max_depth"": null, ""max_features"": 1.0, ""min_samples_leaf"": 5, ""n_estimators"": 300}",8,none,42,7.193722420569722,2.68211156005296,2.033503334188684,0.06370251400615057,0.7630646147188245,68.48843908918153,1.537379882500838,6.617407286686814,2.572432173388992,1.9122531277887231,0.070782566673388,0.7145832776574135,62.78420343206796,1.0300947060292465,6.716,daily,,,,,,,
LSTM,R06,A_lag1,pacf_train,1,1,1473,315,317,2014-01-03,2018-01-14,2018-01-15,2018-11-25,2018-11-26,2019-10-08,"{""learning_rate"": 0.001, ""units"": 64}",3,none,42,7.164088883366166,2.6765815667313717,2.0010028961121087,0.06755946104450983,0.7614913236275128,67.482242477173,1.5126610426337124,6.61341612006497,2.571656298976395,1.9138954449301635,0.07134300695515661,0.714367751321466,63.17143176274006,0.963721753994811,31.255,daily,,,,,,,
Naive,R06,B_rich,pacf_train,1,1,1473,315,317,2014-01-03,2018-01-14,2018-01-15,2018-11-25,2018-11-26,2019-10-08,{},0,none,42,9.688604444444444,3.112652316665715,2.3900952380952383,-0.26101835096991954,0.8855540821438769,82.50612949788051,1.5085810249979021,9.05630599369085,3.0093697004008746,2.3206940063091483,-0.2716879959630176,0.8359580036515833,78.61483989833405,1.431620528497761,0.0,daily,,,,,,,
S1 [linear],R06,B_rich,pacf_train,1,1,1473,315,317,2014-01-03,2018-01-14,2018-01-15,2018-11-25,2018-11-26,2019-10-08,{},0,none,42,7.041915450053448,2.65366076393601,1.9937033643500504,0.0834609195354361,0.7549703221096851,67.28898489770721,1.5434353427329148,6.482149897726687,2.5460066570468127,1.8974653696979378,0.08977543175830482,0.7072426634803226,62.52055378314043,0.9984928028599571,0.006,daily,linear,0.0,2.65366076393601,0.0,,2.5460066570468127,
AR-LRX [linear],R06,B_rich,pacf_train,1,1,1473,315,317,2014-01-03,2018-01-14,2018-01-15,2018-11-25,2018-11-26,2019-10-08,"{""colsample_bytree"": 0.8, ""learning_rate"": 0.05, ""max_depth"": 3, ""n_estimators"": 100, ""subsample"": 0.8}",132,none,42,7.041915450053448,2.65366076393601,1.9937033643500504,0.0834609195354361,0.7549703221096851,67.28898489770721,1.5434353427329148,6.482149897726687,2.5460066570468127,1.8974653696979378,0.08977543175830482,0.7072426634803226,62.52055378314043,0.9984928028599571,4.548,daily,linear,0.0,2.65366076393601,0.0,-0.08874866964168104,2.5460066570468127,5.0
XGBoost,R06,B_rich,pacf_train,1,1,1473,315,317,2014-01-03,2018-01-14,2018-01-15,2018-11-25,2018-11-26,2019-10-08,"{""colsample_bytree"": 0.8, ""learning_rate"": 0.05, ""max_depth"": 3, ""n_estimators"": 100, ""subsample"": 0.8}",12,none,42,7.228240714349805,2.688538769359632,2.0255604949224564,0.059209792464007927,0.7648931650544474,67.98405114229779,1.5384278643908864,6.4934038579783815,2.5482158185637225,1.9005164637700989,0.08819514878541335,0.7078563355895267,62.66185108888153,1.0122770332847484,4.707,daily,,,,,,,
"ARIMA(5,1,0) multi-step",R06,B_rich,pacf_train,1,1,1473,315,317,2014-01-03,2018-01-14,2018-01-15,2018-11-25,2018-11-26,2019-10-08,"{""order"": [5, 1, 0]}",1,none,42,15.248445827625437,3.9049258415014028,2.901632954871753,-0.9846583811595548,1.1109570448635677,120.05154137464655,0.8248490955956206,10.671519547224143,3.266729181800068,2.3745108402353554,-0.4984965521641913,0.9074486278386408,82.87764853534507,0.6677313436010295,0.496,daily,,,,,,,
"ARIMA(5,1,0) rolling 1-step",R06,B_rich,pacf_train,1,1,1473,315,317,2014-01-03,2018-01-14,2018-01-15,2018-11-25,2018-11-26,2019-10-08,"{'order': (5, 1, 0)}",1,none,42,5.495122599057163,2.344167783896273,1.7833872985892498,0.2847834300621048,0.666919122044189,63.09045372065124,1.3798040327523904,5.4642613921272405,2.3375759649960557,1.7763479073949,0.23270750524404293,0.6493437269677171,60.355849520148666,1.0514551722649514,0.496,daily,,,,,,,
Random Forest,R06,B_rich,pacf_train,1,1,1473,315,317,2014-01-03,2018-01-14,2018-01-15,2018-11-25,2018-11-26,2019-10-08,"{""max_depth"": null, ""max_features"": ""sqrt"", ""min_samples_leaf"": 5, ""n_estimators"": 300}",8,none,42,7.193722420569722,2.68211156005296,2.0335033341886843,0.06370251400615057,0.7630646147188245,68.48843908918153,1.5373798825008378,6.617407286686812,2.5724321733889917,1.9122531277887231,0.07078256667338811,0.7145832776574134,62.78420343206796,1.0300947060292467,7.024,daily,,,,,,,
LSTM,R06,B_rich,pacf_train,1,1,1473,315,317,2014-01-03,2018-01-14,2018-01-15,2018-11-25,2018-11-26,2019-10-08,"{""learning_rate"": 0.001, ""units"": 64}",3,none,42,7.164088883366166,2.6765815667313717,2.0010028961121087,0.06755946104450983,0.7614913236275128,67.482242477173,1.5126610426337124,6.61341612006497,2.571656298976395,1.9138954449301635,0.07134300695515661,0.714367751321466,63.17143176274006,0.963721753994811,26.539,daily,,,,,,,
Naive,M01AB,A_lag1,pacf_train,1,2,210,45,45,2014-01-19,2018-01-21,2018-01-28,2018-12-02,2018-12-09,2019-10-13,{},0,none,42,116.87771555555555,10.810999748198848,8.296888888888889,-1.3783796475988885,0.3138819099371895,23.32963922164917,0.31766608233445126,119.25805777777776,10.92053376798853,8.319555555555553,-0.6164832561297386,0.2969670352242758,22.935915307261524,0.6606806987698898,0.0,weekly,,,,,,,
S1 [linear],M01AB,A_lag1,pacf_train,1,2,210,45,45,2014-01-19,2018-01-21,2018-01-28,2018-12-02,2018-12-09,2019-10-13,{},0,none,42,58.25809865115139,7.6326993030743315,6.062764552912976,-0.18551150218062729,0.22160450384104116,17.337583988198872,0.2288240041505057,76.0256622599075,8.71926959440454,6.422269794233635,-0.03048978299070426,0.23710705866426016,18.51808775832242,0.5814653539143978,0.007,weekly,linear,0.0,7.6326993030743315,0.0,,8.71926959440454,
AR-LRX [linear],M01AB,A_lag1,pacf_train,1,2,210,45,45,2014-01-19,2018-01-21,2018-01-28,2018-12-02,2018-12-09,2019-10-13,"{""colsample_bytree"": 0.8, ""learning_rate"": 0.05, ""max_depth"": 3, ""n_estimators"": 100, ""subsample"": 0.8}",132,none,42,58.25809865115139,7.6326993030743315,6.062764552912976,-0.18551150218062729,0.22160450384104116,17.337583988198872,0.2288240041505057,76.0256622599075,8.71926959440454,6.422269794233635,-0.03048978299070426,0.23710705866426016,18.51808775832242,0.5814653539143978,4.476,weekly,linear,0.0,7.6326993030743315,0.0,-0.25039217260894664,8.71926959440454,5.0
XGBoost,M01AB,A_lag1,pacf_train,1,2,210,45,45,2014-01-19,2018-01-21,2018-01-28,2018-12-02,2018-12-09,2019-10-13,"{""colsample_bytree"": 0.8, ""learning_rate"": 0.05, ""max_depth"": 3, ""n_estimators"": 100, ""subsample"": 0.8}",12,none,42,65.97469678301235,8.12248094999381,6.179791573418511,-0.34253886927349275,0.2358246132081587,17.68829609227071,0.23085327339395617,78.96787195279003,8.886386889663877,6.5979072367350255,-0.07036996210136426,0.24165155518450726,19.058644348776905,0.5765826234359173,4.23,weekly,,,,,,,
"ARIMA(5,1,0) multi-step",M01AB,A_lag1,pacf_train,1,2,210,45,45,2014-01-19,2018-01-21,2018-01-28,2018-12-02,2018-12-09,2019-10-13,"{""order"": [5, 1, 0]}",1,none,42,51.25797330240075,7.1594673895759,5.918192765857279,-0.043063854389326695,0.20786489230540445,16.96333075148982,0.23019884103198401,77.45421109781942,8.800807411699191,6.5359681087510895,-0.049853047159831965,0.23932435356715492,18.72835410006147,0.6421390021723351,0.299,weekly,,,,,,,
"ARIMA(5,1,0) rolling 1-step",M01AB,A_lag1,pacf_train,1,2,210,45,45,2014-01-19,2018-01-21,2018-01-28,2018-12-02,2018-12-09,2019-10-13,"{'order': (5, 1, 0)}",1,none,42,56.71879958243828,7.531188457503788,6.252631391385422,-0.15418784429432164,0.21865728167573403,17.941268717862986,0.22083606542689593,89.37573258196191,9.453873945741075,6.926578631841388,-0.21144330131788847,0.2570834884719988,19.879235371230187,0.6328744243497912,0.335,weekly,,,,,,,
Random Forest,M01AB,A_lag1,pacf_train,1,2,210,45,45,2014-01-19,2018-01-21,2018-01-28,2018-12-02,2018-12-09,2019-10-13,"{""max_depth"": null, ""max_features"": ""sqrt"", ""min_samples_leaf"": 5, ""n_estimators"": 300}",8,none,42,67.61807213269476,8.223020864177274,6.2858817668353035,-0.375980406579999,0.23874364576979434,17.87970598227983,0.23345028957037778,77.30560050588198,8.792360348955334,6.551431782493404,-0.04783870500109888,0.23909464875302305,18.909906140044434,0.5911569317303259,5.746,weekly,,,,,,,
LSTM,M01AB,A_lag1,pacf_train,1,2,210,45,45,2014-01-19,2018-01-21,2018-01-28,2018-12-02,2018-12-09,2019-10-13,"{""learning_rate"": 0.001, ""units"": 64}",3,none,42,50.47822192860138,7.104802736783153,5.784714769151477,-0.027196460089083274,0.20627778232258354,16.5952201335245,0.21901691975019527,77.64440237961038,8.8116061180474,6.52743234931098,-0.052430994748495774,0.23961800769401506,18.86368226996962,0.5646979936839495,18.187,weekly,,,,,,,
Naive,M01AB,B_rich,pacf_train,3,2,210,45,45,2014-01-19,2018-01-21,2018-01-28,2018-12-02,2018-12-09,2019-10-13,{},0,none,42,116.87771555555555,10.810999748198848,8.296888888888889,-1.3783796475988885,0.3138819099371895,23.32963922164917,0.31766608233445126,119.25805777777776,10.92053376798853,8.319555555555553,-0.6164832561297386,0.2969670352242758,22.935915307261524,0.6606806987698898,0.0,weekly,,,,,,,
S1 [linear],M01AB,B_rich,pacf_train,3,2,210,45,45,2014-01-19,2018-01-21,2018-01-28,2018-12-02,2018-12-09,2019-10-13,{},0,none,42,53.0614683834258,7.284330331844225,5.794794692892386,-0.07976371607695354,0.21149010918750533,16.615655355185332,0.21859074434320744,75.19148156849673,8.671302184129944,6.475317760284488,-0.01918288142464908,0.2358026590882624,18.69895700095755,0.5749275958283854,0.005,weekly,linear,0.0,7.284330331844225,0.0,,8.671302184129944,
AR-LRX [linear],M01AB,B_rich,pacf_train,3,2,210,45,45,2014-01-19,2018-01-21,2018-01-28,2018-12-02,2018-12-09,2019-10-13,"{""colsample_bytree"": 0.8, ""learning_rate"": 0.05, ""max_depth"": 3, ""n_estimators"": 100, ""subsample"": 0.8}",132,none,42,53.0614683834258,7.284330331844225,5.794794692892386,-0.07976371607695354,0.21149010918750533,16.615655355185332,0.21859074434320744,75.19148156849673,8.671302184129944,6.475317760284488,-0.01918288142464908,0.2358026590882624,18.69895700095755,0.5749275958283854,4.535,weekly,linear,0.0,7.284330331844225,0.0,-0.23037143897219647,8.671302184129944,5.0
XGBoost,M01AB,B_rich,pacf_train,3,2,210,45,45,2014-01-19,2018-01-21,2018-01-28,2018-12-02,2018-12-09,2019-10-13,"{""colsample_bytree"": 0.8, ""learning_rate"": 0.05, ""max_depth"": 3, ""n_estimators"": 100, ""subsample"": 0.8}",12,none,42,66.26731672822334,8.140473986705157,6.357846669514973,-0.34849348020050464,0.23634701528567875,18.09696871042473,0.23805226168622073,82.04073466536177,9.057634054506826,6.798825690375434,-0.11202107747097245,0.24630835712426635,19.699105700147648,0.5557266108384038,4.376,weekly,,,,,,,
"ARIMA(5,1,0) multi-step",M01AB,B_rich,pacf_train,3,2,210,45,45,2014-01-19,2018-01-21,2018-01-28,2018-12-02,2018-12-09,2019-10-13,"{""order"": [5, 1, 0]}",1,none,42,51.25797330240075,7.1594673895759,5.918192765857279,-0.043063854389326695,0.20786489230540445,16.96333075148982,0.23019884103198401,77.45421109781942,8.800807411699191,6.5359681087510895,-0.049853047159831965,0.23932435356715492,18.72835410006147,0.6421390021723351,0.289,weekly,,,,,,,
"ARIMA(5,1,0) rolling 1-step",M01AB,B_rich,pacf_train,3,2,210,45,45,2014-01-19,2018-01-21,2018-01-28,2018-12-02,2018-12-09,2019-10-13,"{'order': (5, 1, 0)}",1,none,42,56.71879958243828,7.531188457503788,6.252631391385422,-0.15418784429432164,0.21865728167573403,17.941268717862986,0.22083606542689593,89.37573258196191,9.453873945741075,6.926578631841388,-0.21144330131788847,0.2570834884719988,19.879235371230187,0.6328744243497912,0.324,weekly,,,,,,,
Random Forest,M01AB,B_rich,pacf_train,3,2,210,45,45,2014-01-19,2018-01-21,2018-01-28,2018-12-02,2018-12-09,2019-10-13,"{""max_depth"": 10, ""max_features"": ""sqrt"", ""min_samples_leaf"": 5, ""n_estimators"": 300}",8,none,42,62.21150665800898,7.887427125369145,6.2200610008527315,-0.26596058605834205,0.22900016171156862,17.73624931592665,0.2286051182869964,81.3089361994517,9.017146788172614,6.6154396511053415,-0.10210191570490279,0.2452073685001708,19.20967994806245,0.5776856889337884,5.843,weekly,,,,,,,
LSTM,M01AB,B_rich,pacf_train,3,2,210,45,45,2014-01-19,2018-01-21,2018-01-28,2018-12-02,2018-12-09,2019-10-13,"{""learning_rate"": 0.001, ""units"": 64}",3,none,42,49.39389139969861,7.028078784397526,5.604100212944879,-0.005131093317034985,0.20405021213725053,16.082933334194617,0.2109049823129124,74.30505856774874,8.620038199900783,6.284252197265625,-0.0071678615152406255,0.23440861427930412,18.163822872495206,0.5790543694422841,19.35,weekly,,,,,,,
Naive,M01AE,A_lag1,pacf_train,1,1,210,45,46,2014-01-12,2018-01-14,2018-01-21,2018-11-25,2018-12-02,2019-10-13,{},0,none,42,45.908203888888885,6.775559304506816,5.5056222222222235,-0.5028531878042071,0.2521991261150493,20.14832613520521,0.2609274473557304,99.00320602173912,9.950035478416101,7.71463043478261,0.05536256982834331,0.37592019383774017,30.265748716527487,0.717837483642111,0.0,weekly,,,,,,,
S1 [linear],M01AE,A_lag1,pacf_train,1,1,210,45,46,2014-01-12,2018-01-14,2018-01-21,2018-11-25,2018-12-02,2019-10-13,{},0,none,42,28.86272463150085,5.372403989975144,4.376200802707008,0.055148447407143864,0.1999710327245609,16.335850128153716,0.21311247015909435,85.1469526480301,9.227510641989534,7.280131693320726,0.18757177905207012,0.3486226352359398,27.577591718542614,0.6299231042993104,0.005,weekly,linear,0.0,5.372403989975144,0.0,,9.227510641989534,
AR-LRX [linear],M01AE,A_lag1,pacf_train,1,1,210,45,46,2014-01-12,2018-01-14,2018-01-21,2018-11-25,2018-12-02,2019-10-13,"{""colsample_bytree"": 0.8, ""learning_rate"": 0.05, ""max_depth"": 3, ""n_estimators"": 100, ""subsample"": 0.8}",132,none,42,28.726479177932983,5.3597088706321525,4.35870607338803,0.059608585179335205,0.19949849638322903,16.257108545746128,0.20781285482542416,84.61079026463172,9.198412377395988,7.237606522837052,0.19268756344290028,0.34752327983262726,27.4622195209679,0.6289359905696627,4.49,weekly,linear,0.2,5.372403989975144,0.2363,-0.11599220501042451,9.227510641989534,5.0
XGBoost,M01AE,A_lag1,pacf_train,1,1,210,45,46,2014-01-12,2018-01-14,2018-01-21,2018-11-25,2018-12-02,2019-10-13,"{""colsample_bytree"": 0.8, ""learning_rate"": 0.05, ""max_depth"": 3, ""n_estimators"": 100, ""subsample"": 0.8}",12,none,42,30.955241784446137,5.563743504552141,4.351468146091037,-0.013352295541763537,0.20709305117335505,16.089591762024096,0.20013938521974428,92.9774933385195,9.642483774345669,7.492563684214715,0.11285680635619344,0.3643006477104847,28.167157822473772,0.6276418614819219,4.155,weekly,,,,,,,
"ARIMA(5,1,0) multi-step",M01AE,A_lag1,pacf_train,1,1,210,45,46,2014-01-12,2018-01-14,2018-01-21,2018-11-25,2018-12-02,2019-10-13,"{""order"": [5, 1, 0]}",1,none,42,31.70630734415595,5.6308354037527995,4.539391572325851,-0.0379392141106476,0.20959033849494194,16.939068140086576,0.2012757709555226,104.55329431736331,10.225130528133286,7.499236317125069,0.0024064954194700228,0.3863135019458183,28.162822332403355,0.5691950730705416,0.302,weekly,,,,,,,
"ARIMA(5,1,0) rolling 1-step",M01AE,A_lag1,pacf_train,1,1,210,45,46,2014-01-12,2018-01-14,2018-01-21,2018-11-25,2018-12-02,2019-10-13,"{'order': (5, 1, 0)}",1,none,42,38.50743789711045,6.2054361568797445,4.908895461851709,-0.2605813535617638,0.23097806477567484,18.178516690271564,0.2419768311057214,107.21670214375075,10.35454982815529,8.0951594665059,-0.02300636569601,0.39120306525000476,30.29300032514471,0.6475221488225763,0.332,weekly,,,,,,,
Random Forest,M01AE,A_lag1,pacf_train,1,1,210,45,46,2014-01-12,2018-01-14,2018-01-21,2018-11-25,2018-12-02,2019-10-13,"{""max_depth"": 10, ""max_features"": ""sqrt"", ""min_samples_leaf"": 5, ""n_estimators"": 300}",8,none,42,33.48330172056071,5.786475759956202,4.477288847563879,-0.09611098815246333,0.2153835667818856,16.569901631097945,0.21118539519303176,84.87532902109838,9.212780743136047,7.053108473323449,0.19016347133385691,0.34806612803109366,26.671275716477368,0.6124018696183321,5.823,weekly,,,,,,,
LSTM,M01AE,A_lag1,pacf_train,1,1,210,45,46,2014-01-12,2018-01-14,2018-01-21,2018-11-25,2018-12-02,2019-10-13,"{""learning_rate"": 0.001, ""units"": 128}",3,none,42,29.34882441223668,5.417455529327092,4.396501364474826,0.03923546142237555,0.2016479361865587,16.419312728975058,0.2099892028889535,90.68052956076498,9.52263249111111,7.46232204835311,0.1347732477261725,0.3597725716324677,28.121382871027535,0.6381980781466676,21.348,weekly,,,,,,,
Naive,M01AE,B_rich,pacf_train,1,1,210,45,46,2014-01-12,2018-01-14,2018-01-21,2018-11-25,2018-12-02,2019-10-13,{},0,none,42,45.908203888888885,6.775559304506816,5.5056222222222235,-0.5028531878042071,0.2521991261150493,20.14832613520521,0.2609274473557304,99.00320602173912,9.950035478416101,7.71463043478261,0.05536256982834331,0.37592019383774017,30.265748716527487,0.717837483642111,0.0,weekly,,,,,,,
S1 [linear],M01AE,B_rich,pacf_train,1,1,210,45,46,2014-01-12,2018-01-14,2018-01-21,2018-11-25,2018-12-02,2019-10-13,{},0,none,42,28.86272463150085,5.372403989975144,4.376200802707008,0.055148447407143864,0.1999710327245609,16.335850128153716,0.21311247015909435,85.1469526480301,9.227510641989534,7.280131693320726,0.18757177905207012,0.3486226352359398,27.577591718542614,0.6299231042993104,0.005,weekly,linear,0.0,5.372403989975144,0.0,,9.227510641989534,
AR-LRX [linear],M01AE,B_rich,pacf_train,1,1,210,45,46,2014-01-12,2018-01-14,2018-01-21,2018-11-25,2018-12-02,2019-10-13,"{""colsample_bytree"": 0.8, ""learning_rate"": 0.05, ""max_depth"": 3, ""n_estimators"": 100, ""subsample"": 0.8}",132,none,42,28.726479177932983,5.3597088706321525,4.35870607338803,0.059608585179335205,0.19949849638322903,16.257108545746128,0.20781285482542416,84.61079026463172,9.198412377395988,7.237606522837052,0.19268756344290028,0.34752327983262726,27.4622195209679,0.6289359905696627,4.373,weekly,linear,0.2,5.372403989975144,0.2363,-0.11599220501042451,9.227510641989534,5.0
XGBoost,M01AE,B_rich,pacf_train,1,1,210,45,46,2014-01-12,2018-01-14,2018-01-21,2018-11-25,2018-12-02,2019-10-13,"{""colsample_bytree"": 0.8, ""learning_rate"": 0.05, ""max_depth"": 3, ""n_estimators"": 100, ""subsample"": 0.8}",12,none,42,30.955241784446137,5.563743504552141,4.351468146091037,-0.013352295541763537,0.20709305117335505,16.089591762024096,0.20013938521974428,92.9774933385195,9.642483774345669,7.492563684214715,0.11285680635619344,0.3643006477104847,28.167157822473772,0.6276418614819219,4.223,weekly,,,,,,,
"ARIMA(5,1,0) multi-step",M01AE,B_rich,pacf_train,1,1,210,45,46,2014-01-12,2018-01-14,2018-01-21,2018-11-25,2018-12-02,2019-10-13,"{""order"": [5, 1, 0]}",1,none,42,31.70630734415595,5.6308354037527995,4.539391572325851,-0.0379392141106476,0.20959033849494194,16.939068140086576,0.2012757709555226,104.55329431736331,10.225130528133286,7.499236317125069,0.0024064954194700228,0.3863135019458183,28.162822332403355,0.5691950730705416,0.308,weekly,,,,,,,
"ARIMA(5,1,0) rolling 1-step",M01AE,B_rich,pacf_train,1,1,210,45,46,2014-01-12,2018-01-14,2018-01-21,2018-11-25,2018-12-02,2019-10-13,"{'order': (5, 1, 0)}",1,none,42,38.50743789711045,6.2054361568797445,4.908895461851709,-0.2605813535617638,0.23097806477567484,18.178516690271564,0.2419768311057214,107.21670214375075,10.35454982815529,8.0951594665059,-0.02300636569601,0.39120306525000476,30.29300032514471,0.6475221488225763,0.347,weekly,,,,,,,
Random Forest,M01AE,B_rich,pacf_train,1,1,210,45,46,2014-01-12,2018-01-14,2018-01-21,2018-11-25,2018-12-02,2019-10-13,"{""max_depth"": 10, ""max_features"": 1.0, ""min_samples_leaf"": 5, ""n_estimators"": 300}",8,none,42,33.48330172056071,5.786475759956202,4.477288847563879,-0.09611098815246333,0.2153835667818856,16.569901631097945,0.21118539519303176,84.87532902109838,9.212780743136047,7.053108473323449,0.19016347133385691,0.34806612803109366,26.671275716477368,0.6124018696183321,5.793,weekly,,,,,,,
LSTM,M01AE,B_rich,pacf_train,1,1,210,45,46,2014-01-12,2018-01-14,2018-01-21,2018-11-25,2018-12-02,2019-10-13,"{""learning_rate"": 0.001, ""units"": 128}",3,none,42,29.34882441223668,5.417455529327092,4.396501364474826,0.03923546142237555,0.2016479361865587,16.419312728975058,0.2099892028889535,90.68052956076498,9.52263249111111,7.46232204835311,0.1347732477261725,0.3597725716324677,28.121382871027535,0.6381980781466676,19.381,weekly,,,,,,,
Naive,N02BA,A_lag1,pacf_train,1,1,210,45,46,2014-01-12,2018-01-14,2018-01-21,2018-11-25,2018-12-02,2019-10-13,{},0,none,42,49.194444444444436,7.01387513750027,5.391111111111111,-0.5938228589736254,0.31800945207809794,25.109810773395424,0.3725147465421816,38.93119565217392,6.2394868100007965,5.060869565217392,-0.3633468510784168,0.2954211242448012,25.279798597319925,0.73400085945753,0.0,weekly,,,,,,,
S1 [linear],N02BA,A_lag1,pacf_train,1,1,210,45,46,2014-01-12,2018-01-14,2018-01-21,2018-11-25,2018-12-02,2019-10-13,{},0,none,42,55.76310318721868,7.467469664298522,6.280953746808672,-0.806637102030147,0.33857545077424034,27.31280964135922,0.47435270586959954,47.144018591691996,6.866150201655364,5.402531053338721,-0.6509549274676998,0.325091770136531,25.549350364411723,0.9667978071238208,0.009,weekly,linear,0.0,7.467469664298522,0.0,,6.866150201655364,
AR-LRX [linear],N02BA,A_lag1,pacf_train,1,1,210,45,46,2014-01-12,2018-01-14,2018-01-21,2018-11-25,2018-12-02,2019-10-13,"{""colsample_bytree"": 0.8, ""learning_rate"": 0.05, ""max_depth"": 5, ""n_estimators"": 500, ""subsample"": 0.8}",132,none,42,55.10030062904451,7.422957673935944,6.278960623269953,-0.7851633384754599,0.3365572748887834,27.269060334078173,0.46543652562336724,46.917867695259496,6.849661867220855,5.389408070719584,-0.6430352602867975,0.32431109659014906,25.499332113265368,0.9368348452887986,4.723,weekly,linear,0.1,7.467469664298522,0.5961,-2.446559640791663,6.866150201655364,5.0
XGBoost,N02BA,A_lag1,pacf_train,1,1,210,45,46,2014-01-12,2018-01-14,2018-01-21,2018-11-25,2018-12-02,2019-10-13,"{""colsample_bytree"": 0.8, ""learning_rate"": 0.05, ""max_depth"": 3, ""n_estimators"": 100, ""subsample"": 0.8}",12,none,42,67.6721896799193,8.226310818338881,6.81726533677843,-1.1924728299444163,0.3729813469272037,28.900227202,0.5011228948549035,51.29036438218966,7.161729147502694,5.5211410356604524,-0.7961574413453227,0.3390865532243569,25.80424506409592,0.9476206007750516,4.148,weekly,,,,,,,
"ARIMA(5,1,0) multi-step",N02BA,A_lag1,pacf_train,1,1,210,45,46,2014-01-12,2018-01-14,2018-01-21,2018-11-25,2018-12-02,2019-10-13,"{""order"": [5, 1, 0]}",1,none,42,32.73107489128392,5.721107837760438,4.853888418571869,-0.06043550139933118,0.2593953175810778,22.023075117025826,0.3347210134710344,42.68734195998015,6.5335550782082,5.203477300255076,-0.4948848158172805,0.30934438124396807,24.94983601626966,0.9661639900824792,0.306,weekly,,,,,,,
"ARIMA(5,1,0) rolling 1-step",N02BA,A_lag1,pacf_train,1,1,210,45,46,2014-01-12,2018-01-14,2018-01-21,2018-11-25,2018-12-02,2019-10-13,"{'order': (5, 1, 0)}",1,none,42,28.788889451189753,5.365527881876093,4.046158440462363,0.06728512518139318,0.24327330446793372,18.515809928087023,0.29821216032342746,33.47850692378808,5.7860614344982615,4.647932021234467,-0.1723970001112658,0.2739527826534095,23.063201830511776,0.8152372432907696,0.339,weekly,,,,,,,
Random Forest,N02BA,A_lag1,pacf_train,1,1,210,45,46,2014-01-12,2018-01-14,2018-01-21,2018-11-25,2018-12-02,2019-10-13,"{""max_depth"": 10, ""max_features"": 1.0, ""min_samples_leaf"": 5, ""n_estimators"": 300}",8,none,42,73.21906081433849,8.556813706885203,7.100743727923124,-1.3721827567391411,0.38796636454391353,29.81552548953708,0.5162444489319622,52.95502287559455,7.277020192056262,5.576694025308914,-0.854452771788835,0.34454524093931144,25.914591635446634,0.9407806624410815,5.962,weekly,,,,,,,
LSTM,N02BA,A_lag1,pacf_train,1,1,210,45,46,2014-01-12,2018-01-14,2018-01-21,2018-11-25,2018-12-02,2019-10-13,"{""learning_rate"": 0.001, ""units"": 64}",3,none,42,81.25023028173248,9.013890962383142,7.822177954779733,-1.632380053933522,0.4086902703347521,32.627391550522155,0.5631946183010687,61.03771461073885,7.812663733371535,6.317014171766197,-1.1375037323552415,0.3699063679018996,28.920517118082213,1.0455144931319065,27.951,weekly,,,,,,,
Naive,N02BA,B_rich,pacf_train,1,1,210,45,46,2014-01-12,2018-01-14,2018-01-21,2018-11-25,2018-12-02,2019-10-13,{},0,none,42,49.194444444444436,7.01387513750027,5.391111111111111,-0.5938228589736254,0.31800945207809794,25.109810773395424,0.3725147465421816,38.93119565217392,6.2394868100007965,5.060869565217392,-0.3633468510784168,0.2954211242448012,25.279798597319925,0.73400085945753,0.0,weekly,,,,,,,
S1 [linear],N02BA,B_rich,pacf_train,1,1,210,45,46,2014-01-12,2018-01-14,2018-01-21,2018-11-25,2018-12-02,2019-10-13,{},0,none,42,55.76310318721868,7.467469664298522,6.280953746808672,-0.806637102030147,0.33857545077424034,27.31280964135922,0.47435270586959954,47.144018591691996,6.866150201655364,5.402531053338721,-0.6509549274676998,0.325091770136531,25.549350364411723,0.9667978071238208,0.005,weekly,linear,0.0,7.467469664298522,0.0,,6.866150201655364,
AR-LRX [linear],N02BA,B_rich,pacf_train,1,1,210,45,46,2014-01-12,2018-01-14,2018-01-21,2018-11-25,2018-12-02,2019-10-13,"{""colsample_bytree"": 0.8, ""learning_rate"": 0.05, ""max_depth"": 5, ""n_estimators"": 500, ""subsample"": 0.8}",132,none,42,55.10030062904451,7.422957673935944,6.278960623269953,-0.7851633384754599,0.3365572748887834,27.269060334078173,0.46543652562336724,46.917867695259496,6.849661867220855,5.389408070719584,-0.6430352602867975,0.32431109659014906,25.499332113265368,0.9368348452887986,6.603,weekly,linear,0.1,7.467469664298522,0.5961,-2.446559640791663,6.866150201655364,5.0
XGBoost,N02BA,B_rich,pacf_train,1,1,210,45,46,2014-01-12,2018-01-14,2018-01-21,2018-11-25,2018-12-02,2019-10-13,"{""colsample_bytree"": 0.8, ""learning_rate"": 0.05, ""max_depth"": 3, ""n_estimators"": 100, ""subsample"": 0.8}",12,none,42,67.6721896799193,8.226310818338881,6.81726533677843,-1.1924728299444163,0.3729813469272037,28.900227202,0.5011228948549035,51.29036438218966,7.161729147502694,5.5211410356604524,-0.7961574413453227,0.3390865532243569,25.80424506409592,0.9476206007750516,4.352,weekly,,,,,,,
"ARIMA(5,1,0) multi-step",N02BA,B_rich,pacf_train,1,1,210,45,46,2014-01-12,2018-01-14,2018-01-21,2018-11-25,2018-12-02,2019-10-13,"{""order"": [5, 1, 0]}",1,none,42,32.73107489128392,5.721107837760438,4.853888418571869,-0.06043550139933118,0.2593953175810778,22.023075117025826,0.3347210134710344,42.68734195998015,6.5335550782082,5.203477300255076,-0.4948848158172805,0.30934438124396807,24.94983601626966,0.9661639900824792,0.325,weekly,,,,,,,
"ARIMA(5,1,0) rolling 1-step",N02BA,B_rich,pacf_train,1,1,210,45,46,2014-01-12,2018-01-14,2018-01-21,2018-11-25,2018-12-02,2019-10-13,"{'order': (5, 1, 0)}",1,none,42,28.788889451189753,5.365527881876093,4.046158440462363,0.06728512518139318,0.24327330446793372,18.515809928087023,0.29821216032342746,33.47850692378808,5.7860614344982615,4.647932021234467,-0.1723970001112658,0.2739527826534095,23.063201830511776,0.8152372432907696,0.323,weekly,,,,,,,
Random Forest,N02BA,B_rich,pacf_train,1,1,210,45,46,2014-01-12,2018-01-14,2018-01-21,2018-11-25,2018-12-02,2019-10-13,"{""max_depth"": 10, ""max_features"": 1.0, ""min_samples_leaf"": 5, ""n_estimators"": 300}",8,none,42,73.21906081433849,8.556813706885203,7.100743727923124,-1.3721827567391407,0.38796636454391353,29.81552548953708,0.5162444489319622,52.95502287559455,7.277020192056262,5.576694025308914,-0.854452771788835,0.34454524093931144,25.914591635446634,0.9407806624410815,5.85,weekly,,,,,,,
LSTM,N02BA,B_rich,pacf_train,1,1,210,45,46,2014-01-12,2018-01-14,2018-01-21,2018-11-25,2018-12-02,2019-10-13,"{""learning_rate"": 0.001, ""units"": 64}",3,none,42,81.25023028173248,9.013890962383142,7.822177954779733,-1.632380053933522,0.4086902703347521,32.627391550522155,0.5631946183010687,61.03771461073885,7.812663733371535,6.317014171766197,-1.1375037323552415,0.3699063679018996,28.920517118082213,1.0455144931319065,28.143,weekly,,,,,,,
Naive,N02BE,A_lag1,pacf_train,1,1,210,45,46,2014-01-12,2018-01-14,2018-01-21,2018-11-25,2018-12-02,2019-10-13,{},0,none,42,1680.9681508666667,40.999611594095214,33.66975555555555,0.5778299809887086,0.19660834306448544,16.091032387206173,0.19010275891329437,2872.5362513913046,53.59604697541886,41.5418695652174,0.6070022317317492,0.2638605401116403,20.08585888444381,0.3344249193079274,0.0,weekly,,,,,,,
S1 [linear],N02BE,A_lag1,pacf_train,1,1,210,45,46,2014-01-12,2018-01-14,2018-01-21,2018-11-25,2018-12-02,2019-10-13,{},0,none,42,1499.4320458283644,38.72250051105125,31.647842601792338,0.6234222195303742,0.18568875091216544,15.244489991691704,0.18623449028963446,2636.4831549119726,51.34669565718882,39.33803413707109,0.6392971557955466,0.25278668136229604,19.063345346674403,0.3279954691336632,0.006,weekly,linear,0.0,38.72250051105125,0.0,,51.34669565718882,
AR-LRX [linear],N02BE,A_lag1,pacf_train,1,1,210,45,46,2014-01-12,2018-01-14,2018-01-21,2018-11-25,2018-12-02,2019-10-13,"{""colsample_bytree"": 0.8, ""learning_rate"": 0.05, ""max_depth"": 3, ""n_estimators"": 100, ""subsample"": 0.8}",132,none,42,1499.4320458283644,38.72250051105125,31.647842601792338,0.6234222195303742,0.18568875091216544,15.244489991691704,0.18623449028963446,2636.4831549119726,51.34669565718882,39.33803413707109,0.6392971557955466,0.25278668136229604,19.063345346674403,0.3279954691336632,4.149,weekly,linear,0.0,38.72250051105125,0.0,-0.6747563632010964,51.34669565718882,5.0
XGBoost,N02BE,A_lag1,pacf_train,1,1,210,45,46,2014-01-12,2018-01-14,2018-01-21,2018-11-25,2018-12-02,2019-10-13,"{""colsample_bytree"": 0.8, ""learning_rate"": 0.05, ""max_depth"": 3, ""n_estimators"": 100, ""subsample"": 0.8}",12,none,42,2335.638184007332,48.32844073635453,35.24635277370877,0.4134116009054086,0.23175279683462405,16.020512042445954,0.22578225010965858,2374.291981880481,48.7267070699476,36.3201208190918,0.6751680854700124,0.23988812554095232,18.262068573842782,0.32315728374294866,4.136,weekly,,,,,,,
"ARIMA(5,1,0) multi-step",N02BE,A_lag1,pacf_train,1,1,210,45,46,2014-01-12,2018-01-14,2018-01-21,2018-11-25,2018-12-02,2019-10-13,"{""order"": [5, 1, 0]}",1,none,42,6083.10219130733,77.99424460373554,65.33140525873446,-0.5277525433350962,0.37401132849548957,30.475093998914637,0.5308739596757258,7383.429887088104,85.92688686952475,71.13413316713132,-0.010142680143832017,0.4230296086930285,34.486160511480094,0.5001720549866727,0.336,weekly,,,,,,,
"ARIMA(5,1,0) rolling 1-step",N02BE,A_lag1,pacf_train,1,1,210,45,46,2014-01-12,2018-01-14,2018-01-21,2018-11-25,2018-12-02,2019-10-13,"{'order': (5, 1, 0)}",1,none,42,1541.8560074275647,39.266474344249,31.426866043969262,0.6127675710971874,0.18829730718519241,15.06223558308896,0.18618389555086953,2993.9147317649813,54.71667690718234,40.873580376381476,0.5903961847655733,0.2693775518270005,19.293788248893417,0.35266675235551126,0.359,weekly,,,,,,,
Random Forest,N02BE,A_lag1,pacf_train,1,1,210,45,46,2014-01-12,2018-01-14,2018-01-21,2018-11-25,2018-12-02,2019-10-13,"{""max_depth"": null, ""max_features"": ""sqrt"", ""min_samples_leaf"": 5, ""n_estimators"": 300}",8,none,42,1655.7884710151595,40.69138079514087,31.957876677912733,0.5841537807086071,0.19513026207035758,15.282043703044435,0.20964171767826495,2365.561302425798,48.63703632444928,35.90877425468074,0.676362548216825,0.23944666441322673,18.009574635213504,0.3212314211711542,7.484,weekly,,,,,,,
LSTM,N02BE,A_lag1,pacf_train,1,1,210,45,46,2014-01-12,2018-01-14,2018-01-21,2018-11-25,2018-12-02,2019-10-13,"{""learning_rate"": 0.001, ""units"": 64}",3,none,42,1489.9535108636849,38.599915943738594,32.38595877956815,0.6258027246483178,0.18510091244912769,15.515226840792282,0.18996361394768876,3243.7438711546883,56.95387494415712,40.69238976121986,0.5562165310950659,0.2803915783398813,19.69219140568695,0.3371282409605872,25.296,weekly,,,,,,,
Naive,N02BE,B_rich,pacf_train,1,1,210,45,46,2014-01-12,2018-01-14,2018-01-21,2018-11-25,2018-12-02,2019-10-13,{},0,none,42,1680.9681508666667,40.999611594095214,33.66975555555555,0.5778299809887086,0.19660834306448544,16.091032387206173,0.19010275891329437,2872.5362513913046,53.59604697541886,41.5418695652174,0.6070022317317492,0.2638605401116403,20.08585888444381,0.3344249193079274,0.0,weekly,,,,,,,
S1 [linear],N02BE,B_rich,pacf_train,1,1,210,45,46,2014-01-12,2018-01-14,2018-01-21,2018-11-25,2018-12-02,2019-10-13,{},0,none,42,1499.4320458283644,38.72250051105125,31.647842601792338,0.6234222195303742,0.18568875091216544,15.244489991691704,0.18623449028963446,2636.4831549119726,51.34669565718882,39.33803413707109,0.6392971557955466,0.25278668136229604,19.063345346674403,0.3279954691336632,0.006,weekly,linear,0.0,38.72250051105125,0.0,,51.34669565718882,
AR-LRX [linear],N02BE,B_rich,pacf_train,1,1,210,45,46,2014-01-12,2018-01-14,2018-01-21,2018-11-25,2018-12-02,2019-10-13,"{""colsample_bytree"": 0.8, ""learning_rate"": 0.05, ""max_depth"": 3, ""n_estimators"": 100, ""subsample"": 0.8}",132,none,42,1499.4320458283644,38.72250051105125,31.647842601792338,0.6234222195303742,0.18568875091216544,15.244489991691704,0.18623449028963446,2636.4831549119726,51.34669565718882,39.33803413707109,0.6392971557955466,0.25278668136229604,19.063345346674403,0.3279954691336632,4.115,weekly,linear,0.0,38.72250051105125,0.0,-0.6747563632010964,51.34669565718882,5.0
XGBoost,N02BE,B_rich,pacf_train,1,1,210,45,46,2014-01-12,2018-01-14,2018-01-21,2018-11-25,2018-12-02,2019-10-13,"{""colsample_bytree"": 0.8, ""learning_rate"": 0.05, ""max_depth"": 3, ""n_estimators"": 100, ""subsample"": 0.8}",12,none,42,2335.638184007332,48.32844073635453,35.24635277370877,0.4134116009054086,0.23175279683462405,16.020512042445954,0.22578225010965858,2374.291981880481,48.7267070699476,36.3201208190918,0.6751680854700124,0.23988812554095232,18.262068573842782,0.32315728374294866,4.388,weekly,,,,,,,
"ARIMA(5,1,0) multi-step",N02BE,B_rich,pacf_train,1,1,210,45,46,2014-01-12,2018-01-14,2018-01-21,2018-11-25,2018-12-02,2019-10-13,"{""order"": [5, 1, 0]}",1,none,42,6083.10219130733,77.99424460373554,65.33140525873446,-0.5277525433350962,0.37401132849548957,30.475093998914637,0.5308739596757258,7383.429887088104,85.92688686952475,71.13413316713132,-0.010142680143832017,0.4230296086930285,34.486160511480094,0.5001720549866727,0.349,weekly,,,,,,,
"ARIMA(5,1,0) rolling 1-step",N02BE,B_rich,pacf_train,1,1,210,45,46,2014-01-12,2018-01-14,2018-01-21,2018-11-25,2018-12-02,2019-10-13,"{'order': (5, 1, 0)}",1,none,42,1541.8560074275647,39.266474344249,31.426866043969262,0.6127675710971874,0.18829730718519241,15.06223558308896,0.18618389555086953,2993.9147317649813,54.71667690718234,40.873580376381476,0.5903961847655733,0.2693775518270005,19.293788248893417,0.35266675235551126,0.37,weekly,,,,,,,
Random Forest,N02BE,B_rich,pacf_train,1,1,210,45,46,2014-01-12,2018-01-14,2018-01-21,2018-11-25,2018-12-02,2019-10-13,"{""max_depth"": null, ""max_features"": 1.0, ""min_samples_leaf"": 5, ""n_estimators"": 300}",8,none,42,1655.7884710151595,40.69138079514087,31.957876677912747,0.5841537807086071,0.19513026207035758,15.28204370304444,0.209641717678265,2365.561302425798,48.63703632444928,35.908774254680736,0.676362548216825,0.23944666441322673,18.009574635213504,0.3212314211711542,5.872,weekly,,,,,,,
LSTM,N02BE,B_rich,pacf_train,1,1,210,45,46,2014-01-12,2018-01-14,2018-01-21,2018-11-25,2018-12-02,2019-10-13,"{""learning_rate"": 0.001, ""units"": 64}",3,none,42,1489.9535108636849,38.599915943738594,32.38595877956815,0.6258027246483178,0.18510091244912769,15.515226840792282,0.18996361394768876,3243.7438711546883,56.95387494415712,40.69238976121986,0.5562165310950659,0.2803915783398813,19.69219140568695,0.3371282409605872,22.746,weekly,,,,,,,
Naive,N05B,A_lag1,pacf_train,1,1,210,45,46,2014-01-12,2018-01-14,2018-01-21,2018-11-25,2018-12-02,2019-10-13,{},0,none,42,426.96177777777774,20.663053447585565,15.013333333333332,-0.801173853632781,0.32205507243743087,22.340031684847204,0.28288818842478763,240.0434782608696,15.493336576117798,12.104347826086956,-0.5862350330555679,0.26380422064754916,21.2661248034866,0.36673121829968697,0.0,weekly,,,,,,,
S1 [linear],N05B,A_lag1,pacf_train,1,1,210,45,46,2014-01-12,2018-01-14,2018-01-21,2018-11-25,2018-12-02,2019-10-13,{},0,none,42,280.1724738223089,16.738353378463156,11.053311405027056,-0.1819309376658278,0.2608845601381415,16.80006438157009,0.223534293627507,168.22555190185386,12.970179331908016,9.770105004562676,-0.11165387960189288,0.22084255599191918,17.156348590497235,0.3310900704837283,0.007,weekly,linear,0.0,16.738353378463156,0.0,,12.970179331908016,
AR-LRX [linear],N05B,A_lag1,pacf_train,1,1,210,45,46,2014-01-12,2018-01-14,2018-01-21,2018-11-25,2018-12-02,2019-10-13,"{""colsample_bytree"": 0.8, ""learning_rate"": 0.05, ""max_depth"": 3, ""n_estimators"": 100, ""subsample"": 0.8}",132,none,42,280.1724738223089,16.738353378463156,11.053311405027056,-0.1819309376658278,0.2608845601381415,16.80006438157009,0.223534293627507,168.22555190185386,12.970179331908016,9.770105004562676,-0.11165387960189288,0.22084255599191918,17.156348590497235,0.3310900704837283,4.115,weekly,linear,0.0,16.738353378463156,0.0,-0.341410336835678,12.970179331908016,5.0
XGBoost,N05B,A_lag1,pacf_train,1,1,210,45,46,2014-01-12,2018-01-14,2018-01-21,2018-11-25,2018-12-02,2019-10-13,"{""colsample_bytree"": 0.8, ""learning_rate"": 0.05, ""max_depth"": 3, ""n_estimators"": 100, ""subsample"": 0.8}",12,none,42,372.768508581751,19.3072139000362,13.666486460367837,-0.5725550296555906,0.3009229099132824,20.249201460947283,0.24767140246895888,186.54184600753484,13.65803228900616,10.656571512636932,-0.2326900668654588,0.2325545918323525,18.54658861937829,0.3359197602013467,4.147,weekly,,,,,,,
"ARIMA(5,1,0) multi-step",N05B,A_lag1,pacf_train,1,1,210,45,46,2014-01-12,2018-01-14,2018-01-21,2018-11-25,2018-12-02,2019-10-13,"{""order"": [5, 1, 0]}",1,none,42,516.7837199466167,22.732877511362627,17.262261054678625,-1.1800952047642004,0.35431542255864446,28.39027656157308,0.27326300476182425,151.9223606401943,12.325678911938049,10.397999341171372,-0.0039205084759110775,0.20986868150323895,18.26562783826032,0.28657038162578835,0.38,weekly,,,,,,,
"ARIMA(5,1,0) rolling 1-step",N05B,A_lag1,pacf_train,1,1,210,45,46,2014-01-12,2018-01-14,2018-01-21,2018-11-25,2018-12-02,2019-10-13,"{'order': (5, 1, 0)}",1,none,42,269.07800644862675,16.403597363036766,11.577928104578167,-0.13512800214905907,0.2556670411944633,17.33114045867089,0.2320081178306299,160.30412384343413,12.661126483983727,9.67867574301187,-0.05930816794527649,0.21558032953185208,17.066709490565234,0.3049212035934293,0.417,weekly,,,,,,,
Random Forest,N05B,A_lag1,pacf_train,1,1,210,45,46,2014-01-12,2018-01-14,2018-01-21,2018-11-25,2018-12-02,2019-10-13,"{""max_depth"": null, ""max_features"": 1.0, ""min_samples_leaf"": 5, ""n_estimators"": 300}",8,none,42,339.55671076222006,18.42706462685308,12.645124226621308,-0.43244829182058875,0.2872048726130468,19.357185174070885,0.23678902082481465,182.94222915117322,13.525613817907608,10.155864885357946,-0.20890338286760035,0.23029990954388144,17.8703474067373,0.3278313856884262,5.792,weekly,,,,,,,
LSTM,N05B,A_lag1,pacf_train,1,1,210,45,46,2014-01-12,2018-01-14,2018-01-21,2018-11-25,2018-12-02,2019-10-13,"{""learning_rate"": 0.001, ""units"": 128}",3,none,42,261.83373932919136,16.18127743193322,10.946698777940538,-0.10456745738045936,0.2522019549864904,16.51708024126303,0.21979220303552474,156.31945467918823,12.50277787850317,9.584119547968326,-0.032977013817464096,0.21288413621970165,16.897763087962648,0.3131670474696704,18.689,weekly,,,,,,,
Naive,N05B,B_rich,pacf_train,1,1,210,45,46,2014-01-12,2018-01-14,2018-01-21,2018-11-25,2018-12-02,2019-10-13,{},0,none,42,426.96177777777774,20.663053447585565,15.013333333333332,-0.801173853632781,0.32205507243743087,22.340031684847204,0.28288818842478763,240.0434782608696,15.493336576117798,12.104347826086956,-0.5862350330555679,0.26380422064754916,21.2661248034866,0.36673121829968697,0.0,weekly,,,,,,,
S1 [linear],N05B,B_rich,pacf_train,1,1,210,45,46,2014-01-12,2018-01-14,2018-01-21,2018-11-25,2018-12-02,2019-10-13,{},0,none,42,280.1724738223089,16.738353378463156,11.053311405027056,-0.1819309376658278,0.2608845601381415,16.80006438157009,0.223534293627507,168.22555190185386,12.970179331908016,9.770105004562676,-0.11165387960189288,0.22084255599191918,17.156348590497235,0.3310900704837283,0.006,weekly,linear,0.0,16.738353378463156,0.0,,12.970179331908016,
AR-LRX [linear],N05B,B_rich,pacf_train,1,1,210,45,46,2014-01-12,2018-01-14,2018-01-21,2018-11-25,2018-12-02,2019-10-13,"{""colsample_bytree"": 0.8, ""learning_rate"": 0.05, ""max_depth"": 3, ""n_estimators"": 100, ""subsample"": 0.8}",132,none,42,280.1724738223089,16.738353378463156,11.053311405027056,-0.1819309376658278,0.2608845601381415,16.80006438157009,0.223534293627507,168.22555190185386,12.970179331908016,9.770105004562676,-0.11165387960189288,0.22084255599191918,17.156348590497235,0.3310900704837283,4.13,weekly,linear,0.0,16.738353378463156,0.0,-0.341410336835678,12.970179331908016,5.0
XGBoost,N05B,B_rich,pacf_train,1,1,210,45,46,2014-01-12,2018-01-14,2018-01-21,2018-11-25,2018-12-02,2019-10-13,"{""colsample_bytree"": 0.8, ""learning_rate"": 0.05, ""max_depth"": 3, ""n_estimators"": 100, ""subsample"": 0.8}",12,none,42,372.768508581751,19.3072139000362,13.666486460367837,-0.5725550296555906,0.3009229099132824,20.249201460947283,0.24767140246895888,186.54184600753484,13.65803228900616,10.656571512636932,-0.2326900668654588,0.2325545918323525,18.54658861937829,0.3359197602013467,4.602,weekly,,,,,,,
"ARIMA(5,1,0) multi-step",N05B,B_rich,pacf_train,1,1,210,45,46,2014-01-12,2018-01-14,2018-01-21,2018-11-25,2018-12-02,2019-10-13,"{""order"": [5, 1, 0]}",1,none,42,516.7837199466167,22.732877511362627,17.262261054678625,-1.1800952047642004,0.35431542255864446,28.39027656157308,0.27326300476182425,151.9223606401943,12.325678911938049,10.397999341171372,-0.0039205084759110775,0.20986868150323895,18.26562783826032,0.28657038162578835,0.379,weekly,,,,,,,
"ARIMA(5,1,0) rolling 1-step",N05B,B_rich,pacf_train,1,1,210,45,46,2014-01-12,2018-01-14,2018-01-21,2018-11-25,2018-12-02,2019-10-13,"{'order': (5, 1, 0)}",1,none,42,269.07800644862675,16.403597363036766,11.577928104578167,-0.13512800214905907,0.2556670411944633,17.33114045867089,0.2320081178306299,160.30412384343413,12.661126483983727,9.67867574301187,-0.05930816794527649,0.21558032953185208,17.066709490565234,0.3049212035934293,0.4,weekly,,,,,,,
Random Forest,N05B,B_rich,pacf_train,1,1,210,45,46,2014-01-12,2018-01-14,2018-01-21,2018-11-25,2018-12-02,2019-10-13,"{""max_depth"": null, ""max_features"": 1.0, ""min_samples_leaf"": 5, ""n_estimators"": 300}",8,none,42,339.55671076222006,18.42706462685308,12.645124226621306,-0.43244829182058875,0.2872048726130468,19.35718517407089,0.2367890208248147,182.9422291511732,13.525613817907606,10.155864885357945,-0.20890338286760013,0.2302999095438814,17.8703474067373,0.3278313856884261,6.604,weekly,,,,,,,
LSTM,N05B,B_rich,pacf_train,1,1,210,45,46,2014-01-12,2018-01-14,2018-01-21,2018-11-25,2018-12-02,2019-10-13,"{""learning_rate"": 0.001, ""units"": 128}",3,none,42,261.83373932919136,16.18127743193322,10.946698777940538,-0.10456745738045936,0.2522019549864904,16.51708024126303,0.21979220303552474,156.31945467918823,12.50277787850317,9.584119547968326,-0.032977013817464096,0.21288413621970165,16.897763087962648,0.3131670474696704,19.72,weekly,,,,,,,
Naive,N05C,A_lag1,pacf_train,1,10,204,43,45,2014-03-16,2018-02-04,2018-02-11,2018-12-02,2018-12-09,2019-10-13,{},0,none,42,28.023255813953487,5.293699633900046,3.9302325581395348,-0.7170930540827152,1.1381454212885098,103.83645136372506,1.694474186562659,16.266666666666666,4.033195589934446,3.466666666666667,-1.0887761572606216,0.8249718252138639,83.43106601001338,1.7005504134034763,0.0,weekly,,,,,,,
S1 [linear],N05C,A_lag1,pacf_train,1,10,204,43,45,2014-03-16,2018-02-04,2018-02-11,2018-12-02,2018-12-09,2019-10-13,{},0,none,42,16.6747895027876,4.083477623642329,2.880965845650394,-0.021728717876931203,0.8779476890831007,71.7752895751267,0.703521993405679,8.7326038490643,2.95509794238098,2.392135351294518,-0.12133942893818705,0.6044518518506549,57.40333488628655,1.0633393387073906,0.005,weekly,linear,0.0,4.083477623642329,0.0,,2.95509794238098,
AR-LRX [linear],N05C,A_lag1,pacf_train,1,10,204,43,45,2014-03-16,2018-02-04,2018-02-11,2018-12-02,2018-12-09,2019-10-13,"{""colsample_bytree"": 0.8, ""learning_rate"": 0.05, ""max_depth"": 3, ""n_estimators"": 100, ""subsample"": 0.8}",132,none,42,16.6747895027876,4.083477623642329,2.880965845650394,-0.021728717876931203,0.8779476890831007,71.7752895751267,0.703521993405679,8.7326038490643,2.95509794238098,2.392135351294518,-0.12133942893818705,0.6044518518506549,57.40333488628655,1.0633393387073906,4.23,weekly,linear,0.0,4.083477623642329,0.0,-0.09777649112655706,2.95509794238098,5.0
XGBoost,N05C,A_lag1,pacf_train,1,10,204,43,45,2014-03-16,2018-02-04,2018-02-11,2018-12-02,2018-12-09,2019-10-13,"{""colsample_bytree"": 0.8, ""learning_rate"": 0.05, ""max_depth"": 3, ""n_estimators"": 100, ""subsample"": 0.8}",12,none,42,17.383456093265103,4.169347202292597,2.9968138073765953,-0.06515145534355726,0.8964096484929083,74.04287959313741,0.8375383315519628,9.685774340979865,3.1121976706147483,2.53204705980089,-0.24373449844541728,0.6365858871711985,61.70836472780648,1.076935337108564,3.97,weekly,,,,,,,
"ARIMA(5,1,0) multi-step",N05C,A_lag1,pacf_train,1,10,204,43,45,2014-03-16,2018-02-04,2018-02-11,2018-12-02,2018-12-09,2019-10-13,"{""order"": [5, 1, 0]}",1,none,42,22.474325983901227,4.7407094388816144,3.1867806658519084,-0.37708870440858244,1.0192525293595471,86.25053599916116,0.5783320915487129,7.935237931152918,2.8169554364868676,2.283132595491637,-0.018950970867765538,0.5761954301904956,52.49914138674108,1.4979010476941295,0.224,weekly,,,,,,,
"ARIMA(5,1,0) rolling 1-step",N05C,A_lag1,pacf_train,1,10,204,43,45,2014-03-16,2018-02-04,2018-02-11,2018-12-02,2018-12-09,2019-10-13,"{'order': (5, 1, 0)}",1,none,42,20.40997776517671,4.517740338396698,3.1317008839921474,-0.2505981206194241,0.9713141727552901,73.1611889552908,0.7792572811996941,9.006501298383798,3.0010833541212745,2.513669222856979,-0.15651015404103963,0.6138579587975334,57.15734293228473,1.4167994961159538,0.265,weekly,,,,,,,
Random Forest,N05C,A_lag1,pacf_train,1,10,204,43,45,2014-03-16,2018-02-04,2018-02-11,2018-12-02,2018-12-09,2019-10-13,"{""max_depth"": null, ""max_features"": 1.0, ""min_samples_leaf"": 5, ""n_estimators"": 300}",8,none,42,17.17877386616342,4.144728442993994,3.0390287788971517,-0.05260978521129944,0.8911166152437087,75.29059255435185,0.8582053407696971,9.772653155208014,3.126124302584274,2.534722859051542,-0.25489046539608307,0.6394345164376923,61.82146969884502,1.1028603091396474,5.722,weekly,,,,,,,
LSTM,N05C,A_lag1,pacf_train,1,10,204,43,45,2014-03-16,2018-02-04,2018-02-11,2018-12-02,2018-12-09,2019-10-13,"{""learning_rate"": 0.001, ""units"": 256}",3,none,42,16.148700597001643,4.018544586912237,2.894314965536428,0.010506780094908463,0.863987086186131,72.00998674860115,0.8131484776796455,8.459011943780324,2.9084380591273256,2.347450632519192,-0.08620793824699802,0.5949077848214983,56.185139864200394,1.0687592837518411,37.336,weekly,,,,,,,
Naive,N05C,B_rich,pacf_train,11,10,204,43,45,2014-03-16,2018-02-04,2018-02-11,2018-12-02,2018-12-09,2019-10-13,{},0,none,42,28.023255813953487,5.293699633900046,3.9302325581395348,-0.7170930540827152,1.1381454212885098,103.83645136372506,1.694474186562659,16.266666666666666,4.033195589934446,3.466666666666667,-1.0887761572606216,0.8249718252138639,83.43106601001338,1.7005504134034763,0.0,weekly,,,,,,,
S1 [linear],N05C,B_rich,pacf_train,11,10,204,43,45,2014-03-16,2018-02-04,2018-02-11,2018-12-02,2018-12-09,2019-10-13,{},0,none,42,17.659626898755008,4.202335885999001,2.787213246262259,-0.08207350662109025,0.9035022154897852,68.904493375253,0.6035741439547535,8.649548295964209,2.941011440978122,2.4123457709263696,-0.11067440071829582,0.6015705220182522,58.05904326021262,1.1261556910723465,0.005,weekly,linear,0.0,4.202335885999001,0.0,,2.941011440978122,
AR-LRX [linear],N05C,B_rich,pacf_train,11,10,204,43,45,2014-03-16,2018-02-04,2018-02-11,2018-12-02,2018-12-09,2019-10-13,"{""colsample_bytree"": 0.8, ""learning_rate"": 0.1, ""max_depth"": 5, ""n_estimators"": 500, ""subsample"": 0.8}",132,none,42,16.69953942938998,4.086506996126396,2.9185691490324035,-0.02324524141510076,0.878599004167175,73.35589536559037,0.679266655960522,9.44221344587378,3.072818485669757,2.439674868486974,-0.2124592408303363,0.6285310538869957,57.94931733661548,1.3803806974607413,6.153,weekly,linear,0.7,4.202335885999001,2.7563,0.014534468722682492,2.941011440978122,5.0
XGBoost,N05C,B_rich,pacf_train,11,10,204,43,45,2014-03-16,2018-02-04,2018-02-11,2018-12-02,2018-12-09,2019-10-13,"{""colsample_bytree"": 0.8, ""learning_rate"": 0.05, ""max_depth"": 3, ""n_estimators"": 100, ""subsample"": 0.8}",12,none,42,17.904215512946774,4.231337319683551,2.941939195921255,-0.09706039512985787,0.9097375237319634,74.4820015412116,0.8525164697540536,8.464757457839992,2.9094256233559213,2.3176879564921062,-0.08694571034407028,0.5951097865955293,55.36468320926411,1.2149740468547359,4.988,weekly,,,,,,,
"ARIMA(5,1,0) multi-step",N05C,B_rich,pacf_train,11,10,204,43,45,2014-03-16,2018-02-04,2018-02-11,2018-12-02,2018-12-09,2019-10-13,"{""order"": [5, 1, 0]}",1,none,42,22.474325983901227,4.7407094388816144,3.1867806658519084,-0.37708870440858244,1.0192525293595471,86.25053599916116,0.5783320915487129,7.935237931152918,2.8169554364868676,2.283132595491637,-0.018950970867765538,0.5761954301904956,52.49914138674108,1.4979010476941295,0.246,weekly,,,,,,,
"ARIMA(5,1,0) rolling 1-step",N05C,B_rich,pacf_train,11,10,204,43,45,2014-03-16,2018-02-04,2018-02-11,2018-12-02,2018-12-09,2019-10-13,"{'order': (5, 1, 0)}",1,none,42,20.40997776517671,4.517740338396698,3.1317008839921474,-0.2505981206194241,0.9713141727552901,73.1611889552908,0.7792572811996941,9.006501298383798,3.0010833541212745,2.513669222856979,-0.15651015404103963,0.6138579587975334,57.15734293228473,1.4167994961159538,0.275,weekly,,,,,,,
Random Forest,N05C,B_rich,pacf_train,11,10,204,43,45,2014-03-16,2018-02-04,2018-02-11,2018-12-02,2018-12-09,2019-10-13,"{""max_depth"": 10, ""max_features"": ""sqrt"", ""min_samples_leaf"": 1, ""n_estimators"": 300}",8,none,42,17.463456133269645,4.178930022538023,2.928640662619616,-0.07005336659648664,0.8984699548456749,72.65039019888192,0.7368845465455636,8.392113911265229,2.8969145502180815,2.2741911448089103,-0.07761767091389293,0.5925507034536984,54.05143691536788,1.2614800862321887,6.542,weekly,,,,,,,
LSTM,N05C,B_rich,pacf_train,11,10,204,43,45,2014-03-16,2018-02-04,2018-02-11,2018-12-02,2018-12-09,2019-10-13,"{""learning_rate"": 0.001, ""units"": 128}",3,none,42,17.881540650674587,4.228657074140038,2.8800989361696465,-0.09567101879299189,0.9091612709401081,71.15846181575948,0.6241029973957583,7.974195652826802,2.823861833168684,2.287968275282118,-0.023953468419421364,0.577608102239049,54.250019053036034,1.2034720909537227,28.192,weekly,,,,,,,
Naive,R03,A_lag1,pacf_train,1,1,210,45,46,2014-01-12,2018-01-14,2018-01-21,2018-11-25,2018-12-02,2019-10-13,{},0,none,42,605.225,24.601321102737554,18.655555555555555,-0.03800990046389785,0.5059108646741414,43.156588083534785,1.0011745992904533,851.7612469747946,29.184948980164325,21.983695652173914,0.03461366197933802,0.5760084322364312,40.98350136138161,0.5872130475279131,0.0,weekly,,,,,,,
S1 [linear],R03,A_lag1,pacf_train,1,1,210,45,46,2014-01-12,2018-01-14,2018-01-21,2018-11-25,2018-12-02,2019-10-13,{},0,none,42,552.0732474890453,23.49623900731871,17.94200808918741,0.05314966058096604,0.48318553882295984,40.92385320485504,1.1251795150117032,713.517209522314,26.71174291434975,18.83879141520894,0.1912994768640235,0.5271960272692094,38.48032058277108,0.5320799290362752,0.006,weekly,linear,0.0,23.49623900731871,0.0,,26.71174291434975,
AR-LRX [linear],R03,A_lag1,pacf_train,1,1,210,45,46,2014-01-12,2018-01-14,2018-01-21,2018-11-25,2018-12-02,2019-10-13,"{""colsample_bytree"": 0.8, ""learning_rate"": 0.05, ""max_depth"": 3, ""n_estimators"": 100, ""subsample"": 0.8}",132,none,42,552.0732474890453,23.49623900731871,17.94200808918741,0.05314966058096604,0.48318553882295984,40.92385320485504,1.1251795150117032,713.517209522314,26.71174291434975,18.83879141520894,0.1912994768640235,0.5271960272692094,38.48032058277108,0.5320799290362752,4.716,weekly,linear,0.0,23.49623900731871,0.0,-0.36719417675115107,26.71174291434975,5.0
XGBoost,R03,A_lag1,pacf_train,1,1,210,45,46,2014-01-12,2018-01-14,2018-01-21,2018-11-25,2018-12-02,2019-10-13,"{""colsample_bytree"": 0.8, ""learning_rate"": 0.05, ""max_depth"": 3, ""n_estimators"": 100, ""subsample"": 0.8}",12,none,42,648.2538803485262,25.460830315379077,19.67457258436415,-0.1118079157601044,0.5235861369551278,45.20342497785391,0.987747537463881,714.5175225888711,26.730460575696615,19.19639772623153,0.19016572186914948,0.5275654481914412,39.12655313862049,0.5867907546062242,4.654,weekly,,,,,,,
"ARIMA(5,1,0) multi-step",R03,A_lag1,pacf_train,1,1,210,45,46,2014-01-12,2018-01-14,2018-01-21,2018-11-25,2018-12-02,2019-10-13,"{""order"": [5, 1, 0]}",1,none,42,588.1924262767225,24.25267874435157,19.272532551046996,-0.008797656826996958,0.4987412514547335,43.61581186728389,1.8193888036355905,1860.9641538236285,43.13889374825957,39.05213143690553,-1.1092170793497913,0.8514103133514908,66.28353533233381,1.9920685324561607,0.347,weekly,,,,,,,
"ARIMA(5,1,0) rolling 1-step",R03,A_lag1,pacf_train,1,1,210,45,46,2014-01-12,2018-01-14,2018-01-21,2018-11-25,2018-12-02,2019-10-13,"{'order': (5, 1, 0)}",1,none,42,361.52920662443273,19.013921389982464,13.966901834883897,0.3799481254359629,0.39100946534866254,33.36694189736277,0.9458843936804806,738.2340075202491,27.170462040978418,21.942998302055244,0.16328545393028338,0.5362495323874068,43.42226144985222,0.7086988837450677,0.382,weekly,,,,,,,
Random Forest,R03,A_lag1,pacf_train,1,1,210,45,46,2014-01-12,2018-01-14,2018-01-21,2018-11-25,2018-12-02,2019-10-13,"{""max_depth"": 10, ""max_features"": ""sqrt"", ""min_samples_leaf"": 5, ""n_estimators"": 300}",8,none,42,596.5188259134902,24.423734888699766,18.913201096566365,-0.023078106673225962,0.5022589146539423,44.77675923084515,0.967414385287786,793.173705489707,28.163339743178668,20.076711488860912,0.10101679117640516,0.5558454524979943,40.849928405197026,0.5968248216934378,6.562,weekly,,,,,,,
LSTM,R03,A_lag1,pacf_train,1,1,210,45,46,2014-01-12,2018-01-14,2018-01-21,2018-11-25,2018-12-02,2019-10-13,"{""learning_rate"": 0.001, ""units"": 128}",3,none,42,532.6342623904093,23.078870474752645,17.473950492011177,0.08648909465483023,0.47460261458419695,40.06975363872882,1.1289201872105097,774.8759887945881,27.836594418042377,19.7959587540901,0.12175542630118807,0.5493966468961667,40.3861171304636,0.5458640028463366,20.681,weekly,,,,,,,
Naive,R03,B_rich,pacf_train,1,1,210,45,46,2014-01-12,2018-01-14,2018-01-21,2018-11-25,2018-12-02,2019-10-13,{},0,none,42,605.225,24.601321102737554,18.655555555555555,-0.03800990046389785,0.5059108646741414,43.156588083534785,1.0011745992904533,851.7612469747946,29.184948980164325,21.983695652173914,0.03461366197933802,0.5760084322364312,40.98350136138161,0.5872130475279131,0.0,weekly,,,,,,,
S1 [linear],R03,B_rich,pacf_train,1,1,210,45,46,2014-01-12,2018-01-14,2018-01-21,2018-11-25,2018-12-02,2019-10-13,{},0,none,42,552.0732474890453,23.49623900731871,17.94200808918741,0.05314966058096604,0.48318553882295984,40.92385320485504,1.1251795150117032,713.517209522314,26.71174291434975,18.83879141520894,0.1912994768640235,0.5271960272692094,38.48032058277108,0.5320799290362752,0.008,weekly,linear,0.0,23.49623900731871,0.0,,26.71174291434975,
AR-LRX [linear],R03,B_rich,pacf_train,1,1,210,45,46,2014-01-12,2018-01-14,2018-01-21,2018-11-25,2018-12-02,2019-10-13,"{""colsample_bytree"": 0.8, ""learning_rate"": 0.05, ""max_depth"": 3, ""n_estimators"": 100, ""subsample"": 0.8}",132,none,42,552.0732474890453,23.49623900731871,17.94200808918741,0.05314966058096604,0.48318553882295984,40.92385320485504,1.1251795150117032,713.517209522314,26.71174291434975,18.83879141520894,0.1912994768640235,0.5271960272692094,38.48032058277108,0.5320799290362752,4.751,weekly,linear,0.0,23.49623900731871,0.0,-0.36719417675115107,26.71174291434975,5.0
XGBoost,R03,B_rich,pacf_train,1,1,210,45,46,2014-01-12,2018-01-14,2018-01-21,2018-11-25,2018-12-02,2019-10-13,"{""colsample_bytree"": 0.8, ""learning_rate"": 0.05, ""max_depth"": 3, ""n_estimators"": 100, ""subsample"": 0.8}",12,none,42,648.2538803485262,25.460830315379077,19.67457258436415,-0.1118079157601044,0.5235861369551278,45.20342497785391,0.987747537463881,714.5175225888711,26.730460575696615,19.19639772623153,0.19016572186914948,0.5275654481914412,39.12655313862049,0.5867907546062242,4.505,weekly,,,,,,,
"ARIMA(5,1,0) multi-step",R03,B_rich,pacf_train,1,1,210,45,46,2014-01-12,2018-01-14,2018-01-21,2018-11-25,2018-12-02,2019-10-13,"{""order"": [5, 1, 0]}",1,none,42,588.1924262767225,24.25267874435157,19.272532551046996,-0.008797656826996958,0.4987412514547335,43.61581186728389,1.8193888036355905,1860.9641538236285,43.13889374825957,39.05213143690553,-1.1092170793497913,0.8514103133514908,66.28353533233381,1.9920685324561607,0.335,weekly,,,,,,,
"ARIMA(5,1,0) rolling 1-step",R03,B_rich,pacf_train,1,1,210,45,46,2014-01-12,2018-01-14,2018-01-21,2018-11-25,2018-12-02,2019-10-13,"{'order': (5, 1, 0)}",1,none,42,361.52920662443273,19.013921389982464,13.966901834883897,0.3799481254359629,0.39100946534866254,33.36694189736277,0.9458843936804806,738.2340075202491,27.170462040978418,21.942998302055244,0.16328545393028338,0.5362495323874068,43.42226144985222,0.7086988837450677,0.355,weekly,,,,,,,
Random Forest,R03,B_rich,pacf_train,1,1,210,45,46,2014-01-12,2018-01-14,2018-01-21,2018-11-25,2018-12-02,2019-10-13,"{""max_depth"": 10, ""max_features"": 1.0, ""min_samples_leaf"": 5, ""n_estimators"": 300}",8,none,42,596.5188259134902,24.423734888699766,18.913201096566365,-0.023078106673225962,0.5022589146539423,44.77675923084515,0.967414385287786,793.173705489707,28.163339743178668,20.076711488860912,0.10101679117640516,0.5558454524979943,40.84992840519703,0.5968248216934378,6.283,weekly,,,,,,,
LSTM,R03,B_rich,pacf_train,1,1,210,45,46,2014-01-12,2018-01-14,2018-01-21,2018-11-25,2018-12-02,2019-10-13,"{""learning_rate"": 0.001, ""units"": 128}",3,none,42,532.6342623904093,23.078870474752645,17.473950492011177,0.08648909465483023,0.47460261458419695,40.06975363872882,1.1289201872105097,774.8759887945881,27.836594418042377,19.7959587540901,0.12175542630118807,0.5493966468961667,40.3861171304636,0.5458640028463366,21.101,weekly,,,,,,,
Naive,R06,A_lag1,pacf_train,1,1,210,45,46,2014-01-12,2018-01-14,2018-01-21,2018-11-25,2018-12-02,2019-10-13,{},0,none,42,72.78178666666668,8.531224218520263,7.1773333333333325,0.6065903388703285,0.34673508836110173,31.67014048982149,0.42562231605825873,88.61228260869566,9.413409722767604,6.910869565217392,0.46923936429430224,0.37944990426256364,31.080923626166985,1.6974011088135652,0.0,weekly,,,,,,,
S1 [linear],R06,A_lag1,pacf_train,1,1,210,45,46,2014-01-12,2018-01-14,2018-01-21,2018-11-25,2018-12-02,2019-10-13,{},0,none,42,69.38078682149396,8.329513000259617,6.405952128088666,0.6249738693917666,0.3385369264917655,27.865005340476273,0.408226425108261,79.69377989817822,8.927137273402836,6.663411575061467,0.5226584844074853,0.35984850160495846,29.74831197601932,1.9484451334648163,0.006,weekly,linear,0.0,8.329513000259617,0.0,,8.927137273402836,
AR-LRX [linear],R06,A_lag1,pacf_train,1,1,210,45,46,2014-01-12,2018-01-14,2018-01-21,2018-11-25,2018-12-02,2019-10-13,"{""colsample_bytree"": 0.8, ""learning_rate"": 0.05, ""max_depth"": 3, ""n_estimators"": 100, ""subsample"": 0.8}",132,none,42,69.38078682149396,8.329513000259617,6.405952128088666,0.6249738693917666,0.3385369264917655,27.865005340476273,0.408226425108261,79.69377989817822,8.927137273402836,6.663411575061467,0.5226584844074853,0.35984850160495846,29.74831197601932,1.9484451334648163,4.612,weekly,linear,0.0,8.329513000259617,0.0,-0.4314917954962967,8.927137273402836,5.0
XGBoost,R06,A_lag1,pacf_train,1,1,210,45,46,2014-01-12,2018-01-14,2018-01-21,2018-11-25,2018-12-02,2019-10-13,"{""colsample_bytree"": 0.8, ""learning_rate"": 0.05, ""max_depth"": 3, ""n_estimators"": 100, ""subsample"": 0.8}",12,none,42,120.86148799458766,10.993702196921094,8.128306530422634,0.34670362994324333,0.44681773741099096,33.86534365931173,0.42541181447124116,96.71941106647567,9.834602740653823,7.064513087894606,0.420680129306524,0.39642798712731303,30.179882060433943,1.6668626957285428,4.533,weekly,,,,,,,
"ARIMA(5,1,0) multi-step",R06,A_lag1,pacf_train,1,1,210,45,46,2014-01-12,2018-01-14,2018-01-21,2018-11-25,2018-12-02,2019-10-13,"{""order"": [5, 1, 0]}",1,none,42,412.2499130622468,20.30393836333845,15.531311480315924,-1.2283473108641512,0.8252142579030258,76.47245847153296,0.5737694036183514,392.424515893366,19.80970761756382,15.666407902188055,-1.3505035576368778,0.7985195460868545,78.76318425558944,1.4164912178922076,0.294,weekly,,,,,,,
"ARIMA(5,1,0) rolling 1-step",R06,A_lag1,pacf_train,1,1,210,45,46,2014-01-12,2018-01-14,2018-01-21,2018-11-25,2018-12-02,2019-10-13,"{'order': (5, 1, 0)}",1,none,42,73.46836813915913,8.57136909362554,6.713258345821267,0.6028791386263962,0.3483666990725698,30.117254840185403,0.42902720623241375,83.38013853027462,9.131272558098056,7.0940031393089535,0.5005783168120883,0.36807709427386853,31.052181551979896,2.4079119823344377,0.324,weekly,,,,,,,
Random Forest,R06,A_lag1,pacf_train,1,1,210,45,46,2014-01-12,2018-01-14,2018-01-21,2018-11-25,2018-12-02,2019-10-13,"{""max_depth"": null, ""max_features"": 1.0, ""min_samples_leaf"": 5, ""n_estimators"": 300}",8,none,42,105.6305362710536,10.277671733960645,7.787990053487336,0.42903196826338785,0.4177160657769409,32.91596313560389,0.4175360922230674,75.33543009518735,8.679598498501376,6.242234358507132,0.5487636748389102,0.3498703356476802,28.76932393261437,1.551812220757814,6.163,weekly,,,,,,,
LSTM,R06,A_lag1,pacf_train,1,1,210,45,46,2014-01-12,2018-01-14,2018-01-21,2018-11-25,2018-12-02,2019-10-13,"{""learning_rate"": 0.001, ""units"": 256}",3,none,42,75.3866855469267,8.682550636012824,6.82478050825331,0.5925099977205076,0.3528854575691628,30.06453951859497,0.42504895139177135,74.93465809365186,8.656480699086197,6.315863764389702,0.5511641772980032,0.34893846855241994,28.482409527504913,1.6559136425385905,26.882,weekly,,,,,,,
Naive,R06,B_rich,pacf_train,1,1,210,45,46,2014-01-12,2018-01-14,2018-01-21,2018-11-25,2018-12-02,2019-10-13,{},0,none,42,72.78178666666668,8.531224218520263,7.1773333333333325,0.6065903388703285,0.34673508836110173,31.67014048982149,0.42562231605825873,88.61228260869566,9.413409722767604,6.910869565217392,0.46923936429430224,0.37944990426256364,31.080923626166985,1.6974011088135652,0.0,weekly,,,,,,,
S1 [linear],R06,B_rich,pacf_train,1,1,210,45,46,2014-01-12,2018-01-14,2018-01-21,2018-11-25,2018-12-02,2019-10-13,{},0,none,42,69.38078682149396,8.329513000259617,6.405952128088666,0.6249738693917666,0.3385369264917655,27.865005340476273,0.408226425108261,79.69377989817822,8.927137273402836,6.663411575061467,0.5226584844074853,0.35984850160495846,29.74831197601932,1.9484451334648163,0.005,weekly,linear,0.0,8.329513000259617,0.0,,8.927137273402836,
AR-LRX [linear],R06,B_rich,pacf_train,1,1,210,45,46,2014-01-12,2018-01-14,2018-01-21,2018-11-25,2018-12-02,2019-10-13,"{""colsample_bytree"": 0.8, ""learning_rate"": 0.05, ""max_depth"": 3, ""n_estimators"": 100, ""subsample"": 0.8}",132,none,42,69.38078682149396,8.329513000259617,6.405952128088666,0.6249738693917666,0.3385369264917655,27.865005340476273,0.408226425108261,79.69377989817822,8.927137273402836,6.663411575061467,0.5226584844074853,0.35984850160495846,29.74831197601932,1.9484451334648163,4.864,weekly,linear,0.0,8.329513000259617,0.0,-0.4314917954962967,8.927137273402836,5.0
XGBoost,R06,B_rich,pacf_train,1,1,210,45,46,2014-01-12,2018-01-14,2018-01-21,2018-11-25,2018-12-02,2019-10-13,"{""colsample_bytree"": 0.8, ""learning_rate"": 0.05, ""max_depth"": 3, ""n_estimators"": 100, ""subsample"": 0.8}",12,none,42,120.86148799458766,10.993702196921094,8.128306530422634,0.34670362994324333,0.44681773741099096,33.86534365931173,0.42541181447124116,96.71941106647567,9.834602740653823,7.064513087894606,0.420680129306524,0.39642798712731303,30.179882060433943,1.6668626957285428,5.183,weekly,,,,,,,
"ARIMA(5,1,0) multi-step",R06,B_rich,pacf_train,1,1,210,45,46,2014-01-12,2018-01-14,2018-01-21,2018-11-25,2018-12-02,2019-10-13,"{""order"": [5, 1, 0]}",1,none,42,412.2499130622468,20.30393836333845,15.531311480315924,-1.2283473108641512,0.8252142579030258,76.47245847153296,0.5737694036183514,392.424515893366,19.80970761756382,15.666407902188055,-1.3505035576368778,0.7985195460868545,78.76318425558944,1.4164912178922076,0.282,weekly,,,,,,,
"ARIMA(5,1,0) rolling 1-step",R06,B_rich,pacf_train,1,1,210,45,46,2014-01-12,2018-01-14,2018-01-21,2018-11-25,2018-12-02,2019-10-13,"{'order': (5, 1, 0)}",1,none,42,73.46836813915913,8.57136909362554,6.713258345821267,0.6028791386263962,0.3483666990725698,30.117254840185403,0.42902720623241375,83.38013853027462,9.131272558098056,7.0940031393089535,0.5005783168120883,0.36807709427386853,31.052181551979896,2.4079119823344377,0.322,weekly,,,,,,,
Random Forest,R06,B_rich,pacf_train,1,1,210,45,46,2014-01-12,2018-01-14,2018-01-21,2018-11-25,2018-12-02,2019-10-13,"{""max_depth"": null, ""max_features"": 1.0, ""min_samples_leaf"": 5, ""n_estimators"": 300}",8,none,42,105.63053627105363,10.277671733960647,7.787990053487336,0.42903196826338774,0.417716065776941,32.915963135603896,0.4175360922230675,75.33543009518735,8.679598498501376,6.242234358507132,0.5487636748389102,0.3498703356476802,28.76932393261436,1.5518122207578142,6.153,weekly,,,,,,,
LSTM,R06,B_rich,pacf_train,1,1,210,45,46,2014-01-12,2018-01-14,2018-01-21,2018-11-25,2018-12-02,2019-10-13,"{""learning_rate"": 0.001, ""units"": 256}",3,none,42,75.3866855469267,8.682550636012824,6.82478050825331,0.5925099977205076,0.3528854575691628,30.06453951859497,0.42504895139177135,74.93465809365186,8.656480699086197,6.315863764389702,0.5511641772980032,0.34893846855241994,28.482409527504913,1.6559136425385905,29.033,weekly,,,,,,,
