model,category,feature_set,lag_rule,n_features,n_lags,n_train,n_val,n_test,train_start,train_end,val_start,val_end,test_start,test_end,params,n_grid,scaler,seed,val_MSE,val_RMSE,val_MAE,val_R2,val_nRMSE,val_SMAPE,val_RMSPE,test_MSE,test_RMSE,test_MAE,test_R2,test_nRMSE,test_SMAPE,test_RMSPE,runtime_s,granularity,scenario,kind,param,rep,clean_test_RMSE,group,config,resid_test_r2,cross_fit_folds_protocol,stage1,gate_w,stage1_val_RMSE,gate_val_gain_pct,resid_val_r2,stage1_only_test_RMSE,cross_fit_folds,shock_RMSE,outside_RMSE,n_affected
Naive,M01AB,A_lag1,pacf_train,1,1,1473,315,317,2014-01-03,2018-01-14,2018-01-15,2018-11-25,2018-11-26,2019-10-08,{},0,none,42,15.112755555555555,3.887512772397739,2.996063492063492,-1.0889083838028977,0.7876292158258805,64.5043814997324,1.5568921901843953,17.410850473186123,4.172631121149594,3.291482649842272,-1.0779070449005217,0.784236153182909,66.44657397551136,2.203789023711625,0.0,daily,clean,clean,0.0,0,4.172631121149594,clean,daily|M01AB|A_lag1,,5,,,,,,,,,,
S1 [linear],M01AB,A_lag1,pacf_train,1,1,1473,315,317,2014-01-03,2018-01-14,2018-01-15,2018-11-25,2018-11-26,2019-10-08,{},0,none,42,7.3605331683239426,2.713030255696376,2.175527732894381,-0.0173842478990571,0.5496732790122904,47.36724549852949,1.3729886170064014,8.566003196532822,2.926773513022971,2.263650267843024,-0.0223141262472013,0.5500801615212979,46.915710730110106,1.864103666903613,0.567,daily,clean,clean,0.0,0,2.926773513022971,clean,daily|M01AB|A_lag1,,5,linear,0.0,2.713030255696376,0.0,,2.926773513022971,,,,
AR-LRX [linear],M01AB,A_lag1,pacf_train,1,1,1473,315,317,2014-01-03,2018-01-14,2018-01-15,2018-11-25,2018-11-26,2019-10-08,"{""colsample_bytree"": 0.8, ""learning_rate"": 0.1, ""max_depth"": 5, ""n_estimators"": 100, ""subsample"": 0.8}",132,none,42,7.28190397242516,2.698500319144906,2.1711738112885786,-0.0065159991590537,0.5467294423737871,47.322973941126605,1.350044996953268,8.787350852231569,2.964346614725,2.322216056000765,-0.048730977845403,0.5571419371459382,47.969800876783154,1.8422656856732664,5.075,daily,clean,clean,0.0,0,2.964346614725,clean,daily|M01AB|A_lag1,-0.142464833837097,5,linear,0.4,2.713030255696376,0.5356,-0.009651914259662,2.926773513022971,5.0,,,
"LR-XGB (residual, tanpa gerbang)",M01AB,A_lag1,pacf_train,1,1,1473,315,317,2014-01-03,2018-01-14,2018-01-15,2018-11-25,2018-11-26,2019-10-08,"{""colsample_bytree"": 0.8, ""learning_rate"": 0.05, ""max_depth"": 5, ""n_estimators"": 100, ""subsample"": 0.8}",12,none,42,7.357102683724141,2.7123979582141224,2.178872327904994,-0.0169100810262661,0.5495451724312259,47.51682175411712,1.3351727176684045,9.263438409345456,3.043589724214723,2.412122974952439,-0.1055498960504592,0.5720354922070313,49.59204456859843,1.852406401639836,5.117,daily,clean,clean,0.0,0,3.043589724214723,clean,daily|M01AB|A_lag1,,5,,,,,,,5.0,,,
XGBoost,M01AB,A_lag1,pacf_train,1,1,1473,315,317,2014-01-03,2018-01-14,2018-01-15,2018-11-25,2018-11-26,2019-10-08,"{""colsample_bytree"": 0.8, ""learning_rate"": 0.05, ""max_depth"": 5, ""n_estimators"": 100, ""subsample"": 0.8}",12,none,42,7.306749701534913,2.70310001693147,2.173739280337379,-0.0099502141603,0.5476613637777218,47.43292570255277,1.3357027062905813,9.196900043833027,3.0326391219254933,2.3991443322058355,-0.0976088400596923,0.5699773523990783,49.38125516295228,1.8524969406197325,4.91,daily,clean,clean,0.0,0,3.0326391219254933,clean,daily|M01AB|A_lag1,,5,,,,,,,,,,
Naive,M01AB,A_lag1,pacf_train,1,1,1473,315,317,2014-01-03,2018-01-14,2018-01-15,2018-11-25,2018-11-26,2019-10-08,{},0,none,42,15.394928134384376,3.9236371053379,3.037408048488247,-1.1099899072651178,0.7948146120347814,65.48935015692354,228.7651703763248,17.70190125953455,4.2073627439923165,3.3229562006343385,-1.0667588285675418,0.7919043628076995,67.7629833504212,27.210776865251187,0.0,daily,noise_a0.10_r1,noise,0.1,1,4.185911695485992,noise_a0.10_r1,daily|M01AB|A_lag1,,5,,,,,,,,,,
S1 [linear],M01AB,A_lag1,pacf_train,1,1,1473,315,317,2014-01-03,2018-01-14,2018-01-15,2018-11-25,2018-11-26,2019-10-08,{},0,none,42,7.417406247885854,2.72349155458317,2.177854226649834,-0.0166109373494798,0.551700074502585,47.64615893423904,105.80663413404416,8.728383031047311,2.9543836973296664,2.289012785837234,-0.0190692188399699,0.5560702705427525,47.73543172316777,15.19464632027866,0.006,daily,noise_a0.10_r1,noise,0.1,1,2.9236098106430948,noise_a0.10_r1,daily|M01AB|A_lag1,,5,linear,0.0,2.72349155458317,0.0,,2.9543836973296664,,,,
AR-LRX [linear],M01AB,A_lag1,pacf_train,1,1,1473,315,317,2014-01-03,2018-01-14,2018-01-15,2018-11-25,2018-11-26,2019-10-08,"{""colsample_bytree"": 0.8, ""learning_rate"": 0.05, ""max_depth"": 3, ""n_estimators"": 300, ""subsample"": 0.8}",132,none,42,7.412883244401125,2.722661059405141,2.1767575057633843,-0.0159910259332005,0.5515318403654819,47.64106103653105,104.4405196313384,8.740930662048246,2.956506496195847,2.2936636730315527,-0.0205341986050571,0.5564698209941349,47.83300920457031,15.296437001601197,5.05,daily,noise_a0.10_r1,noise,0.1,1,2.925593346765506,noise_a0.10_r1,daily|M01AB|A_lag1,-0.0605629721578908,5,linear,0.1,2.72349155458317,0.0305,-0.0339008552203536,2.9543836973296664,5.0,,,
"LR-XGB (residual, tanpa gerbang)",M01AB,A_lag1,pacf_train,1,1,1473,315,317,2014-01-03,2018-01-14,2018-01-15,2018-11-25,2018-11-26,2019-10-08,"{""colsample_bytree"": 0.8, ""learning_rate"": 0.05, ""max_depth"": 3, ""n_estimators"": 100, ""subsample"": 0.8}",12,none,42,7.531595013017887,2.7443751589419927,2.1922947511548,-0.0322613606478856,0.5559304845661873,47.96783928693979,94.30769727466227,8.95219046532243,2.992021133836195,2.3322748049386663,-0.0451995188515581,0.5631543400627805,48.57117487007078,15.80948624194225,4.522,daily,noise_a0.10_r1,noise,0.1,1,2.960169383082204,noise_a0.10_r1,daily|M01AB|A_lag1,,5,,,,,,,5.0,,,
XGBoost,M01AB,A_lag1,pacf_train,1,1,1473,315,317,2014-01-03,2018-01-14,2018-01-15,2018-11-25,2018-11-26,2019-10-08,"{""colsample_bytree"": 0.8, ""learning_rate"": 0.05, ""max_depth"": 3, ""n_estimators"": 100, ""subsample"": 0.8}",12,none,42,7.49647412625409,2.7379689783220864,2.191334266944595,-0.0274477807494319,0.5546327789355855,47.95320188100563,92.75525337113424,8.934038675188816,2.9889862286716573,2.330463874416595,-0.0430802339248759,0.5625831141460381,48.54173425285509,15.572322048410252,4.751,daily,noise_a0.10_r1,noise,0.1,1,2.9571314753043034,noise_a0.10_r1,daily|M01AB|A_lag1,,5,,,,,,,,,,
Naive,M01AB,A_lag1,pacf_train,1,1,1473,315,317,2014-01-03,2018-01-14,2018-01-15,2018-11-25,2018-11-26,2019-10-08,{},0,none,42,15.062046232217408,3.880985214119916,2.998699053457314,-1.0924887685035527,0.7854912144691395,63.68142583413502,3.3522474674431177,17.80611755782884,4.219729559797504,3.321645837090272,-1.0939223835740275,0.7918337020971571,66.35637408359227,109.61050906375546,0.0,daily,noise_a0.10_r2,noise,0.1,2,4.195138812742105,noise_a0.10_r2,daily|M01AB|A_lag1,,5,,,,,,,,,,
S1 [linear],M01AB,A_lag1,pacf_train,1,1,1473,315,317,2014-01-03,2018-01-14,2018-01-15,2018-11-25,2018-11-26,2019-10-08,{},0,none,42,7.324304512968927,2.70634523166741,2.1745551117724093,-0.0175260847165181,0.5477501937036534,47.23653504891201,2.0718817609632523,8.70808801211267,2.950946968705584,2.2810197634925924,-0.0240334731856457,0.5537462128342312,47.02130285226494,87.34869703886606,0.004,daily,noise_a0.10_r2,noise,0.1,2,2.927856418882511,noise_a0.10_r2,daily|M01AB|A_lag1,,5,linear,0.0,2.70634523166741,0.0,,2.950946968705584,,,,
AR-LRX [linear],M01AB,A_lag1,pacf_train,1,1,1473,315,317,2014-01-03,2018-01-14,2018-01-15,2018-11-25,2018-11-26,2019-10-08,"{""colsample_bytree"": 0.8, ""learning_rate"": 0.1, ""max_depth"": 3, ""n_estimators"": 500, ""subsample"": 0.8}",132,none,42,7.280436604276234,2.6982284195887187,2.1754085345452623,-0.0114317529888106,0.5461073931709142,47.2994766999767,2.0047245402321403,8.760352237549961,2.959789221811236,2.2966702507075474,-0.030179519966921,0.5554054646683381,47.35968945951356,86.30936116592531,5.165,daily,noise_a0.10_r2,noise,0.1,2,2.936776391663381,noise_a0.10_r2,daily|M01AB|A_lag1,-0.108673814031585,5,linear,0.2,2.70634523166741,0.2999,-0.0677037314913688,2.950946968705584,5.0,,,
"LR-XGB (residual, tanpa gerbang)",M01AB,A_lag1,pacf_train,1,1,1473,315,317,2014-01-03,2018-01-14,2018-01-15,2018-11-25,2018-11-26,2019-10-08,"{""colsample_bytree"": 0.8, ""learning_rate"": 0.05, ""max_depth"": 3, ""n_estimators"": 100, ""subsample"": 0.8}",12,none,42,7.406377208793951,2.721466003607973,2.19086078334309,-0.0289280012666965,0.5508105592706469,47.61220339440219,1.9524444936942744,8.965505863275819,2.9942454580871987,2.343724852269544,-0.0543046987198756,0.5618711892471518,48.27618547317775,85.10424735044616,4.869,daily,noise_a0.10_r2,noise,0.1,2,2.971305859318744,noise_a0.10_r2,daily|M01AB|A_lag1,,5,,,,,,,5.0,,,
XGBoost,M01AB,A_lag1,pacf_train,1,1,1473,315,317,2014-01-03,2018-01-14,2018-01-15,2018-11-25,2018-11-26,2019-10-08,"{""colsample_bytree"": 0.8, ""learning_rate"": 0.05, ""max_depth"": 3, ""n_estimators"": 100, ""subsample"": 0.8}",12,none,42,7.333481550336852,2.708040167784971,2.1835331226274475,-0.0188010009745394,0.5480932399550502,47.49374637636682,1.9497742555688748,8.874761312406298,2.9790537612480743,2.328933543585183,-0.0436335321595087,0.5590204621143356,48.02377735434345,84.16432584137262,4.622,daily,noise_a0.10_r2,noise,0.1,2,2.956241419050289,noise_a0.10_r2,daily|M01AB|A_lag1,,5,,,,,,,,,,
Naive,M01AB,A_lag1,pacf_train,1,1,1473,315,317,2014-01-03,2018-01-14,2018-01-15,2018-11-25,2018-11-26,2019-10-08,{},0,none,42,17.04498573505542,4.128557343074626,3.1915286328567567,-1.0922761205116762,0.8455562435888678,70.55648645062948,10.64450390750617,17.99947950084267,4.242579345261874,3.258497167855311,-1.0665992799910209,0.7969200393434739,65.06569507860392,3.116786719806082,0.0,daily,noise_a0.25_r1,noise,0.25,1,4.216487986228795,noise_a0.25_r1,daily|M01AB|A_lag1,,5,,,,,,,,,,
S1 [linear],M01AB,A_lag1,pacf_train,1,1,1473,315,317,2014-01-03,2018-01-14,2018-01-15,2018-11-25,2018-11-26,2019-10-08,{},0,none,42,8.290768639414592,2.879369486435284,2.29651144231222,-0.0176938552232721,0.5897141893738299,51.65622548389664,6.113167010144302,8.891837644397837,2.9819184503265403,2.317435939011029,-0.0209109253881107,0.5601192989842777,48.01684951546351,2.3019085192054747,0.008,daily,noise_a0.25_r1,noise,0.25,1,2.9268259136654384,noise_a0.25_r1,daily|M01AB|A_lag1,,5,linear,0.0,2.879369486435284,0.0,,2.9819184503265403,,,,
AR-LRX [linear],M01AB,A_lag1,pacf_train,1,1,1473,315,317,2014-01-03,2018-01-14,2018-01-15,2018-11-25,2018-11-26,2019-10-08,"{""colsample_bytree"": 0.8, ""learning_rate"": 0.05, ""max_depth"": 3, ""n_estimators"": 100, ""subsample"": 0.8}",132,none,42,8.290768639414592,2.879369486435284,2.29651144231222,-0.0176938552232721,0.5897141893738299,51.65622548389664,6.113167010144302,8.891837644397837,2.9819184503265403,2.317435939011029,-0.0209109253881107,0.5601192989842777,48.01684951546351,2.3019085192054747,4.748,daily,noise_a0.25_r1,noise,0.25,1,2.9268259136654384,noise_a0.25_r1,daily|M01AB|A_lag1,-0.0102986030863663,5,linear,0.0,2.879369486435284,0.0,-0.036087423766123,2.9819184503265403,5.0,,,
"LR-XGB (residual, tanpa gerbang)",M01AB,A_lag1,pacf_train,1,1,1473,315,317,2014-01-03,2018-01-14,2018-01-15,2018-11-25,2018-11-26,2019-10-08,"{""colsample_bytree"": 0.8, ""learning_rate"": 0.05, ""max_depth"": 3, ""n_estimators"": 100, ""subsample"": 0.8}",12,none,42,8.577903066384511,2.9288057406363626,2.311923478344119,-0.0529396755638789,0.59983906591684,51.76551786093797,6.237711943729725,8.879568901414821,2.97986055066589,2.326664496418396,-0.019502297132282,0.5597327460538389,48.25920822203857,2.4272184934191072,4.68,daily,noise_a0.25_r1,noise,0.25,1,2.9305289448816683,noise_a0.25_r1,daily|M01AB|A_lag1,,5,,,,,,,5.0,,,
XGBoost,M01AB,A_lag1,pacf_train,1,1,1473,315,317,2014-01-03,2018-01-14,2018-01-15,2018-11-25,2018-11-26,2019-10-08,"{""colsample_bytree"": 0.8, ""learning_rate"": 0.05, ""max_depth"": 3, ""n_estimators"": 100, ""subsample"": 0.8}",12,none,42,8.503942895999671,2.916152070108771,2.3028356681228184,-0.043861046765327,0.5972475092955256,51.623028870841495,6.114783070896843,8.826227384591999,2.970896730718185,2.319758159380928,-0.0133779233550006,0.558048994928861,48.16175713475971,2.379187321512617,4.628,daily,noise_a0.25_r1,noise,0.25,1,2.919666156444947,noise_a0.25_r1,daily|M01AB|A_lag1,,5,,,,,,,,,,
Naive,M01AB,A_lag1,pacf_train,1,1,1473,315,317,2014-01-03,2018-01-14,2018-01-15,2018-11-25,2018-11-26,2019-10-08,{},0,none,42,15.887405571855206,3.985900848221793,3.101678184024661,-1.0939628238660717,0.8028063345276601,67.81794361131837,10.519128666144423,18.39289901279156,4.288694324942215,3.426289723540257,-1.092501865427899,0.7975150534528365,70.25289493549501,2.427196445593057,0.0,daily,noise_a0.25_r2,noise,0.25,2,4.231105681631479,noise_a0.25_r2,daily|M01AB|A_lag1,,5,,,,,,,,,,
S1 [linear],M01AB,A_lag1,pacf_train,1,1,1473,315,317,2014-01-03,2018-01-14,2018-01-15,2018-11-25,2018-11-26,2019-10-08,{},0,none,42,7.737783416749908,2.781687152925344,2.203719617995325,-0.0198412031795121,0.5602638279471863,48.60854395502761,5.299737760652549,9.037152008061172,3.0061856243520912,2.3436872640907738,-0.0281281608664367,0.5590228883767812,48.71164268115437,2.425349043718689,0.008,daily,noise_a0.25_r2,noise,0.25,2,2.929540427617449,noise_a0.25_r2,daily|M01AB|A_lag1,,5,linear,0.0,2.781687152925344,0.0,,3.0061856243520912,,,,
AR-LRX [linear],M01AB,A_lag1,pacf_train,1,1,1473,315,317,2014-01-03,2018-01-14,2018-01-15,2018-11-25,2018-11-26,2019-10-08,"{""colsample_bytree"": 0.8, ""learning_rate"": 0.05, ""max_depth"": 3, ""n_estimators"": 100, ""subsample"": 0.8}",132,none,42,7.737783416749908,2.781687152925344,2.203719617995325,-0.0198412031795121,0.5602638279471863,48.60854395502761,5.299737760652549,9.037152008061172,3.0061856243520912,2.3436872640907738,-0.0281281608664367,0.5590228883767812,48.71164268115437,2.425349043718689,5.578,daily,noise_a0.25_r2,noise,0.25,2,2.929540427617449,noise_a0.25_r2,daily|M01AB|A_lag1,-0.0303292953727201,5,linear,0.0,2.781687152925344,0.0,-0.0552206808738415,3.0061856243520912,5.0,,,
"LR-XGB (residual, tanpa gerbang)",M01AB,A_lag1,pacf_train,1,1,1473,315,317,2014-01-03,2018-01-14,2018-01-15,2018-11-25,2018-11-26,2019-10-08,"{""colsample_bytree"": 0.8, ""learning_rate"": 0.05, ""max_depth"": 3, ""n_estimators"": 100, ""subsample"": 0.8}",12,none,42,8.164445718774449,2.857349421889883,2.263750961207274,-0.0760753689622002,0.5755030802824685,49.61792809681583,4.867205465842475,9.17858025504832,3.029617179619947,2.3634935402960027,-0.0442180045848736,0.563380162790872,49.09570828263478,2.4979880575448727,6.262,daily,noise_a0.25_r2,noise,0.25,2,2.955239232531888,noise_a0.25_r2,daily|M01AB|A_lag1,,5,,,,,,,5.0,,,
XGBoost,M01AB,A_lag1,pacf_train,1,1,1473,315,317,2014-01-03,2018-01-14,2018-01-15,2018-11-25,2018-11-26,2019-10-08,"{""colsample_bytree"": 0.8, ""learning_rate"": 0.05, ""max_depth"": 3, ""n_estimators"": 100, ""subsample"": 0.8}",12,none,42,8.132295426348788,2.8517179780526667,2.256145530216389,-0.071837954816053,0.5743688426390332,49.46721917510756,4.790767872334804,9.16907853827924,3.028048635388679,2.356478855908612,-0.0431370243625475,0.5630884801616933,48.93968957849236,2.4973655701899364,4.772,daily,noise_a0.25_r2,noise,0.25,2,2.95483013544862,noise_a0.25_r2,daily|M01AB|A_lag1,,5,,,,,,,,,,
Naive,M01AB,A_lag1,pacf_train,1,1,1473,315,317,2014-01-03,2018-01-14,2018-01-15,2018-11-25,2018-11-26,2019-10-08,{},0,none,42,17.853997190688453,4.225399056975383,3.3422331882492378,-1.0474843194688113,0.8644824375563068,75.91631013825908,6.8292572048234135,20.924424484927773,4.574322297884986,3.5834293522856875,-1.026295641685112,0.8478332038383449,73.94773390961866,2.342246787254642,0.0,daily,noise_a0.50_r1,noise,0.5,1,4.421198006133882,noise_a0.50_r1,daily|M01AB|A_lag1,,5,,,,,,,,,,
S1 [linear],M01AB,A_lag1,pacf_train,1,1,1473,315,317,2014-01-03,2018-01-14,2018-01-15,2018-11-25,2018-11-26,2019-10-08,{},0,none,42,8.813836329981442,2.9688105917995915,2.431221537969784,-0.0107647876976992,0.6073946111208319,55.1066797341513,5.371301545997795,10.496210584283272,3.239785576899075,2.56117629904032,-0.0164401786277252,0.6004819089117597,53.77712589405237,2.478153663223001,0.006,daily,noise_a0.50_r1,noise,0.5,1,2.920945524675695,noise_a0.50_r1,daily|M01AB|A_lag1,,5,linear,0.0,2.9688105917995915,0.0,,3.239785576899075,,,,
AR-LRX [linear],M01AB,A_lag1,pacf_train,1,1,1473,315,317,2014-01-03,2018-01-14,2018-01-15,2018-11-25,2018-11-26,2019-10-08,"{""colsample_bytree"": 0.8, ""learning_rate"": 0.1, ""max_depth"": 3, ""n_estimators"": 100, ""subsample"": 0.8}",132,none,42,8.763180986836616,2.960267046541007,2.4180207184880134,-0.0049556672145598,0.6056466709308228,54.86454444665052,5.434185614065284,10.52727115253654,3.2445756506108068,2.565057716847949,-0.0194480460185439,0.601369730817863,53.81248209105301,2.5270464329095086,4.674,daily,noise_a0.50_r1,noise,0.5,1,2.9202983738560904,noise_a0.50_r1,daily|M01AB|A_lag1,-0.0343309475436934,5,linear,0.4,2.9688105917995915,0.2878,-0.0087756016744013,3.239785576899075,5.0,,,
"LR-XGB (residual, tanpa gerbang)",M01AB,A_lag1,pacf_train,1,1,1473,315,317,2014-01-03,2018-01-14,2018-01-15,2018-11-25,2018-11-26,2019-10-08,"{""colsample_bytree"": 0.8, ""learning_rate"": 0.05, ""max_depth"": 3, ""n_estimators"": 100, ""subsample"": 0.8}",12,none,42,8.813982171937676,2.968835154052457,2.4311382239013897,-0.0107815127545771,0.6073996363589083,55.11003504464509,5.511529032964819,10.602635978779244,3.256168911278904,2.56830084406896,-0.0267462834951324,0.6035184974974017,53.85911868620287,2.5385171413604724,4.98,daily,noise_a0.50_r1,noise,0.5,1,2.9337317791489714,noise_a0.50_r1,daily|M01AB|A_lag1,,5,,,,,,,5.0,,,
XGBoost,M01AB,A_lag1,pacf_train,1,1,1473,315,317,2014-01-03,2018-01-14,2018-01-15,2018-11-25,2018-11-26,2019-10-08,"{""colsample_bytree"": 0.8, ""learning_rate"": 0.05, ""max_depth"": 3, ""n_estimators"": 100, ""subsample"": 0.8}",12,none,42,8.814599103279892,2.968939053480198,2.428464907458641,-0.010852262023544,0.6074208933406379,55.03962772236765,5.453214358553026,10.566121757468212,3.2505571457010585,2.5633811604454344,-0.0232102910211047,0.6024783781356212,53.761691724298245,2.5450765841255376,5.012,daily,noise_a0.50_r1,noise,0.5,1,2.925909445893581,noise_a0.50_r1,daily|M01AB|A_lag1,,5,,,,,,,,,,
Naive,M01AB,A_lag1,pacf_train,1,1,1473,315,317,2014-01-03,2018-01-14,2018-01-15,2018-11-25,2018-11-26,2019-10-08,{},0,none,42,18.648359774772167,4.31837466817924,3.3535798191980697,-1.1630574114283356,0.8846755025963213,74.85039489044567,7.091290914707373,20.05689779720028,4.478492804192085,3.485298396718929,-1.0680016741592269,0.8154895367395816,69.0242949691345,10.148216658747138,0.0,daily,noise_a0.50_r2,noise,0.5,2,4.333664852439446,noise_a0.50_r2,daily|M01AB|A_lag1,,5,,,,,,,,,,
S1 [linear],M01AB,A_lag1,pacf_train,1,1,1473,315,317,2014-01-03,2018-01-14,2018-01-15,2018-11-25,2018-11-26,2019-10-08,{},0,none,42,8.855206242518118,2.9757698571156537,2.36935050794272,-0.0271315935526716,0.6096253558899176,53.37379188406719,5.50792109227294,9.963629647719229,3.1565217641763894,2.437775564135129,-0.0273175343727418,0.5747715992235422,49.52187481931414,7.070948797730737,0.006,daily,noise_a0.50_r2,noise,0.5,2,2.9201068841819824,noise_a0.50_r2,daily|M01AB|A_lag1,,5,linear,0.0,2.9757698571156537,0.0,,3.1565217641763894,,,,
AR-LRX [linear],M01AB,A_lag1,pacf_train,1,1,1473,315,317,2014-01-03,2018-01-14,2018-01-15,2018-11-25,2018-11-26,2019-10-08,"{""colsample_bytree"": 0.8, ""learning_rate"": 0.05, ""max_depth"": 3, ""n_estimators"": 100, ""subsample"": 0.8}",132,none,42,8.855206242518118,2.9757698571156537,2.36935050794272,-0.0271315935526716,0.6096253558899176,53.37379188406719,5.50792109227294,9.963629647719229,3.1565217641763894,2.437775564135129,-0.0273175343727418,0.5747715992235422,49.52187481931414,7.070948797730737,4.847,daily,noise_a0.50_r2,noise,0.5,2,2.9201068841819824,noise_a0.50_r2,daily|M01AB|A_lag1,-0.0215086637249821,5,linear,0.0,2.9757698571156537,0.0,-0.0344016302580574,3.1565217641763894,5.0,,,
"LR-XGB (residual, tanpa gerbang)",M01AB,A_lag1,pacf_train,1,1,1473,315,317,2014-01-03,2018-01-14,2018-01-15,2018-11-25,2018-11-26,2019-10-08,"{""colsample_bytree"": 0.8, ""learning_rate"": 0.05, ""max_depth"": 3, ""n_estimators"": 100, ""subsample"": 0.8}",12,none,42,9.13067751982056,3.021701097034675,2.414067450773731,-0.059084011631326,0.6190349708220478,54.32201601486478,5.622001149929927,9.9897254486369,3.160652693453822,2.443055951725155,-0.0300081877595186,0.5755238008570034,49.68852048923039,7.408951813241953,4.579,daily,noise_a0.50_r2,noise,0.5,2,2.9174543418224,noise_a0.50_r2,daily|M01AB|A_lag1,,5,,,,,,,5.0,,,
XGBoost,M01AB,A_lag1,pacf_train,1,1,1473,315,317,2014-01-03,2018-01-14,2018-01-15,2018-11-25,2018-11-26,2019-10-08,"{""colsample_bytree"": 0.8, ""learning_rate"": 0.05, ""max_depth"": 3, ""n_estimators"": 100, ""subsample"": 0.8}",12,none,42,9.029915077826164,3.004981710065165,2.401369334155809,-0.0473963914018811,0.6156097858376727,54.09648732276773,5.626963569915213,9.983958238175784,3.1597402168810937,2.4416997558199087,-0.0294135493957292,0.5753576478385407,49.6892468484248,7.403606888140739,4.699,daily,noise_a0.50_r2,noise,0.5,2,2.9130297166896995,noise_a0.50_r2,daily|M01AB|A_lag1,,5,,,,,,,,,,
Naive,M01AB,A_lag1,pacf_train,1,1,1473,315,317,2014-01-03,2018-01-14,2018-01-15,2018-11-25,2018-11-26,2019-10-08,{},0,none,42,15.112755555555555,3.887512772397739,2.996063492063492,-1.0889083838028977,0.7876292158258805,64.5043814997324,1.5568921901843953,18.58505552050473,4.311038798306591,3.376687697160884,-1.010655495262787,0.7929255748876926,66.5052216815919,2.1823528465132487,0.0,daily,spike,spike,1.5,0,4.276556683389811,spike,daily|M01AB|A_lag1,,5,,,,,,,,7.098577825371582,4.137091858166107,14.0
S1 [linear],M01AB,A_lag1,pacf_train,1,1,1473,315,317,2014-01-03,2018-01-14,2018-01-15,2018-11-25,2018-11-26,2019-10-08,{},0,none,42,7.3605331683239426,2.713030255696376,2.175527732894381,-0.0173842478990571,0.5496732790122904,47.36724549852949,1.3729886170064014,9.475108425327363,3.0781664063736653,2.3605254619960925,-0.0250805440196932,0.5661644400724414,47.77181111670431,1.855283613514243,0.008,daily,spike,spike,1.5,0,2.9266399971287065,spike,daily|M01AB|A_lag1,,5,linear,0.0,2.713030255696376,0.0,,3.0781664063736653,,5.6078103526931455,2.908587407081577,14.0
AR-LRX [linear],M01AB,A_lag1,pacf_train,1,1,1473,315,317,2014-01-03,2018-01-14,2018-01-15,2018-11-25,2018-11-26,2019-10-08,"{""colsample_bytree"": 0.8, ""learning_rate"": 0.1, ""max_depth"": 5, ""n_estimators"": 100, ""subsample"": 0.8}",132,none,42,7.28190397242516,2.698500319144906,2.1711738112885786,-0.0065159991590537,0.5467294423737871,47.322973941126605,1.350044996953268,9.701598077024608,3.114738845717985,2.4178007109315427,-0.0495837079894099,0.5728911766779045,48.76586078735124,1.833848885045569,4.803,daily,spike,spike,1.5,0,2.9644045855492616,spike,daily|M01AB|A_lag1,-0.1380703030315406,5,linear,0.4,2.713030255696376,0.5356,-0.009651914259662,3.0781664063736653,5.0,5.64320189146154,2.9459186983888506,14.0
"LR-XGB (residual, tanpa gerbang)",M01AB,A_lag1,pacf_train,1,1,1473,315,317,2014-01-03,2018-01-14,2018-01-15,2018-11-25,2018-11-26,2019-10-08,"{""colsample_bytree"": 0.8, ""learning_rate"": 0.05, ""max_depth"": 5, ""n_estimators"": 100, ""subsample"": 0.8}",12,none,42,7.357102683724141,2.7123979582141224,2.178872327904994,-0.0169100810262661,0.5495451724312259,47.51682175411712,1.3351727176684045,10.195545830168848,3.193046481053611,2.50862086935258,-0.1030222765821393,0.5872942311785939,50.356538289361495,1.844526473318053,4.879,daily,spike,spike,1.5,0,3.0436891864723017,spike,daily|M01AB|A_lag1,,5,,,,,,,5.0,5.730472706622442,3.024788449076344,14.0
XGBoost,M01AB,A_lag1,pacf_train,1,1,1473,315,317,2014-01-03,2018-01-14,2018-01-15,2018-11-25,2018-11-26,2019-10-08,"{""colsample_bytree"": 0.8, ""learning_rate"": 0.05, ""max_depth"": 5, ""n_estimators"": 100, ""subsample"": 0.8}",12,none,42,7.306749701534913,2.70310001693147,2.173739280337379,-0.0099502141603,0.5476613637777218,47.43292570255277,1.3357027062905813,10.150150670763384,3.1859301107782296,2.497398200922584,-0.0981111248981301,0.5859853234522387,50.195170409939664,1.8446940544759256,4.902,daily,spike,spike,1.5,0,3.034190288165636,spike,daily|M01AB|A_lag1,,5,,,,,,,,5.747795711982318,3.0154046655396933,14.0
Naive,M01AB,A_lag1,pacf_train,1,1,1473,315,317,2014-01-03,2018-01-14,2018-01-15,2018-11-25,2018-11-26,2019-10-08,{},0,none,42,15.112755555555555,3.887512772397739,2.996063492063492,-1.0889083838028977,0.7876292158258805,64.5043814997324,1.5568921901843953,23.224263315457414,4.81915587167062,3.7879779179810726,-0.936904150973738,0.7826940446239402,66.51159519241776,2.203878379772928,0.0,daily,level,level,1.3,0,4.654805687392515,level,daily|M01AB|A_lag1,,5,,,,,,,,5.325185543760114,4.249521864392436,159.0
S1 [linear],M01AB,A_lag1,pacf_train,1,1,1473,315,317,2014-01-03,2018-01-14,2018-01-15,2018-11-25,2018-11-26,2019-10-08,{},0,none,42,7.3605331683239426,2.713030255696376,2.175527732894381,-0.0173842478990571,0.5496732790122904,47.36724549852949,1.3729886170064014,13.188103981634349,3.6315429202522647,2.7670241337253008,-0.0998882073688607,0.5898101435536949,50.13534783980814,1.6655433580715453,0.006,daily,level,level,1.3,0,2.923457405588088,level,daily|M01AB|A_lag1,,5,linear,0.0,2.713030255696376,0.0,,3.6315429202522647,,4.118943065668069,3.0637570400188623,159.0
AR-LRX [linear],M01AB,A_lag1,pacf_train,1,1,1473,315,317,2014-01-03,2018-01-14,2018-01-15,2018-11-25,2018-11-26,2019-10-08,"{""colsample_bytree"": 0.8, ""learning_rate"": 0.1, ""max_depth"": 5, ""n_estimators"": 100, ""subsample"": 0.8}",132,none,42,7.28190397242516,2.698500319144906,2.1711738112885786,-0.0065159991590537,0.5467294423737871,47.322973941126605,1.350044996953268,13.06049575132158,3.6139307895035264,2.7642545166022643,-0.0892456777164043,0.5869497028007385,50.18550701109356,1.6441236942476694,4.942,daily,level,level,1.3,0,2.927215352601133,level,daily|M01AB|A_lag1,-0.1292229722904521,5,linear,0.4,2.713030255696376,0.5356,-0.009651914259662,3.6315429202522647,5.0,4.078600609966055,3.076261567295316,159.0
"LR-XGB (residual, tanpa gerbang)",M01AB,A_lag1,pacf_train,1,1,1473,315,317,2014-01-03,2018-01-14,2018-01-15,2018-11-25,2018-11-26,2019-10-08,"{""colsample_bytree"": 0.8, ""learning_rate"": 0.05, ""max_depth"": 5, ""n_estimators"": 100, ""subsample"": 0.8}",12,none,42,7.357102683724141,2.7123979582141224,2.178872327904994,-0.0169100810262661,0.5495451724312259,47.51682175411712,1.3351727176684045,13.326428540305638,3.6505381165392095,2.8088944249951813,-0.1114244790788749,0.5928952122682497,51.42804183292936,1.649267975927345,4.832,daily,level,level,1.3,0,2.986551261646469,level,daily|M01AB|A_lag1,,5,,,,,,,5.0,4.112343121644645,3.117499262741828,159.0
XGBoost,M01AB,A_lag1,pacf_train,1,1,1473,315,317,2014-01-03,2018-01-14,2018-01-15,2018-11-25,2018-11-26,2019-10-08,"{""colsample_bytree"": 0.8, ""learning_rate"": 0.05, ""max_depth"": 5, ""n_estimators"": 100, ""subsample"": 0.8}",12,none,42,7.306749701534913,2.70310001693147,2.173739280337379,-0.0099502141603,0.5476613637777218,47.43292570255277,1.3357027062905813,13.267733110503654,3.642489960247475,2.80223218080298,-0.1065292787410892,0.5915880862554197,51.28718160384046,1.649788315114763,4.573,daily,level,level,1.3,0,2.97188700053457,level,daily|M01AB|A_lag1,,5,,,,,,,,4.1063277203347575,3.106572196075772,159.0
Naive,M01AB,B_rich,pacf_train,1,1,1473,315,317,2014-01-03,2018-01-14,2018-01-15,2018-11-25,2018-11-26,2019-10-08,{},0,none,42,15.112755555555555,3.887512772397739,2.996063492063492,-1.0889083838028977,0.7876292158258805,64.5043814997324,1.5568921901843953,17.410850473186123,4.172631121149594,3.291482649842272,-1.0779070449005217,0.784236153182909,66.44657397551136,2.203789023711625,0.0,daily,clean,clean,0.0,0,4.172631121149594,clean,daily|M01AB|B_rich,,5,,,,,,,,,,
S1 [linear],M01AB,B_rich,pacf_train,1,1,1473,315,317,2014-01-03,2018-01-14,2018-01-15,2018-11-25,2018-11-26,2019-10-08,{},0,none,42,7.3605331683239426,2.713030255696376,2.175527732894381,-0.0173842478990571,0.5496732790122904,47.36724549852949,1.3729886170064014,8.566003196532822,2.926773513022971,2.263650267843024,-0.0223141262472013,0.5500801615212979,46.915710730110106,1.864103666903613,0.006,daily,clean,clean,0.0,0,2.926773513022971,clean,daily|M01AB|B_rich,,5,linear,0.0,2.713030255696376,0.0,,2.926773513022971,,,,
AR-LRX [linear],M01AB,B_rich,pacf_train,1,1,1473,315,317,2014-01-03,2018-01-14,2018-01-15,2018-11-25,2018-11-26,2019-10-08,"{""colsample_bytree"": 0.8, ""learning_rate"": 0.1, ""max_depth"": 5, ""n_estimators"": 100, ""subsample"": 0.8}",132,none,42,7.28190397242516,2.698500319144906,2.1711738112885786,-0.0065159991590537,0.5467294423737871,47.322973941126605,1.350044996953268,8.787350852231569,2.964346614725,2.322216056000765,-0.048730977845403,0.5571419371459382,47.969800876783154,1.8422656856732664,4.739,daily,clean,clean,0.0,0,2.964346614725,clean,daily|M01AB|B_rich,-0.142464833837097,5,linear,0.4,2.713030255696376,0.5356,-0.009651914259662,2.926773513022971,5.0,,,
"LR-XGB (residual, tanpa gerbang)",M01AB,B_rich,pacf_train,1,1,1473,315,317,2014-01-03,2018-01-14,2018-01-15,2018-11-25,2018-11-26,2019-10-08,"{""colsample_bytree"": 0.8, ""learning_rate"": 0.05, ""max_depth"": 5, ""n_estimators"": 100, ""subsample"": 0.8}",12,none,42,7.357102683724141,2.7123979582141224,2.178872327904994,-0.0169100810262661,0.5495451724312259,47.51682175411712,1.3351727176684045,9.263438409345456,3.043589724214723,2.412122974952439,-0.1055498960504592,0.5720354922070313,49.59204456859843,1.852406401639836,4.945,daily,clean,clean,0.0,0,3.043589724214723,clean,daily|M01AB|B_rich,,5,,,,,,,5.0,,,
XGBoost,M01AB,B_rich,pacf_train,1,1,1473,315,317,2014-01-03,2018-01-14,2018-01-15,2018-11-25,2018-11-26,2019-10-08,"{""colsample_bytree"": 0.8, ""learning_rate"": 0.05, ""max_depth"": 5, ""n_estimators"": 100, ""subsample"": 0.8}",12,none,42,7.306749701534913,2.70310001693147,2.173739280337379,-0.0099502141603,0.5476613637777218,47.43292570255277,1.3357027062905813,9.196900043833027,3.0326391219254933,2.3991443322058355,-0.0976088400596923,0.5699773523990783,49.38125516295228,1.8524969406197325,4.989,daily,clean,clean,0.0,0,3.0326391219254933,clean,daily|M01AB|B_rich,,5,,,,,,,,,,
Naive,M01AB,B_rich,pacf_train,1,1,1473,315,317,2014-01-03,2018-01-14,2018-01-15,2018-11-25,2018-11-26,2019-10-08,{},0,none,42,15.394928134384376,3.9236371053379,3.037408048488247,-1.1099899072651178,0.7948146120347814,65.48935015692354,228.7651703763248,17.70190125953455,4.2073627439923165,3.3229562006343385,-1.0667588285675418,0.7919043628076995,67.7629833504212,27.210776865251187,0.0,daily,noise_a0.10_r1,noise,0.1,1,4.185911695485992,noise_a0.10_r1,daily|M01AB|B_rich,,5,,,,,,,,,,
S1 [linear],M01AB,B_rich,pacf_train,1,1,1473,315,317,2014-01-03,2018-01-14,2018-01-15,2018-11-25,2018-11-26,2019-10-08,{},0,none,42,7.417406247885854,2.72349155458317,2.177854226649834,-0.0166109373494798,0.551700074502585,47.64615893423904,105.80663413404416,8.728383031047311,2.9543836973296664,2.289012785837234,-0.0190692188399699,0.5560702705427525,47.73543172316777,15.19464632027866,0.005,daily,noise_a0.10_r1,noise,0.1,1,2.9236098106430948,noise_a0.10_r1,daily|M01AB|B_rich,,5,linear,0.0,2.72349155458317,0.0,,2.9543836973296664,,,,
AR-LRX [linear],M01AB,B_rich,pacf_train,1,1,1473,315,317,2014-01-03,2018-01-14,2018-01-15,2018-11-25,2018-11-26,2019-10-08,"{""colsample_bytree"": 0.8, ""learning_rate"": 0.05, ""max_depth"": 3, ""n_estimators"": 300, ""subsample"": 0.8}",132,none,42,7.412883244401125,2.722661059405141,2.1767575057633843,-0.0159910259332005,0.5515318403654819,47.64106103653105,104.4405196313384,8.740930662048246,2.956506496195847,2.2936636730315527,-0.0205341986050571,0.5564698209941349,47.83300920457031,15.296437001601197,4.914,daily,noise_a0.10_r1,noise,0.1,1,2.925593346765506,noise_a0.10_r1,daily|M01AB|B_rich,-0.0605629721578908,5,linear,0.1,2.72349155458317,0.0305,-0.0339008552203536,2.9543836973296664,5.0,,,
"LR-XGB (residual, tanpa gerbang)",M01AB,B_rich,pacf_train,1,1,1473,315,317,2014-01-03,2018-01-14,2018-01-15,2018-11-25,2018-11-26,2019-10-08,"{""colsample_bytree"": 0.8, ""learning_rate"": 0.05, ""max_depth"": 3, ""n_estimators"": 100, ""subsample"": 0.8}",12,none,42,7.531595013017887,2.7443751589419927,2.1922947511548,-0.0322613606478856,0.5559304845661873,47.96783928693979,94.30769727466227,8.95219046532243,2.992021133836195,2.3322748049386663,-0.0451995188515581,0.5631543400627805,48.57117487007078,15.80948624194225,4.866,daily,noise_a0.10_r1,noise,0.1,1,2.960169383082204,noise_a0.10_r1,daily|M01AB|B_rich,,5,,,,,,,5.0,,,
XGBoost,M01AB,B_rich,pacf_train,1,1,1473,315,317,2014-01-03,2018-01-14,2018-01-15,2018-11-25,2018-11-26,2019-10-08,"{""colsample_bytree"": 0.8, ""learning_rate"": 0.05, ""max_depth"": 3, ""n_estimators"": 100, ""subsample"": 0.8}",12,none,42,7.49647412625409,2.7379689783220864,2.191334266944595,-0.0274477807494319,0.5546327789355855,47.95320188100563,92.75525337113424,8.934038675188816,2.9889862286716573,2.330463874416595,-0.0430802339248759,0.5625831141460381,48.54173425285509,15.572322048410252,4.829,daily,noise_a0.10_r1,noise,0.1,1,2.9571314753043034,noise_a0.10_r1,daily|M01AB|B_rich,,5,,,,,,,,,,
Naive,M01AB,B_rich,pacf_train,1,1,1473,315,317,2014-01-03,2018-01-14,2018-01-15,2018-11-25,2018-11-26,2019-10-08,{},0,none,42,15.062046232217408,3.880985214119916,2.998699053457314,-1.0924887685035527,0.7854912144691395,63.68142583413502,3.3522474674431177,17.80611755782884,4.219729559797504,3.321645837090272,-1.0939223835740275,0.7918337020971571,66.35637408359227,109.61050906375546,0.0,daily,noise_a0.10_r2,noise,0.1,2,4.195138812742105,noise_a0.10_r2,daily|M01AB|B_rich,,5,,,,,,,,,,
S1 [linear],M01AB,B_rich,pacf_train,1,1,1473,315,317,2014-01-03,2018-01-14,2018-01-15,2018-11-25,2018-11-26,2019-10-08,{},0,none,42,7.324304512968927,2.70634523166741,2.1745551117724093,-0.0175260847165181,0.5477501937036534,47.23653504891201,2.0718817609632523,8.70808801211267,2.950946968705584,2.2810197634925924,-0.0240334731856457,0.5537462128342312,47.02130285226494,87.34869703886606,0.006,daily,noise_a0.10_r2,noise,0.1,2,2.927856418882511,noise_a0.10_r2,daily|M01AB|B_rich,,5,linear,0.0,2.70634523166741,0.0,,2.950946968705584,,,,
AR-LRX [linear],M01AB,B_rich,pacf_train,1,1,1473,315,317,2014-01-03,2018-01-14,2018-01-15,2018-11-25,2018-11-26,2019-10-08,"{""colsample_bytree"": 0.8, ""learning_rate"": 0.1, ""max_depth"": 3, ""n_estimators"": 500, ""subsample"": 0.8}",132,none,42,7.280436604276234,2.6982284195887187,2.1754085345452623,-0.0114317529888106,0.5461073931709142,47.2994766999767,2.0047245402321403,8.760352237549961,2.959789221811236,2.2966702507075474,-0.030179519966921,0.5554054646683381,47.35968945951356,86.30936116592531,4.945,daily,noise_a0.10_r2,noise,0.1,2,2.936776391663381,noise_a0.10_r2,daily|M01AB|B_rich,-0.108673814031585,5,linear,0.2,2.70634523166741,0.2999,-0.0677037314913688,2.950946968705584,5.0,,,
"LR-XGB (residual, tanpa gerbang)",M01AB,B_rich,pacf_train,1,1,1473,315,317,2014-01-03,2018-01-14,2018-01-15,2018-11-25,2018-11-26,2019-10-08,"{""colsample_bytree"": 0.8, ""learning_rate"": 0.05, ""max_depth"": 3, ""n_estimators"": 100, ""subsample"": 0.8}",12,none,42,7.406377208793951,2.721466003607973,2.19086078334309,-0.0289280012666965,0.5508105592706469,47.61220339440219,1.9524444936942744,8.965505863275819,2.9942454580871987,2.343724852269544,-0.0543046987198756,0.5618711892471518,48.27618547317775,85.10424735044616,4.505,daily,noise_a0.10_r2,noise,0.1,2,2.971305859318744,noise_a0.10_r2,daily|M01AB|B_rich,,5,,,,,,,5.0,,,
XGBoost,M01AB,B_rich,pacf_train,1,1,1473,315,317,2014-01-03,2018-01-14,2018-01-15,2018-11-25,2018-11-26,2019-10-08,"{""colsample_bytree"": 0.8, ""learning_rate"": 0.05, ""max_depth"": 3, ""n_estimators"": 100, ""subsample"": 0.8}",12,none,42,7.333481550336852,2.708040167784971,2.1835331226274475,-0.0188010009745394,0.5480932399550502,47.49374637636682,1.9497742555688748,8.874761312406298,2.9790537612480743,2.328933543585183,-0.0436335321595087,0.5590204621143356,48.02377735434345,84.16432584137262,4.674,daily,noise_a0.10_r2,noise,0.1,2,2.956241419050289,noise_a0.10_r2,daily|M01AB|B_rich,,5,,,,,,,,,,
Naive,M01AB,B_rich,pacf_train,1,1,1473,315,317,2014-01-03,2018-01-14,2018-01-15,2018-11-25,2018-11-26,2019-10-08,{},0,none,42,17.04498573505542,4.128557343074626,3.1915286328567567,-1.0922761205116762,0.8455562435888678,70.55648645062948,10.64450390750617,17.99947950084267,4.242579345261874,3.258497167855311,-1.0665992799910209,0.7969200393434739,65.06569507860392,3.116786719806082,0.0,daily,noise_a0.25_r1,noise,0.25,1,4.216487986228795,noise_a0.25_r1,daily|M01AB|B_rich,,5,,,,,,,,,,
S1 [linear],M01AB,B_rich,pacf_train,1,1,1473,315,317,2014-01-03,2018-01-14,2018-01-15,2018-11-25,2018-11-26,2019-10-08,{},0,none,42,8.290768639414592,2.879369486435284,2.29651144231222,-0.0176938552232721,0.5897141893738299,51.65622548389664,6.113167010144302,8.891837644397837,2.9819184503265403,2.317435939011029,-0.0209109253881107,0.5601192989842777,48.01684951546351,2.3019085192054747,0.006,daily,noise_a0.25_r1,noise,0.25,1,2.9268259136654384,noise_a0.25_r1,daily|M01AB|B_rich,,5,linear,0.0,2.879369486435284,0.0,,2.9819184503265403,,,,
AR-LRX [linear],M01AB,B_rich,pacf_train,1,1,1473,315,317,2014-01-03,2018-01-14,2018-01-15,2018-11-25,2018-11-26,2019-10-08,"{""colsample_bytree"": 0.8, ""learning_rate"": 0.05, ""max_depth"": 3, ""n_estimators"": 100, ""subsample"": 0.8}",132,none,42,8.290768639414592,2.879369486435284,2.29651144231222,-0.0176938552232721,0.5897141893738299,51.65622548389664,6.113167010144302,8.891837644397837,2.9819184503265403,2.317435939011029,-0.0209109253881107,0.5601192989842777,48.01684951546351,2.3019085192054747,4.964,daily,noise_a0.25_r1,noise,0.25,1,2.9268259136654384,noise_a0.25_r1,daily|M01AB|B_rich,-0.0102986030863663,5,linear,0.0,2.879369486435284,0.0,-0.036087423766123,2.9819184503265403,5.0,,,
"LR-XGB (residual, tanpa gerbang)",M01AB,B_rich,pacf_train,1,1,1473,315,317,2014-01-03,2018-01-14,2018-01-15,2018-11-25,2018-11-26,2019-10-08,"{""colsample_bytree"": 0.8, ""learning_rate"": 0.05, ""max_depth"": 3, ""n_estimators"": 100, ""subsample"": 0.8}",12,none,42,8.577903066384511,2.9288057406363626,2.311923478344119,-0.0529396755638789,0.59983906591684,51.76551786093797,6.237711943729725,8.879568901414821,2.97986055066589,2.326664496418396,-0.019502297132282,0.5597327460538389,48.25920822203857,2.4272184934191072,5.075,daily,noise_a0.25_r1,noise,0.25,1,2.9305289448816683,noise_a0.25_r1,daily|M01AB|B_rich,,5,,,,,,,5.0,,,
XGBoost,M01AB,B_rich,pacf_train,1,1,1473,315,317,2014-01-03,2018-01-14,2018-01-15,2018-11-25,2018-11-26,2019-10-08,"{""colsample_bytree"": 0.8, ""learning_rate"": 0.05, ""max_depth"": 3, ""n_estimators"": 100, ""subsample"": 0.8}",12,none,42,8.503942895999671,2.916152070108771,2.3028356681228184,-0.043861046765327,0.5972475092955256,51.623028870841495,6.114783070896843,8.826227384591999,2.970896730718185,2.319758159380928,-0.0133779233550006,0.558048994928861,48.16175713475971,2.379187321512617,4.856,daily,noise_a0.25_r1,noise,0.25,1,2.919666156444947,noise_a0.25_r1,daily|M01AB|B_rich,,5,,,,,,,,,,
Naive,M01AB,B_rich,pacf_train,1,1,1473,315,317,2014-01-03,2018-01-14,2018-01-15,2018-11-25,2018-11-26,2019-10-08,{},0,none,42,15.887405571855206,3.985900848221793,3.101678184024661,-1.0939628238660717,0.8028063345276601,67.81794361131837,10.519128666144423,18.39289901279156,4.288694324942215,3.426289723540257,-1.092501865427899,0.7975150534528365,70.25289493549501,2.427196445593057,0.0,daily,noise_a0.25_r2,noise,0.25,2,4.231105681631479,noise_a0.25_r2,daily|M01AB|B_rich,,5,,,,,,,,,,
S1 [linear],M01AB,B_rich,pacf_train,1,1,1473,315,317,2014-01-03,2018-01-14,2018-01-15,2018-11-25,2018-11-26,2019-10-08,{},0,none,42,7.737783416749908,2.781687152925344,2.203719617995325,-0.0198412031795121,0.5602638279471863,48.60854395502761,5.299737760652549,9.037152008061172,3.0061856243520912,2.3436872640907738,-0.0281281608664367,0.5590228883767812,48.71164268115437,2.425349043718689,0.006,daily,noise_a0.25_r2,noise,0.25,2,2.929540427617449,noise_a0.25_r2,daily|M01AB|B_rich,,5,linear,0.0,2.781687152925344,0.0,,3.0061856243520912,,,,
AR-LRX [linear],M01AB,B_rich,pacf_train,1,1,1473,315,317,2014-01-03,2018-01-14,2018-01-15,2018-11-25,2018-11-26,2019-10-08,"{""colsample_bytree"": 0.8, ""learning_rate"": 0.05, ""max_depth"": 3, ""n_estimators"": 100, ""subsample"": 0.8}",132,none,42,7.737783416749908,2.781687152925344,2.203719617995325,-0.0198412031795121,0.5602638279471863,48.60854395502761,5.299737760652549,9.037152008061172,3.0061856243520912,2.3436872640907738,-0.0281281608664367,0.5590228883767812,48.71164268115437,2.425349043718689,4.779,daily,noise_a0.25_r2,noise,0.25,2,2.929540427617449,noise_a0.25_r2,daily|M01AB|B_rich,-0.0303292953727201,5,linear,0.0,2.781687152925344,0.0,-0.0552206808738415,3.0061856243520912,5.0,,,
"LR-XGB (residual, tanpa gerbang)",M01AB,B_rich,pacf_train,1,1,1473,315,317,2014-01-03,2018-01-14,2018-01-15,2018-11-25,2018-11-26,2019-10-08,"{""colsample_bytree"": 0.8, ""learning_rate"": 0.05, ""max_depth"": 3, ""n_estimators"": 100, ""subsample"": 0.8}",12,none,42,8.164445718774449,2.857349421889883,2.263750961207274,-0.0760753689622002,0.5755030802824685,49.61792809681583,4.867205465842475,9.17858025504832,3.029617179619947,2.3634935402960027,-0.0442180045848736,0.563380162790872,49.09570828263478,2.4979880575448727,4.974,daily,noise_a0.25_r2,noise,0.25,2,2.955239232531888,noise_a0.25_r2,daily|M01AB|B_rich,,5,,,,,,,5.0,,,
XGBoost,M01AB,B_rich,pacf_train,1,1,1473,315,317,2014-01-03,2018-01-14,2018-01-15,2018-11-25,2018-11-26,2019-10-08,"{""colsample_bytree"": 0.8, ""learning_rate"": 0.05, ""max_depth"": 3, ""n_estimators"": 100, ""subsample"": 0.8}",12,none,42,8.132295426348788,2.8517179780526667,2.256145530216389,-0.071837954816053,0.5743688426390332,49.46721917510756,4.790767872334804,9.16907853827924,3.028048635388679,2.356478855908612,-0.0431370243625475,0.5630884801616933,48.93968957849236,2.4973655701899364,4.783,daily,noise_a0.25_r2,noise,0.25,2,2.95483013544862,noise_a0.25_r2,daily|M01AB|B_rich,,5,,,,,,,,,,
Naive,M01AB,B_rich,pacf_train,1,1,1473,315,317,2014-01-03,2018-01-14,2018-01-15,2018-11-25,2018-11-26,2019-10-08,{},0,none,42,17.853997190688453,4.225399056975383,3.3422331882492378,-1.0474843194688113,0.8644824375563068,75.91631013825908,6.8292572048234135,20.924424484927773,4.574322297884986,3.5834293522856875,-1.026295641685112,0.8478332038383449,73.94773390961866,2.342246787254642,0.0,daily,noise_a0.50_r1,noise,0.5,1,4.421198006133882,noise_a0.50_r1,daily|M01AB|B_rich,,5,,,,,,,,,,
S1 [linear],M01AB,B_rich,pacf_train,1,1,1473,315,317,2014-01-03,2018-01-14,2018-01-15,2018-11-25,2018-11-26,2019-10-08,{},0,none,42,8.813836329981442,2.9688105917995915,2.431221537969784,-0.0107647876976992,0.6073946111208319,55.1066797341513,5.371301545997795,10.496210584283272,3.239785576899075,2.56117629904032,-0.0164401786277252,0.6004819089117597,53.77712589405237,2.478153663223001,0.007,daily,noise_a0.50_r1,noise,0.5,1,2.920945524675695,noise_a0.50_r1,daily|M01AB|B_rich,,5,linear,0.0,2.9688105917995915,0.0,,3.239785576899075,,,,
AR-LRX [linear],M01AB,B_rich,pacf_train,1,1,1473,315,317,2014-01-03,2018-01-14,2018-01-15,2018-11-25,2018-11-26,2019-10-08,"{""colsample_bytree"": 0.8, ""learning_rate"": 0.1, ""max_depth"": 3, ""n_estimators"": 100, ""subsample"": 0.8}",132,none,42,8.763180986836616,2.960267046541007,2.4180207184880134,-0.0049556672145598,0.6056466709308228,54.86454444665052,5.434185614065284,10.52727115253654,3.2445756506108068,2.565057716847949,-0.0194480460185439,0.601369730817863,53.81248209105301,2.5270464329095086,4.603,daily,noise_a0.50_r1,noise,0.5,1,2.9202983738560904,noise_a0.50_r1,daily|M01AB|B_rich,-0.0343309475436934,5,linear,0.4,2.9688105917995915,0.2878,-0.0087756016744013,3.239785576899075,5.0,,,
"LR-XGB (residual, tanpa gerbang)",M01AB,B_rich,pacf_train,1,1,1473,315,317,2014-01-03,2018-01-14,2018-01-15,2018-11-25,2018-11-26,2019-10-08,"{""colsample_bytree"": 0.8, ""learning_rate"": 0.05, ""max_depth"": 3, ""n_estimators"": 100, ""subsample"": 0.8}",12,none,42,8.813982171937676,2.968835154052457,2.4311382239013897,-0.0107815127545771,0.6073996363589083,55.11003504464509,5.511529032964819,10.602635978779244,3.256168911278904,2.56830084406896,-0.0267462834951324,0.6035184974974017,53.85911868620287,2.5385171413604724,4.748,daily,noise_a0.50_r1,noise,0.5,1,2.9337317791489714,noise_a0.50_r1,daily|M01AB|B_rich,,5,,,,,,,5.0,,,
XGBoost,M01AB,B_rich,pacf_train,1,1,1473,315,317,2014-01-03,2018-01-14,2018-01-15,2018-11-25,2018-11-26,2019-10-08,"{""colsample_bytree"": 0.8, ""learning_rate"": 0.05, ""max_depth"": 3, ""n_estimators"": 100, ""subsample"": 0.8}",12,none,42,8.814599103279892,2.968939053480198,2.428464907458641,-0.010852262023544,0.6074208933406379,55.03962772236765,5.453214358553026,10.566121757468212,3.2505571457010585,2.5633811604454344,-0.0232102910211047,0.6024783781356212,53.761691724298245,2.5450765841255376,4.754,daily,noise_a0.50_r1,noise,0.5,1,2.925909445893581,noise_a0.50_r1,daily|M01AB|B_rich,,5,,,,,,,,,,
Naive,M01AB,B_rich,pacf_train,1,1,1473,315,317,2014-01-03,2018-01-14,2018-01-15,2018-11-25,2018-11-26,2019-10-08,{},0,none,42,18.648359774772167,4.31837466817924,3.3535798191980697,-1.1630574114283356,0.8846755025963213,74.85039489044567,7.091290914707373,20.05689779720028,4.478492804192085,3.485298396718929,-1.0680016741592269,0.8154895367395816,69.0242949691345,10.148216658747138,0.0,daily,noise_a0.50_r2,noise,0.5,2,4.333664852439446,noise_a0.50_r2,daily|M01AB|B_rich,,5,,,,,,,,,,
S1 [linear],M01AB,B_rich,pacf_train,1,1,1473,315,317,2014-01-03,2018-01-14,2018-01-15,2018-11-25,2018-11-26,2019-10-08,{},0,none,42,8.855206242518118,2.9757698571156537,2.36935050794272,-0.0271315935526716,0.6096253558899176,53.37379188406719,5.50792109227294,9.963629647719229,3.1565217641763894,2.437775564135129,-0.0273175343727418,0.5747715992235422,49.52187481931414,7.070948797730737,0.006,daily,noise_a0.50_r2,noise,0.5,2,2.9201068841819824,noise_a0.50_r2,daily|M01AB|B_rich,,5,linear,0.0,2.9757698571156537,0.0,,3.1565217641763894,,,,
AR-LRX [linear],M01AB,B_rich,pacf_train,1,1,1473,315,317,2014-01-03,2018-01-14,2018-01-15,2018-11-25,2018-11-26,2019-10-08,"{""colsample_bytree"": 0.8, ""learning_rate"": 0.05, ""max_depth"": 3, ""n_estimators"": 100, ""subsample"": 0.8}",132,none,42,8.855206242518118,2.9757698571156537,2.36935050794272,-0.0271315935526716,0.6096253558899176,53.37379188406719,5.50792109227294,9.963629647719229,3.1565217641763894,2.437775564135129,-0.0273175343727418,0.5747715992235422,49.52187481931414,7.070948797730737,4.992,daily,noise_a0.50_r2,noise,0.5,2,2.9201068841819824,noise_a0.50_r2,daily|M01AB|B_rich,-0.0215086637249821,5,linear,0.0,2.9757698571156537,0.0,-0.0344016302580574,3.1565217641763894,5.0,,,
"LR-XGB (residual, tanpa gerbang)",M01AB,B_rich,pacf_train,1,1,1473,315,317,2014-01-03,2018-01-14,2018-01-15,2018-11-25,2018-11-26,2019-10-08,"{""colsample_bytree"": 0.8, ""learning_rate"": 0.05, ""max_depth"": 3, ""n_estimators"": 100, ""subsample"": 0.8}",12,none,42,9.13067751982056,3.021701097034675,2.414067450773731,-0.059084011631326,0.6190349708220478,54.32201601486478,5.622001149929927,9.9897254486369,3.160652693453822,2.443055951725155,-0.0300081877595186,0.5755238008570034,49.68852048923039,7.408951813241953,4.964,daily,noise_a0.50_r2,noise,0.5,2,2.9174543418224,noise_a0.50_r2,daily|M01AB|B_rich,,5,,,,,,,5.0,,,
XGBoost,M01AB,B_rich,pacf_train,1,1,1473,315,317,2014-01-03,2018-01-14,2018-01-15,2018-11-25,2018-11-26,2019-10-08,"{""colsample_bytree"": 0.8, ""learning_rate"": 0.05, ""max_depth"": 3, ""n_estimators"": 100, ""subsample"": 0.8}",12,none,42,9.029915077826164,3.004981710065165,2.401369334155809,-0.0473963914018811,0.6156097858376727,54.09648732276773,5.626963569915213,9.983958238175784,3.1597402168810937,2.4416997558199087,-0.0294135493957292,0.5753576478385407,49.6892468484248,7.403606888140739,4.891,daily,noise_a0.50_r2,noise,0.5,2,2.9130297166896995,noise_a0.50_r2,daily|M01AB|B_rich,,5,,,,,,,,,,
Naive,M01AB,B_rich,pacf_train,1,1,1473,315,317,2014-01-03,2018-01-14,2018-01-15,2018-11-25,2018-11-26,2019-10-08,{},0,none,42,15.112755555555555,3.887512772397739,2.996063492063492,-1.0889083838028977,0.7876292158258805,64.5043814997324,1.5568921901843953,18.58505552050473,4.311038798306591,3.376687697160884,-1.010655495262787,0.7929255748876926,66.5052216815919,2.1823528465132487,0.0,daily,spike,spike,1.5,0,4.276556683389811,spike,daily|M01AB|B_rich,,5,,,,,,,,7.098577825371582,4.137091858166107,14.0
S1 [linear],M01AB,B_rich,pacf_train,1,1,1473,315,317,2014-01-03,2018-01-14,2018-01-15,2018-11-25,2018-11-26,2019-10-08,{},0,none,42,7.3605331683239426,2.713030255696376,2.175527732894381,-0.0173842478990571,0.5496732790122904,47.36724549852949,1.3729886170064014,9.475108425327363,3.0781664063736653,2.3605254619960925,-0.0250805440196932,0.5661644400724414,47.77181111670431,1.855283613514243,0.006,daily,spike,spike,1.5,0,2.9266399971287065,spike,daily|M01AB|B_rich,,5,linear,0.0,2.713030255696376,0.0,,3.0781664063736653,,5.6078103526931455,2.908587407081577,14.0
AR-LRX [linear],M01AB,B_rich,pacf_train,1,1,1473,315,317,2014-01-03,2018-01-14,2018-01-15,2018-11-25,2018-11-26,2019-10-08,"{""colsample_bytree"": 0.8, ""learning_rate"": 0.1, ""max_depth"": 5, ""n_estimators"": 100, ""subsample"": 0.8}",132,none,42,7.28190397242516,2.698500319144906,2.1711738112885786,-0.0065159991590537,0.5467294423737871,47.322973941126605,1.350044996953268,9.701598077024608,3.114738845717985,2.4178007109315427,-0.0495837079894099,0.5728911766779045,48.76586078735124,1.833848885045569,4.881,daily,spike,spike,1.5,0,2.9644045855492616,spike,daily|M01AB|B_rich,-0.1380703030315406,5,linear,0.4,2.713030255696376,0.5356,-0.009651914259662,3.0781664063736653,5.0,5.64320189146154,2.9459186983888506,14.0
"LR-XGB (residual, tanpa gerbang)",M01AB,B_rich,pacf_train,1,1,1473,315,317,2014-01-03,2018-01-14,2018-01-15,2018-11-25,2018-11-26,2019-10-08,"{""colsample_bytree"": 0.8, ""learning_rate"": 0.05, ""max_depth"": 5, ""n_estimators"": 100, ""subsample"": 0.8}",12,none,42,7.357102683724141,2.7123979582141224,2.178872327904994,-0.0169100810262661,0.5495451724312259,47.51682175411712,1.3351727176684045,10.195545830168848,3.193046481053611,2.50862086935258,-0.1030222765821393,0.5872942311785939,50.356538289361495,1.844526473318053,4.737,daily,spike,spike,1.5,0,3.0436891864723017,spike,daily|M01AB|B_rich,,5,,,,,,,5.0,5.730472706622442,3.024788449076344,14.0
XGBoost,M01AB,B_rich,pacf_train,1,1,1473,315,317,2014-01-03,2018-01-14,2018-01-15,2018-11-25,2018-11-26,2019-10-08,"{""colsample_bytree"": 0.8, ""learning_rate"": 0.05, ""max_depth"": 5, ""n_estimators"": 100, ""subsample"": 0.8}",12,none,42,7.306749701534913,2.70310001693147,2.173739280337379,-0.0099502141603,0.5476613637777218,47.43292570255277,1.3357027062905813,10.150150670763384,3.1859301107782296,2.497398200922584,-0.0981111248981301,0.5859853234522387,50.195170409939664,1.8446940544759256,4.445,daily,spike,spike,1.5,0,3.034190288165636,spike,daily|M01AB|B_rich,,5,,,,,,,,5.747795711982318,3.0154046655396933,14.0
Naive,M01AB,B_rich,pacf_train,1,1,1473,315,317,2014-01-03,2018-01-14,2018-01-15,2018-11-25,2018-11-26,2019-10-08,{},0,none,42,15.112755555555555,3.887512772397739,2.996063492063492,-1.0889083838028977,0.7876292158258805,64.5043814997324,1.5568921901843953,23.224263315457414,4.81915587167062,3.7879779179810726,-0.936904150973738,0.7826940446239402,66.51159519241776,2.203878379772928,0.0,daily,level,level,1.3,0,4.654805687392515,level,daily|M01AB|B_rich,,5,,,,,,,,5.325185543760114,4.249521864392436,159.0
S1 [linear],M01AB,B_rich,pacf_train,1,1,1473,315,317,2014-01-03,2018-01-14,2018-01-15,2018-11-25,2018-11-26,2019-10-08,{},0,none,42,7.3605331683239426,2.713030255696376,2.175527732894381,-0.0173842478990571,0.5496732790122904,47.36724549852949,1.3729886170064014,13.188103981634349,3.6315429202522647,2.7670241337253008,-0.0998882073688607,0.5898101435536949,50.13534783980814,1.6655433580715453,0.005,daily,level,level,1.3,0,2.923457405588088,level,daily|M01AB|B_rich,,5,linear,0.0,2.713030255696376,0.0,,3.6315429202522647,,4.118943065668069,3.0637570400188623,159.0
AR-LRX [linear],M01AB,B_rich,pacf_train,1,1,1473,315,317,2014-01-03,2018-01-14,2018-01-15,2018-11-25,2018-11-26,2019-10-08,"{""colsample_bytree"": 0.8, ""learning_rate"": 0.1, ""max_depth"": 5, ""n_estimators"": 100, ""subsample"": 0.8}",132,none,42,7.28190397242516,2.698500319144906,2.1711738112885786,-0.0065159991590537,0.5467294423737871,47.322973941126605,1.350044996953268,13.06049575132158,3.6139307895035264,2.7642545166022643,-0.0892456777164043,0.5869497028007385,50.18550701109356,1.6441236942476694,4.669,daily,level,level,1.3,0,2.927215352601133,level,daily|M01AB|B_rich,-0.1292229722904521,5,linear,0.4,2.713030255696376,0.5356,-0.009651914259662,3.6315429202522647,5.0,4.078600609966055,3.076261567295316,159.0
"LR-XGB (residual, tanpa gerbang)",M01AB,B_rich,pacf_train,1,1,1473,315,317,2014-01-03,2018-01-14,2018-01-15,2018-11-25,2018-11-26,2019-10-08,"{""colsample_bytree"": 0.8, ""learning_rate"": 0.05, ""max_depth"": 5, ""n_estimators"": 100, ""subsample"": 0.8}",12,none,42,7.357102683724141,2.7123979582141224,2.178872327904994,-0.0169100810262661,0.5495451724312259,47.51682175411712,1.3351727176684045,13.326428540305638,3.6505381165392095,2.8088944249951813,-0.1114244790788749,0.5928952122682497,51.42804183292936,1.649267975927345,5.202,daily,level,level,1.3,0,2.986551261646469,level,daily|M01AB|B_rich,,5,,,,,,,5.0,4.112343121644645,3.117499262741828,159.0
XGBoost,M01AB,B_rich,pacf_train,1,1,1473,315,317,2014-01-03,2018-01-14,2018-01-15,2018-11-25,2018-11-26,2019-10-08,"{""colsample_bytree"": 0.8, ""learning_rate"": 0.05, ""max_depth"": 5, ""n_estimators"": 100, ""subsample"": 0.8}",12,none,42,7.306749701534913,2.70310001693147,2.173739280337379,-0.0099502141603,0.5476613637777218,47.43292570255277,1.3357027062905813,13.267733110503654,3.642489960247475,2.80223218080298,-0.1065292787410892,0.5915880862554197,51.28718160384046,1.649788315114763,4.715,daily,level,level,1.3,0,2.97188700053457,level,daily|M01AB|B_rich,,5,,,,,,,,4.1063277203347575,3.106572196075772,159.0
Naive,M01AE,A_lag1,pacf_train,1,21,1459,312,314,2014-01-23,2018-01-20,2018-01-21,2018-11-28,2018-11-29,2019-10-08,{},0,none,42,8.063918044871794,2.839703865700048,2.218602564102564,-1.0160140755539473,0.7349227624344821,60.37815381835404,19.092561696684115,8.127574394904459,2.850890105722151,2.2165859872611464,-0.4660092267111404,0.7429677004131198,66.51148449675807,2.7600257404290813,0.0,daily,clean,clean,0.0,0,2.850890105722151,clean,daily|M01AE|A_lag1,,5,,,,,,,,,,
S1 [linear],M01AE,A_lag1,pacf_train,1,21,1459,312,314,2014-01-23,2018-01-20,2018-01-21,2018-11-28,2018-11-29,2019-10-08,{},0,none,42,4.030009093885328,2.007488254980668,1.604507226399023,-0.0075195472813609,0.519543193121465,44.18282874781168,8.974778377032807,5.39158856688948,2.3219794501436657,1.7570176272245002,0.0274935421513066,0.6051288083736097,50.103371144787765,3.901992843556399,0.005,daily,clean,clean,0.0,0,2.3219794501436657,clean,daily|M01AE|A_lag1,,5,linear,0.0,2.007488254980668,0.0,,2.3219794501436657,,,,
AR-LRX [linear],M01AE,A_lag1,pacf_train,1,21,1459,312,314,2014-01-23,2018-01-20,2018-01-21,2018-11-28,2018-11-29,2019-10-08,"{""colsample_bytree"": 0.8, ""learning_rate"": 0.05, ""max_depth"": 3, ""n_estimators"": 100, ""subsample"": 0.8}",132,none,42,4.030009093885328,2.007488254980668,1.604507226399023,-0.0075195472813609,0.519543193121465,44.18282874781168,8.974778377032807,5.39158856688948,2.3219794501436657,1.7570176272245002,0.0274935421513066,0.6051288083736097,50.103371144787765,3.901992843556399,4.848,daily,clean,clean,0.0,0,2.3219794501436657,clean,daily|M01AE|A_lag1,0.0157892826570177,5,linear,0.0,2.007488254980668,0.0,-0.0326229141789218,2.3219794501436657,5.0,,,
"LR-XGB (residual, tanpa gerbang)",M01AE,A_lag1,pacf_train,1,21,1459,312,314,2014-01-23,2018-01-20,2018-01-21,2018-11-28,2018-11-29,2019-10-08,"{""colsample_bytree"": 0.8, ""learning_rate"": 0.05, ""max_depth"": 3, ""n_estimators"": 100, ""subsample"": 0.8}",12,none,42,4.157718281754721,2.039048376511632,1.6313511993076015,-0.0394473916480324,0.5277110348385048,44.73340172659191,9.73882632001692,5.300605637270277,2.302304418896484,1.7608041776470744,0.043904565639272,0.6000013175973309,50.3602567985356,3.5765234797874634,4.907,daily,clean,clean,0.0,0,2.302304418896484,clean,daily|M01AE|A_lag1,,5,,,,,,,5.0,,,
XGBoost,M01AE,A_lag1,pacf_train,1,21,1459,312,314,2014-01-23,2018-01-20,2018-01-21,2018-11-28,2018-11-29,2019-10-08,"{""colsample_bytree"": 0.8, ""learning_rate"": 0.05, ""max_depth"": 3, ""n_estimators"": 100, ""subsample"": 0.8}",12,none,42,4.146593883941135,2.036318708832469,1.6288393891835824,-0.0366662445121792,0.5270045897279672,44.69920984650791,9.582399653500117,5.3194486649593244,2.3063929988099003,1.7637240654222528,0.0405057591677328,0.6010668384359381,50.411534961428096,3.5090514062897897,4.84,daily,clean,clean,0.0,0,2.3063929988099003,clean,daily|M01AE|A_lag1,,5,,,,,,,,,,
Naive,M01AE,A_lag1,pacf_train,1,21,1459,312,314,2014-01-23,2018-01-20,2018-01-21,2018-11-28,2018-11-29,2019-10-08,{},0,none,42,8.177004814124249,2.8595462601825923,2.2446640163846583,-1.0042467202611671,0.7353271410938976,60.75703756690484,9.6708199865472,8.148732211081528,2.8545984325438014,2.216080831669533,-0.4799154226950746,0.7444549251082805,66.4020892638594,40.89327498879367,0.0,daily,noise_a0.10_r1,noise,0.1,1,2.847519577338932,noise_a0.10_r1,daily|M01AE|A_lag1,,5,,,,,,,,,,
S1 [linear],M01AE,A_lag1,pacf_train,1,21,1459,312,314,2014-01-23,2018-01-20,2018-01-21,2018-11-28,2018-11-29,2019-10-08,{},0,none,42,4.107103517274406,2.026599002583986,1.615836966726737,-0.0066826351932305,0.5211362625826769,44.32986677371164,5.498385736746185,5.35269128283974,2.313588399616436,1.7516897365186006,0.0278818622082757,0.6033641226492938,50.10235240081269,53.8761304061081,0.006,daily,noise_a0.10_r1,noise,0.1,1,2.320571743407319,noise_a0.10_r1,daily|M01AE|A_lag1,,5,linear,0.0,2.026599002583986,0.0,,2.313588399616436,,,,
AR-LRX [linear],M01AE,A_lag1,pacf_train,1,21,1459,312,314,2014-01-23,2018-01-20,2018-01-21,2018-11-28,2018-11-29,2019-10-08,"{""colsample_bytree"": 0.8, ""learning_rate"": 0.05, ""max_depth"": 3, ""n_estimators"": 100, ""subsample"": 0.8}",132,none,42,4.107103517274406,2.026599002583986,1.615836966726737,-0.0066826351932305,0.5211362625826769,44.32986677371164,5.498385736746185,5.35269128283974,2.313588399616436,1.7516897365186006,0.0278818622082757,0.6033641226492938,50.10235240081269,53.8761304061081,4.835,daily,noise_a0.10_r1,noise,0.1,1,2.320571743407319,noise_a0.10_r1,daily|M01AE|A_lag1,-0.0058223624421445,5,linear,0.0,2.026599002583986,0.0,-0.0292344650223344,2.313588399616436,5.0,,,
"LR-XGB (residual, tanpa gerbang)",M01AE,A_lag1,pacf_train,1,21,1459,312,314,2014-01-23,2018-01-20,2018-01-21,2018-11-28,2018-11-29,2019-10-08,"{""colsample_bytree"": 0.8, ""learning_rate"": 0.05, ""max_depth"": 3, ""n_estimators"": 100, ""subsample"": 0.8}",12,none,42,4.225678370996849,2.055645487674577,1.641365118594265,-0.0357462430888932,0.5286055136096306,44.83133747675333,5.397173983398389,5.3767073507738,2.318772811375405,1.7541186503068618,0.0235202328888369,0.6047161730195852,50.204795795648494,53.19357156959519,4.637,daily,noise_a0.10_r1,noise,0.1,1,2.327065978228944,noise_a0.10_r1,daily|M01AE|A_lag1,,5,,,,,,,5.0,,,
XGBoost,M01AE,A_lag1,pacf_train,1,21,1459,312,314,2014-01-23,2018-01-20,2018-01-21,2018-11-28,2018-11-29,2019-10-08,"{""colsample_bytree"": 0.8, ""learning_rate"": 0.05, ""max_depth"": 3, ""n_estimators"": 100, ""subsample"": 0.8}",12,none,42,4.198123311479533,2.0489322369174467,1.6375855156966266,-0.028992286240441,0.5268792133376526,44.78771078027102,5.295744495742581,5.400197666732505,2.323832538444305,1.7569144945411144,0.0192540869448099,0.6060357066861086,50.25620035692479,53.39425730664123,4.657,daily,noise_a0.10_r1,noise,0.1,1,2.332110110132952,noise_a0.10_r1,daily|M01AE|A_lag1,,5,,,,,,,,,,
Naive,M01AE,A_lag1,pacf_train,1,21,1459,312,314,2014-01-23,2018-01-20,2018-01-21,2018-11-28,2018-11-29,2019-10-08,{},0,none,42,8.09383573488088,2.8449667370429625,2.2272654091869306,-1.0028412530046251,0.7357789726323057,60.58542672831963,7.76449788835272,8.104473535919345,2.846835705817837,2.203537107020628,-0.4749968150416261,0.7454669411869307,66.05684025010031,35.89369637693661,0.0,daily,noise_a0.10_r2,noise,0.1,2,2.8475033570262207,noise_a0.10_r2,daily|M01AE|A_lag1,,5,,,,,,,,,,
S1 [linear],M01AE,A_lag1,pacf_train,1,21,1459,312,314,2014-01-23,2018-01-20,2018-01-21,2018-11-28,2018-11-29,2019-10-08,{},0,none,42,4.068911108577694,2.01715421041072,1.6100907390854355,-0.0068629127161454,0.5216861178909862,44.24752067469007,5.322621817615867,5.341721655120812,2.311216488155277,1.7507142755357294,0.0278181064788547,0.6052107195104013,50.28736391779615,44.69237390776278,0.005,daily,noise_a0.10_r2,noise,0.1,2,2.3205968458230704,noise_a0.10_r2,daily|M01AE|A_lag1,,5,linear,0.0,2.01715421041072,0.0,,2.311216488155277,,,,
AR-LRX [linear],M01AE,A_lag1,pacf_train,1,21,1459,312,314,2014-01-23,2018-01-20,2018-01-21,2018-11-28,2018-11-29,2019-10-08,"{""colsample_bytree"": 0.8, ""learning_rate"": 0.05, ""max_depth"": 3, ""n_estimators"": 100, ""subsample"": 0.8}",132,none,42,4.068911108577694,2.01715421041072,1.6100907390854355,-0.0068629127161454,0.5216861178909862,44.24752067469007,5.322621817615867,5.341721655120812,2.311216488155277,1.7507142755357294,0.0278181064788547,0.6052107195104013,50.28736391779615,44.69237390776278,4.794,daily,noise_a0.10_r2,noise,0.1,2,2.3205968458230704,noise_a0.10_r2,daily|M01AE|A_lag1,-0.0176622035919453,5,linear,0.0,2.01715421041072,0.0,-0.0292784987461307,2.311216488155277,5.0,,,
"LR-XGB (residual, tanpa gerbang)",M01AE,A_lag1,pacf_train,1,21,1459,312,314,2014-01-23,2018-01-20,2018-01-21,2018-11-28,2018-11-29,2019-10-08,"{""colsample_bytree"": 0.8, ""learning_rate"": 0.05, ""max_depth"": 3, ""n_estimators"": 100, ""subsample"": 0.8}",12,none,42,4.184766726438884,2.045670238928768,1.6069522549863973,-0.0355316945453516,0.5290610702562891,44.13389707577199,5.766584823060205,5.427205164382083,2.329636272979557,1.781169780791214,0.0122602909908863,0.6100340890579365,51.09025639225781,42.735677658242125,4.956,daily,noise_a0.10_r2,noise,0.1,2,2.339121428820669,noise_a0.10_r2,daily|M01AE|A_lag1,,5,,,,,,,5.0,,,
XGBoost,M01AE,A_lag1,pacf_train,1,21,1459,312,314,2014-01-23,2018-01-20,2018-01-21,2018-11-28,2018-11-29,2019-10-08,"{""colsample_bytree"": 0.8, ""learning_rate"": 0.05, ""max_depth"": 3, ""n_estimators"": 100, ""subsample"": 0.8}",12,none,42,4.175924489077435,2.0435078881857627,1.6067266371757778,-0.0333436593125571,0.5285018327132123,44.13787486397132,5.779170687987654,5.452860013811184,2.335135973302451,1.787471008953906,0.0075911633750598,0.6114742300428109,51.22820061919043,43.05100668916387,4.841,daily,noise_a0.10_r2,noise,0.1,2,2.3442118726516465,noise_a0.10_r2,daily|M01AE|A_lag1,,5,,,,,,,,,,
Naive,M01AE,A_lag1,pacf_train,1,21,1459,312,314,2014-01-23,2018-01-20,2018-01-21,2018-11-28,2018-11-29,2019-10-08,{},0,none,42,8.584219688125346,2.929883903523371,2.2933088617099484,-1.007973624708546,0.7503995421610128,63.06700271396702,2.2033126784752044,7.88216359221909,2.807519116981947,2.180500265655938,-0.4368818797534952,0.7334045162898022,66.25864594398162,3.6158053813012025,0.0,daily,noise_a0.25_r1,noise,0.25,1,2.8435577489037183,noise_a0.25_r1,daily|M01AE|A_lag1,,5,,,,,,,,,,
S1 [linear],M01AE,A_lag1,pacf_train,1,21,1459,312,314,2014-01-23,2018-01-20,2018-01-21,2018-11-28,2018-11-29,2019-10-08,{},0,none,42,4.2969687799882745,2.072913114432989,1.6414844470597751,-0.0051233880172019,0.5309128631818726,45.38312504408108,1.8219544023048009,5.340417496782901,2.3109343341564035,1.779002817435896,0.026466649458932,0.6036823283830097,50.910818100754085,3.712314065445266,0.005,daily,noise_a0.25_r1,noise,0.25,1,2.324920854018933,noise_a0.25_r1,daily|M01AE|A_lag1,,5,linear,0.0,2.072913114432989,0.0,,2.3109343341564035,,,,
AR-LRX [linear],M01AE,A_lag1,pacf_train,1,21,1459,312,314,2014-01-23,2018-01-20,2018-01-21,2018-11-28,2018-11-29,2019-10-08,"{""colsample_bytree"": 0.8, ""learning_rate"": 0.1, ""max_depth"": 5, ""n_estimators"": 100, ""subsample"": 0.8}",132,none,42,4.283370054964695,2.069630415065621,1.6394397598085615,-0.0019424487857901,0.5300721008228716,45.292551338094746,1.8273511100736624,5.293529130818713,2.300767074438156,1.7725329882913066,0.0350141811914249,0.6010263485356954,50.813810945713655,3.6424638035755055,4.837,daily,noise_a0.25_r1,noise,0.25,1,2.3155019671442845,noise_a0.25_r1,daily|M01AE|A_lag1,-0.0105413717620779,5,linear,0.2,2.072913114432989,0.1584,-0.0420662238105109,2.3109343341564035,5.0,,,
"LR-XGB (residual, tanpa gerbang)",M01AE,A_lag1,pacf_train,1,21,1459,312,314,2014-01-23,2018-01-20,2018-01-21,2018-11-28,2018-11-29,2019-10-08,"{""colsample_bytree"": 0.8, ""learning_rate"": 0.05, ""max_depth"": 3, ""n_estimators"": 100, ""subsample"": 0.8}",12,none,42,4.325337123573856,2.07974448516491,1.6443138658585317,-0.0117591554795972,0.5326625084368947,45.35844684492845,1.8306875869980603,5.274497742468362,2.2966274714172434,1.7675112387480336,0.0384835150548029,0.5999449654979734,50.73916616314895,3.663246127447199,5.211,daily,noise_a0.25_r1,noise,0.25,1,2.3104030813940337,noise_a0.25_r1,daily|M01AE|A_lag1,,5,,,,,,,5.0,,,
XGBoost,M01AE,A_lag1,pacf_train,1,21,1459,312,314,2014-01-23,2018-01-20,2018-01-21,2018-11-28,2018-11-29,2019-10-08,"{""colsample_bytree"": 0.8, ""learning_rate"": 0.1, ""max_depth"": 3, ""n_estimators"": 100, ""subsample"": 0.8}",12,none,42,4.32222879402868,2.078997064458889,1.6423733933530968,-0.0110320720671994,0.5324710796383253,45.25796176421119,1.827060638144916,5.342296477454038,2.311340839740872,1.781876552405187,0.0261241199938712,0.6037885193007289,51.10509578862605,3.54770571207023,5.056,daily,noise_a0.25_r1,noise,0.25,1,2.324870248694646,noise_a0.25_r1,daily|M01AE|A_lag1,,5,,,,,,,,,,
Naive,M01AE,A_lag1,pacf_train,1,21,1459,312,314,2014-01-23,2018-01-20,2018-01-21,2018-11-28,2018-11-29,2019-10-08,{},0,none,42,8.723483408000515,2.9535543685533394,2.3026899690996747,-0.9833237344214172,0.7668784103933864,63.52548404875983,5.537897187690104,8.387361316584462,2.8960941484324128,2.2966459357317803,-0.479324140684515,0.7541122384103718,70.13224560977325,12.306411700628573,0.0,daily,noise_a0.25_r2,noise,0.25,2,2.837807065880513,noise_a0.25_r2,daily|M01AE|A_lag1,,5,,,,,,,,,,
S1 [linear],M01AE,A_lag1,pacf_train,1,21,1459,312,314,2014-01-23,2018-01-20,2018-01-21,2018-11-28,2018-11-29,2019-10-08,{},0,none,42,4.41473595218925,2.101127305088688,1.6796503836547167,-0.0037103512056062,0.54554918132412,47.149260482981504,3.776200009769584,5.537494514588479,2.353188159622702,1.802630771914584,0.0233222338781157,0.6127452698367526,51.753701230088566,34.61110231831928,0.005,daily,noise_a0.25_r2,noise,0.25,2,2.3241150887778503,noise_a0.25_r2,daily|M01AE|A_lag1,,5,linear,0.0,2.101127305088688,0.0,,2.353188159622702,,,,
AR-LRX [linear],M01AE,A_lag1,pacf_train,1,21,1459,312,314,2014-01-23,2018-01-20,2018-01-21,2018-11-28,2018-11-29,2019-10-08,"{""colsample_bytree"": 0.8, ""learning_rate"": 0.05, ""max_depth"": 3, ""n_estimators"": 100, ""subsample"": 0.8}",132,none,42,4.41473595218925,2.101127305088688,1.6796503836547167,-0.0037103512056062,0.54554918132412,47.149260482981504,3.776200009769584,5.537494514588479,2.353188159622702,1.802630771914584,0.0233222338781157,0.6127452698367526,51.753701230088566,34.61110231831928,4.722,daily,noise_a0.25_r2,noise,0.25,2,2.3241150887778503,noise_a0.25_r2,daily|M01AE|A_lag1,0.0190277081805009,5,linear,0.0,2.101127305088688,0.0,-0.0364213248026601,2.353188159622702,5.0,,,
"LR-XGB (residual, tanpa gerbang)",M01AE,A_lag1,pacf_train,1,21,1459,312,314,2014-01-23,2018-01-20,2018-01-21,2018-11-28,2018-11-29,2019-10-08,"{""colsample_bytree"": 0.8, ""learning_rate"": 0.05, ""max_depth"": 3, ""n_estimators"": 100, ""subsample"": 0.8}",12,none,42,4.570383892744624,2.137845619483461,1.7173577022981346,-0.0390976202905877,0.5550829427050492,47.96057395681939,3.5600889157127704,5.427302919696868,2.329657253695673,1.8050795722806148,0.042757319630457,0.6066180711923093,51.94729764038083,35.45579331073908,4.514,daily,noise_a0.25_r2,noise,0.25,2,2.299923263848239,noise_a0.25_r2,daily|M01AE|A_lag1,,5,,,,,,,5.0,,,
XGBoost,M01AE,A_lag1,pacf_train,1,21,1459,312,314,2014-01-23,2018-01-20,2018-01-21,2018-11-28,2018-11-29,2019-10-08,"{""colsample_bytree"": 0.8, ""learning_rate"": 0.05, ""max_depth"": 3, ""n_estimators"": 100, ""subsample"": 0.8}",12,none,42,4.562855013945411,2.136084037191752,1.7144914769917183,-0.0373858953617174,0.5546255550090492,47.89395872971737,3.559553038456144,5.440991291904972,2.3325932547070805,1.8084933201762543,0.0403430276153886,0.6073825747551115,52.01567874815126,35.41785096763703,4.664,daily,noise_a0.25_r2,noise,0.25,2,2.302000888079187,noise_a0.25_r2,daily|M01AE|A_lag1,,5,,,,,,,,,,
Naive,M01AE,A_lag1,pacf_train,1,21,1459,312,314,2014-01-23,2018-01-20,2018-01-21,2018-11-28,2018-11-29,2019-10-08,{},0,none,42,10.53499317891448,3.2457654226568007,2.523804959047744,-1.0650655888547895,0.8455214525328274,73.95308403994095,2.520297366929975,8.994292268281228,2.999048560507353,2.377230581645561,-0.4677936296077907,0.789923777200527,74.43496768178697,2.92728294178044,0.0,daily,noise_a0.50_r1,noise,0.5,1,2.915413075502683,noise_a0.50_r1,daily|M01AE|A_lag1,,5,,,,,,,,,,
S1 [linear],M01AE,A_lag1,pacf_train,1,21,1459,312,314,2014-01-23,2018-01-20,2018-01-21,2018-11-28,2018-11-29,2019-10-08,{},0,none,42,5.150962629711952,2.2695732263383688,1.815146550808508,-0.0096898493854711,0.5912235177465381,53.06193343289216,2.4114039170986663,6.026131690644079,2.454818056525591,1.855793382724583,0.0165854696652779,0.6465781105000541,54.31215986362461,2.207368910589832,0.004,daily,noise_a0.50_r1,noise,0.5,1,2.33146747295077,noise_a0.50_r1,daily|M01AE|A_lag1,,5,linear,0.0,2.2695732263383688,0.0,,2.454818056525591,,,,
AR-LRX [linear],M01AE,A_lag1,pacf_train,1,21,1459,312,314,2014-01-23,2018-01-20,2018-01-21,2018-11-28,2018-11-29,2019-10-08,"{""colsample_bytree"": 0.8, ""learning_rate"": 0.05, ""max_depth"": 3, ""n_estimators"": 100, ""subsample"": 0.8}",132,none,42,5.143656345474335,2.2679630388245604,1.8103512752910813,-0.0082576741666309,0.5908040641175045,52.93531307006339,2.40977892566276,6.0351043875732096,2.456644945362111,1.864918361847596,0.0151212002152597,0.6470592974168893,54.56563909036313,2.198848494832914,4.698,daily,noise_a0.50_r1,noise,0.5,1,2.3342508069963994,noise_a0.50_r1,daily|M01AE|A_lag1,-0.0165045862732113,5,linear,0.3,2.2695732263383688,0.0709,-0.0113895474440792,2.454818056525591,5.0,,,
"LR-XGB (residual, tanpa gerbang)",M01AE,A_lag1,pacf_train,1,21,1459,312,314,2014-01-23,2018-01-20,2018-01-21,2018-11-28,2018-11-29,2019-10-08,"{""colsample_bytree"": 0.8, ""learning_rate"": 0.05, ""max_depth"": 3, ""n_estimators"": 100, ""subsample"": 0.8}",12,none,42,5.193549164059268,2.27893597190866,1.808811401543417,-0.0180376465919509,0.5936625116981737,52.84063165638441,2.409911642141472,6.103664721006289,2.470559596732345,1.8962203679548568,0.0039327244958589,0.6507242977485094,55.388397496992326,2.184036531182008,4.767,daily,noise_a0.50_r1,noise,0.5,1,2.3508832646714093,noise_a0.50_r1,daily|M01AE|A_lag1,,5,,,,,,,5.0,,,
XGBoost,M01AE,A_lag1,pacf_train,1,21,1459,312,314,2014-01-23,2018-01-20,2018-01-21,2018-11-28,2018-11-29,2019-10-08,"{""colsample_bytree"": 0.8, ""learning_rate"": 0.05, ""max_depth"": 3, ""n_estimators"": 100, ""subsample"": 0.8}",12,none,42,5.215494316100156,2.283745676755657,1.811129108092653,-0.0223393274333325,0.5949154391587044,52.89864629051891,2.4239639815485905,6.109930834119995,2.47182742806208,1.895216277647281,0.0029101469948882,0.6510582336927366,55.352537814142856,2.1834111295835887,4.895,daily,noise_a0.50_r1,noise,0.5,1,2.3506869549033045,noise_a0.50_r1,daily|M01AE|A_lag1,,5,,,,,,,,,,
Naive,M01AE,A_lag1,pacf_train,1,21,1459,312,314,2014-01-23,2018-01-20,2018-01-21,2018-11-28,2018-11-29,2019-10-08,{},0,none,42,10.306408781948036,3.2103596032139508,2.5316121273392365,-1.003452931380251,0.820168273637775,72.60178913688421,3.222192722358278,9.85735852800973,3.1396430574206566,2.483854610534295,-0.4951535945817003,0.799618701564036,72.9484358447815,4.596197840095914,0.0,daily,noise_a0.50_r2,noise,0.5,2,2.959250870311365,noise_a0.50_r2,daily|M01AE|A_lag1,,5,,,,,,,,,,
S1 [linear],M01AE,A_lag1,pacf_train,1,21,1459,312,314,2014-01-23,2018-01-20,2018-01-21,2018-11-28,2018-11-29,2019-10-08,{},0,none,42,5.186802310251788,2.277455226838013,1.822777728832716,-0.0082575330375824,0.5818340474422475,51.485296318589576,2.9786945149177906,6.3852919692228,2.526913526265353,1.94805704526012,0.0314857460942187,0.6435659327773644,54.990772622750285,4.473900267680114,0.005,daily,noise_a0.50_r2,noise,0.5,2,2.311768464927929,noise_a0.50_r2,daily|M01AE|A_lag1,,5,linear,0.0,2.277455226838013,0.0,,2.526913526265353,,,,
AR-LRX [linear],M01AE,A_lag1,pacf_train,1,21,1459,312,314,2014-01-23,2018-01-20,2018-01-21,2018-11-28,2018-11-29,2019-10-08,"{""colsample_bytree"": 0.8, ""learning_rate"": 0.05, ""max_depth"": 3, ""n_estimators"": 100, ""subsample"": 0.8}",132,none,42,5.186802310251788,2.277455226838013,1.822777728832716,-0.0082575330375824,0.5818340474422475,51.485296318589576,2.9786945149177906,6.3852919692228,2.526913526265353,1.94805704526012,0.0314857460942187,0.6435659327773644,54.990772622750285,4.473900267680114,4.647,daily,noise_a0.50_r2,noise,0.5,2,2.311768464927929,noise_a0.50_r2,daily|M01AE|A_lag1,0.022635879073721,5,linear,0.0,2.277455226838013,0.0,-0.0234004485439796,2.526913526265353,5.0,,,
"LR-XGB (residual, tanpa gerbang)",M01AE,A_lag1,pacf_train,1,21,1459,312,314,2014-01-23,2018-01-20,2018-01-21,2018-11-28,2018-11-29,2019-10-08,"{""colsample_bytree"": 0.8, ""learning_rate"": 0.05, ""max_depth"": 3, ""n_estimators"": 100, ""subsample"": 0.8}",12,none,42,5.306505777673844,2.303585417924381,1.8442763127071191,-0.0315265754147051,0.5885096714725512,51.92701604861423,3.0233897718893443,6.240159680553269,2.49803116084513,1.942475462465803,0.0534992563543483,0.6362100394120881,55.11496365783943,4.432353568904493,4.373,daily,noise_a0.50_r2,noise,0.5,2,2.2795605476313408,noise_a0.50_r2,daily|M01AE|A_lag1,,5,,,,,,,5.0,,,
XGBoost,M01AE,A_lag1,pacf_train,1,21,1459,312,314,2014-01-23,2018-01-20,2018-01-21,2018-11-28,2018-11-29,2019-10-08,"{""colsample_bytree"": 0.8, ""learning_rate"": 0.05, ""max_depth"": 3, ""n_estimators"": 100, ""subsample"": 0.8}",12,none,42,5.320578295670898,2.306637877012969,1.8463027774291747,-0.0342621187091338,0.5892895000308631,51.9799013866409,3.033915952765526,6.262767921100628,2.502552281392065,1.945979413195364,0.0500700626179634,0.6373614991402281,55.16914149568007,4.466642929038788,4.544,daily,noise_a0.50_r2,noise,0.5,2,2.2806125863671776,noise_a0.50_r2,daily|M01AE|A_lag1,,5,,,,,,,,,,
Naive,M01AE,A_lag1,pacf_train,1,21,1459,312,314,2014-01-23,2018-01-20,2018-01-21,2018-11-28,2018-11-29,2019-10-08,{},0,none,42,8.063918044871794,2.839703865700048,2.218602564102564,-1.0160140755539473,0.7349227624344821,60.37815381835404,19.092561696684115,9.112280780254778,3.018655459017272,2.304582802547771,-0.4613117751702824,0.7675655041984953,66.74008218034666,2.7602699866710063,0.0,daily,spike,spike,1.5,0,2.95832264875018,spike,daily|M01AE|A_lag1,,5,,,,,,,,6.111421742465963,2.791871239270656,14.0
S1 [linear],M01AE,A_lag1,pacf_train,1,21,1459,312,314,2014-01-23,2018-01-20,2018-01-21,2018-11-28,2018-11-29,2019-10-08,{},0,none,42,4.030009093885328,2.007488254980668,1.604507226399023,-0.0075195472813609,0.519543193121465,44.18282874781168,8.974778377032807,6.056059288078788,2.460906192458133,1.839309641818997,0.0288061834118054,0.6257443845592975,51.04966425141192,3.901459457193172,0.005,daily,spike,spike,1.5,0,2.3217220844914026,spike,daily|M01AE|A_lag1,,5,linear,0.0,2.007488254980668,0.0,,2.460906192458133,,4.756303331955555,2.2984695756515454,14.0
AR-LRX [linear],M01AE,A_lag1,pacf_train,1,21,1459,312,314,2014-01-23,2018-01-20,2018-01-21,2018-11-28,2018-11-29,2019-10-08,"{""colsample_bytree"": 0.8, ""learning_rate"": 0.05, ""max_depth"": 3, ""n_estimators"": 100, ""subsample"": 0.8}",132,none,42,4.030009093885328,2.007488254980668,1.604507226399023,-0.0075195472813609,0.519543193121465,44.18282874781168,8.974778377032807,6.056059288078788,2.460906192458133,1.839309641818997,0.0288061834118054,0.6257443845592975,51.04966425141192,3.901459457193172,4.716,daily,spike,spike,1.5,0,2.3217220844914026,spike,daily|M01AE|A_lag1,0.0180752279068715,5,linear,0.0,2.007488254980668,0.0,-0.0326229141789218,2.460906192458133,5.0,4.756303331955555,2.2984695756515454,14.0
"LR-XGB (residual, tanpa gerbang)",M01AE,A_lag1,pacf_train,1,21,1459,312,314,2014-01-23,2018-01-20,2018-01-21,2018-11-28,2018-11-29,2019-10-08,"{""colsample_bytree"": 0.8, ""learning_rate"": 0.05, ""max_depth"": 3, ""n_estimators"": 100, ""subsample"": 0.8}",12,none,42,4.157718281754721,2.039048376511632,1.6313511993076015,-0.0394473916480324,0.5277110348385048,44.73340172659191,9.73882632001692,5.946436094905895,2.438531544783847,1.842890937329717,0.0463861578307713,0.6200550940932141,51.24518985098238,3.57545772260332,5.073,daily,spike,spike,1.5,0,2.305002327065603,spike,daily|M01AE|A_lag1,,5,,,,,,,5.0,4.668064782617132,2.281892000361766,14.0
XGBoost,M01AE,A_lag1,pacf_train,1,21,1459,312,314,2014-01-23,2018-01-20,2018-01-21,2018-11-28,2018-11-29,2019-10-08,"{""colsample_bytree"": 0.8, ""learning_rate"": 0.05, ""max_depth"": 3, ""n_estimators"": 100, ""subsample"": 0.8}",12,none,42,4.146593883941135,2.036318708832469,1.6288393891835824,-0.0366662445121792,0.5270045897279672,44.69920984650791,9.582399653500117,5.955239359771023,2.4403359112571006,1.8445552509818108,0.0449744021005011,0.6205138975176542,51.30031596711129,3.5079697901242226,4.797,daily,spike,spike,1.5,0,2.3066067383768787,spike,daily|M01AE|A_lag1,,5,,,,,,,,4.642671777578924,2.2863242272896693,14.0
Naive,M01AE,A_lag1,pacf_train,1,21,1459,312,314,2014-01-23,2018-01-20,2018-01-21,2018-11-28,2018-11-29,2019-10-08,{},0,none,42,8.063918044871794,2.839703865700048,2.218602564102564,-1.0160140755539473,0.7349227624344821,60.37815381835404,19.092561696684115,10.32608153598726,3.213422091165003,2.513240127388535,-0.5957443964338862,0.7410866057949869,66.43688904224841,2.759421836153181,0.0,daily,level,level,1.3,0,3.121451181635108,level,daily|M01AE|A_lag1,,5,,,,,,,,3.29585883020836,3.128814095358192,157.0
S1 [linear],M01AE,A_lag1,pacf_train,1,21,1459,312,314,2014-01-23,2018-01-20,2018-01-21,2018-11-28,2018-11-29,2019-10-08,{},0,none,42,4.030009093885328,2.007488254980668,1.604507226399023,-0.0075195472813609,0.519543193121465,44.18282874781168,8.974778377032807,6.490587060945932,2.547663058755206,1.932355613656061,-0.0030249999454909,0.5875477653910305,49.77744002571616,3.056281686910638,0.005,daily,level,level,1.3,0,2.329525024181387,level,daily|M01AE|A_lag1,,5,linear,0.0,2.007488254980668,0.0,,2.547663058755206,,2.437008794064163,2.653707267116288,157.0
AR-LRX [linear],M01AE,A_lag1,pacf_train,1,21,1459,312,314,2014-01-23,2018-01-20,2018-01-21,2018-11-28,2018-11-29,2019-10-08,"{""colsample_bytree"": 0.8, ""learning_rate"": 0.05, ""max_depth"": 3, ""n_estimators"": 100, ""subsample"": 0.8}",132,none,42,4.030009093885328,2.007488254980668,1.604507226399023,-0.0075195472813609,0.519543193121465,44.18282874781168,8.974778377032807,6.490587060945932,2.547663058755206,1.932355613656061,-0.0030249999454909,0.5875477653910305,49.77744002571616,3.056281686910638,4.719,daily,level,level,1.3,0,2.329525024181387,level,daily|M01AE|A_lag1,0.00375280074352,5,linear,0.0,2.007488254980668,0.0,-0.0326229141789218,2.547663058755206,5.0,2.437008794064163,2.653707267116288,157.0
"LR-XGB (residual, tanpa gerbang)",M01AE,A_lag1,pacf_train,1,21,1459,312,314,2014-01-23,2018-01-20,2018-01-21,2018-11-28,2018-11-29,2019-10-08,"{""colsample_bytree"": 0.8, ""learning_rate"": 0.05, ""max_depth"": 3, ""n_estimators"": 100, ""subsample"": 0.8}",12,none,42,4.157718281754721,2.039048376511632,1.6313511993076015,-0.0394473916480324,0.5277110348385048,44.73340172659191,9.73882632001692,6.313315152246251,2.5126311214036674,1.9124431605834555,0.0243697725988465,0.5794686214722613,49.49378868341312,3.0196474423063364,4.975,daily,level,level,1.3,0,2.3067789647648245,level,daily|M01AE|A_lag1,,5,,,,,,,5.0,2.398640427307546,2.621670155640937,157.0
XGBoost,M01AE,A_lag1,pacf_train,1,21,1459,312,314,2014-01-23,2018-01-20,2018-01-21,2018-11-28,2018-11-29,2019-10-08,"{""colsample_bytree"": 0.8, ""learning_rate"": 0.05, ""max_depth"": 3, ""n_estimators"": 100, ""subsample"": 0.8}",12,none,42,4.146593883941135,2.036318708832469,1.6288393891835824,-0.0366662445121792,0.5270045897279672,44.69920984650791,9.582399653500117,6.354305413491212,2.520774764529987,1.918952797599356,0.0180353291352686,0.5813467267046498,49.62366945615353,3.0486564984064124,4.604,daily,level,level,1.3,0,2.3124813259615293,level,daily|M01AE|A_lag1,,5,,,,,,,,2.408159298796118,2.628569880867582,157.0
Naive,M01AE,B_rich,pacf_train,22,21,1459,312,314,2014-01-23,2018-01-20,2018-01-21,2018-11-28,2018-11-29,2019-10-08,{},0,none,42,8.063918044871794,2.839703865700048,2.218602564102564,-1.0160140755539473,0.7349227624344821,60.37815381835404,19.092561696684115,8.127574394904459,2.850890105722151,2.2165859872611464,-0.4660092267111404,0.7429677004131198,66.51148449675807,2.7600257404290813,0.0,daily,clean,clean,0.0,0,2.850890105722151,clean,daily|M01AE|B_rich,,5,,,,,,,,,,
S1 [linear],M01AE,B_rich,pacf_train,22,21,1459,312,314,2014-01-23,2018-01-20,2018-01-21,2018-11-28,2018-11-29,2019-10-08,{},0,none,42,4.001935488421122,2.000483813586384,1.5815566832610757,-0.0005010255835395,0.5177304254308,43.62955907641378,8.745514089424283,4.850956322761249,2.2024886657509155,1.678172644923681,0.1250099498321069,0.573988431155052,48.66748692964677,3.912127464558648,0.016,daily,clean,clean,0.0,0,2.2024886657509155,clean,daily|M01AE|B_rich,,5,linear,0.0,2.000483813586384,0.0,,2.2024886657509155,,,,
AR-LRX [linear],M01AE,B_rich,pacf_train,22,21,1459,312,314,2014-01-23,2018-01-20,2018-01-21,2018-11-28,2018-11-29,2019-10-08,"{""colsample_bytree"": 0.8, ""learning_rate"": 0.05, ""max_depth"": 3, ""n_estimators"": 100, ""subsample"": 0.8}",132,none,42,4.001006958935665,2.0002517238926867,1.5812407657903254,-0.0002688892322235,0.5176703600131045,43.62477731159512,8.758604613081117,4.831850059137226,2.198146960313897,1.6782474899214417,0.1284562374204867,0.5728569435196857,48.695391397736735,3.9054671248267696,7.413,daily,clean,clean,0.0,0,2.198146960313897,clean,daily|M01AE|B_rich,0.0184096021846558,5,linear,0.1,2.000483813586384,0.0116,-0.0144510800297208,2.2024886657509155,5.0,,,
"LR-XGB (residual, tanpa gerbang)",M01AE,B_rich,pacf_train,22,21,1459,312,314,2014-01-23,2018-01-20,2018-01-21,2018-11-28,2018-11-29,2019-10-08,"{""colsample_bytree"": 0.8, ""learning_rate"": 0.05, ""max_depth"": 3, ""n_estimators"": 100, ""subsample"": 0.8}",12,none,42,4.059169020173665,2.014737953227085,1.5890344368143026,-0.0148096538415076,0.5214194339247503,43.8128125073618,8.898100968362245,4.7595754619203126,2.181645127402785,1.6876985784847334,0.1414927500660374,0.5685564168785633,49.13630372193194,3.847902698083476,7.951,daily,clean,clean,0.0,0,2.181645127402785,clean,daily|M01AE|B_rich,,5,,,,,,,5.0,,,
XGBoost,M01AE,B_rich,pacf_train,22,21,1459,312,314,2014-01-23,2018-01-20,2018-01-21,2018-11-28,2018-11-29,2019-10-08,"{""colsample_bytree"": 0.8, ""learning_rate"": 0.05, ""max_depth"": 3, ""n_estimators"": 100, ""subsample"": 0.8}",12,none,42,4.010450250705011,2.002610858530686,1.5898411670036805,-0.0026297526512994,0.518280910206755,43.88304419006916,9.239336590892153,5.001747363845778,2.236458665803099,1.7271177625595389,0.097811052991016,0.5828413198620376,49.83094658199001,3.890056635293408,7.444,daily,clean,clean,0.0,0,2.236458665803099,clean,daily|M01AE|B_rich,,5,,,,,,,,,,
Naive,M01AE,B_rich,pacf_train,22,21,1459,312,314,2014-01-23,2018-01-20,2018-01-21,2018-11-28,2018-11-29,2019-10-08,{},0,none,42,8.177004814124249,2.8595462601825923,2.2446640163846583,-1.0042467202611671,0.7353271410938976,60.75703756690484,9.6708199865472,8.148732211081528,2.8545984325438014,2.216080831669533,-0.4799154226950746,0.7444549251082805,66.4020892638594,40.89327498879367,0.0,daily,noise_a0.10_r1,noise,0.1,1,2.847519577338932,noise_a0.10_r1,daily|M01AE|B_rich,,5,,,,,,,,,,
S1 [linear],M01AE,B_rich,pacf_train,22,21,1459,312,314,2014-01-23,2018-01-20,2018-01-21,2018-11-28,2018-11-29,2019-10-08,{},0,none,42,4.088844623524592,2.022089172990299,1.5879640030263296,-0.0022072400154693,0.5199765680716552,43.62628735351864,5.372629829475035,4.807560116777622,2.192614903893892,1.6744255597483484,0.1268847499151481,0.5718152667151304,48.7409600196803,58.83355548834462,0.016,daily,noise_a0.10_r1,noise,0.1,1,2.202433208509701,noise_a0.10_r1,daily|M01AE|B_rich,,5,linear,0.0,2.022089172990299,0.0,,2.192614903893892,,,,
AR-LRX [linear],M01AE,B_rich,pacf_train,22,21,1459,312,314,2014-01-23,2018-01-20,2018-01-21,2018-11-28,2018-11-29,2019-10-08,"{""colsample_bytree"": 0.8, ""learning_rate"": 0.1, ""max_depth"": 3, ""n_estimators"": 100, ""subsample"": 0.8}",132,none,42,4.086628226723335,2.021541052445716,1.588434174033659,-0.0016639841264616,0.5198356198664678,43.63820640307489,5.340580842863022,4.8183796928163485,2.195080794143202,1.679185674342127,0.1249197746242729,0.5724583498612383,48.865046239270434,58.8745144825498,8.75,daily,noise_a0.10_r1,noise,0.1,1,2.20468147751135,noise_a0.10_r1,daily|M01AE|B_rich,-0.0691115279107172,5,linear,0.1,2.022089172990299,0.0271,-0.0356796137863102,2.192614903893892,5.0,,,
"LR-XGB (residual, tanpa gerbang)",M01AE,B_rich,pacf_train,22,21,1459,312,314,2014-01-23,2018-01-20,2018-01-21,2018-11-28,2018-11-29,2019-10-08,"{""colsample_bytree"": 0.8, ""learning_rate"": 0.05, ""max_depth"": 3, ""n_estimators"": 100, ""subsample"": 0.8}",12,none,42,4.1655194667301,2.040960427526732,1.6070804888147945,-0.0210008333316593,0.5248292769927706,44.12484259263113,5.157159005894557,4.927438658574537,2.2197834711013003,1.710251942013284,0.1051132524281907,0.5789005973294497,49.72839336659637,58.91800770730824,9.04,daily,noise_a0.10_r1,noise,0.1,1,2.2273393428025323,noise_a0.10_r1,daily|M01AE|B_rich,,5,,,,,,,5.0,,,
XGBoost,M01AE,B_rich,pacf_train,22,21,1459,312,314,2014-01-23,2018-01-20,2018-01-21,2018-11-28,2018-11-29,2019-10-08,"{""colsample_bytree"": 0.8, ""learning_rate"": 0.05, ""max_depth"": 3, ""n_estimators"": 100, ""subsample"": 0.8}",12,none,42,4.180948285334729,2.044736727633836,1.6208664173157548,-0.0247825553421954,0.5258003457250149,44.48306128295597,5.282656357186825,4.998175688278019,2.235660011781313,1.7231344459784668,0.0922664906863504,0.5830410637320689,49.893358178263234,58.72894803713072,9.447,daily,noise_a0.10_r1,noise,0.1,1,2.2442850747055827,noise_a0.10_r1,daily|M01AE|B_rich,,5,,,,,,,,,,
Naive,M01AE,B_rich,pacf_train,22,21,1459,312,314,2014-01-23,2018-01-20,2018-01-21,2018-11-28,2018-11-29,2019-10-08,{},0,none,42,8.09383573488088,2.8449667370429625,2.2272654091869306,-1.0028412530046251,0.7357789726323057,60.58542672831963,7.76449788835272,8.104473535919345,2.846835705817837,2.203537107020628,-0.4749968150416261,0.7454669411869307,66.05684025010031,35.89369637693661,0.0,daily,noise_a0.10_r2,noise,0.1,2,2.8475033570262207,noise_a0.10_r2,daily|M01AE|B_rich,,5,,,,,,,,,,
S1 [linear],M01AE,B_rich,pacf_train,22,21,1459,312,314,2014-01-23,2018-01-20,2018-01-21,2018-11-28,2018-11-29,2019-10-08,{},0,none,42,4.064928714869465,2.016166837062217,1.5846903855908083,-0.0058774587650387,0.5214307586495207,43.583151377353815,5.194123699724435,4.806270087265367,2.1923207081231,1.669799650743421,0.1252691443156061,0.5740768984474259,48.79386954757795,48.36571567344846,0.018,daily,noise_a0.10_r2,noise,0.1,2,2.205892338452424,noise_a0.10_r2,daily|M01AE|B_rich,,5,linear,0.0,2.016166837062217,0.0,,2.1923207081231,,,,
AR-LRX [linear],M01AE,B_rich,pacf_train,22,21,1459,312,314,2014-01-23,2018-01-20,2018-01-21,2018-11-28,2018-11-29,2019-10-08,"{""colsample_bytree"": 0.8, ""learning_rate"": 0.05, ""max_depth"": 3, ""n_estimators"": 100, ""subsample"": 0.8}",132,none,42,4.064928714869465,2.016166837062217,1.5846903855908083,-0.0058774587650387,0.5214307586495207,43.583151377353815,5.194123699724435,4.806270087265367,2.1923207081231,1.669799650743421,0.1252691443156061,0.5740768984474259,48.79386954757795,48.36571567344846,8.935,daily,noise_a0.10_r2,noise,0.1,2,2.205892338452424,noise_a0.10_r2,daily|M01AE|B_rich,0.0103529734049113,5,linear,0.0,2.016166837062217,0.0,-0.0306309185205571,2.1923207081231,5.0,,,
"LR-XGB (residual, tanpa gerbang)",M01AE,B_rich,pacf_train,22,21,1459,312,314,2014-01-23,2018-01-20,2018-01-21,2018-11-28,2018-11-29,2019-10-08,"{""colsample_bytree"": 0.8, ""learning_rate"": 0.05, ""max_depth"": 3, ""n_estimators"": 100, ""subsample"": 0.8}",12,none,42,4.188876871335108,2.046674588530162,1.6124234526593493,-0.0365487608688632,0.5293208199778782,44.44493026359555,5.035987980900365,4.753207423637271,2.1801851810424893,1.679033883917788,0.1349264353786446,0.5708991125871511,49.16232726321025,47.554540953224254,9.184,daily,noise_a0.10_r2,noise,0.1,2,2.192533314436256,noise_a0.10_r2,daily|M01AE|B_rich,,5,,,,,,,5.0,,,
XGBoost,M01AE,B_rich,pacf_train,22,21,1459,312,314,2014-01-23,2018-01-20,2018-01-21,2018-11-28,2018-11-29,2019-10-08,"{""colsample_bytree"": 0.8, ""learning_rate"": 0.05, ""max_depth"": 3, ""n_estimators"": 100, ""subsample"": 0.8}",12,none,42,4.09382856936136,2.023321173062092,1.60038769096441,-0.0130288048854887,0.5232810474150497,44.07153300950752,5.288069926870187,4.956578850208593,2.226337541840543,1.7061575977132546,0.0979132715829109,0.5829844813221189,49.60524261724966,46.07952087101455,8.805,daily,noise_a0.10_r2,noise,0.1,2,2.237565507708233,noise_a0.10_r2,daily|M01AE|B_rich,,5,,,,,,,,,,
Naive,M01AE,B_rich,pacf_train,22,21,1459,312,314,2014-01-23,2018-01-20,2018-01-21,2018-11-28,2018-11-29,2019-10-08,{},0,none,42,8.584219688125346,2.929883903523371,2.2933088617099484,-1.007973624708546,0.7503995421610128,63.06700271396702,2.2033126784752044,7.88216359221909,2.807519116981947,2.180500265655938,-0.4368818797534952,0.7334045162898022,66.25864594398162,3.6158053813012025,0.0,daily,noise_a0.25_r1,noise,0.25,1,2.8435577489037183,noise_a0.25_r1,daily|M01AE|B_rich,,5,,,,,,,,,,
S1 [linear],M01AE,B_rich,pacf_train,22,21,1459,312,314,2014-01-23,2018-01-20,2018-01-21,2018-11-28,2018-11-29,2019-10-08,{},0,none,42,4.273316613778709,2.06720018715622,1.6162040586268465,0.0004091970798137,0.52944967277773,44.8337901884357,1.7933755613198876,4.759234103236753,2.181566891763063,1.706454149635416,0.1324136876331294,0.5698878420202133,49.66895810344074,3.5415696236495777,0.016,daily,noise_a0.25_r1,noise,0.25,1,2.193122349322932,noise_a0.25_r1,daily|M01AE|B_rich,,5,linear,0.0,2.06720018715622,0.0,,2.181566891763063,,,,
AR-LRX [linear],M01AE,B_rich,pacf_train,22,21,1459,312,314,2014-01-23,2018-01-20,2018-01-21,2018-11-28,2018-11-29,2019-10-08,"{""colsample_bytree"": 0.8, ""learning_rate"": 0.1, ""max_depth"": 3, ""n_estimators"": 100, ""subsample"": 0.8}",132,none,42,4.269955830055482,2.0663871442823782,1.6149316189342795,0.0011953331899982,0.5292414368815724,44.81811719055652,1.7914321191467857,4.742361504896218,2.177696375736576,1.7034977222833303,0.1354894840862512,0.5688767522231652,49.63518305040833,3.5272712569202755,8.515,daily,noise_a0.25_r1,noise,0.25,1,2.1890781986865178,noise_a0.25_r1,daily|M01AE|B_rich,-0.0104406583818723,5,linear,0.1,2.06720018715622,0.0393,-0.0361484332561083,2.181566891763063,5.0,,,
"LR-XGB (residual, tanpa gerbang)",M01AE,B_rich,pacf_train,22,21,1459,312,314,2014-01-23,2018-01-20,2018-01-21,2018-11-28,2018-11-29,2019-10-08,"{""colsample_bytree"": 0.8, ""learning_rate"": 0.05, ""max_depth"": 3, ""n_estimators"": 100, ""subsample"": 0.8}",12,none,42,4.366431815104011,2.089600874594,1.636050221608159,-0.0213718005080361,0.5351869190819908,45.425117652187,1.804698240891542,4.711970746622884,2.1707074299920945,1.7007838288006545,0.1410295784225359,0.5670510391435631,49.83071329274145,3.365827565979828,9.162,daily,noise_a0.25_r1,noise,0.25,1,2.1839970203086887,noise_a0.25_r1,daily|M01AE|B_rich,,5,,,,,,,5.0,,,
XGBoost,M01AE,B_rich,pacf_train,22,21,1459,312,314,2014-01-23,2018-01-20,2018-01-21,2018-11-28,2018-11-29,2019-10-08,"{""colsample_bytree"": 0.8, ""learning_rate"": 0.05, ""max_depth"": 3, ""n_estimators"": 100, ""subsample"": 0.8}",12,none,42,4.306824630793424,2.075289047528904,1.633794183311396,-0.0074288146237901,0.5315213852824361,45.30440335571488,1.8224778982093977,4.906076785684844,2.2149665427913,1.727710862342528,0.1056449474115557,0.5786127888098703,50.23740427307845,3.55294451604897,8.672,daily,noise_a0.25_r1,noise,0.25,1,2.2286345409797903,noise_a0.25_r1,daily|M01AE|B_rich,,5,,,,,,,,,,
Naive,M01AE,B_rich,pacf_train,22,21,1459,312,314,2014-01-23,2018-01-20,2018-01-21,2018-11-28,2018-11-29,2019-10-08,{},0,none,42,8.723483408000515,2.9535543685533394,2.3026899690996747,-0.9833237344214172,0.7668784103933864,63.52548404875983,5.537897187690104,8.387361316584462,2.8960941484324128,2.2966459357317803,-0.479324140684515,0.7541122384103718,70.13224560977325,12.306411700628573,0.0,daily,noise_a0.25_r2,noise,0.25,2,2.837807065880513,noise_a0.25_r2,daily|M01AE|B_rich,,5,,,,,,,,,,
S1 [linear],M01AE,B_rich,pacf_train,22,21,1459,312,314,2014-01-23,2018-01-20,2018-01-21,2018-11-28,2018-11-29,2019-10-08,{},0,none,42,4.398314593363133,2.09721591481734,1.6562947032741864,2.311960966694393e-05,0.5445336047071274,46.62266201675246,3.5371389961337725,4.890011001660263,2.2113369263095715,1.7080941750693024,0.1375223923327153,0.575808711288427,50.016609249975694,33.26386588299237,0.016,daily,noise_a0.25_r2,noise,0.25,2,2.1879407293441564,noise_a0.25_r2,daily|M01AE|B_rich,,5,linear,0.0,2.09721591481734,0.0,,2.2113369263095715,,,,
AR-LRX [linear],M01AE,B_rich,pacf_train,22,21,1459,312,314,2014-01-23,2018-01-20,2018-01-21,2018-11-28,2018-11-29,2019-10-08,"{""colsample_bytree"": 0.8, ""learning_rate"": 0.1, ""max_depth"": 5, ""n_estimators"": 100, ""subsample"": 0.8}",132,none,42,4.398064099846446,2.097156193478789,1.658341582888869,8.007045300872928e-05,0.5445180983038386,46.65893144989487,3.499400847344506,4.873894116919282,2.2076897691748454,1.7027434683770044,0.1403650141979281,0.5748590302042705,49.8779312363063,34.12163376715609,9.838,daily,noise_a0.25_r2,noise,0.25,2,2.1844261886875653,noise_a0.25_r2,daily|M01AE|B_rich,-0.0488486947055417,5,linear,0.1,2.09721591481734,0.0028,-0.0940397295686084,2.2113369263095715,5.0,,,
"LR-XGB (residual, tanpa gerbang)",M01AE,B_rich,pacf_train,22,21,1459,312,314,2014-01-23,2018-01-20,2018-01-21,2018-11-28,2018-11-29,2019-10-08,"{""colsample_bytree"": 0.8, ""learning_rate"": 0.05, ""max_depth"": 3, ""n_estimators"": 100, ""subsample"": 0.8}",12,none,42,4.49790227272609,2.120825846863926,1.673980195625963,-0.0226185934421807,0.5506638277868705,46.91697560520901,3.573541180906867,4.9067247564905765,2.2151128089762326,1.7155270337566118,0.1345744972714788,0.5767919111375315,50.375605822010016,32.75360756622384,9.255,daily,noise_a0.25_r2,noise,0.25,2,2.192035956195568,noise_a0.25_r2,daily|M01AE|B_rich,,5,,,,,,,5.0,,,
XGBoost,M01AE,B_rich,pacf_train,22,21,1459,312,314,2014-01-23,2018-01-20,2018-01-21,2018-11-28,2018-11-29,2019-10-08,"{""colsample_bytree"": 0.8, ""learning_rate"": 0.05, ""max_depth"": 3, ""n_estimators"": 100, ""subsample"": 0.8}",12,none,42,4.418090283598304,2.1019253753638125,1.6680614288330435,-0.0044729737481779,0.5457563970336009,46.93193710715114,3.512774365362074,5.156160799490748,2.2707181241824683,1.754375543363453,0.090580117389769,0.5912709461994219,50.97367038016173,33.23645612808652,9.649,daily,noise_a0.25_r2,noise,0.25,2,2.2497033323474005,noise_a0.25_r2,daily|M01AE|B_rich,,5,,,,,,,,,,
Naive,M01AE,B_rich,pacf_train,22,21,1459,312,314,2014-01-23,2018-01-20,2018-01-21,2018-11-28,2018-11-29,2019-10-08,{},0,none,42,10.53499317891448,3.2457654226568007,2.523804959047744,-1.0650655888547895,0.8455214525328274,73.95308403994095,2.520297366929975,8.994292268281228,2.999048560507353,2.377230581645561,-0.4677936296077907,0.789923777200527,74.43496768178697,2.92728294178044,0.0,daily,noise_a0.50_r1,noise,0.5,1,2.915413075502683,noise_a0.50_r1,daily|M01AE|B_rich,,5,,,,,,,,,,
S1 [linear],M01AE,B_rich,pacf_train,22,21,1459,312,314,2014-01-23,2018-01-20,2018-01-21,2018-11-28,2018-11-29,2019-10-08,{},0,none,42,5.212935570460932,2.2831853999316243,1.8255251232438,-0.0218377630297819,0.5947694871220075,53.330475140287845,2.399227751313183,5.374218715688097,2.318236121642508,1.7559546179158625,0.1229722406481946,0.6106035953418368,52.59289137706726,2.1241182860670067,0.016,daily,noise_a0.50_r1,noise,0.5,1,2.196067054568251,noise_a0.50_r1,daily|M01AE|B_rich,,5,linear,0.0,2.2831853999316243,0.0,,2.318236121642508,,,,
AR-LRX [linear],M01AE,B_rich,pacf_train,22,21,1459,312,314,2014-01-23,2018-01-20,2018-01-21,2018-11-28,2018-11-29,2019-10-08,"{""colsample_bytree"": 0.8, ""learning_rate"": 0.05, ""max_depth"": 3, ""n_estimators"": 100, ""subsample"": 0.8}",132,none,42,5.212935570460932,2.2831853999316243,1.8255251232438,-0.0218377630297819,0.5947694871220075,53.330475140287845,2.399227751313183,5.374218715688097,2.318236121642508,1.7559546179158625,0.1229722406481946,0.6106035953418368,52.59289137706726,2.1241182860670067,8.787,daily,noise_a0.50_r1,noise,0.5,1,2.196067054568251,noise_a0.50_r1,daily|M01AE|B_rich,-0.01179885374854,5,linear,0.0,2.2831853999316243,0.0,-0.0443207997755161,2.318236121642508,5.0,,,
"LR-XGB (residual, tanpa gerbang)",M01AE,B_rich,pacf_train,22,21,1459,312,314,2014-01-23,2018-01-20,2018-01-21,2018-11-28,2018-11-29,2019-10-08,"{""colsample_bytree"": 0.8, ""learning_rate"": 0.05, ""max_depth"": 3, ""n_estimators"": 100, ""subsample"": 0.8}",12,none,42,5.438326147463254,2.332021901154287,1.873373827010245,-0.0660187431894274,0.607491389069132,54.43573548379821,2.625492788216291,5.42859911965529,2.329935432507796,1.7875753481978078,0.1140978113837566,0.6136850939047639,53.397461662807856,2.153211168215303,9.445,daily,noise_a0.50_r1,noise,0.5,1,2.2052094219320257,noise_a0.50_r1,daily|M01AE|B_rich,,5,,,,,,,5.0,,,
XGBoost,M01AE,B_rich,pacf_train,22,21,1459,312,314,2014-01-23,2018-01-20,2018-01-21,2018-11-28,2018-11-29,2019-10-08,"{""colsample_bytree"": 0.8, ""learning_rate"": 0.05, ""max_depth"": 3, ""n_estimators"": 100, ""subsample"": 0.8}",12,none,42,5.390829673845848,2.321816029285233,1.87298083112214,-0.0567085014461705,0.6048327608309821,54.45234571018087,2.652700763619079,5.667950749964208,2.380745839010164,1.8128724288830391,0.0750376176826236,0.627068121026757,53.63564520100256,2.085195068360284,9.207,daily,noise_a0.50_r1,noise,0.5,1,2.251392133131716,noise_a0.50_r1,daily|M01AE|B_rich,,5,,,,,,,,,,
Naive,M01AE,B_rich,pacf_train,22,21,1459,312,314,2014-01-23,2018-01-20,2018-01-21,2018-11-28,2018-11-29,2019-10-08,{},0,none,42,10.306408781948036,3.2103596032139508,2.5316121273392365,-1.003452931380251,0.820168273637775,72.60178913688421,3.222192722358278,9.85735852800973,3.1396430574206566,2.483854610534295,-0.4951535945817003,0.799618701564036,72.9484358447815,4.596197840095914,0.0,daily,noise_a0.50_r2,noise,0.5,2,2.959250870311365,noise_a0.50_r2,daily|M01AE|B_rich,,5,,,,,,,,,,
S1 [linear],M01AE,B_rich,pacf_train,22,21,1459,312,314,2014-01-23,2018-01-20,2018-01-21,2018-11-28,2018-11-29,2019-10-08,{},0,none,42,5.239448489326274,2.2889841610038006,1.8242641537397668,-0.0184913733620115,0.5847794078380646,51.4308589114411,2.972401678778578,5.89475945170147,2.427912570852062,1.88388360970763,0.1058891935032997,0.6183519151411653,53.8441693795973,4.2422552127639,0.015,daily,noise_a0.50_r2,noise,0.5,2,2.2125134293538475,noise_a0.50_r2,daily|M01AE|B_rich,,5,linear,0.0,2.2889841610038006,0.0,,2.427912570852062,,,,
AR-LRX [linear],M01AE,B_rich,pacf_train,22,21,1459,312,314,2014-01-23,2018-01-20,2018-01-21,2018-11-28,2018-11-29,2019-10-08,"{""colsample_bytree"": 0.8, ""learning_rate"": 0.1, ""max_depth"": 3, ""n_estimators"": 100, ""subsample"": 0.8}",132,none,42,5.168582855497412,2.273451749102543,1.820741630344684,-0.0047158706789403,0.5808112569051498,51.48288303706685,2.8034192179305872,6.061889301844939,2.462090433319812,1.926305205306705,0.0805391166552415,0.6270564899953363,54.63309517704501,4.516960269687113,8.853,daily,noise_a0.50_r2,noise,0.5,2,2.2367647840645946,noise_a0.50_r2,daily|M01AE|B_rich,-0.0663539116223954,5,linear,0.6,2.2889841610038006,0.6786,0.0045276480412532,2.427912570852062,5.0,,,
"LR-XGB (residual, tanpa gerbang)",M01AE,B_rich,pacf_train,22,21,1459,312,314,2014-01-23,2018-01-20,2018-01-21,2018-11-28,2018-11-29,2019-10-08,"{""colsample_bytree"": 0.8, ""learning_rate"": 0.1, ""max_depth"": 3, ""n_estimators"": 100, ""subsample"": 0.8}",12,none,42,5.215377247751592,2.283720045835652,1.8335250778926016,-0.0138121877683614,0.5834345553033614,51.863598564452765,2.700198044579816,6.285649454898209,2.5071197528036446,1.96703941947083,0.0465994160537968,0.6385247637192782,55.3576298300029,4.704068100283635,9.236,daily,noise_a0.50_r2,noise,0.5,2,2.2775844599204134,noise_a0.50_r2,daily|M01AE|B_rich,,5,,,,,,,5.0,,,
XGBoost,M01AE,B_rich,pacf_train,22,21,1459,312,314,2014-01-23,2018-01-20,2018-01-21,2018-11-28,2018-11-29,2019-10-08,"{""colsample_bytree"": 0.8, ""learning_rate"": 0.05, ""max_depth"": 3, ""n_estimators"": 100, ""subsample"": 0.8}",12,none,42,5.182155508536935,2.2764348241355243,1.820849357055173,-0.0073542457030579,0.5815733595361083,51.41529463524328,2.801471440897524,6.323252207567216,2.5146077641587,1.965456900555857,0.040895870762279,0.6404318448133773,55.36172961768481,4.584865631596521,8.785,daily,noise_a0.50_r2,noise,0.5,2,2.287903088418827,noise_a0.50_r2,daily|M01AE|B_rich,,5,,,,,,,,,,
Naive,M01AE,B_rich,pacf_train,22,21,1459,312,314,2014-01-23,2018-01-20,2018-01-21,2018-11-28,2018-11-29,2019-10-08,{},0,none,42,8.063918044871794,2.839703865700048,2.218602564102564,-1.0160140755539473,0.7349227624344821,60.37815381835404,19.092561696684115,9.112280780254778,3.018655459017272,2.304582802547771,-0.4613117751702824,0.7675655041984953,66.74008218034666,2.7602699866710063,0.0,daily,spike,spike,1.5,0,2.95832264875018,spike,daily|M01AE|B_rich,,5,,,,,,,,6.111421742465963,2.791871239270656,14.0
S1 [linear],M01AE,B_rich,pacf_train,22,21,1459,312,314,2014-01-23,2018-01-20,2018-01-21,2018-11-28,2018-11-29,2019-10-08,{},0,none,42,4.001935488421122,2.000483813586384,1.5815566832610757,-0.0005010255835395,0.5177304254308,43.62955907641378,8.745514089424283,5.365550444196046,2.316365783764742,1.7421251953196353,0.1395412154810055,0.588991521179547,49.22463202750304,3.912202233899988,0.016,daily,spike,spike,1.5,0,2.1780491371255737,spike,daily|M01AE|B_rich,,5,linear,0.0,2.000483813586384,0.0,,2.316365783764742,,4.628529202228798,2.1485319665725027,14.0
AR-LRX [linear],M01AE,B_rich,pacf_train,22,21,1459,312,314,2014-01-23,2018-01-20,2018-01-21,2018-11-28,2018-11-29,2019-10-08,"{""colsample_bytree"": 0.8, ""learning_rate"": 0.05, ""max_depth"": 3, ""n_estimators"": 100, ""subsample"": 0.8}",132,none,42,4.001006958935665,2.0002517238926867,1.5812407657903254,-0.0002688892322235,0.5176703600131045,43.62477731159512,8.758604613081117,5.355365458155892,2.31416625551318,1.7427943775911725,0.1411745540917595,0.5884322384013929,49.25673133788256,3.905556427199876,7.452,daily,spike,spike,1.5,0,2.175138251832832,spike,daily|M01AE|B_rich,-0.0009178706429462,5,linear,0.1,2.000483813586384,0.0116,-0.0144510800297208,2.316365783764742,5.0,4.647710576243789,2.144114240934589,14.0
"LR-XGB (residual, tanpa gerbang)",M01AE,B_rich,pacf_train,22,21,1459,312,314,2014-01-23,2018-01-20,2018-01-21,2018-11-28,2018-11-29,2019-10-08,"{""colsample_bytree"": 0.8, ""learning_rate"": 0.05, ""max_depth"": 3, ""n_estimators"": 100, ""subsample"": 0.8}",12,none,42,4.059169020173665,2.014737953227085,1.5890344368143026,-0.0148096538415076,0.5214194339247503,43.8128125073618,8.898100968362245,5.370389306441448,2.3174100427937754,1.7603712925206196,0.1387652202556438,0.5892570490673819,49.80704688902493,3.848082899160353,7.845,daily,spike,spike,1.5,0,2.173446681151623,spike,daily|M01AE|B_rich,,5,,,,,,,5.0,4.829537472489766,2.1289748639881863,14.0
XGBoost,M01AE,B_rich,pacf_train,22,21,1459,312,314,2014-01-23,2018-01-20,2018-01-21,2018-11-28,2018-11-29,2019-10-08,"{""colsample_bytree"": 0.8, ""learning_rate"": 0.05, ""max_depth"": 3, ""n_estimators"": 100, ""subsample"": 0.8}",12,none,42,4.010450250705011,2.002610858530686,1.5898411670036805,-0.0026297526512994,0.518280910206755,43.88304419006916,9.239336590892153,5.772360668523077,2.4025737592263585,1.819681453565124,0.0743021622291659,0.6109119652479367,50.89970815444367,3.890375920298402,7.57,daily,spike,spike,1.5,0,2.2566158716773,spike,daily|M01AE|B_rich,,5,,,,,,,,4.91656545736025,2.2166826771590724,14.0
Naive,M01AE,B_rich,pacf_train,22,21,1459,312,314,2014-01-23,2018-01-20,2018-01-21,2018-11-28,2018-11-29,2019-10-08,{},0,none,42,8.063918044871794,2.839703865700048,2.218602564102564,-1.0160140755539473,0.7349227624344821,60.37815381835404,19.092561696684115,10.32608153598726,3.213422091165003,2.513240127388535,-0.5957443964338862,0.7410866057949869,66.43688904224841,2.759421836153181,0.0,daily,level,level,1.3,0,3.121451181635108,level,daily|M01AE|B_rich,,5,,,,,,,,3.29585883020836,3.128814095358192,157.0
S1 [linear],M01AE,B_rich,pacf_train,22,21,1459,312,314,2014-01-23,2018-01-20,2018-01-21,2018-11-28,2018-11-29,2019-10-08,{},0,none,42,4.001935488421122,2.000483813586384,1.5815566832610757,-0.0005010255835395,0.5177304254308,43.62955907641378,8.745514089424283,6.049352636324703,2.459543176348954,1.872849839170476,0.0651613065589867,0.5672253605830686,48.55637285573554,3.132551271235196,0.016,daily,level,level,1.3,0,2.252432959520051,level,daily|M01AE|B_rich,,5,linear,0.0,2.000483813586384,0.0,,2.459543176348954,,2.4621209453326034,2.456962702851611,157.0
AR-LRX [linear],M01AE,B_rich,pacf_train,22,21,1459,312,314,2014-01-23,2018-01-20,2018-01-21,2018-11-28,2018-11-29,2019-10-08,"{""colsample_bytree"": 0.8, ""learning_rate"": 0.05, ""max_depth"": 3, ""n_estimators"": 100, ""subsample"": 0.8}",132,none,42,4.001006958935665,2.0002517238926867,1.5812407657903254,-0.0002688892322235,0.5176703600131045,43.62477731159512,8.758604613081117,6.02530412133132,2.4546494905243232,1.8718391145379083,0.0688776517098076,0.5660967677886225,48.554001827777824,3.133525932945426,7.507,daily,level,level,1.3,0,2.2474081479684007,level,daily|M01AE|B_rich,0.0103304075876738,5,linear,0.1,2.000483813586384,0.0116,-0.0144510800297208,2.459543176348954,5.0,2.45899241321099,2.4502988704305912,157.0
"LR-XGB (residual, tanpa gerbang)",M01AE,B_rich,pacf_train,22,21,1459,312,314,2014-01-23,2018-01-20,2018-01-21,2018-11-28,2018-11-29,2019-10-08,"{""colsample_bytree"": 0.8, ""learning_rate"": 0.05, ""max_depth"": 3, ""n_estimators"": 100, ""subsample"": 0.8}",12,none,42,4.059169020173665,2.014737953227085,1.5890344368143026,-0.0148096538415076,0.5214194339247503,43.8128125073618,8.898100968362245,5.920682224330943,2.4332452043168487,1.876547459014821,0.0850454308718065,0.561160463324116,48.83871008071753,3.149360490564604,7.936,daily,level,level,1.3,0,2.226917250148833,level,daily|M01AE|B_rich,,5,,,,,,,5.0,2.4438635659005903,2.42258030205926,157.0
XGBoost,M01AE,B_rich,pacf_train,22,21,1459,312,314,2014-01-23,2018-01-20,2018-01-21,2018-11-28,2018-11-29,2019-10-08,"{""colsample_bytree"": 0.8, ""learning_rate"": 0.05, ""max_depth"": 3, ""n_estimators"": 100, ""subsample"": 0.8}",12,none,42,4.010450250705011,2.002610858530686,1.5898411670036805,-0.0026297526512994,0.518280910206755,43.88304419006916,9.239336590892153,6.132878786529825,2.476464977852468,1.9052176604434945,0.052253565545999,0.5711279043773166,49.32381870502548,3.2126466024774007,7.504,daily,level,level,1.3,0,2.271487701434652,level,daily|M01AE|B_rich,,5,,,,,,,,2.446277673930004,2.5062887134349188,157.0
Naive,N02BA,A_lag1,pacf_train,1,1,1473,315,317,2014-01-03,2018-01-14,2018-01-15,2018-11-25,2018-11-26,2019-10-08,{},0,none,42,8.334103174603174,2.886884683288055,2.2893650793650795,-0.9287620753697006,0.9162404788269394,82.69963604275131,2.342371831447952,7.760276025236593,2.7857271986389107,2.134542586750789,-1.0094483557731615,0.9089347145988728,77.96042411378919,4.514916652855951,0.0,daily,clean,clean,0.0,0,2.7857271986389107,clean,daily|N02BA|A_lag1,,5,,,,,,,,,,
S1 [linear],N02BA,A_lag1,pacf_train,1,1,1473,315,317,2014-01-03,2018-01-14,2018-01-15,2018-11-25,2018-11-26,2019-10-08,{},0,none,42,5.2531433805716725,2.2919736867101403,1.905808851129704,-0.2157353366828771,0.7274274169407499,62.32415222541202,3.320251974157873,4.645671054039993,2.155381881254455,1.7629831366345512,-0.2029515484559096,0.7032639147317814,59.40873592073984,4.295684500120711,0.005,daily,clean,clean,0.0,0,2.155381881254455,clean,daily|N02BA|A_lag1,,5,linear,0.0,2.2919736867101403,0.0,,2.155381881254455,,,,
AR-LRX [linear],N02BA,A_lag1,pacf_train,1,1,1473,315,317,2014-01-03,2018-01-14,2018-01-15,2018-11-25,2018-11-26,2019-10-08,"{""colsample_bytree"": 0.8, ""learning_rate"": 0.1, ""max_depth"": 3, ""n_estimators"": 500, ""subsample"": 0.8}",132,none,42,5.230464309152608,2.2870208370613083,1.897433677620708,-0.2104867176123823,0.7258554797726067,62.23584709695516,3.2195266456389526,4.624400028412417,2.15044182167582,1.752006446650938,-0.1974436222772608,0.7016520585366012,59.11961957657804,4.260234444535585,5.127,daily,clean,clean,0.0,0,2.15044182167582,clean,daily|N02BA|A_lag1,-0.2325094127032789,5,linear,0.2,2.2919736867101403,0.2161,-0.3210587323892546,2.155381881254455,5.0,,,
"LR-XGB (residual, tanpa gerbang)",N02BA,A_lag1,pacf_train,1,1,1473,315,317,2014-01-03,2018-01-14,2018-01-15,2018-11-25,2018-11-26,2019-10-08,"{""colsample_bytree"": 0.8, ""learning_rate"": 0.05, ""max_depth"": 3, ""n_estimators"": 100, ""subsample"": 0.8}",12,none,42,5.291299172309176,2.300282411424557,1.910696164630286,-0.2245657342094238,0.7300644429206403,62.45950919532785,3.2493799840221524,4.643632404861224,2.154908908715453,1.758859426776177,-0.2024236599855828,0.7031095919538867,59.25933036986437,4.172618641620661,5.033,daily,clean,clean,0.0,0,2.154908908715453,clean,daily|N02BA|A_lag1,,5,,,,,,,5.0,,,
XGBoost,N02BA,A_lag1,pacf_train,1,1,1473,315,317,2014-01-03,2018-01-14,2018-01-15,2018-11-25,2018-11-26,2019-10-08,"{""colsample_bytree"": 0.8, ""learning_rate"": 0.05, ""max_depth"": 3, ""n_estimators"": 100, ""subsample"": 0.8}",12,none,42,5.331220175999178,2.308943519447624,1.9189018702128573,-0.2338046548604915,0.732813308439296,62.54711440172541,3.317541156670962,4.67996274712004,2.163322155186333,1.7687966103057378,-0.2118310504288152,0.7058546890989322,59.417350130956606,4.196046041834413,4.961,daily,clean,clean,0.0,0,2.163322155186333,clean,daily|N02BA|A_lag1,,5,,,,,,,,,,
Naive,N02BA,A_lag1,pacf_train,1,1,1473,315,317,2014-01-03,2018-01-14,2018-01-15,2018-11-25,2018-11-26,2019-10-08,{},0,none,42,8.355549169764425,2.890596680577286,2.3012895935651425,-0.941934415543539,0.9226008431723464,82.57327785318819,12.923072524112374,7.8617515088467425,2.803881507633078,2.166582685885951,-1.0091485521101706,0.9151555365800236,77.96217065503996,7.652401463025659,0.0,daily,noise_a0.10_r1,noise,0.1,1,2.8119703040272284,noise_a0.10_r1,daily|N02BA|A_lag1,,5,,,,,,,,,,
S1 [linear],N02BA,A_lag1,pacf_train,1,1,1473,315,317,2014-01-03,2018-01-14,2018-01-15,2018-11-25,2018-11-26,2019-10-08,{},0,none,42,5.282097800219896,2.298281488464782,1.92585869364285,-0.2276257725383039,0.7335497384856664,62.94938353292579,19.49335679986237,4.702222811390016,2.1684609314880485,1.763359554562471,-0.2016996648358242,0.7077613736195217,59.35384311315613,14.154385246722091,0.008,daily,noise_a0.10_r1,noise,0.1,1,2.158783783286922,noise_a0.10_r1,daily|N02BA|A_lag1,,5,linear,0.0,2.298281488464782,0.0,,2.1684609314880485,,,,
AR-LRX [linear],N02BA,A_lag1,pacf_train,1,1,1473,315,317,2014-01-03,2018-01-14,2018-01-15,2018-11-25,2018-11-26,2019-10-08,"{""colsample_bytree"": 0.8, ""learning_rate"": 0.05, ""max_depth"": 3, ""n_estimators"": 500, ""subsample"": 0.8}",132,none,42,5.261454523095935,2.2937860674212702,1.930739343533552,-0.2228280160435323,0.7321149207980149,63.10375352546289,19.50448732043996,4.695187499736413,2.166838134179942,1.7640976890604052,-0.1999017211833729,0.7072317107442476,59.41902593777583,14.064016848757856,5.186,daily,noise_a0.10_r1,noise,0.1,1,2.159250272147875,noise_a0.10_r1,daily|N02BA|A_lag1,-0.2505515655575625,5,linear,0.2,2.298281488464782,0.1956,-0.2800228694823388,2.1684609314880485,5.0,,,
"LR-XGB (residual, tanpa gerbang)",N02BA,A_lag1,pacf_train,1,1,1473,315,317,2014-01-03,2018-01-14,2018-01-15,2018-11-25,2018-11-26,2019-10-08,"{""colsample_bytree"": 0.8, ""learning_rate"": 0.05, ""max_depth"": 3, ""n_estimators"": 100, ""subsample"": 0.8}",12,none,42,5.35101159862359,2.313225367019736,1.9622534062322925,-0.2436422035480372,0.7383194232527268,63.77918079625863,19.631843973475565,4.74861605523985,2.17913194993783,1.772508859347556,-0.213555918318741,0.71124427458687,59.61562468339034,13.986460490379567,4.949,daily,noise_a0.10_r1,noise,0.1,1,2.1736331450291213,noise_a0.10_r1,daily|N02BA|A_lag1,,5,,,,,,,5.0,,,
XGBoost,N02BA,A_lag1,pacf_train,1,1,1473,315,317,2014-01-03,2018-01-14,2018-01-15,2018-11-25,2018-11-26,2019-10-08,"{""colsample_bytree"": 0.8, ""learning_rate"": 0.05, ""max_depth"": 3, ""n_estimators"": 100, ""subsample"": 0.8}",12,none,42,5.397664193421631,2.323287367809164,1.971822275927712,-0.254484851657937,0.7415309437234668,63.89023483992349,19.955960665835068,4.771831243563655,2.1844521609693484,1.7786965910802337,-0.2194887898875321,0.71298073191148,59.69697283860668,14.230289730546213,5.22,daily,noise_a0.10_r1,noise,0.1,1,2.179056723896987,noise_a0.10_r1,daily|N02BA|A_lag1,,5,,,,,,,,,,
Naive,N02BA,A_lag1,pacf_train,1,1,1473,315,317,2014-01-03,2018-01-14,2018-01-15,2018-11-25,2018-11-26,2019-10-08,{},0,none,42,8.287859402064633,2.8788642555814667,2.3128434129146105,-0.9159560063039124,0.9145853112921756,83.1425638212556,5.910597977184867,7.929600052569469,2.815954554421905,2.1654163155916955,-1.0051562551068538,0.9173221943395116,78.30027595697106,8.009225931854896,0.0,daily,noise_a0.10_r2,noise,0.1,2,2.807098437875869,noise_a0.10_r2,daily|N02BA|A_lag1,,5,,,,,,,,,,
S1 [linear],N02BA,A_lag1,pacf_train,1,1,1473,315,317,2014-01-03,2018-01-14,2018-01-15,2018-11-25,2018-11-26,2019-10-08,{},0,none,42,5.250544470714992,2.2914066576483085,1.9159011930768328,-0.2138010223153801,0.7279561261769044,62.56040960889548,7.026290962631799,4.722750785624269,2.173189081885023,1.7743939859300473,-0.1942409725994625,0.7079356356014389,59.78454923031455,8.873424518106011,0.005,daily,noise_a0.10_r2,noise,0.1,2,2.1548034760859207,noise_a0.10_r2,daily|N02BA|A_lag1,,5,linear,0.0,2.2914066576483085,0.0,,2.173189081885023,,,,
AR-LRX [linear],N02BA,A_lag1,pacf_train,1,1,1473,315,317,2014-01-03,2018-01-14,2018-01-15,2018-11-25,2018-11-26,2019-10-08,"{""colsample_bytree"": 0.8, ""learning_rate"": 0.05, ""max_depth"": 3, ""n_estimators"": 100, ""subsample"": 0.8}",132,none,42,5.248151933729949,2.290884530859194,1.9129109370835025,-0.2132479246595902,0.7277902519120687,62.49354471733671,7.007212775019234,4.711479592511637,2.170594294775428,1.7716625839487778,-0.191390828427943,0.7070903606656342,59.73294102237892,8.86032900372355,5.053,daily,noise_a0.10_r2,noise,0.1,2,2.1517282234558013,noise_a0.10_r2,daily|N02BA|A_lag1,-0.1798228948812616,5,linear,0.2,2.2914066576483085,0.0228,-0.2277223440016815,2.173189081885023,5.0,,,
"LR-XGB (residual, tanpa gerbang)",N02BA,A_lag1,pacf_train,1,1,1473,315,317,2014-01-03,2018-01-14,2018-01-15,2018-11-25,2018-11-26,2019-10-08,"{""colsample_bytree"": 0.8, ""learning_rate"": 0.05, ""max_depth"": 3, ""n_estimators"": 100, ""subsample"": 0.8}",12,none,42,5.3136855294588745,2.305143277425261,1.9150038029860268,-0.2283977335861569,0.7323201077889061,62.464623849596734,6.9494659245400925,4.728750861620736,2.174569120911252,1.7789996392751612,-0.1957582105226454,0.7083851955653334,59.86769017816377,8.814783943529894,5.082,daily,noise_a0.10_r2,noise,0.1,2,2.153907077280725,noise_a0.10_r2,daily|N02BA|A_lag1,,5,,,,,,,5.0,,,
XGBoost,N02BA,A_lag1,pacf_train,1,1,1473,315,317,2014-01-03,2018-01-14,2018-01-15,2018-11-25,2018-11-26,2019-10-08,"{""colsample_bytree"": 0.8, ""learning_rate"": 0.05, ""max_depth"": 3, ""n_estimators"": 100, ""subsample"": 0.8}",12,none,42,5.347082404018483,2.312375921864454,1.9262786687501905,-0.23611829679797,0.7346178439023959,62.62950718468348,7.0226046092427366,4.759576097277851,2.1816452730170988,1.782350583469949,-0.2035529812151444,0.7106903149313482,59.86513114521812,8.85229364018529,4.936,daily,noise_a0.10_r2,noise,0.1,2,2.1612863528644293,noise_a0.10_r2,daily|N02BA|A_lag1,,5,,,,,,,,,,
Naive,N02BA,A_lag1,pacf_train,1,1,1473,315,317,2014-01-03,2018-01-14,2018-01-15,2018-11-25,2018-11-26,2019-10-08,{},0,none,42,8.733978195859386,2.955330471514038,2.323369000719882,-0.947609639251426,0.9333058389944736,81.38134687250343,4.389837752112171,8.455685374431699,2.907866120444973,2.2970806600638896,-1.0641640435510702,0.9488167040947688,83.47126090159281,11.07131373504962,0.0,daily,noise_a0.25_r1,noise,0.25,1,2.841936331125104,noise_a0.25_r1,daily|N02BA|A_lag1,,5,,,,,,,,,,
S1 [linear],N02BA,A_lag1,pacf_train,1,1,1473,315,317,2014-01-03,2018-01-14,2018-01-15,2018-11-25,2018-11-26,2019-10-08,{},0,none,42,5.421616179809926,2.3284364238282147,1.9568696712903253,-0.2089785084562287,0.7353300522675442,63.38518580446658,4.379068887022272,4.928406183874539,2.220001392764099,1.8370306983940443,-0.2031004450011588,0.7243711771179834,62.16344006611997,26.49011085668191,0.005,daily,noise_a0.25_r1,noise,0.25,1,2.163024493373593,noise_a0.25_r1,daily|N02BA|A_lag1,,5,linear,0.0,2.3284364238282147,0.0,,2.220001392764099,,,,
AR-LRX [linear],N02BA,A_lag1,pacf_train,1,1,1473,315,317,2014-01-03,2018-01-14,2018-01-15,2018-11-25,2018-11-26,2019-10-08,"{""colsample_bytree"": 0.8, ""learning_rate"": 0.05, ""max_depth"": 3, ""n_estimators"": 100, ""subsample"": 0.8}",132,none,42,5.421616179809926,2.3284364238282147,1.9568696712903253,-0.2089785084562287,0.7353300522675442,63.38518580446658,4.379068887022272,4.928406183874539,2.220001392764099,1.8370306983940443,-0.2031004450011588,0.7243711771179834,62.16344006611997,26.49011085668191,5.022,daily,noise_a0.25_r1,noise,0.25,1,2.163024493373593,noise_a0.25_r1,daily|N02BA|A_lag1,-0.2067232795533702,5,linear,0.0,2.3284364238282147,0.0,-0.2572705254949292,2.220001392764099,5.0,,,
"LR-XGB (residual, tanpa gerbang)",N02BA,A_lag1,pacf_train,1,1,1473,315,317,2014-01-03,2018-01-14,2018-01-15,2018-11-25,2018-11-26,2019-10-08,"{""colsample_bytree"": 0.8, ""learning_rate"": 0.05, ""max_depth"": 3, ""n_estimators"": 100, ""subsample"": 0.8}",12,none,42,5.655125295956253,2.3780507345210813,1.9986617079825488,-0.2610492367384762,0.7509984610338963,64.08592385111146,4.654224467294687,5.0325569813176285,2.2433361275826744,1.8535808955604285,-0.2285252712179981,0.7319851405070882,62.53639924329036,32.95402973331895,5.059,daily,noise_a0.25_r1,noise,0.25,1,2.186509479114392,noise_a0.25_r1,daily|N02BA|A_lag1,,5,,,,,,,5.0,,,
XGBoost,N02BA,A_lag1,pacf_train,1,1,1473,315,317,2014-01-03,2018-01-14,2018-01-15,2018-11-25,2018-11-26,2019-10-08,"{""colsample_bytree"": 0.8, ""learning_rate"": 0.05, ""max_depth"": 3, ""n_estimators"": 100, ""subsample"": 0.8}",12,none,42,5.685167161379447,2.3843588575085435,2.010513622651575,-0.2677483405566017,0.7529905929034255,64.28053089161854,4.673927949385585,5.054728758142892,2.248272394115733,1.8596304427046304,-0.2339377460769534,0.7335958103070148,62.57332209432529,32.76236861600421,4.638,daily,noise_a0.25_r1,noise,0.25,1,2.1916732588542254,noise_a0.25_r1,daily|N02BA|A_lag1,,5,,,,,,,,,,
Naive,N02BA,A_lag1,pacf_train,1,1,1473,315,317,2014-01-03,2018-01-14,2018-01-15,2018-11-25,2018-11-26,2019-10-08,{},0,none,42,8.84157265954431,2.9734782090246283,2.350325067395348,-0.9254827412841824,0.9286919415204666,83.67078894764047,2.6625263213449712,8.399057263449105,2.898112707168081,2.212986354108083,-1.0196530911294448,0.9384179010493426,79.46053242013143,55.85487483957001,0.0,daily,noise_a0.25_r2,noise,0.25,2,2.842733498115298,noise_a0.25_r2,daily|N02BA|A_lag1,,5,,,,,,,,,,
S1 [linear],N02BA,A_lag1,pacf_train,1,1,1473,315,317,2014-01-03,2018-01-14,2018-01-15,2018-11-25,2018-11-26,2019-10-08,{},0,none,42,5.422447210605522,2.328614869531997,1.945343219312477,-0.1808791175034696,0.72728492096415,63.6422110371228,3.738232335899062,4.915781591993132,2.217156194766876,1.7968413453273313,-0.1820580782073522,0.7179220661244662,60.17696239617082,42.33794079871082,0.01,daily,noise_a0.25_r2,noise,0.25,2,2.157955130107863,noise_a0.25_r2,daily|N02BA|A_lag1,,5,linear,0.0,2.328614869531997,0.0,,2.217156194766876,,,,
AR-LRX [linear],N02BA,A_lag1,pacf_train,1,1,1473,315,317,2014-01-03,2018-01-14,2018-01-15,2018-11-25,2018-11-26,2019-10-08,"{""colsample_bytree"": 0.8, ""learning_rate"": 0.05, ""max_depth"": 3, ""n_estimators"": 100, ""subsample"": 0.8}",132,none,42,5.422447210605522,2.328614869531997,1.945343219312477,-0.1808791175034696,0.72728492096415,63.6422110371228,3.738232335899062,4.915781591993132,2.217156194766876,1.7968413453273313,-0.1820580782073522,0.7179220661244662,60.17696239617082,42.33794079871082,4.502,daily,noise_a0.25_r2,noise,0.25,2,2.157955130107863,noise_a0.25_r2,daily|N02BA|A_lag1,-0.1729292805739122,5,linear,0.0,2.328614869531997,0.0,-0.2078844094257048,2.217156194766876,5.0,,,
"LR-XGB (residual, tanpa gerbang)",N02BA,A_lag1,pacf_train,1,1,1473,315,317,2014-01-03,2018-01-14,2018-01-15,2018-11-25,2018-11-26,2019-10-08,"{""colsample_bytree"": 0.8, ""learning_rate"": 0.05, ""max_depth"": 3, ""n_estimators"": 100, ""subsample"": 0.8}",12,none,42,5.550779136353924,2.3560091545564767,1.973546056711712,-0.2088267369710956,0.7358408443500132,64.1545946334924,3.789247125701049,4.938612357729356,2.2222988902776684,1.7966395496644516,-0.1875480070345645,0.7195872869128219,60.22549667996708,42.01232832321182,4.892,daily,noise_a0.25_r2,noise,0.25,2,2.1696164136359544,noise_a0.25_r2,daily|N02BA|A_lag1,,5,,,,,,,5.0,,,
XGBoost,N02BA,A_lag1,pacf_train,1,1,1473,315,317,2014-01-03,2018-01-14,2018-01-15,2018-11-25,2018-11-26,2019-10-08,"{""colsample_bytree"": 0.8, ""learning_rate"": 0.05, ""max_depth"": 3, ""n_estimators"": 100, ""subsample"": 0.8}",12,none,42,5.569484375792418,2.359975503218713,1.9807964978517187,-0.2129002900704448,0.7370796346760023,64.2938584051776,3.7634335039318536,4.968865568132064,2.229095235321287,1.8012968409457937,-0.1948227508528164,0.7217879645589552,60.24654522676504,42.56975371019289,4.82,daily,noise_a0.25_r2,noise,0.25,2,2.175958682399191,noise_a0.25_r2,daily|N02BA|A_lag1,,5,,,,,,,,,,
Naive,N02BA,A_lag1,pacf_train,1,1,1473,315,317,2014-01-03,2018-01-14,2018-01-15,2018-11-25,2018-11-26,2019-10-08,{},0,none,42,9.952721138814091,3.15479335913053,2.5307821875625125,-0.981966473290605,1.0006328435703562,94.91995318805644,10.419061220234996,10.520843791437908,3.2435850214597286,2.590066867617548,-1.0433458648745175,1.0311550608260485,94.1374864212268,25.30544841901953,0.0,daily,noise_a0.50_r1,noise,0.5,1,2.9944008096446746,noise_a0.50_r1,daily|N02BA|A_lag1,,5,,,,,,,,,,
S1 [linear],N02BA,A_lag1,pacf_train,1,1,1473,315,317,2014-01-03,2018-01-14,2018-01-15,2018-11-25,2018-11-26,2019-10-08,{},0,none,42,6.03230408970541,2.4560749356860856,2.01278933761899,-0.2012618755954123,0.7790143337929356,67.08634308621887,146.3897034866917,5.879542488847468,2.4247767915516407,2.006355553176112,-0.1419178033721695,0.7708510316331371,68.23587707215995,32.6598273861659,0.005,daily,noise_a0.50_r1,noise,0.5,1,2.1690145059524486,noise_a0.50_r1,daily|N02BA|A_lag1,,5,linear,0.0,2.4560749356860856,0.0,,2.4247767915516407,,,,
AR-LRX [linear],N02BA,A_lag1,pacf_train,1,1,1473,315,317,2014-01-03,2018-01-14,2018-01-15,2018-11-25,2018-11-26,2019-10-08,"{""colsample_bytree"": 0.8, ""learning_rate"": 0.05, ""max_depth"": 3, ""n_estimators"": 100, ""subsample"": 0.8}",132,none,42,6.03230408970541,2.4560749356860856,2.01278933761899,-0.2012618755954123,0.7790143337929356,67.08634308621887,146.3897034866917,5.879542488847468,2.4247767915516407,2.006355553176112,-0.1419178033721695,0.7708510316331371,68.23587707215995,32.6598273861659,4.714,daily,noise_a0.50_r1,noise,0.5,1,2.1690145059524486,noise_a0.50_r1,daily|N02BA|A_lag1,-0.1387212748293955,5,linear,0.0,2.4560749356860856,0.0,-0.2534571062327038,2.4247767915516407,5.0,,,
"LR-XGB (residual, tanpa gerbang)",N02BA,A_lag1,pacf_train,1,1,1473,315,317,2014-01-03,2018-01-14,2018-01-15,2018-11-25,2018-11-26,2019-10-08,"{""colsample_bytree"": 0.8, ""learning_rate"": 0.05, ""max_depth"": 3, ""n_estimators"": 100, ""subsample"": 0.8}",12,none,42,6.326297419383968,2.515213195612644,2.048678046069305,-0.2598071633279895,0.7977717224576639,67.59203222418688,114.15365759110776,5.941714670963589,2.437563265017667,2.018387951130217,-0.1539928112095245,0.774915927955379,68.53728631817623,32.6577714169306,5.184,daily,noise_a0.50_r1,noise,0.5,1,2.1724426911947736,noise_a0.50_r1,daily|N02BA|A_lag1,,5,,,,,,,5.0,,,
XGBoost,N02BA,A_lag1,pacf_train,1,1,1473,315,317,2014-01-03,2018-01-14,2018-01-15,2018-11-25,2018-11-26,2019-10-08,"{""colsample_bytree"": 0.8, ""learning_rate"": 0.05, ""max_depth"": 3, ""n_estimators"": 100, ""subsample"": 0.8}",12,none,42,6.392545833919437,2.5283484399740943,2.065549564405058,-0.2729997500273091,0.801937940469487,67.895144171613,125.52685632857742,5.93089390349774,2.435342666545663,2.0202789881979712,-0.1518912145225643,0.7742099864316268,68.52542665787374,31.13491091551608,4.981,daily,noise_a0.50_r1,noise,0.5,1,2.176241626156915,noise_a0.50_r1,daily|N02BA|A_lag1,,5,,,,,,,,,,
Naive,N02BA,A_lag1,pacf_train,1,1,1473,315,317,2014-01-03,2018-01-14,2018-01-15,2018-11-25,2018-11-26,2019-10-08,{},0,none,42,9.9838090138639,3.159716603409853,2.491072146903898,-0.9017668159212386,0.9636071370899848,89.63334801908348,8.16528221912122,10.236898485517123,3.199515351661424,2.549102862579508,-1.0652576923752255,1.0319241794157048,94.7066384902632,84.17948938923857,0.0,daily,noise_a0.50_r2,noise,0.5,2,2.9760321067840034,noise_a0.50_r2,daily|N02BA|A_lag1,,5,,,,,,,,,,
S1 [linear],N02BA,A_lag1,pacf_train,1,1,1473,315,317,2014-01-03,2018-01-14,2018-01-15,2018-11-25,2018-11-26,2019-10-08,{},0,none,42,6.024923687255957,2.454571996755434,2.020497272999727,-0.1476581654326714,0.7485617830479687,65.17623837855776,15.340408169664515,5.819450179534567,2.4123536597138004,1.991102948067709,-0.1740532804620285,0.7780447340150981,67.58441825924227,73.79373997958614,0.004,daily,noise_a0.50_r2,noise,0.5,2,2.181510227504214,noise_a0.50_r2,daily|N02BA|A_lag1,,5,linear,0.0,2.454571996755434,0.0,,2.4123536597138004,,,,
AR-LRX [linear],N02BA,A_lag1,pacf_train,1,1,1473,315,317,2014-01-03,2018-01-14,2018-01-15,2018-11-25,2018-11-26,2019-10-08,"{""colsample_bytree"": 0.8, ""learning_rate"": 0.05, ""max_depth"": 3, ""n_estimators"": 100, ""subsample"": 0.8}",132,none,42,6.024923687255957,2.454571996755434,2.020497272999727,-0.1476581654326714,0.7485617830479687,65.17623837855776,15.340408169664515,5.819450179534567,2.4123536597138004,1.991102948067709,-0.1740532804620285,0.7780447340150981,67.58441825924227,73.79373997958614,4.882,daily,noise_a0.50_r2,noise,0.5,2,2.181510227504214,noise_a0.50_r2,daily|N02BA|A_lag1,-0.1568388668093645,5,linear,0.0,2.454571996755434,0.0,-0.1892438885840082,2.4123536597138004,5.0,,,
"LR-XGB (residual, tanpa gerbang)",N02BA,A_lag1,pacf_train,1,1,1473,315,317,2014-01-03,2018-01-14,2018-01-15,2018-11-25,2018-11-26,2019-10-08,"{""colsample_bytree"": 0.8, ""learning_rate"": 0.05, ""max_depth"": 3, ""n_estimators"": 100, ""subsample"": 0.8}",12,none,42,6.235930464453896,2.497184507491166,2.040274823393448,-0.187851811590394,0.7615571635292318,65.24455658371538,16.602192058023167,5.835859367561485,2.4157523398646403,1.992619035281848,-0.1773637755154054,0.7791408938519092,67.58588488962856,68.53134084122524,4.996,daily,noise_a0.50_r2,noise,0.5,2,2.17285954798101,noise_a0.50_r2,daily|N02BA|A_lag1,,5,,,,,,,5.0,,,
XGBoost,N02BA,A_lag1,pacf_train,1,1,1473,315,317,2014-01-03,2018-01-14,2018-01-15,2018-11-25,2018-11-26,2019-10-08,"{""colsample_bytree"": 0.8, ""learning_rate"": 0.05, ""max_depth"": 3, ""n_estimators"": 100, ""subsample"": 0.8}",12,none,42,6.205604414795344,2.491105058963861,2.040370171967864,-0.1820751511175695,0.7597031364990355,65.29023598353217,16.44767480945982,5.833686017581819,2.415302469170646,1.9947974221622475,-0.1769253099225229,0.7789957992373445,67.61731865193555,70.06748715108263,4.86,daily,noise_a0.50_r2,noise,0.5,2,2.175569556567217,noise_a0.50_r2,daily|N02BA|A_lag1,,5,,,,,,,,,,
Naive,N02BA,A_lag1,pacf_train,1,1,1473,315,317,2014-01-03,2018-01-14,2018-01-15,2018-11-25,2018-11-26,2019-10-08,{},0,none,42,8.334103174603174,2.886884683288055,2.2893650793650795,-0.9287620753697006,0.9162404788269394,82.69963604275131,2.342371831447952,8.095185331230283,2.845203917337083,2.17192429022082,-0.980457491997865,0.9115694891435484,77.84544226157468,4.514346425917406,0.0,daily,spike,spike,1.5,0,2.8324842932121226,spike,daily|N02BA|A_lag1,,5,,,,,,,,3.8167979287056095,2.792152191658997,14.0
S1 [linear],N02BA,A_lag1,pacf_train,1,1,1473,315,317,2014-01-03,2018-01-14,2018-01-15,2018-11-25,2018-11-26,2019-10-08,{},0,none,42,5.2531433805716725,2.2919736867101403,1.905808851129704,-0.2157353366828771,0.7274274169407499,62.32415222541202,3.320251974157873,4.7781745787178105,2.1859036069135827,1.7823655908956062,-0.1689629397351022,0.7003375125872155,59.3000321261793,4.291179160705415,0.006,daily,spike,spike,1.5,0,2.159414406895204,spike,daily|N02BA|A_lag1,,5,linear,0.0,2.2919736867101403,0.0,,2.1859036069135827,,2.943072073864814,2.144467066051552,14.0
AR-LRX [linear],N02BA,A_lag1,pacf_train,1,1,1473,315,317,2014-01-03,2018-01-14,2018-01-15,2018-11-25,2018-11-26,2019-10-08,"{""colsample_bytree"": 0.8, ""learning_rate"": 0.1, ""max_depth"": 3, ""n_estimators"": 500, ""subsample"": 0.8}",132,none,42,5.230464309152608,2.2870208370613083,1.897433677620708,-0.2104867176123823,0.7258554797726067,62.23584709695516,3.2195266456389526,4.747737714477188,2.1789304060655974,1.7704178994889204,-0.16151667218818,0.6981033819873103,58.98604932523575,4.255384749733469,5.134,daily,spike,spike,1.5,0,2.15527545036606,spike,daily|N02BA|A_lag1,-0.1935115353935903,5,linear,0.2,2.2919736867101403,0.2161,-0.3210587323892546,2.1859036069135827,5.0,2.924689070080447,2.138195446317785,14.0
"LR-XGB (residual, tanpa gerbang)",N02BA,A_lag1,pacf_train,1,1,1473,315,317,2014-01-03,2018-01-14,2018-01-15,2018-11-25,2018-11-26,2019-10-08,"{""colsample_bytree"": 0.8, ""learning_rate"": 0.05, ""max_depth"": 3, ""n_estimators"": 100, ""subsample"": 0.8}",12,none,42,5.291299172309176,2.300282411424557,1.910696164630286,-0.2245657342094238,0.7300644429206403,62.45950919532785,3.2493799840221524,4.76542984910431,2.182986451882904,1.77539783374527,-0.1658449882350705,0.6994028908172731,59.05214252963663,4.168134449475723,4.748,daily,spike,spike,1.5,0,2.162715794860949,spike,daily|N02BA|A_lag1,,5,,,,,,,5.0,2.85840073131549,2.146649008645891,14.0
XGBoost,N02BA,A_lag1,pacf_train,1,1,1473,315,317,2014-01-03,2018-01-14,2018-01-15,2018-11-25,2018-11-26,2019-10-08,"{""colsample_bytree"": 0.8, ""learning_rate"": 0.05, ""max_depth"": 3, ""n_estimators"": 100, ""subsample"": 0.8}",12,none,42,5.331220175999178,2.308943519447624,1.9189018702128573,-0.2338046548604915,0.732813308439296,62.54711440172541,3.317541156670962,4.804285050205245,2.191867936305754,1.7854215620444025,-0.1753507711140078,0.7022484127740093,59.2015249511683,4.19173338499529,4.831,daily,spike,spike,1.5,0,2.1719223853540925,spike,daily|N02BA|A_lag1,,5,,,,,,,,2.879722917280734,2.1547852218828085,14.0
Naive,N02BA,A_lag1,pacf_train,1,1,1473,315,317,2014-01-03,2018-01-14,2018-01-15,2018-11-25,2018-11-26,2019-10-08,{},0,none,42,8.334103174603174,2.886884683288055,2.2893650793650795,-0.9287620753697006,0.9162404788269394,82.69963604275131,2.342371831447952,9.992800788643532,3.161139159961727,2.421955835962145,-0.939255491047359,0.8954068219722082,77.88200330296553,4.5147224279935925,0.0,daily,level,level,1.3,0,3.051738127587144,level,daily|N02BA|A_lag1,,5,,,,,,,,3.312806625181896,3.000783125633808,159.0
S1 [linear],N02BA,A_lag1,pacf_train,1,1,1473,315,317,2014-01-03,2018-01-14,2018-01-15,2018-11-25,2018-11-26,2019-10-08,{},0,none,42,5.2531433805716725,2.2919736867101403,1.905808851129704,-0.2157353366828771,0.7274274169407499,62.32415222541202,3.320251974157873,5.378860907565064,2.319237139139735,1.851903164048996,-0.0438500447672265,0.6569343047150664,57.18370719310458,3.745809279386404,0.007,daily,level,level,1.3,0,2.1812876733653783,level,daily|N02BA|A_lag1,,5,linear,0.0,2.2919736867101403,0.0,,2.319237139139735,,2.2959937950009537,2.3423947690392515,159.0
AR-LRX [linear],N02BA,A_lag1,pacf_train,1,1,1473,315,317,2014-01-03,2018-01-14,2018-01-15,2018-11-25,2018-11-26,2019-10-08,"{""colsample_bytree"": 0.8, ""learning_rate"": 0.1, ""max_depth"": 3, ""n_estimators"": 500, ""subsample"": 0.8}",132,none,42,5.230464309152608,2.2870208370613083,1.897433677620708,-0.2104867176123823,0.7258554797726067,62.23584709695516,3.2195266456389526,5.390868363326836,2.32182436099866,1.860022351410628,-0.0461802748010315,0.6576671468916396,57.275506622699865,3.781399191235847,5.22,daily,level,level,1.3,0,2.1978331236130315,level,daily|N02BA|A_lag1,-0.1590103451128051,5,linear,0.2,2.2919736867101403,0.2161,-0.3210587323892546,2.319237139139735,5.0,2.294776708181713,2.348728782011386,159.0
"LR-XGB (residual, tanpa gerbang)",N02BA,A_lag1,pacf_train,1,1,1473,315,317,2014-01-03,2018-01-14,2018-01-15,2018-11-25,2018-11-26,2019-10-08,"{""colsample_bytree"": 0.8, ""learning_rate"": 0.05, ""max_depth"": 3, ""n_estimators"": 100, ""subsample"": 0.8}",12,none,42,5.291299172309176,2.300282411424557,1.910696164630286,-0.2245657342094238,0.7300644429206403,62.45950919532785,3.2493799840221524,5.476570982377112,2.340207465669895,1.8835636175306625,-0.0628121759172097,0.6628742436054244,57.67087334803412,3.83305667638709,5.103,daily,level,level,1.3,0,2.2376550812636338,level,daily|N02BA|A_lag1,,5,,,,,,,5.0,2.3142003821552506,2.366090589954307,159.0
XGBoost,N02BA,A_lag1,pacf_train,1,1,1473,315,317,2014-01-03,2018-01-14,2018-01-15,2018-11-25,2018-11-26,2019-10-08,"{""colsample_bytree"": 0.8, ""learning_rate"": 0.05, ""max_depth"": 3, ""n_estimators"": 100, ""subsample"": 0.8}",12,none,42,5.331220175999178,2.308943519447624,1.9189018702128573,-0.2338046548604915,0.732813308439296,62.54711440172541,3.317541156670962,5.520479120563891,2.349569986308961,1.890921238860121,-0.071333220205128,0.6655262194998285,57.72079644652975,3.892234487609201,4.865,daily,level,level,1.3,0,2.252095090631281,level,daily|N02BA|A_lag1,,5,,,,,,,,2.316917745621057,2.381977073010491,159.0
Naive,N02BA,B_rich,pacf_train,1,1,1473,315,317,2014-01-03,2018-01-14,2018-01-15,2018-11-25,2018-11-26,2019-10-08,{},0,none,42,8.334103174603174,2.886884683288055,2.2893650793650795,-0.9287620753697006,0.9162404788269394,82.69963604275131,2.342371831447952,7.760276025236593,2.7857271986389107,2.134542586750789,-1.0094483557731615,0.9089347145988728,77.96042411378919,4.514916652855951,0.0,daily,clean,clean,0.0,0,2.7857271986389107,clean,daily|N02BA|B_rich,,5,,,,,,,,,,
S1 [linear],N02BA,B_rich,pacf_train,1,1,1473,315,317,2014-01-03,2018-01-14,2018-01-15,2018-11-25,2018-11-26,2019-10-08,{},0,none,42,5.2531433805716725,2.2919736867101403,1.905808851129704,-0.2157353366828771,0.7274274169407499,62.32415222541202,3.320251974157873,4.645671054039993,2.155381881254455,1.7629831366345512,-0.2029515484559096,0.7032639147317814,59.40873592073984,4.295684500120711,0.005,daily,clean,clean,0.0,0,2.155381881254455,clean,daily|N02BA|B_rich,,5,linear,0.0,2.2919736867101403,0.0,,2.155381881254455,,,,
AR-LRX [linear],N02BA,B_rich,pacf_train,1,1,1473,315,317,2014-01-03,2018-01-14,2018-01-15,2018-11-25,2018-11-26,2019-10-08,"{""colsample_bytree"": 0.8, ""learning_rate"": 0.1, ""max_depth"": 3, ""n_estimators"": 500, ""subsample"": 0.8}",132,none,42,5.230464309152608,2.2870208370613083,1.897433677620708,-0.2104867176123823,0.7258554797726067,62.23584709695516,3.2195266456389526,4.624400028412417,2.15044182167582,1.752006446650938,-0.1974436222772608,0.7016520585366012,59.11961957657804,4.260234444535585,5.303,daily,clean,clean,0.0,0,2.15044182167582,clean,daily|N02BA|B_rich,-0.2325094127032789,5,linear,0.2,2.2919736867101403,0.2161,-0.3210587323892546,2.155381881254455,5.0,,,
"LR-XGB (residual, tanpa gerbang)",N02BA,B_rich,pacf_train,1,1,1473,315,317,2014-01-03,2018-01-14,2018-01-15,2018-11-25,2018-11-26,2019-10-08,"{""colsample_bytree"": 0.8, ""learning_rate"": 0.05, ""max_depth"": 3, ""n_estimators"": 100, ""subsample"": 0.8}",12,none,42,5.291299172309176,2.300282411424557,1.910696164630286,-0.2245657342094238,0.7300644429206403,62.45950919532785,3.2493799840221524,4.643632404861224,2.154908908715453,1.758859426776177,-0.2024236599855828,0.7031095919538867,59.25933036986437,4.172618641620661,5.142,daily,clean,clean,0.0,0,2.154908908715453,clean,daily|N02BA|B_rich,,5,,,,,,,5.0,,,
XGBoost,N02BA,B_rich,pacf_train,1,1,1473,315,317,2014-01-03,2018-01-14,2018-01-15,2018-11-25,2018-11-26,2019-10-08,"{""colsample_bytree"": 0.8, ""learning_rate"": 0.05, ""max_depth"": 3, ""n_estimators"": 100, ""subsample"": 0.8}",12,none,42,5.331220175999178,2.308943519447624,1.9189018702128573,-0.2338046548604915,0.732813308439296,62.54711440172541,3.317541156670962,4.67996274712004,2.163322155186333,1.7687966103057378,-0.2118310504288152,0.7058546890989322,59.417350130956606,4.196046041834413,5.118,daily,clean,clean,0.0,0,2.163322155186333,clean,daily|N02BA|B_rich,,5,,,,,,,,,,
Naive,N02BA,B_rich,pacf_train,1,1,1473,315,317,2014-01-03,2018-01-14,2018-01-15,2018-11-25,2018-11-26,2019-10-08,{},0,none,42,8.355549169764425,2.890596680577286,2.3012895935651425,-0.941934415543539,0.9226008431723464,82.57327785318819,12.923072524112374,7.8617515088467425,2.803881507633078,2.166582685885951,-1.0091485521101706,0.9151555365800236,77.96217065503996,7.652401463025659,0.0,daily,noise_a0.10_r1,noise,0.1,1,2.8119703040272284,noise_a0.10_r1,daily|N02BA|B_rich,,5,,,,,,,,,,
S1 [linear],N02BA,B_rich,pacf_train,1,1,1473,315,317,2014-01-03,2018-01-14,2018-01-15,2018-11-25,2018-11-26,2019-10-08,{},0,none,42,5.282097800219896,2.298281488464782,1.92585869364285,-0.2276257725383039,0.7335497384856664,62.94938353292579,19.49335679986237,4.702222811390016,2.1684609314880485,1.763359554562471,-0.2016996648358242,0.7077613736195217,59.35384311315613,14.154385246722091,0.006,daily,noise_a0.10_r1,noise,0.1,1,2.158783783286922,noise_a0.10_r1,daily|N02BA|B_rich,,5,linear,0.0,2.298281488464782,0.0,,2.1684609314880485,,,,
AR-LRX [linear],N02BA,B_rich,pacf_train,1,1,1473,315,317,2014-01-03,2018-01-14,2018-01-15,2018-11-25,2018-11-26,2019-10-08,"{""colsample_bytree"": 0.8, ""learning_rate"": 0.05, ""max_depth"": 3, ""n_estimators"": 500, ""subsample"": 0.8}",132,none,42,5.261454523095935,2.2937860674212702,1.930739343533552,-0.2228280160435323,0.7321149207980149,63.10375352546289,19.50448732043996,4.695187499736413,2.166838134179942,1.7640976890604052,-0.1999017211833729,0.7072317107442476,59.41902593777583,14.064016848757856,5.335,daily,noise_a0.10_r1,noise,0.1,1,2.159250272147875,noise_a0.10_r1,daily|N02BA|B_rich,-0.2505515655575625,5,linear,0.2,2.298281488464782,0.1956,-0.2800228694823388,2.1684609314880485,5.0,,,
"LR-XGB (residual, tanpa gerbang)",N02BA,B_rich,pacf_train,1,1,1473,315,317,2014-01-03,2018-01-14,2018-01-15,2018-11-25,2018-11-26,2019-10-08,"{""colsample_bytree"": 0.8, ""learning_rate"": 0.05, ""max_depth"": 3, ""n_estimators"": 100, ""subsample"": 0.8}",12,none,42,5.35101159862359,2.313225367019736,1.9622534062322925,-0.2436422035480372,0.7383194232527268,63.77918079625863,19.631843973475565,4.74861605523985,2.17913194993783,1.772508859347556,-0.213555918318741,0.71124427458687,59.61562468339034,13.986460490379567,4.989,daily,noise_a0.10_r1,noise,0.1,1,2.1736331450291213,noise_a0.10_r1,daily|N02BA|B_rich,,5,,,,,,,5.0,,,
XGBoost,N02BA,B_rich,pacf_train,1,1,1473,315,317,2014-01-03,2018-01-14,2018-01-15,2018-11-25,2018-11-26,2019-10-08,"{""colsample_bytree"": 0.8, ""learning_rate"": 0.05, ""max_depth"": 3, ""n_estimators"": 100, ""subsample"": 0.8}",12,none,42,5.397664193421631,2.323287367809164,1.971822275927712,-0.254484851657937,0.7415309437234668,63.89023483992349,19.955960665835068,4.771831243563655,2.1844521609693484,1.7786965910802337,-0.2194887898875321,0.71298073191148,59.69697283860668,14.230289730546213,4.86,daily,noise_a0.10_r1,noise,0.1,1,2.179056723896987,noise_a0.10_r1,daily|N02BA|B_rich,,5,,,,,,,,,,
Naive,N02BA,B_rich,pacf_train,1,1,1473,315,317,2014-01-03,2018-01-14,2018-01-15,2018-11-25,2018-11-26,2019-10-08,{},0,none,42,8.287859402064633,2.8788642555814667,2.3128434129146105,-0.9159560063039124,0.9145853112921756,83.1425638212556,5.910597977184867,7.929600052569469,2.815954554421905,2.1654163155916955,-1.0051562551068538,0.9173221943395116,78.30027595697106,8.009225931854896,0.0,daily,noise_a0.10_r2,noise,0.1,2,2.807098437875869,noise_a0.10_r2,daily|N02BA|B_rich,,5,,,,,,,,,,
S1 [linear],N02BA,B_rich,pacf_train,1,1,1473,315,317,2014-01-03,2018-01-14,2018-01-15,2018-11-25,2018-11-26,2019-10-08,{},0,none,42,5.250544470714992,2.2914066576483085,1.9159011930768328,-0.2138010223153801,0.7279561261769044,62.56040960889548,7.026290962631799,4.722750785624269,2.173189081885023,1.7743939859300473,-0.1942409725994625,0.7079356356014389,59.78454923031455,8.873424518106011,0.009,daily,noise_a0.10_r2,noise,0.1,2,2.1548034760859207,noise_a0.10_r2,daily|N02BA|B_rich,,5,linear,0.0,2.2914066576483085,0.0,,2.173189081885023,,,,
AR-LRX [linear],N02BA,B_rich,pacf_train,1,1,1473,315,317,2014-01-03,2018-01-14,2018-01-15,2018-11-25,2018-11-26,2019-10-08,"{""colsample_bytree"": 0.8, ""learning_rate"": 0.05, ""max_depth"": 3, ""n_estimators"": 100, ""subsample"": 0.8}",132,none,42,5.248151933729949,2.290884530859194,1.9129109370835025,-0.2132479246595902,0.7277902519120687,62.49354471733671,7.007212775019234,4.711479592511637,2.170594294775428,1.7716625839487778,-0.191390828427943,0.7070903606656342,59.73294102237892,8.86032900372355,4.912,daily,noise_a0.10_r2,noise,0.1,2,2.1517282234558013,noise_a0.10_r2,daily|N02BA|B_rich,-0.1798228948812616,5,linear,0.2,2.2914066576483085,0.0228,-0.2277223440016815,2.173189081885023,5.0,,,
"LR-XGB (residual, tanpa gerbang)",N02BA,B_rich,pacf_train,1,1,1473,315,317,2014-01-03,2018-01-14,2018-01-15,2018-11-25,2018-11-26,2019-10-08,"{""colsample_bytree"": 0.8, ""learning_rate"": 0.05, ""max_depth"": 3, ""n_estimators"": 100, ""subsample"": 0.8}",12,none,42,5.3136855294588745,2.305143277425261,1.9150038029860268,-0.2283977335861569,0.7323201077889061,62.464623849596734,6.9494659245400925,4.728750861620736,2.174569120911252,1.7789996392751612,-0.1957582105226454,0.7083851955653334,59.86769017816377,8.814783943529894,5.263,daily,noise_a0.10_r2,noise,0.1,2,2.153907077280725,noise_a0.10_r2,daily|N02BA|B_rich,,5,,,,,,,5.0,,,
XGBoost,N02BA,B_rich,pacf_train,1,1,1473,315,317,2014-01-03,2018-01-14,2018-01-15,2018-11-25,2018-11-26,2019-10-08,"{""colsample_bytree"": 0.8, ""learning_rate"": 0.05, ""max_depth"": 3, ""n_estimators"": 100, ""subsample"": 0.8}",12,none,42,5.347082404018483,2.312375921864454,1.9262786687501905,-0.23611829679797,0.7346178439023959,62.62950718468348,7.0226046092427366,4.759576097277851,2.1816452730170988,1.782350583469949,-0.2035529812151444,0.7106903149313482,59.86513114521812,8.85229364018529,4.978,daily,noise_a0.10_r2,noise,0.1,2,2.1612863528644293,noise_a0.10_r2,daily|N02BA|B_rich,,5,,,,,,,,,,
Naive,N02BA,B_rich,pacf_train,1,1,1473,315,317,2014-01-03,2018-01-14,2018-01-15,2018-11-25,2018-11-26,2019-10-08,{},0,none,42,8.733978195859386,2.955330471514038,2.323369000719882,-0.947609639251426,0.9333058389944736,81.38134687250343,4.389837752112171,8.455685374431699,2.907866120444973,2.2970806600638896,-1.0641640435510702,0.9488167040947688,83.47126090159281,11.07131373504962,0.0,daily,noise_a0.25_r1,noise,0.25,1,2.841936331125104,noise_a0.25_r1,daily|N02BA|B_rich,,5,,,,,,,,,,
S1 [linear],N02BA,B_rich,pacf_train,1,1,1473,315,317,2014-01-03,2018-01-14,2018-01-15,2018-11-25,2018-11-26,2019-10-08,{},0,none,42,5.421616179809926,2.3284364238282147,1.9568696712903253,-0.2089785084562287,0.7353300522675442,63.38518580446658,4.379068887022272,4.928406183874539,2.220001392764099,1.8370306983940443,-0.2031004450011588,0.7243711771179834,62.16344006611997,26.49011085668191,0.006,daily,noise_a0.25_r1,noise,0.25,1,2.163024493373593,noise_a0.25_r1,daily|N02BA|B_rich,,5,linear,0.0,2.3284364238282147,0.0,,2.220001392764099,,,,
AR-LRX [linear],N02BA,B_rich,pacf_train,1,1,1473,315,317,2014-01-03,2018-01-14,2018-01-15,2018-11-25,2018-11-26,2019-10-08,"{""colsample_bytree"": 0.8, ""learning_rate"": 0.05, ""max_depth"": 3, ""n_estimators"": 100, ""subsample"": 0.8}",132,none,42,5.421616179809926,2.3284364238282147,1.9568696712903253,-0.2089785084562287,0.7353300522675442,63.38518580446658,4.379068887022272,4.928406183874539,2.220001392764099,1.8370306983940443,-0.2031004450011588,0.7243711771179834,62.16344006611997,26.49011085668191,4.819,daily,noise_a0.25_r1,noise,0.25,1,2.163024493373593,noise_a0.25_r1,daily|N02BA|B_rich,-0.2067232795533702,5,linear,0.0,2.3284364238282147,0.0,-0.2572705254949292,2.220001392764099,5.0,,,
"LR-XGB (residual, tanpa gerbang)",N02BA,B_rich,pacf_train,1,1,1473,315,317,2014-01-03,2018-01-14,2018-01-15,2018-11-25,2018-11-26,2019-10-08,"{""colsample_bytree"": 0.8, ""learning_rate"": 0.05, ""max_depth"": 3, ""n_estimators"": 100, ""subsample"": 0.8}",12,none,42,5.655125295956253,2.3780507345210813,1.9986617079825488,-0.2610492367384762,0.7509984610338963,64.08592385111146,4.654224467294687,5.0325569813176285,2.2433361275826744,1.8535808955604285,-0.2285252712179981,0.7319851405070882,62.53639924329036,32.95402973331895,5.073,daily,noise_a0.25_r1,noise,0.25,1,2.186509479114392,noise_a0.25_r1,daily|N02BA|B_rich,,5,,,,,,,5.0,,,
XGBoost,N02BA,B_rich,pacf_train,1,1,1473,315,317,2014-01-03,2018-01-14,2018-01-15,2018-11-25,2018-11-26,2019-10-08,"{""colsample_bytree"": 0.8, ""learning_rate"": 0.05, ""max_depth"": 3, ""n_estimators"": 100, ""subsample"": 0.8}",12,none,42,5.685167161379447,2.3843588575085435,2.010513622651575,-0.2677483405566017,0.7529905929034255,64.28053089161854,4.673927949385585,5.054728758142892,2.248272394115733,1.8596304427046304,-0.2339377460769534,0.7335958103070148,62.57332209432529,32.76236861600421,4.799,daily,noise_a0.25_r1,noise,0.25,1,2.1916732588542254,noise_a0.25_r1,daily|N02BA|B_rich,,5,,,,,,,,,,
Naive,N02BA,B_rich,pacf_train,1,1,1473,315,317,2014-01-03,2018-01-14,2018-01-15,2018-11-25,2018-11-26,2019-10-08,{},0,none,42,8.84157265954431,2.9734782090246283,2.350325067395348,-0.9254827412841824,0.9286919415204666,83.67078894764047,2.6625263213449712,8.399057263449105,2.898112707168081,2.212986354108083,-1.0196530911294448,0.9384179010493426,79.46053242013143,55.85487483957001,0.0,daily,noise_a0.25_r2,noise,0.25,2,2.842733498115298,noise_a0.25_r2,daily|N02BA|B_rich,,5,,,,,,,,,,
S1 [linear],N02BA,B_rich,pacf_train,1,1,1473,315,317,2014-01-03,2018-01-14,2018-01-15,2018-11-25,2018-11-26,2019-10-08,{},0,none,42,5.422447210605522,2.328614869531997,1.945343219312477,-0.1808791175034696,0.72728492096415,63.6422110371228,3.738232335899062,4.915781591993132,2.217156194766876,1.7968413453273313,-0.1820580782073522,0.7179220661244662,60.17696239617082,42.33794079871082,0.006,daily,noise_a0.25_r2,noise,0.25,2,2.157955130107863,noise_a0.25_r2,daily|N02BA|B_rich,,5,linear,0.0,2.328614869531997,0.0,,2.217156194766876,,,,
AR-LRX [linear],N02BA,B_rich,pacf_train,1,1,1473,315,317,2014-01-03,2018-01-14,2018-01-15,2018-11-25,2018-11-26,2019-10-08,"{""colsample_bytree"": 0.8, ""learning_rate"": 0.05, ""max_depth"": 3, ""n_estimators"": 100, ""subsample"": 0.8}",132,none,42,5.422447210605522,2.328614869531997,1.945343219312477,-0.1808791175034696,0.72728492096415,63.6422110371228,3.738232335899062,4.915781591993132,2.217156194766876,1.7968413453273313,-0.1820580782073522,0.7179220661244662,60.17696239617082,42.33794079871082,4.712,daily,noise_a0.25_r2,noise,0.25,2,2.157955130107863,noise_a0.25_r2,daily|N02BA|B_rich,-0.1729292805739122,5,linear,0.0,2.328614869531997,0.0,-0.2078844094257048,2.217156194766876,5.0,,,
"LR-XGB (residual, tanpa gerbang)",N02BA,B_rich,pacf_train,1,1,1473,315,317,2014-01-03,2018-01-14,2018-01-15,2018-11-25,2018-11-26,2019-10-08,"{""colsample_bytree"": 0.8, ""learning_rate"": 0.05, ""max_depth"": 3, ""n_estimators"": 100, ""subsample"": 0.8}",12,none,42,5.550779136353924,2.3560091545564767,1.973546056711712,-0.2088267369710956,0.7358408443500132,64.1545946334924,3.789247125701049,4.938612357729356,2.2222988902776684,1.7966395496644516,-0.1875480070345645,0.7195872869128219,60.22549667996708,42.01232832321182,4.615,daily,noise_a0.25_r2,noise,0.25,2,2.1696164136359544,noise_a0.25_r2,daily|N02BA|B_rich,,5,,,,,,,5.0,,,
XGBoost,N02BA,B_rich,pacf_train,1,1,1473,315,317,2014-01-03,2018-01-14,2018-01-15,2018-11-25,2018-11-26,2019-10-08,"{""colsample_bytree"": 0.8, ""learning_rate"": 0.05, ""max_depth"": 3, ""n_estimators"": 100, ""subsample"": 0.8}",12,none,42,5.569484375792418,2.359975503218713,1.9807964978517187,-0.2129002900704448,0.7370796346760023,64.2938584051776,3.7634335039318536,4.968865568132064,2.229095235321287,1.8012968409457937,-0.1948227508528164,0.7217879645589552,60.24654522676504,42.56975371019289,4.772,daily,noise_a0.25_r2,noise,0.25,2,2.175958682399191,noise_a0.25_r2,daily|N02BA|B_rich,,5,,,,,,,,,,
Naive,N02BA,B_rich,pacf_train,1,1,1473,315,317,2014-01-03,2018-01-14,2018-01-15,2018-11-25,2018-11-26,2019-10-08,{},0,none,42,9.952721138814091,3.15479335913053,2.5307821875625125,-0.981966473290605,1.0006328435703562,94.91995318805644,10.419061220234996,10.520843791437908,3.2435850214597286,2.590066867617548,-1.0433458648745175,1.0311550608260485,94.1374864212268,25.30544841901953,0.0,daily,noise_a0.50_r1,noise,0.5,1,2.9944008096446746,noise_a0.50_r1,daily|N02BA|B_rich,,5,,,,,,,,,,
S1 [linear],N02BA,B_rich,pacf_train,1,1,1473,315,317,2014-01-03,2018-01-14,2018-01-15,2018-11-25,2018-11-26,2019-10-08,{},0,none,42,6.03230408970541,2.4560749356860856,2.01278933761899,-0.2012618755954123,0.7790143337929356,67.08634308621887,146.3897034866917,5.879542488847468,2.4247767915516407,2.006355553176112,-0.1419178033721695,0.7708510316331371,68.23587707215995,32.6598273861659,0.006,daily,noise_a0.50_r1,noise,0.5,1,2.1690145059524486,noise_a0.50_r1,daily|N02BA|B_rich,,5,linear,0.0,2.4560749356860856,0.0,,2.4247767915516407,,,,
AR-LRX [linear],N02BA,B_rich,pacf_train,1,1,1473,315,317,2014-01-03,2018-01-14,2018-01-15,2018-11-25,2018-11-26,2019-10-08,"{""colsample_bytree"": 0.8, ""learning_rate"": 0.05, ""max_depth"": 3, ""n_estimators"": 100, ""subsample"": 0.8}",132,none,42,6.03230408970541,2.4560749356860856,2.01278933761899,-0.2012618755954123,0.7790143337929356,67.08634308621887,146.3897034866917,5.879542488847468,2.4247767915516407,2.006355553176112,-0.1419178033721695,0.7708510316331371,68.23587707215995,32.6598273861659,4.866,daily,noise_a0.50_r1,noise,0.5,1,2.1690145059524486,noise_a0.50_r1,daily|N02BA|B_rich,-0.1387212748293955,5,linear,0.0,2.4560749356860856,0.0,-0.2534571062327038,2.4247767915516407,5.0,,,
"LR-XGB (residual, tanpa gerbang)",N02BA,B_rich,pacf_train,1,1,1473,315,317,2014-01-03,2018-01-14,2018-01-15,2018-11-25,2018-11-26,2019-10-08,"{""colsample_bytree"": 0.8, ""learning_rate"": 0.05, ""max_depth"": 3, ""n_estimators"": 100, ""subsample"": 0.8}",12,none,42,6.326297419383968,2.515213195612644,2.048678046069305,-0.2598071633279895,0.7977717224576639,67.59203222418688,114.15365759110776,5.941714670963589,2.437563265017667,2.018387951130217,-0.1539928112095245,0.774915927955379,68.53728631817623,32.6577714169306,5.181,daily,noise_a0.50_r1,noise,0.5,1,2.1724426911947736,noise_a0.50_r1,daily|N02BA|B_rich,,5,,,,,,,5.0,,,
XGBoost,N02BA,B_rich,pacf_train,1,1,1473,315,317,2014-01-03,2018-01-14,2018-01-15,2018-11-25,2018-11-26,2019-10-08,"{""colsample_bytree"": 0.8, ""learning_rate"": 0.05, ""max_depth"": 3, ""n_estimators"": 100, ""subsample"": 0.8}",12,none,42,6.392545833919437,2.5283484399740943,2.065549564405058,-0.2729997500273091,0.801937940469487,67.895144171613,125.52685632857742,5.93089390349774,2.435342666545663,2.0202789881979712,-0.1518912145225643,0.7742099864316268,68.52542665787374,31.13491091551608,4.863,daily,noise_a0.50_r1,noise,0.5,1,2.176241626156915,noise_a0.50_r1,daily|N02BA|B_rich,,5,,,,,,,,,,
Naive,N02BA,B_rich,pacf_train,1,1,1473,315,317,2014-01-03,2018-01-14,2018-01-15,2018-11-25,2018-11-26,2019-10-08,{},0,none,42,9.9838090138639,3.159716603409853,2.491072146903898,-0.9017668159212386,0.9636071370899848,89.63334801908348,8.16528221912122,10.236898485517123,3.199515351661424,2.549102862579508,-1.0652576923752255,1.0319241794157048,94.7066384902632,84.17948938923857,0.0,daily,noise_a0.50_r2,noise,0.5,2,2.9760321067840034,noise_a0.50_r2,daily|N02BA|B_rich,,5,,,,,,,,,,
S1 [linear],N02BA,B_rich,pacf_train,1,1,1473,315,317,2014-01-03,2018-01-14,2018-01-15,2018-11-25,2018-11-26,2019-10-08,{},0,none,42,6.024923687255957,2.454571996755434,2.020497272999727,-0.1476581654326714,0.7485617830479687,65.17623837855776,15.340408169664515,5.819450179534567,2.4123536597138004,1.991102948067709,-0.1740532804620285,0.7780447340150981,67.58441825924227,73.79373997958614,0.007,daily,noise_a0.50_r2,noise,0.5,2,2.181510227504214,noise_a0.50_r2,daily|N02BA|B_rich,,5,linear,0.0,2.454571996755434,0.0,,2.4123536597138004,,,,
AR-LRX [linear],N02BA,B_rich,pacf_train,1,1,1473,315,317,2014-01-03,2018-01-14,2018-01-15,2018-11-25,2018-11-26,2019-10-08,"{""colsample_bytree"": 0.8, ""learning_rate"": 0.05, ""max_depth"": 3, ""n_estimators"": 100, ""subsample"": 0.8}",132,none,42,6.024923687255957,2.454571996755434,2.020497272999727,-0.1476581654326714,0.7485617830479687,65.17623837855776,15.340408169664515,5.819450179534567,2.4123536597138004,1.991102948067709,-0.1740532804620285,0.7780447340150981,67.58441825924227,73.79373997958614,4.819,daily,noise_a0.50_r2,noise,0.5,2,2.181510227504214,noise_a0.50_r2,daily|N02BA|B_rich,-0.1568388668093645,5,linear,0.0,2.454571996755434,0.0,-0.1892438885840082,2.4123536597138004,5.0,,,
"LR-XGB (residual, tanpa gerbang)",N02BA,B_rich,pacf_train,1,1,1473,315,317,2014-01-03,2018-01-14,2018-01-15,2018-11-25,2018-11-26,2019-10-08,"{""colsample_bytree"": 0.8, ""learning_rate"": 0.05, ""max_depth"": 3, ""n_estimators"": 100, ""subsample"": 0.8}",12,none,42,6.235930464453896,2.497184507491166,2.040274823393448,-0.187851811590394,0.7615571635292318,65.24455658371538,16.602192058023167,5.835859367561485,2.4157523398646403,1.992619035281848,-0.1773637755154054,0.7791408938519092,67.58588488962856,68.53134084122524,4.921,daily,noise_a0.50_r2,noise,0.5,2,2.17285954798101,noise_a0.50_r2,daily|N02BA|B_rich,,5,,,,,,,5.0,,,
XGBoost,N02BA,B_rich,pacf_train,1,1,1473,315,317,2014-01-03,2018-01-14,2018-01-15,2018-11-25,2018-11-26,2019-10-08,"{""colsample_bytree"": 0.8, ""learning_rate"": 0.05, ""max_depth"": 3, ""n_estimators"": 100, ""subsample"": 0.8}",12,none,42,6.205604414795344,2.491105058963861,2.040370171967864,-0.1820751511175695,0.7597031364990355,65.29023598353217,16.44767480945982,5.833686017581819,2.415302469170646,1.9947974221622475,-0.1769253099225229,0.7789957992373445,67.61731865193555,70.06748715108263,4.899,daily,noise_a0.50_r2,noise,0.5,2,2.175569556567217,noise_a0.50_r2,daily|N02BA|B_rich,,5,,,,,,,,,,
Naive,N02BA,B_rich,pacf_train,1,1,1473,315,317,2014-01-03,2018-01-14,2018-01-15,2018-11-25,2018-11-26,2019-10-08,{},0,none,42,8.334103174603174,2.886884683288055,2.2893650793650795,-0.9287620753697006,0.9162404788269394,82.69963604275131,2.342371831447952,8.095185331230283,2.845203917337083,2.17192429022082,-0.980457491997865,0.9115694891435484,77.84544226157468,4.514346425917406,0.0,daily,spike,spike,1.5,0,2.8324842932121226,spike,daily|N02BA|B_rich,,5,,,,,,,,3.8167979287056095,2.792152191658997,14.0
S1 [linear],N02BA,B_rich,pacf_train,1,1,1473,315,317,2014-01-03,2018-01-14,2018-01-15,2018-11-25,2018-11-26,2019-10-08,{},0,none,42,5.2531433805716725,2.2919736867101403,1.905808851129704,-0.2157353366828771,0.7274274169407499,62.32415222541202,3.320251974157873,4.7781745787178105,2.1859036069135827,1.7823655908956062,-0.1689629397351022,0.7003375125872155,59.3000321261793,4.291179160705415,0.006,daily,spike,spike,1.5,0,2.159414406895204,spike,daily|N02BA|B_rich,,5,linear,0.0,2.2919736867101403,0.0,,2.1859036069135827,,2.943072073864814,2.144467066051552,14.0
AR-LRX [linear],N02BA,B_rich,pacf_train,1,1,1473,315,317,2014-01-03,2018-01-14,2018-01-15,2018-11-25,2018-11-26,2019-10-08,"{""colsample_bytree"": 0.8, ""learning_rate"": 0.1, ""max_depth"": 3, ""n_estimators"": 500, ""subsample"": 0.8}",132,none,42,5.230464309152608,2.2870208370613083,1.897433677620708,-0.2104867176123823,0.7258554797726067,62.23584709695516,3.2195266456389526,4.747737714477188,2.1789304060655974,1.7704178994889204,-0.16151667218818,0.6981033819873103,58.98604932523575,4.255384749733469,5.28,daily,spike,spike,1.5,0,2.15527545036606,spike,daily|N02BA|B_rich,-0.1935115353935903,5,linear,0.2,2.2919736867101403,0.2161,-0.3210587323892546,2.1859036069135827,5.0,2.924689070080447,2.138195446317785,14.0
"LR-XGB (residual, tanpa gerbang)",N02BA,B_rich,pacf_train,1,1,1473,315,317,2014-01-03,2018-01-14,2018-01-15,2018-11-25,2018-11-26,2019-10-08,"{""colsample_bytree"": 0.8, ""learning_rate"": 0.05, ""max_depth"": 3, ""n_estimators"": 100, ""subsample"": 0.8}",12,none,42,5.291299172309176,2.300282411424557,1.910696164630286,-0.2245657342094238,0.7300644429206403,62.45950919532785,3.2493799840221524,4.76542984910431,2.182986451882904,1.77539783374527,-0.1658449882350705,0.6994028908172731,59.05214252963663,4.168134449475723,4.997,daily,spike,spike,1.5,0,2.162715794860949,spike,daily|N02BA|B_rich,,5,,,,,,,5.0,2.85840073131549,2.146649008645891,14.0
XGBoost,N02BA,B_rich,pacf_train,1,1,1473,315,317,2014-01-03,2018-01-14,2018-01-15,2018-11-25,2018-11-26,2019-10-08,"{""colsample_bytree"": 0.8, ""learning_rate"": 0.05, ""max_depth"": 3, ""n_estimators"": 100, ""subsample"": 0.8}",12,none,42,5.331220175999178,2.308943519447624,1.9189018702128573,-0.2338046548604915,0.732813308439296,62.54711440172541,3.317541156670962,4.804285050205245,2.191867936305754,1.7854215620444025,-0.1753507711140078,0.7022484127740093,59.2015249511683,4.19173338499529,4.83,daily,spike,spike,1.5,0,2.1719223853540925,spike,daily|N02BA|B_rich,,5,,,,,,,,2.879722917280734,2.1547852218828085,14.0
Naive,N02BA,B_rich,pacf_train,1,1,1473,315,317,2014-01-03,2018-01-14,2018-01-15,2018-11-25,2018-11-26,2019-10-08,{},0,none,42,8.334103174603174,2.886884683288055,2.2893650793650795,-0.9287620753697006,0.9162404788269394,82.69963604275131,2.342371831447952,9.992800788643532,3.161139159961727,2.421955835962145,-0.939255491047359,0.8954068219722082,77.88200330296553,4.5147224279935925,0.0,daily,level,level,1.3,0,3.051738127587144,level,daily|N02BA|B_rich,,5,,,,,,,,3.312806625181896,3.000783125633808,159.0
S1 [linear],N02BA,B_rich,pacf_train,1,1,1473,315,317,2014-01-03,2018-01-14,2018-01-15,2018-11-25,2018-11-26,2019-10-08,{},0,none,42,5.2531433805716725,2.2919736867101403,1.905808851129704,-0.2157353366828771,0.7274274169407499,62.32415222541202,3.320251974157873,5.378860907565064,2.319237139139735,1.851903164048996,-0.0438500447672265,0.6569343047150664,57.18370719310458,3.745809279386404,0.006,daily,level,level,1.3,0,2.1812876733653783,level,daily|N02BA|B_rich,,5,linear,0.0,2.2919736867101403,0.0,,2.319237139139735,,2.2959937950009537,2.3423947690392515,159.0
AR-LRX [linear],N02BA,B_rich,pacf_train,1,1,1473,315,317,2014-01-03,2018-01-14,2018-01-15,2018-11-25,2018-11-26,2019-10-08,"{""colsample_bytree"": 0.8, ""learning_rate"": 0.1, ""max_depth"": 3, ""n_estimators"": 500, ""subsample"": 0.8}",132,none,42,5.230464309152608,2.2870208370613083,1.897433677620708,-0.2104867176123823,0.7258554797726067,62.23584709695516,3.2195266456389526,5.390868363326836,2.32182436099866,1.860022351410628,-0.0461802748010315,0.6576671468916396,57.275506622699865,3.781399191235847,5.221,daily,level,level,1.3,0,2.1978331236130315,level,daily|N02BA|B_rich,-0.1590103451128051,5,linear,0.2,2.2919736867101403,0.2161,-0.3210587323892546,2.319237139139735,5.0,2.294776708181713,2.348728782011386,159.0
"LR-XGB (residual, tanpa gerbang)",N02BA,B_rich,pacf_train,1,1,1473,315,317,2014-01-03,2018-01-14,2018-01-15,2018-11-25,2018-11-26,2019-10-08,"{""colsample_bytree"": 0.8, ""learning_rate"": 0.05, ""max_depth"": 3, ""n_estimators"": 100, ""subsample"": 0.8}",12,none,42,5.291299172309176,2.300282411424557,1.910696164630286,-0.2245657342094238,0.7300644429206403,62.45950919532785,3.2493799840221524,5.476570982377112,2.340207465669895,1.8835636175306625,-0.0628121759172097,0.6628742436054244,57.67087334803412,3.83305667638709,5.058,daily,level,level,1.3,0,2.2376550812636338,level,daily|N02BA|B_rich,,5,,,,,,,5.0,2.3142003821552506,2.366090589954307,159.0
XGBoost,N02BA,B_rich,pacf_train,1,1,1473,315,317,2014-01-03,2018-01-14,2018-01-15,2018-11-25,2018-11-26,2019-10-08,"{""colsample_bytree"": 0.8, ""learning_rate"": 0.05, ""max_depth"": 3, ""n_estimators"": 100, ""subsample"": 0.8}",12,none,42,5.331220175999178,2.308943519447624,1.9189018702128573,-0.2338046548604915,0.732813308439296,62.54711440172541,3.317541156670962,5.520479120563891,2.349569986308961,1.890921238860121,-0.071333220205128,0.6655262194998285,57.72079644652975,3.892234487609201,4.992,daily,level,level,1.3,0,2.252095090631281,level,daily|N02BA|B_rich,,5,,,,,,,,2.316917745621057,2.381977073010491,159.0
Naive,N02BE,A_lag1,pacf_train,1,1,1473,315,317,2014-01-03,2018-01-14,2018-01-15,2018-11-25,2018-11-26,2019-10-08,{},0,none,42,217.44338421587304,14.745961623979396,11.26143492063492,-0.1773857646180414,0.4949864836135261,39.65327459694022,0.6401810403773499,267.6145699621451,16.358929364788672,12.260832807570978,0.0353746408762239,0.5550064058152501,45.59922383129986,0.6090563105445783,0.0,daily,clean,clean,0.0,0,16.358929364788672,clean,daily|N02BE|A_lag1,,5,,,,,,,,,,
S1 [linear],N02BE,A_lag1,pacf_train,1,1,1473,315,317,2014-01-03,2018-01-14,2018-01-15,2018-11-25,2018-11-26,2019-10-08,{},0,none,42,153.57083492845794,12.392370028709518,9.86939933741544,0.1684634804719228,0.4159820716048506,34.57583006066338,0.6084517399038339,205.6223851477789,14.339539223691215,11.141617867165255,0.2588274728647224,0.4864949256836939,40.123373437841536,0.62185815126519,0.005,daily,clean,clean,0.0,0,14.339539223691215,clean,daily|N02BE|A_lag1,,5,linear,0.0,12.392370028709518,0.0,,14.339539223691215,,,,
AR-LRX [linear],N02BE,A_lag1,pacf_train,1,1,1473,315,317,2014-01-03,2018-01-14,2018-01-15,2018-11-25,2018-11-26,2019-10-08,"{""colsample_bytree"": 0.8, ""learning_rate"": 0.05, ""max_depth"": 3, ""n_estimators"": 100, ""subsample"": 0.8}",132,none,42,153.57083492845794,12.392370028709518,9.86939933741544,0.1684634804719228,0.4159820716048506,34.57583006066338,0.6084517399038339,205.6223851477789,14.339539223691215,11.141617867165255,0.2588274728647224,0.4864949256836939,40.123373437841536,0.62185815126519,4.835,daily,clean,clean,0.0,0,14.339539223691215,clean,daily|N02BE|A_lag1,0.01549479352617,5,linear,0.0,12.392370028709518,0.0,-0.0358840175845072,14.339539223691215,5.0,,,
"LR-XGB (residual, tanpa gerbang)",N02BE,A_lag1,pacf_train,1,1,1473,315,317,2014-01-03,2018-01-14,2018-01-15,2018-11-25,2018-11-26,2019-10-08,"{""colsample_bytree"": 0.8, ""learning_rate"": 0.05, ""max_depth"": 3, ""n_estimators"": 100, ""subsample"": 0.8}",12,none,42,159.05322247268745,12.611630444660491,10.002369149886784,0.1387781208829329,0.4233421166839537,34.79414263425038,0.600545415162171,202.36899724644908,14.22564575850422,10.94033012134183,0.2705544146120763,0.4826308829123291,39.056518346656624,0.6012197962831002,5.155,daily,clean,clean,0.0,0,14.22564575850422,clean,daily|N02BE|A_lag1,,5,,,,,,,5.0,,,
XGBoost,N02BE,A_lag1,pacf_train,1,1,1473,315,317,2014-01-03,2018-01-14,2018-01-15,2018-11-25,2018-11-26,2019-10-08,"{""colsample_bytree"": 0.8, ""learning_rate"": 0.05, ""max_depth"": 3, ""n_estimators"": 100, ""subsample"": 0.8}",12,none,42,156.3816289320099,12.505264048871975,9.946712917654857,0.1532439378816074,0.4197716524735772,34.66386722907912,0.5987058025031782,203.4899291194104,14.26498962913785,10.946068590952397,0.2665139794793347,0.483965695218459,39.07560741324525,0.6022380834744682,5.196,daily,clean,clean,0.0,0,14.26498962913785,clean,daily|N02BE|A_lag1,,5,,,,,,,,,,
Naive,N02BE,A_lag1,pacf_train,1,1,1473,315,317,2014-01-03,2018-01-14,2018-01-15,2018-11-25,2018-11-26,2019-10-08,{},0,none,42,224.57204076885608,14.985727902536334,11.598830945236282,-0.1980701339056649,0.5003083615992443,40.72769621666167,2.584854124424063,275.3007749747059,16.592190180163254,12.626363260078517,0.0217356555573258,0.5629528799119062,46.79374277278564,7.017941930542887,0.0,daily,noise_a0.10_r1,noise,0.1,1,16.406265478101076,noise_a0.10_r1,daily|N02BE|A_lag1,,5,,,,,,,,,,
S1 [linear],N02BE,A_lag1,pacf_train,1,1,1473,315,317,2014-01-03,2018-01-14,2018-01-15,2018-11-25,2018-11-26,2019-10-08,{},0,none,42,157.45571644359646,12.548135974860829,10.102349752642075,0.1599889699628482,0.4189277552306696,35.34538562080026,2.212352153308485,210.46260874988312,14.507329483743144,11.311150065449594,0.2521340849937091,0.4922160862444836,40.66107560206794,6.540205228302729,0.006,daily,noise_a0.10_r1,noise,0.1,1,14.337719276304338,noise_a0.10_r1,daily|N02BE|A_lag1,,5,linear,0.0,12.548135974860829,0.0,,14.507329483743144,,,,
AR-LRX [linear],N02BE,A_lag1,pacf_train,1,1,1473,315,317,2014-01-03,2018-01-14,2018-01-15,2018-11-25,2018-11-26,2019-10-08,"{""colsample_bytree"": 0.8, ""learning_rate"": 0.05, ""max_depth"": 3, ""n_estimators"": 100, ""subsample"": 0.8}",132,none,42,157.45571644359646,12.548135974860829,10.102349752642075,0.1599889699628482,0.4189277552306696,35.34538562080026,2.212352153308485,210.46260874988312,14.507329483743144,11.311150065449594,0.2521340849937091,0.4922160862444836,40.66107560206794,6.540205228302729,4.645,daily,noise_a0.10_r1,noise,0.1,1,14.337719276304338,noise_a0.10_r1,daily|N02BE|A_lag1,0.0072274327790113,5,linear,0.0,12.548135974860829,0.0,-0.0506684592201116,14.507329483743144,5.0,,,
"LR-XGB (residual, tanpa gerbang)",N02BE,A_lag1,pacf_train,1,1,1473,315,317,2014-01-03,2018-01-14,2018-01-15,2018-11-25,2018-11-26,2019-10-08,"{""colsample_bytree"": 0.8, ""learning_rate"": 0.05, ""max_depth"": 3, ""n_estimators"": 100, ""subsample"": 0.8}",12,none,42,165.42732719223156,12.861855511248429,10.314978489842678,0.1174611970292126,0.4294014878563094,35.87582578101984,2.391386803214493,208.86273166289232,14.452083990307154,11.11784253103919,0.2578191496646593,0.490341673686874,39.66910665279889,6.6807413034142,4.607,daily,noise_a0.10_r1,noise,0.1,1,14.27431362357632,noise_a0.10_r1,daily|N02BE|A_lag1,,5,,,,,,,5.0,,,
XGBoost,N02BE,A_lag1,pacf_train,1,1,1473,315,317,2014-01-03,2018-01-14,2018-01-15,2018-11-25,2018-11-26,2019-10-08,"{""colsample_bytree"": 0.8, ""learning_rate"": 0.05, ""max_depth"": 3, ""n_estimators"": 100, ""subsample"": 0.8}",12,none,42,165.03403761429212,12.846557422683016,10.311186186170255,0.1195593589183438,0.4288907511289686,35.876779401421416,2.377209352600808,209.9126868485674,14.488363843048925,11.124406848694552,0.2540881985930432,0.4915726050685657,39.72444476218941,6.790942221129563,4.369,daily,noise_a0.10_r1,noise,0.1,1,14.31770311040535,noise_a0.10_r1,daily|N02BE|A_lag1,,5,,,,,,,,,,
Naive,N02BE,A_lag1,pacf_train,1,1,1473,315,317,2014-01-03,2018-01-14,2018-01-15,2018-11-25,2018-11-26,2019-10-08,{},0,none,42,228.3065115491497,15.109815073294238,11.617426482869783,-0.2032350944248859,0.5057523414977052,41.16089313999834,0.9605252198178724,274.3935846336089,16.56482974961134,12.462864194886178,0.0196173900043419,0.5626964481861285,46.27930818487968,6.744737891498323,0.0,daily,noise_a0.10_r2,noise,0.1,2,16.584831069231036,noise_a0.10_r2,daily|N02BE|A_lag1,,5,,,,,,,,,,
S1 [linear],N02BE,A_lag1,pacf_train,1,1,1473,315,317,2014-01-03,2018-01-14,2018-01-15,2018-11-25,2018-11-26,2019-10-08,{},0,none,42,159.85040415172597,12.643195962719473,10.072168507032002,0.1575465157420541,0.4231902198102559,35.35141068988199,0.8614982455907393,209.58924313776453,14.477197350929652,11.332398176450546,0.2511572401053564,0.491780939025279,40.8641415646352,7.210679849743564,0.005,daily,noise_a0.10_r2,noise,0.1,2,14.43669796365769,noise_a0.10_r2,daily|N02BE|A_lag1,,5,linear,0.0,12.643195962719473,0.0,,14.477197350929652,,,,
AR-LRX [linear],N02BE,A_lag1,pacf_train,1,1,1473,315,317,2014-01-03,2018-01-14,2018-01-15,2018-11-25,2018-11-26,2019-10-08,"{""colsample_bytree"": 0.8, ""learning_rate"": 0.05, ""max_depth"": 3, ""n_estimators"": 100, ""subsample"": 0.8}",132,none,42,159.3684964096578,12.624123589764867,10.059732318745551,0.1600862957229094,0.4225518336200266,35.27448932117121,0.857258813393854,206.9498357452799,14.385751135942812,11.238008806819067,0.2605875958177216,0.4886745708252456,40.36316517316549,7.101777982742807,4.856,daily,noise_a0.10_r2,noise,0.1,2,14.345188404633053,noise_a0.10_r2,daily|N02BE|A_lag1,0.012185099721431,5,linear,0.3,12.643195962719473,0.1509,-0.0108671160642865,14.477197350929652,5.0,,,
"LR-XGB (residual, tanpa gerbang)",N02BE,A_lag1,pacf_train,1,1,1473,315,317,2014-01-03,2018-01-14,2018-01-15,2018-11-25,2018-11-26,2019-10-08,"{""colsample_bytree"": 0.8, ""learning_rate"": 0.05, ""max_depth"": 3, ""n_estimators"": 100, ""subsample"": 0.8}",12,none,42,161.5758671586721,12.71124963009822,10.086289220202175,0.1484528739094051,0.4254680969025532,35.274541383134626,0.8507291671062359,206.9546588459829,14.385918769615756,11.173687538458193,0.2605703633300824,0.4886802652316348,39.927452522765805,6.851220010353075,4.92,daily,noise_a0.10_r2,noise,0.1,2,14.345811096131412,noise_a0.10_r2,daily|N02BE|A_lag1,,5,,,,,,,5.0,,,
XGBoost,N02BE,A_lag1,pacf_train,1,1,1473,315,317,2014-01-03,2018-01-14,2018-01-15,2018-11-25,2018-11-26,2019-10-08,"{""colsample_bytree"": 0.8, ""learning_rate"": 0.05, ""max_depth"": 3, ""n_estimators"": 100, ""subsample"": 0.8}",12,none,42,160.10138896519803,12.653117756711111,10.035856534565616,0.1562237600585296,0.4235223198736113,35.10617508709104,0.8470994794909662,207.3305112127214,14.398976047369528,11.184774309517058,0.2592274779824961,0.4891238124292871,39.99713383415052,6.830423623466489,4.727,daily,noise_a0.10_r2,noise,0.1,2,14.355404454877496,noise_a0.10_r2,daily|N02BE|A_lag1,,5,,,,,,,,,,
Naive,N02BE,A_lag1,pacf_train,1,1,1473,315,317,2014-01-03,2018-01-14,2018-01-15,2018-11-25,2018-11-26,2019-10-08,{},0,none,42,244.14789797069807,15.625232733329067,12.111650285030954,-0.2981737652076295,0.525078953776637,44.01734921921878,0.7912640383177437,298.3435554462312,17.272624451606397,13.332882318691064,-0.0084137881948693,0.579465496550643,49.15731355513569,9.270167949916845,0.0,daily,noise_a0.25_r1,noise,0.25,1,16.72014768354057,noise_a0.25_r1,daily|N02BE|A_lag1,,5,,,,,,,,,,
S1 [linear],N02BE,A_lag1,pacf_train,1,1,1473,315,317,2014-01-03,2018-01-14,2018-01-15,2018-11-25,2018-11-26,2019-10-08,{},0,none,42,165.36568451055516,12.859458950926168,10.198899748133488,0.1207239747648011,0.4321363634912919,36.24340958825686,0.8380106172225494,226.9274523544123,15.064111402748331,11.746075743173124,0.2329756493923475,0.5053738543638593,42.08527771063322,8.39420901087598,0.006,daily,noise_a0.25_r1,noise,0.25,1,14.4413216868986,noise_a0.25_r1,daily|N02BE|A_lag1,,5,linear,0.0,12.859458950926168,0.0,,15.064111402748331,,,,
AR-LRX [linear],N02BE,A_lag1,pacf_train,1,1,1473,315,317,2014-01-03,2018-01-14,2018-01-15,2018-11-25,2018-11-26,2019-10-08,"{""colsample_bytree"": 0.8, ""learning_rate"": 0.05, ""max_depth"": 3, ""n_estimators"": 100, ""subsample"": 0.8}",132,none,42,165.36568451055516,12.859458950926168,10.198899748133488,0.1207239747648011,0.4321363634912919,36.24340958825686,0.8380106172225494,226.9274523544123,15.064111402748331,11.746075743173124,0.2329756493923475,0.5053738543638593,42.08527771063322,8.39420901087598,4.711,daily,noise_a0.25_r1,noise,0.25,1,14.4413216868986,noise_a0.25_r1,daily|N02BE|A_lag1,0.026286079145402,5,linear,0.0,12.859458950926168,0.0,-0.0719683067149254,15.064111402748331,5.0,,,
"LR-XGB (residual, tanpa gerbang)",N02BE,A_lag1,pacf_train,1,1,1473,315,317,2014-01-03,2018-01-14,2018-01-15,2018-11-25,2018-11-26,2019-10-08,"{""colsample_bytree"": 0.8, ""learning_rate"": 0.05, ""max_depth"": 3, ""n_estimators"": 100, ""subsample"": 0.8}",12,none,42,177.1920213231733,13.311349342691496,10.477345486015864,0.0578414338285173,0.4473219378874883,36.95495469842764,0.8492314064752738,220.9428425888416,14.86414621123062,11.44174902573353,0.253203882563132,0.4986653816983241,40.90015928284375,8.291034896278328,4.798,daily,noise_a0.25_r1,noise,0.25,1,14.309072777215,noise_a0.25_r1,daily|N02BE|A_lag1,,5,,,,,,,5.0,,,
XGBoost,N02BE,A_lag1,pacf_train,1,1,1473,315,317,2014-01-03,2018-01-14,2018-01-15,2018-11-25,2018-11-26,2019-10-08,"{""colsample_bytree"": 0.8, ""learning_rate"": 0.05, ""max_depth"": 3, ""n_estimators"": 100, ""subsample"": 0.8}",12,none,42,174.73460519451976,13.218721768556888,10.38902883429185,0.0709079118728991,0.4442092297091504,36.66867926023836,0.8497050501318416,224.0513599755738,14.968345265111097,11.533423309721792,0.2426969628177538,0.502161072620461,41.17400985889821,8.031886755197378,4.797,daily,noise_a0.25_r1,noise,0.25,1,14.410352262338789,noise_a0.25_r1,daily|N02BE|A_lag1,,5,,,,,,,,,,
Naive,N02BE,A_lag1,pacf_train,1,1,1473,315,317,2014-01-03,2018-01-14,2018-01-15,2018-11-25,2018-11-26,2019-10-08,{},0,none,42,246.4492362928466,15.698701739088063,12.296650909695972,-0.3011024840101801,0.5243787927119211,44.470205316677216,1.2560434730621437,296.5941048418575,17.221907700422083,12.990200290192291,-0.0491387418704365,0.5829250141980855,49.736877638096935,2.4532010463281426,0.0,daily,noise_a0.25_r2,noise,0.25,2,16.814197874242925,noise_a0.25_r2,daily|N02BE|A_lag1,,5,,,,,,,,,,
S1 [linear],N02BE,A_lag1,pacf_train,1,1,1473,315,317,2014-01-03,2018-01-14,2018-01-15,2018-11-25,2018-11-26,2019-10-08,{},0,none,42,166.75125014460002,12.91321997584646,10.392598397998055,0.1196545420934644,0.4313362221601886,36.620881718594426,1.3263623864587404,221.0891359711259,14.869066412223932,11.519706916397812,0.217944071822853,0.5032863315859882,42.1576319406056,2.209639111328334,0.006,daily,noise_a0.25_r2,noise,0.25,2,14.577595031336536,noise_a0.25_r2,daily|N02BE|A_lag1,,5,linear,0.0,12.91321997584646,0.0,,14.869066412223932,,,,
AR-LRX [linear],N02BE,A_lag1,pacf_train,1,1,1473,315,317,2014-01-03,2018-01-14,2018-01-15,2018-11-25,2018-11-26,2019-10-08,"{""colsample_bytree"": 0.8, ""learning_rate"": 0.05, ""max_depth"": 3, ""n_estimators"": 100, ""subsample"": 0.8}",132,none,42,166.75125014460002,12.91321997584646,10.392598397998055,0.1196545420934644,0.4313362221601886,36.620881718594426,1.3263623864587404,221.0891359711259,14.869066412223932,11.519706916397812,0.217944071822853,0.5032863315859882,42.1576319406056,2.209639111328334,4.892,daily,noise_a0.25_r2,noise,0.25,2,14.577595031336536,noise_a0.25_r2,daily|N02BE|A_lag1,-0.0081558737241655,5,linear,0.0,12.91321997584646,0.0,-0.0432456794860125,14.869066412223932,5.0,,,
"LR-XGB (residual, tanpa gerbang)",N02BE,A_lag1,pacf_train,1,1,1473,315,317,2014-01-03,2018-01-14,2018-01-15,2018-11-25,2018-11-26,2019-10-08,"{""colsample_bytree"": 0.8, ""learning_rate"": 0.05, ""max_depth"": 3, ""n_estimators"": 100, ""subsample"": 0.8}",12,none,42,173.96248290124697,13.18948379965065,10.468662113672584,0.0815836071066749,0.4405641757071827,36.788764828565625,1.3544647724656906,222.8527884768673,14.928254702974067,11.371058630074623,0.2117055251330701,0.505289729573369,41.29104509016976,2.09316199302279,4.803,daily,noise_a0.25_r2,noise,0.25,2,14.624875116591774,noise_a0.25_r2,daily|N02BE|A_lag1,,5,,,,,,,5.0,,,
XGBoost,N02BE,A_lag1,pacf_train,1,1,1473,315,317,2014-01-03,2018-01-14,2018-01-15,2018-11-25,2018-11-26,2019-10-08,"{""colsample_bytree"": 0.8, ""learning_rate"": 0.05, ""max_depth"": 3, ""n_estimators"": 100, ""subsample"": 0.8}",12,none,42,173.478082917593,13.171107884972812,10.474258457667466,0.0841409452078882,0.4399503708133838,36.80015485589625,1.3465199043320648,224.8606056318111,14.995352801178472,11.4050416528657,0.2046032977810913,0.5075608577508536,41.39920299851123,2.075320969914418,4.733,daily,noise_a0.25_r2,noise,0.25,2,14.700116364462811,noise_a0.25_r2,daily|N02BE|A_lag1,,5,,,,,,,,,,
Naive,N02BE,A_lag1,pacf_train,1,1,1473,315,317,2014-01-03,2018-01-14,2018-01-15,2018-11-25,2018-11-26,2019-10-08,{},0,none,42,368.4524382844959,19.1951149588768,15.239139471545313,-0.4448347691424417,0.6543047184412419,60.156689986139526,19.827189814541764,402.78187801957847,20.06942644969154,16.10716306697347,-0.1704032190340438,0.6713965093098104,64.96206424249998,13.65330227560732,0.0,daily,noise_a0.50_r1,noise,0.5,1,18.082611590769456,noise_a0.50_r1,daily|N02BE|A_lag1,,5,,,,,,,,,,
S1 [linear],N02BE,A_lag1,pacf_train,1,1,1473,315,317,2014-01-03,2018-01-14,2018-01-15,2018-11-25,2018-11-26,2019-10-08,{},0,none,42,237.2221554047169,15.402017900415416,12.33013643580343,0.0697664541576491,0.5250092540392874,46.409489935723066,20.81297902626732,287.53092656419534,16.956736907913484,13.314843896395672,0.1644928920903001,0.5672655368501036,50.163367632190926,10.86562599696892,0.005,daily,noise_a0.50_r1,noise,0.5,1,14.76899946325744,noise_a0.50_r1,daily|N02BE|A_lag1,,5,linear,0.0,15.402017900415416,0.0,,16.956736907913484,,,,
AR-LRX [linear],N02BE,A_lag1,pacf_train,1,1,1473,315,317,2014-01-03,2018-01-14,2018-01-15,2018-11-25,2018-11-26,2019-10-08,"{""colsample_bytree"": 0.8, ""learning_rate"": 0.05, ""max_depth"": 3, ""n_estimators"": 100, ""subsample"": 0.8}",132,none,42,235.76038691204187,15.354490773452628,12.237495038230268,0.0754985751133071,0.523389194795447,46.07160870826959,20.49449857437142,288.4246330633015,16.98306901191011,13.279500434852029,0.1618959605486715,0.5681464430758214,49.97883789374509,10.910191377553703,4.958,daily,noise_a0.50_r1,noise,0.5,1,14.718012460042305,noise_a0.50_r1,daily|N02BE|A_lag1,-0.0229654580718596,5,linear,0.4,15.402017900415416,0.3086,-0.0138070370105112,16.956736907913484,5.0,,,
"LR-XGB (residual, tanpa gerbang)",N02BE,A_lag1,pacf_train,1,1,1473,315,317,2014-01-03,2018-01-14,2018-01-15,2018-11-25,2018-11-26,2019-10-08,"{""colsample_bytree"": 0.8, ""learning_rate"": 0.05, ""max_depth"": 3, ""n_estimators"": 100, ""subsample"": 0.8}",12,none,42,239.8200442047425,15.486124247362298,12.171146487776616,0.059579196116641,0.5278761907456369,45.8129222741584,20.01915341967989,294.0584336393225,17.148132074349164,13.375834815622149,0.1455252678998569,0.5736684127352618,50.189901522343504,10.97843156575339,5.116,daily,noise_a0.50_r1,noise,0.5,1,14.787087278647231,noise_a0.50_r1,daily|N02BE|A_lag1,,5,,,,,,,5.0,,,
XGBoost,N02BE,A_lag1,pacf_train,1,1,1473,315,317,2014-01-03,2018-01-14,2018-01-15,2018-11-25,2018-11-26,2019-10-08,"{""colsample_bytree"": 0.8, ""learning_rate"": 0.05, ""max_depth"": 3, ""n_estimators"": 100, ""subsample"": 0.8}",12,none,42,235.1814495399853,15.33562680623082,12.053529281619287,0.0777687971484708,0.5227461779243215,45.44404019113084,20.16195905328628,296.4713339957777,17.218342951508944,13.418144090703551,0.1385138642133528,0.5760172261385159,50.29244368881653,11.05238041431792,4.62,daily,noise_a0.50_r1,noise,0.5,1,14.892457810270352,noise_a0.50_r1,daily|N02BE|A_lag1,,5,,,,,,,,,,
Naive,N02BE,A_lag1,pacf_train,1,1,1473,315,317,2014-01-03,2018-01-14,2018-01-15,2018-11-25,2018-11-26,2019-10-08,{},0,none,42,293.6343807829612,17.135763209818265,13.572205651335103,-0.2128950491031165,0.567240130730671,53.0801069677194,1.379621729650033,386.9629539723209,19.67137397266192,15.193387835425908,-0.179968668240904,0.6521695912494468,58.15768360392114,1.7360985666066822,0.0,daily,noise_a0.50_r2,noise,0.5,2,18.350116777489667,noise_a0.50_r2,daily|N02BE|A_lag1,,5,,,,,,,,,,
S1 [linear],N02BE,A_lag1,pacf_train,1,1,1473,315,317,2014-01-03,2018-01-14,2018-01-15,2018-11-25,2018-11-26,2019-10-08,{},0,none,42,205.4641598925492,14.334021065023911,11.586794080706865,0.1513035304745047,0.4744948843691794,42.53306228899045,2.333298453145442,274.13080204199656,16.556895905996285,12.97269118187868,0.1640911511326669,0.5489145827017222,47.340218955436974,2.333925138673925,0.004,daily,noise_a0.50_r2,noise,0.5,2,14.969342408551691,noise_a0.50_r2,daily|N02BE|A_lag1,,5,linear,0.0,14.334021065023911,0.0,,16.556895905996285,,,,
AR-LRX [linear],N02BE,A_lag1,pacf_train,1,1,1473,315,317,2014-01-03,2018-01-14,2018-01-15,2018-11-25,2018-11-26,2019-10-08,"{""colsample_bytree"": 0.8, ""learning_rate"": 0.1, ""max_depth"": 3, ""n_estimators"": 500, ""subsample"": 0.8}",132,none,42,204.6490892873123,14.305561481022416,11.541877760636014,0.1546702857540646,0.473552795128573,42.4537309323965,2.288500163568696,275.65200623394804,16.60277104082171,13.02188466175685,0.1594525332337869,0.5504354916107385,47.44990216847017,2.374628471746444,5.013,daily,noise_a0.50_r2,noise,0.5,2,15.03451206070494,noise_a0.50_r2,daily|N02BE|A_lag1,-0.0998337402271301,5,linear,0.2,14.334021065023911,0.1985,-0.0725197551108427,16.556895905996285,5.0,,,
"LR-XGB (residual, tanpa gerbang)",N02BE,A_lag1,pacf_train,1,1,1473,315,317,2014-01-03,2018-01-14,2018-01-15,2018-11-25,2018-11-26,2019-10-08,"{""colsample_bytree"": 0.8, ""learning_rate"": 0.05, ""max_depth"": 3, ""n_estimators"": 100, ""subsample"": 0.8}",12,none,42,207.473725577388,14.403948263493174,11.63020615218658,0.1430027577125097,0.4768096638578809,42.81810994156331,2.3345689492094865,275.5687527428227,16.600263634738536,12.943871026629322,0.159706398649174,0.5503523629994562,47.169807420830914,2.333726213246174,4.554,daily,noise_a0.50_r2,noise,0.5,2,15.117127632419974,noise_a0.50_r2,daily|N02BE|A_lag1,,5,,,,,,,5.0,,,
XGBoost,N02BE,A_lag1,pacf_train,1,1,1473,315,317,2014-01-03,2018-01-14,2018-01-15,2018-11-25,2018-11-26,2019-10-08,"{""colsample_bytree"": 0.8, ""learning_rate"": 0.05, ""max_depth"": 3, ""n_estimators"": 100, ""subsample"": 0.8}",12,none,42,207.2120801338704,14.394862977252348,11.649368029570583,0.1440835182903983,0.4765089162989966,42.85512654796319,2.3919172887651783,277.0454675286704,16.644682860561517,13.0580905740636,0.1552034425875119,0.5518250038220469,47.48580420941346,2.4175995294163006,4.791,daily,noise_a0.50_r2,noise,0.5,2,15.11904237770178,noise_a0.50_r2,daily|N02BE|A_lag1,,5,,,,,,,,,,
Naive,N02BE,A_lag1,pacf_train,1,1,1473,315,317,2014-01-03,2018-01-14,2018-01-15,2018-11-25,2018-11-26,2019-10-08,{},0,none,42,217.44338421587304,14.745961623979396,11.26143492063492,-0.1773857646180414,0.4949864836135261,39.65327459694022,0.6401810403773499,303.06026396845425,17.40862613673044,12.70405047318612,0.1224877423314272,0.5720472306176662,45.596894074517074,0.6091616708490524,0.0,daily,spike,spike,1.5,0,17.44724133084604,spike,daily|N02BE|A_lag1,,5,,,,,,,,38.199041685810464,15.800088636380863,14.0
S1 [linear],N02BE,A_lag1,pacf_train,1,1,1473,315,317,2014-01-03,2018-01-14,2018-01-15,2018-11-25,2018-11-26,2019-10-08,{},0,none,42,153.57083492845794,12.392370028709518,9.86939933741544,0.1684634804719228,0.4159820716048506,34.57583006066338,0.6084517399038339,243.1319783567029,15.592689901255106,11.815168375472885,0.2960103431394594,0.5123755893104771,40.8066102721798,0.6244617218444682,0.006,daily,spike,spike,1.5,0,14.30628062263356,spike,daily|N02BE|A_lag1,,5,linear,0.0,12.392370028709518,0.0,,15.592689901255106,,36.50287550446803,13.885243759113385,14.0
AR-LRX [linear],N02BE,A_lag1,pacf_train,1,1,1473,315,317,2014-01-03,2018-01-14,2018-01-15,2018-11-25,2018-11-26,2019-10-08,"{""colsample_bytree"": 0.8, ""learning_rate"": 0.05, ""max_depth"": 3, ""n_estimators"": 100, ""subsample"": 0.8}",132,none,42,153.57083492845794,12.392370028709518,9.86939933741544,0.1684634804719228,0.4159820716048506,34.57583006066338,0.6084517399038339,243.1319783567029,15.592689901255106,11.815168375472885,0.2960103431394594,0.5123755893104771,40.8066102721798,0.6244617218444682,4.984,daily,spike,spike,1.5,0,14.30628062263356,spike,daily|N02BE|A_lag1,0.0195564871950189,5,linear,0.0,12.392370028709518,0.0,-0.0358840175845072,15.592689901255106,5.0,36.50287550446803,13.885243759113385,14.0
"LR-XGB (residual, tanpa gerbang)",N02BE,A_lag1,pacf_train,1,1,1473,315,317,2014-01-03,2018-01-14,2018-01-15,2018-11-25,2018-11-26,2019-10-08,"{""colsample_bytree"": 0.8, ""learning_rate"": 0.05, ""max_depth"": 3, ""n_estimators"": 100, ""subsample"": 0.8}",12,none,42,159.05322247268745,12.611630444660491,10.002369149886784,0.1387781208829329,0.4233421166839537,34.79414263425038,0.600545415162171,238.29533657753848,15.436817566374827,11.65918132489184,0.3100148595732289,0.5072536263940559,39.97855760441581,0.6046392181671875,4.873,daily,spike,spike,1.5,0,14.0979279184783,spike,daily|N02BE|A_lag1,,5,,,,,,,5.0,35.02274227235608,13.879172970103474,14.0
XGBoost,N02BE,A_lag1,pacf_train,1,1,1473,315,317,2014-01-03,2018-01-14,2018-01-15,2018-11-25,2018-11-26,2019-10-08,"{""colsample_bytree"": 0.8, ""learning_rate"": 0.05, ""max_depth"": 3, ""n_estimators"": 100, ""subsample"": 0.8}",12,none,42,156.3816289320099,12.505264048871975,9.946712917654857,0.1532439378816074,0.4197716524735772,34.66386722907912,0.5987058025031782,240.3067230316013,15.5018296672232,11.682593879242424,0.304190881710752,0.5093899231905321,40.02362095610158,0.6057661071042567,4.65,daily,spike,spike,1.5,0,14.128051058274291,spike,daily|N02BE|A_lag1,,5,,,,,,,,35.29130079246245,13.923478810000889,14.0
Naive,N02BE,A_lag1,pacf_train,1,1,1473,315,317,2014-01-03,2018-01-14,2018-01-15,2018-11-25,2018-11-26,2019-10-08,{},0,none,42,217.44338421587304,14.745961623979396,11.26143492063492,-0.1773857646180414,0.4949864836135261,39.65327459694022,0.6401810403773499,302.47812450542585,17.391898243303572,13.436401261829657,-0.0521963778359437,0.5273381932614132,45.67988055627835,0.6093239445934273,0.0,daily,level,level,1.3,0,17.62439290952653,level,daily|N02BE|A_lag1,,5,,,,,,,,13.013336755452755,20.891431688007494,159.0
S1 [linear],N02BE,A_lag1,pacf_train,1,1,1473,315,317,2014-01-03,2018-01-14,2018-01-15,2018-11-25,2018-11-26,2019-10-08,{},0,none,42,153.57083492845794,12.392370028709518,9.86939933741544,0.1684634804719228,0.4159820716048506,34.57583006066338,0.6084517399038339,227.060365761564,15.068522348311529,11.557350518455836,0.2101508338989435,0.4568913202638686,37.58773819636558,0.5345267961508987,0.006,daily,level,level,1.3,0,14.82379220104124,level,daily|N02BE|A_lag1,,5,linear,0.0,12.392370028709518,0.0,,15.068522348311529,,11.8101262580272,17.753759072761657,159.0
AR-LRX [linear],N02BE,A_lag1,pacf_train,1,1,1473,315,317,2014-01-03,2018-01-14,2018-01-15,2018-11-25,2018-11-26,2019-10-08,"{""colsample_bytree"": 0.8, ""learning_rate"": 0.05, ""max_depth"": 3, ""n_estimators"": 100, ""subsample"": 0.8}",132,none,42,153.57083492845794,12.392370028709518,9.86939933741544,0.1684634804719228,0.4159820716048506,34.57583006066338,0.6084517399038339,227.060365761564,15.068522348311529,11.557350518455836,0.2101508338989435,0.4568913202638686,37.58773819636558,0.5345267961508987,4.961,daily,level,level,1.3,0,14.82379220104124,level,daily|N02BE|A_lag1,-0.0298828554640582,5,linear,0.0,12.392370028709518,0.0,-0.0358840175845072,15.068522348311529,5.0,11.8101262580272,17.753759072761657,159.0
"LR-XGB (residual, tanpa gerbang)",N02BE,A_lag1,pacf_train,1,1,1473,315,317,2014-01-03,2018-01-14,2018-01-15,2018-11-25,2018-11-26,2019-10-08,"{""colsample_bytree"": 0.8, ""learning_rate"": 0.05, ""max_depth"": 3, ""n_estimators"": 100, ""subsample"": 0.8}",12,none,42,159.05322247268745,12.611630444660491,10.002369149886784,0.1387781208829329,0.4233421166839537,34.79414263425038,0.600545415162171,230.610209287714,15.185855566536713,11.603535389867671,0.1978023954582903,0.4604489702939474,37.32473613410232,0.5350831123934143,4.847,daily,level,level,1.3,0,14.87562192293311,level,daily|N02BE|A_lag1,,5,,,,,,,5.0,12.259687577545064,17.64734461394063,159.0
XGBoost,N02BE,A_lag1,pacf_train,1,1,1473,315,317,2014-01-03,2018-01-14,2018-01-15,2018-11-25,2018-11-26,2019-10-08,"{""colsample_bytree"": 0.8, ""learning_rate"": 0.05, ""max_depth"": 3, ""n_estimators"": 100, ""subsample"": 0.8}",12,none,42,156.3816289320099,12.505264048871975,9.946712917654857,0.1532439378816074,0.4197716524735772,34.66386722907912,0.5987058025031782,231.4486457032837,15.213436354199656,11.560927779650765,0.1948858217029131,0.4612852448932715,37.130256021488414,0.5315384150571264,4.773,daily,level,level,1.3,0,14.90620164065522,level,daily|N02BE|A_lag1,,5,,,,,,,,12.282036272111522,17.679338349033227,159.0
Naive,N02BE,B_rich,pacf_train,1,1,1473,315,317,2014-01-03,2018-01-14,2018-01-15,2018-11-25,2018-11-26,2019-10-08,{},0,none,42,217.44338421587304,14.745961623979396,11.26143492063492,-0.1773857646180414,0.4949864836135261,39.65327459694022,0.6401810403773499,267.6145699621451,16.358929364788672,12.260832807570978,0.0353746408762239,0.5550064058152501,45.59922383129986,0.6090563105445783,0.0,daily,clean,clean,0.0,0,16.358929364788672,clean,daily|N02BE|B_rich,,5,,,,,,,,,,
S1 [linear],N02BE,B_rich,pacf_train,1,1,1473,315,317,2014-01-03,2018-01-14,2018-01-15,2018-11-25,2018-11-26,2019-10-08,{},0,none,42,153.57083492845794,12.392370028709518,9.86939933741544,0.1684634804719228,0.4159820716048506,34.57583006066338,0.6084517399038339,205.6223851477789,14.339539223691215,11.141617867165255,0.2588274728647224,0.4864949256836939,40.123373437841536,0.62185815126519,0.007,daily,clean,clean,0.0,0,14.339539223691215,clean,daily|N02BE|B_rich,,5,linear,0.0,12.392370028709518,0.0,,14.339539223691215,,,,
AR-LRX [linear],N02BE,B_rich,pacf_train,1,1,1473,315,317,2014-01-03,2018-01-14,2018-01-15,2018-11-25,2018-11-26,2019-10-08,"{""colsample_bytree"": 0.8, ""learning_rate"": 0.05, ""max_depth"": 3, ""n_estimators"": 100, ""subsample"": 0.8}",132,none,42,153.57083492845794,12.392370028709518,9.86939933741544,0.1684634804719228,0.4159820716048506,34.57583006066338,0.6084517399038339,205.6223851477789,14.339539223691215,11.141617867165255,0.2588274728647224,0.4864949256836939,40.123373437841536,0.62185815126519,4.81,daily,clean,clean,0.0,0,14.339539223691215,clean,daily|N02BE|B_rich,0.01549479352617,5,linear,0.0,12.392370028709518,0.0,-0.0358840175845072,14.339539223691215,5.0,,,
"LR-XGB (residual, tanpa gerbang)",N02BE,B_rich,pacf_train,1,1,1473,315,317,2014-01-03,2018-01-14,2018-01-15,2018-11-25,2018-11-26,2019-10-08,"{""colsample_bytree"": 0.8, ""learning_rate"": 0.05, ""max_depth"": 3, ""n_estimators"": 100, ""subsample"": 0.8}",12,none,42,159.05322247268745,12.611630444660491,10.002369149886784,0.1387781208829329,0.4233421166839537,34.79414263425038,0.600545415162171,202.36899724644908,14.22564575850422,10.94033012134183,0.2705544146120763,0.4826308829123291,39.056518346656624,0.6012197962831002,4.929,daily,clean,clean,0.0,0,14.22564575850422,clean,daily|N02BE|B_rich,,5,,,,,,,5.0,,,
XGBoost,N02BE,B_rich,pacf_train,1,1,1473,315,317,2014-01-03,2018-01-14,2018-01-15,2018-11-25,2018-11-26,2019-10-08,"{""colsample_bytree"": 0.8, ""learning_rate"": 0.05, ""max_depth"": 3, ""n_estimators"": 100, ""subsample"": 0.8}",12,none,42,156.3816289320099,12.505264048871975,9.946712917654857,0.1532439378816074,0.4197716524735772,34.66386722907912,0.5987058025031782,203.4899291194104,14.26498962913785,10.946068590952397,0.2665139794793347,0.483965695218459,39.07560741324525,0.6022380834744682,4.876,daily,clean,clean,0.0,0,14.26498962913785,clean,daily|N02BE|B_rich,,5,,,,,,,,,,
Naive,N02BE,B_rich,pacf_train,1,1,1473,315,317,2014-01-03,2018-01-14,2018-01-15,2018-11-25,2018-11-26,2019-10-08,{},0,none,42,224.57204076885608,14.985727902536334,11.598830945236282,-0.1980701339056649,0.5003083615992443,40.72769621666167,2.584854124424063,275.3007749747059,16.592190180163254,12.626363260078517,0.0217356555573258,0.5629528799119062,46.79374277278564,7.017941930542887,0.0,daily,noise_a0.10_r1,noise,0.1,1,16.406265478101076,noise_a0.10_r1,daily|N02BE|B_rich,,5,,,,,,,,,,
S1 [linear],N02BE,B_rich,pacf_train,1,1,1473,315,317,2014-01-03,2018-01-14,2018-01-15,2018-11-25,2018-11-26,2019-10-08,{},0,none,42,157.45571644359646,12.548135974860829,10.102349752642075,0.1599889699628482,0.4189277552306696,35.34538562080026,2.212352153308485,210.46260874988312,14.507329483743144,11.311150065449594,0.2521340849937091,0.4922160862444836,40.66107560206794,6.540205228302729,0.006,daily,noise_a0.10_r1,noise,0.1,1,14.337719276304338,noise_a0.10_r1,daily|N02BE|B_rich,,5,linear,0.0,12.548135974860829,0.0,,14.507329483743144,,,,
AR-LRX [linear],N02BE,B_rich,pacf_train,1,1,1473,315,317,2014-01-03,2018-01-14,2018-01-15,2018-11-25,2018-11-26,2019-10-08,"{""colsample_bytree"": 0.8, ""learning_rate"": 0.05, ""max_depth"": 3, ""n_estimators"": 100, ""subsample"": 0.8}",132,none,42,157.45571644359646,12.548135974860829,10.102349752642075,0.1599889699628482,0.4189277552306696,35.34538562080026,2.212352153308485,210.46260874988312,14.507329483743144,11.311150065449594,0.2521340849937091,0.4922160862444836,40.66107560206794,6.540205228302729,4.802,daily,noise_a0.10_r1,noise,0.1,1,14.337719276304338,noise_a0.10_r1,daily|N02BE|B_rich,0.0072274327790113,5,linear,0.0,12.548135974860829,0.0,-0.0506684592201116,14.507329483743144,5.0,,,
"LR-XGB (residual, tanpa gerbang)",N02BE,B_rich,pacf_train,1,1,1473,315,317,2014-01-03,2018-01-14,2018-01-15,2018-11-25,2018-11-26,2019-10-08,"{""colsample_bytree"": 0.8, ""learning_rate"": 0.05, ""max_depth"": 3, ""n_estimators"": 100, ""subsample"": 0.8}",12,none,42,165.42732719223156,12.861855511248429,10.314978489842678,0.1174611970292126,0.4294014878563094,35.87582578101984,2.391386803214493,208.86273166289232,14.452083990307154,11.11784253103919,0.2578191496646593,0.490341673686874,39.66910665279889,6.6807413034142,4.907,daily,noise_a0.10_r1,noise,0.1,1,14.27431362357632,noise_a0.10_r1,daily|N02BE|B_rich,,5,,,,,,,5.0,,,
XGBoost,N02BE,B_rich,pacf_train,1,1,1473,315,317,2014-01-03,2018-01-14,2018-01-15,2018-11-25,2018-11-26,2019-10-08,"{""colsample_bytree"": 0.8, ""learning_rate"": 0.05, ""max_depth"": 3, ""n_estimators"": 100, ""subsample"": 0.8}",12,none,42,165.03403761429212,12.846557422683016,10.311186186170255,0.1195593589183438,0.4288907511289686,35.876779401421416,2.377209352600808,209.9126868485674,14.488363843048925,11.124406848694552,0.2540881985930432,0.4915726050685657,39.72444476218941,6.790942221129563,4.335,daily,noise_a0.10_r1,noise,0.1,1,14.31770311040535,noise_a0.10_r1,daily|N02BE|B_rich,,5,,,,,,,,,,
Naive,N02BE,B_rich,pacf_train,1,1,1473,315,317,2014-01-03,2018-01-14,2018-01-15,2018-11-25,2018-11-26,2019-10-08,{},0,none,42,228.3065115491497,15.109815073294238,11.617426482869783,-0.2032350944248859,0.5057523414977052,41.16089313999834,0.9605252198178724,274.3935846336089,16.56482974961134,12.462864194886178,0.0196173900043419,0.5626964481861285,46.27930818487968,6.744737891498323,0.0,daily,noise_a0.10_r2,noise,0.1,2,16.584831069231036,noise_a0.10_r2,daily|N02BE|B_rich,,5,,,,,,,,,,
S1 [linear],N02BE,B_rich,pacf_train,1,1,1473,315,317,2014-01-03,2018-01-14,2018-01-15,2018-11-25,2018-11-26,2019-10-08,{},0,none,42,159.85040415172597,12.643195962719473,10.072168507032002,0.1575465157420541,0.4231902198102559,35.35141068988199,0.8614982455907393,209.58924313776453,14.477197350929652,11.332398176450546,0.2511572401053564,0.491780939025279,40.8641415646352,7.210679849743564,0.008,daily,noise_a0.10_r2,noise,0.1,2,14.43669796365769,noise_a0.10_r2,daily|N02BE|B_rich,,5,linear,0.0,12.643195962719473,0.0,,14.477197350929652,,,,
AR-LRX [linear],N02BE,B_rich,pacf_train,1,1,1473,315,317,2014-01-03,2018-01-14,2018-01-15,2018-11-25,2018-11-26,2019-10-08,"{""colsample_bytree"": 0.8, ""learning_rate"": 0.05, ""max_depth"": 3, ""n_estimators"": 100, ""subsample"": 0.8}",132,none,42,159.3684964096578,12.624123589764867,10.059732318745551,0.1600862957229094,0.4225518336200266,35.27448932117121,0.857258813393854,206.9498357452799,14.385751135942812,11.238008806819067,0.2605875958177216,0.4886745708252456,40.36316517316549,7.101777982742807,4.537,daily,noise_a0.10_r2,noise,0.1,2,14.345188404633053,noise_a0.10_r2,daily|N02BE|B_rich,0.012185099721431,5,linear,0.3,12.643195962719473,0.1509,-0.0108671160642865,14.477197350929652,5.0,,,
"LR-XGB (residual, tanpa gerbang)",N02BE,B_rich,pacf_train,1,1,1473,315,317,2014-01-03,2018-01-14,2018-01-15,2018-11-25,2018-11-26,2019-10-08,"{""colsample_bytree"": 0.8, ""learning_rate"": 0.05, ""max_depth"": 3, ""n_estimators"": 100, ""subsample"": 0.8}",12,none,42,161.5758671586721,12.71124963009822,10.086289220202175,0.1484528739094051,0.4254680969025532,35.274541383134626,0.8507291671062359,206.9546588459829,14.385918769615756,11.173687538458193,0.2605703633300824,0.4886802652316348,39.927452522765805,6.851220010353075,4.855,daily,noise_a0.10_r2,noise,0.1,2,14.345811096131412,noise_a0.10_r2,daily|N02BE|B_rich,,5,,,,,,,5.0,,,
XGBoost,N02BE,B_rich,pacf_train,1,1,1473,315,317,2014-01-03,2018-01-14,2018-01-15,2018-11-25,2018-11-26,2019-10-08,"{""colsample_bytree"": 0.8, ""learning_rate"": 0.05, ""max_depth"": 3, ""n_estimators"": 100, ""subsample"": 0.8}",12,none,42,160.10138896519803,12.653117756711111,10.035856534565616,0.1562237600585296,0.4235223198736113,35.10617508709104,0.8470994794909662,207.3305112127214,14.398976047369528,11.184774309517058,0.2592274779824961,0.4891238124292871,39.99713383415052,6.830423623466489,4.832,daily,noise_a0.10_r2,noise,0.1,2,14.355404454877496,noise_a0.10_r2,daily|N02BE|B_rich,,5,,,,,,,,,,
Naive,N02BE,B_rich,pacf_train,1,1,1473,315,317,2014-01-03,2018-01-14,2018-01-15,2018-11-25,2018-11-26,2019-10-08,{},0,none,42,244.14789797069807,15.625232733329067,12.111650285030954,-0.2981737652076295,0.525078953776637,44.01734921921878,0.7912640383177437,298.3435554462312,17.272624451606397,13.332882318691064,-0.0084137881948693,0.579465496550643,49.15731355513569,9.270167949916845,0.0,daily,noise_a0.25_r1,noise,0.25,1,16.72014768354057,noise_a0.25_r1,daily|N02BE|B_rich,,5,,,,,,,,,,
S1 [linear],N02BE,B_rich,pacf_train,1,1,1473,315,317,2014-01-03,2018-01-14,2018-01-15,2018-11-25,2018-11-26,2019-10-08,{},0,none,42,165.36568451055516,12.859458950926168,10.198899748133488,0.1207239747648011,0.4321363634912919,36.24340958825686,0.8380106172225494,226.9274523544123,15.064111402748331,11.746075743173124,0.2329756493923475,0.5053738543638593,42.08527771063322,8.39420901087598,0.006,daily,noise_a0.25_r1,noise,0.25,1,14.4413216868986,noise_a0.25_r1,daily|N02BE|B_rich,,5,linear,0.0,12.859458950926168,0.0,,15.064111402748331,,,,
AR-LRX [linear],N02BE,B_rich,pacf_train,1,1,1473,315,317,2014-01-03,2018-01-14,2018-01-15,2018-11-25,2018-11-26,2019-10-08,"{""colsample_bytree"": 0.8, ""learning_rate"": 0.05, ""max_depth"": 3, ""n_estimators"": 100, ""subsample"": 0.8}",132,none,42,165.36568451055516,12.859458950926168,10.198899748133488,0.1207239747648011,0.4321363634912919,36.24340958825686,0.8380106172225494,226.9274523544123,15.064111402748331,11.746075743173124,0.2329756493923475,0.5053738543638593,42.08527771063322,8.39420901087598,5.356,daily,noise_a0.25_r1,noise,0.25,1,14.4413216868986,noise_a0.25_r1,daily|N02BE|B_rich,0.026286079145402,5,linear,0.0,12.859458950926168,0.0,-0.0719683067149254,15.064111402748331,5.0,,,
"LR-XGB (residual, tanpa gerbang)",N02BE,B_rich,pacf_train,1,1,1473,315,317,2014-01-03,2018-01-14,2018-01-15,2018-11-25,2018-11-26,2019-10-08,"{""colsample_bytree"": 0.8, ""learning_rate"": 0.05, ""max_depth"": 3, ""n_estimators"": 100, ""subsample"": 0.8}",12,none,42,177.1920213231733,13.311349342691496,10.477345486015864,0.0578414338285173,0.4473219378874883,36.95495469842764,0.8492314064752738,220.9428425888416,14.86414621123062,11.44174902573353,0.253203882563132,0.4986653816983241,40.90015928284375,8.291034896278328,5.319,daily,noise_a0.25_r1,noise,0.25,1,14.309072777215,noise_a0.25_r1,daily|N02BE|B_rich,,5,,,,,,,5.0,,,
XGBoost,N02BE,B_rich,pacf_train,1,1,1473,315,317,2014-01-03,2018-01-14,2018-01-15,2018-11-25,2018-11-26,2019-10-08,"{""colsample_bytree"": 0.8, ""learning_rate"": 0.05, ""max_depth"": 3, ""n_estimators"": 100, ""subsample"": 0.8}",12,none,42,174.73460519451976,13.218721768556888,10.38902883429185,0.0709079118728991,0.4442092297091504,36.66867926023836,0.8497050501318416,224.0513599755738,14.968345265111097,11.533423309721792,0.2426969628177538,0.502161072620461,41.17400985889821,8.031886755197378,5.036,daily,noise_a0.25_r1,noise,0.25,1,14.410352262338789,noise_a0.25_r1,daily|N02BE|B_rich,,5,,,,,,,,,,
Naive,N02BE,B_rich,pacf_train,1,1,1473,315,317,2014-01-03,2018-01-14,2018-01-15,2018-11-25,2018-11-26,2019-10-08,{},0,none,42,246.4492362928466,15.698701739088063,12.296650909695972,-0.3011024840101801,0.5243787927119211,44.470205316677216,1.2560434730621437,296.5941048418575,17.221907700422083,12.990200290192291,-0.0491387418704365,0.5829250141980855,49.736877638096935,2.4532010463281426,0.0,daily,noise_a0.25_r2,noise,0.25,2,16.814197874242925,noise_a0.25_r2,daily|N02BE|B_rich,,5,,,,,,,,,,
S1 [linear],N02BE,B_rich,pacf_train,1,1,1473,315,317,2014-01-03,2018-01-14,2018-01-15,2018-11-25,2018-11-26,2019-10-08,{},0,none,42,166.75125014460002,12.91321997584646,10.392598397998055,0.1196545420934644,0.4313362221601886,36.620881718594426,1.3263623864587404,221.0891359711259,14.869066412223932,11.519706916397812,0.217944071822853,0.5032863315859882,42.1576319406056,2.209639111328334,0.005,daily,noise_a0.25_r2,noise,0.25,2,14.577595031336536,noise_a0.25_r2,daily|N02BE|B_rich,,5,linear,0.0,12.91321997584646,0.0,,14.869066412223932,,,,
AR-LRX [linear],N02BE,B_rich,pacf_train,1,1,1473,315,317,2014-01-03,2018-01-14,2018-01-15,2018-11-25,2018-11-26,2019-10-08,"{""colsample_bytree"": 0.8, ""learning_rate"": 0.05, ""max_depth"": 3, ""n_estimators"": 100, ""subsample"": 0.8}",132,none,42,166.75125014460002,12.91321997584646,10.392598397998055,0.1196545420934644,0.4313362221601886,36.620881718594426,1.3263623864587404,221.0891359711259,14.869066412223932,11.519706916397812,0.217944071822853,0.5032863315859882,42.1576319406056,2.209639111328334,4.882,daily,noise_a0.25_r2,noise,0.25,2,14.577595031336536,noise_a0.25_r2,daily|N02BE|B_rich,-0.0081558737241655,5,linear,0.0,12.91321997584646,0.0,-0.0432456794860125,14.869066412223932,5.0,,,
"LR-XGB (residual, tanpa gerbang)",N02BE,B_rich,pacf_train,1,1,1473,315,317,2014-01-03,2018-01-14,2018-01-15,2018-11-25,2018-11-26,2019-10-08,"{""colsample_bytree"": 0.8, ""learning_rate"": 0.05, ""max_depth"": 3, ""n_estimators"": 100, ""subsample"": 0.8}",12,none,42,173.96248290124697,13.18948379965065,10.468662113672584,0.0815836071066749,0.4405641757071827,36.788764828565625,1.3544647724656906,222.8527884768673,14.928254702974067,11.371058630074623,0.2117055251330701,0.505289729573369,41.29104509016976,2.09316199302279,4.884,daily,noise_a0.25_r2,noise,0.25,2,14.624875116591774,noise_a0.25_r2,daily|N02BE|B_rich,,5,,,,,,,5.0,,,
XGBoost,N02BE,B_rich,pacf_train,1,1,1473,315,317,2014-01-03,2018-01-14,2018-01-15,2018-11-25,2018-11-26,2019-10-08,"{""colsample_bytree"": 0.8, ""learning_rate"": 0.05, ""max_depth"": 3, ""n_estimators"": 100, ""subsample"": 0.8}",12,none,42,173.478082917593,13.171107884972812,10.474258457667466,0.0841409452078882,0.4399503708133838,36.80015485589625,1.3465199043320648,224.8606056318111,14.995352801178472,11.4050416528657,0.2046032977810913,0.5075608577508536,41.39920299851123,2.075320969914418,4.938,daily,noise_a0.25_r2,noise,0.25,2,14.700116364462811,noise_a0.25_r2,daily|N02BE|B_rich,,5,,,,,,,,,,
Naive,N02BE,B_rich,pacf_train,1,1,1473,315,317,2014-01-03,2018-01-14,2018-01-15,2018-11-25,2018-11-26,2019-10-08,{},0,none,42,368.4524382844959,19.1951149588768,15.239139471545313,-0.4448347691424417,0.6543047184412419,60.156689986139526,19.827189814541764,402.78187801957847,20.06942644969154,16.10716306697347,-0.1704032190340438,0.6713965093098104,64.96206424249998,13.65330227560732,0.0,daily,noise_a0.50_r1,noise,0.5,1,18.082611590769456,noise_a0.50_r1,daily|N02BE|B_rich,,5,,,,,,,,,,
S1 [linear],N02BE,B_rich,pacf_train,1,1,1473,315,317,2014-01-03,2018-01-14,2018-01-15,2018-11-25,2018-11-26,2019-10-08,{},0,none,42,237.2221554047169,15.402017900415416,12.33013643580343,0.0697664541576491,0.5250092540392874,46.409489935723066,20.81297902626732,287.53092656419534,16.956736907913484,13.314843896395672,0.1644928920903001,0.5672655368501036,50.163367632190926,10.86562599696892,0.005,daily,noise_a0.50_r1,noise,0.5,1,14.76899946325744,noise_a0.50_r1,daily|N02BE|B_rich,,5,linear,0.0,15.402017900415416,0.0,,16.956736907913484,,,,
AR-LRX [linear],N02BE,B_rich,pacf_train,1,1,1473,315,317,2014-01-03,2018-01-14,2018-01-15,2018-11-25,2018-11-26,2019-10-08,"{""colsample_bytree"": 0.8, ""learning_rate"": 0.05, ""max_depth"": 3, ""n_estimators"": 100, ""subsample"": 0.8}",132,none,42,235.76038691204187,15.354490773452628,12.237495038230268,0.0754985751133071,0.523389194795447,46.07160870826959,20.49449857437142,288.4246330633015,16.98306901191011,13.279500434852029,0.1618959605486715,0.5681464430758214,49.97883789374509,10.910191377553703,4.894,daily,noise_a0.50_r1,noise,0.5,1,14.718012460042305,noise_a0.50_r1,daily|N02BE|B_rich,-0.0229654580718596,5,linear,0.4,15.402017900415416,0.3086,-0.0138070370105112,16.956736907913484,5.0,,,
"LR-XGB (residual, tanpa gerbang)",N02BE,B_rich,pacf_train,1,1,1473,315,317,2014-01-03,2018-01-14,2018-01-15,2018-11-25,2018-11-26,2019-10-08,"{""colsample_bytree"": 0.8, ""learning_rate"": 0.05, ""max_depth"": 3, ""n_estimators"": 100, ""subsample"": 0.8}",12,none,42,239.8200442047425,15.486124247362298,12.171146487776616,0.059579196116641,0.5278761907456369,45.8129222741584,20.01915341967989,294.0584336393225,17.148132074349164,13.375834815622149,0.1455252678998569,0.5736684127352618,50.189901522343504,10.97843156575339,4.909,daily,noise_a0.50_r1,noise,0.5,1,14.787087278647231,noise_a0.50_r1,daily|N02BE|B_rich,,5,,,,,,,5.0,,,
XGBoost,N02BE,B_rich,pacf_train,1,1,1473,315,317,2014-01-03,2018-01-14,2018-01-15,2018-11-25,2018-11-26,2019-10-08,"{""colsample_bytree"": 0.8, ""learning_rate"": 0.05, ""max_depth"": 3, ""n_estimators"": 100, ""subsample"": 0.8}",12,none,42,235.1814495399853,15.33562680623082,12.053529281619287,0.0777687971484708,0.5227461779243215,45.44404019113084,20.16195905328628,296.4713339957777,17.218342951508944,13.418144090703551,0.1385138642133528,0.5760172261385159,50.29244368881653,11.05238041431792,4.866,daily,noise_a0.50_r1,noise,0.5,1,14.892457810270352,noise_a0.50_r1,daily|N02BE|B_rich,,5,,,,,,,,,,
Naive,N02BE,B_rich,pacf_train,1,1,1473,315,317,2014-01-03,2018-01-14,2018-01-15,2018-11-25,2018-11-26,2019-10-08,{},0,none,42,293.6343807829612,17.135763209818265,13.572205651335103,-0.2128950491031165,0.567240130730671,53.0801069677194,1.379621729650033,386.9629539723209,19.67137397266192,15.193387835425908,-0.179968668240904,0.6521695912494468,58.15768360392114,1.7360985666066822,0.0,daily,noise_a0.50_r2,noise,0.5,2,18.350116777489667,noise_a0.50_r2,daily|N02BE|B_rich,,5,,,,,,,,,,
S1 [linear],N02BE,B_rich,pacf_train,1,1,1473,315,317,2014-01-03,2018-01-14,2018-01-15,2018-11-25,2018-11-26,2019-10-08,{},0,none,42,205.4641598925492,14.334021065023911,11.586794080706865,0.1513035304745047,0.4744948843691794,42.53306228899045,2.333298453145442,274.13080204199656,16.556895905996285,12.97269118187868,0.1640911511326669,0.5489145827017222,47.340218955436974,2.333925138673925,0.005,daily,noise_a0.50_r2,noise,0.5,2,14.969342408551691,noise_a0.50_r2,daily|N02BE|B_rich,,5,linear,0.0,14.334021065023911,0.0,,16.556895905996285,,,,
AR-LRX [linear],N02BE,B_rich,pacf_train,1,1,1473,315,317,2014-01-03,2018-01-14,2018-01-15,2018-11-25,2018-11-26,2019-10-08,"{""colsample_bytree"": 0.8, ""learning_rate"": 0.1, ""max_depth"": 3, ""n_estimators"": 500, ""subsample"": 0.8}",132,none,42,204.6490892873123,14.305561481022416,11.541877760636014,0.1546702857540646,0.473552795128573,42.4537309323965,2.288500163568696,275.65200623394804,16.60277104082171,13.02188466175685,0.1594525332337869,0.5504354916107385,47.44990216847017,2.374628471746444,5.271,daily,noise_a0.50_r2,noise,0.5,2,15.03451206070494,noise_a0.50_r2,daily|N02BE|B_rich,-0.0998337402271301,5,linear,0.2,14.334021065023911,0.1985,-0.0725197551108427,16.556895905996285,5.0,,,
"LR-XGB (residual, tanpa gerbang)",N02BE,B_rich,pacf_train,1,1,1473,315,317,2014-01-03,2018-01-14,2018-01-15,2018-11-25,2018-11-26,2019-10-08,"{""colsample_bytree"": 0.8, ""learning_rate"": 0.05, ""max_depth"": 3, ""n_estimators"": 100, ""subsample"": 0.8}",12,none,42,207.473725577388,14.403948263493174,11.63020615218658,0.1430027577125097,0.4768096638578809,42.81810994156331,2.3345689492094865,275.5687527428227,16.600263634738536,12.943871026629322,0.159706398649174,0.5503523629994562,47.169807420830914,2.333726213246174,4.975,daily,noise_a0.50_r2,noise,0.5,2,15.117127632419974,noise_a0.50_r2,daily|N02BE|B_rich,,5,,,,,,,5.0,,,
XGBoost,N02BE,B_rich,pacf_train,1,1,1473,315,317,2014-01-03,2018-01-14,2018-01-15,2018-11-25,2018-11-26,2019-10-08,"{""colsample_bytree"": 0.8, ""learning_rate"": 0.05, ""max_depth"": 3, ""n_estimators"": 100, ""subsample"": 0.8}",12,none,42,207.2120801338704,14.394862977252348,11.649368029570583,0.1440835182903983,0.4765089162989966,42.85512654796319,2.3919172887651783,277.0454675286704,16.644682860561517,13.0580905740636,0.1552034425875119,0.5518250038220469,47.48580420941346,2.4175995294163006,4.878,daily,noise_a0.50_r2,noise,0.5,2,15.11904237770178,noise_a0.50_r2,daily|N02BE|B_rich,,5,,,,,,,,,,
Naive,N02BE,B_rich,pacf_train,1,1,1473,315,317,2014-01-03,2018-01-14,2018-01-15,2018-11-25,2018-11-26,2019-10-08,{},0,none,42,217.44338421587304,14.745961623979396,11.26143492063492,-0.1773857646180414,0.4949864836135261,39.65327459694022,0.6401810403773499,303.06026396845425,17.40862613673044,12.70405047318612,0.1224877423314272,0.5720472306176662,45.596894074517074,0.6091616708490524,0.0,daily,spike,spike,1.5,0,17.44724133084604,spike,daily|N02BE|B_rich,,5,,,,,,,,38.199041685810464,15.800088636380863,14.0
S1 [linear],N02BE,B_rich,pacf_train,1,1,1473,315,317,2014-01-03,2018-01-14,2018-01-15,2018-11-25,2018-11-26,2019-10-08,{},0,none,42,153.57083492845794,12.392370028709518,9.86939933741544,0.1684634804719228,0.4159820716048506,34.57583006066338,0.6084517399038339,243.1319783567029,15.592689901255106,11.815168375472885,0.2960103431394594,0.5123755893104771,40.8066102721798,0.6244617218444682,0.005,daily,spike,spike,1.5,0,14.30628062263356,spike,daily|N02BE|B_rich,,5,linear,0.0,12.392370028709518,0.0,,15.592689901255106,,36.50287550446803,13.885243759113385,14.0
AR-LRX [linear],N02BE,B_rich,pacf_train,1,1,1473,315,317,2014-01-03,2018-01-14,2018-01-15,2018-11-25,2018-11-26,2019-10-08,"{""colsample_bytree"": 0.8, ""learning_rate"": 0.05, ""max_depth"": 3, ""n_estimators"": 100, ""subsample"": 0.8}",132,none,42,153.57083492845794,12.392370028709518,9.86939933741544,0.1684634804719228,0.4159820716048506,34.57583006066338,0.6084517399038339,243.1319783567029,15.592689901255106,11.815168375472885,0.2960103431394594,0.5123755893104771,40.8066102721798,0.6244617218444682,4.685,daily,spike,spike,1.5,0,14.30628062263356,spike,daily|N02BE|B_rich,0.0195564871950189,5,linear,0.0,12.392370028709518,0.0,-0.0358840175845072,15.592689901255106,5.0,36.50287550446803,13.885243759113385,14.0
"LR-XGB (residual, tanpa gerbang)",N02BE,B_rich,pacf_train,1,1,1473,315,317,2014-01-03,2018-01-14,2018-01-15,2018-11-25,2018-11-26,2019-10-08,"{""colsample_bytree"": 0.8, ""learning_rate"": 0.05, ""max_depth"": 3, ""n_estimators"": 100, ""subsample"": 0.8}",12,none,42,159.05322247268745,12.611630444660491,10.002369149886784,0.1387781208829329,0.4233421166839537,34.79414263425038,0.600545415162171,238.29533657753848,15.436817566374827,11.65918132489184,0.3100148595732289,0.5072536263940559,39.97855760441581,0.6046392181671875,5.072,daily,spike,spike,1.5,0,14.0979279184783,spike,daily|N02BE|B_rich,,5,,,,,,,5.0,35.02274227235608,13.879172970103474,14.0
XGBoost,N02BE,B_rich,pacf_train,1,1,1473,315,317,2014-01-03,2018-01-14,2018-01-15,2018-11-25,2018-11-26,2019-10-08,"{""colsample_bytree"": 0.8, ""learning_rate"": 0.05, ""max_depth"": 3, ""n_estimators"": 100, ""subsample"": 0.8}",12,none,42,156.3816289320099,12.505264048871975,9.946712917654857,0.1532439378816074,0.4197716524735772,34.66386722907912,0.5987058025031782,240.3067230316013,15.5018296672232,11.682593879242424,0.304190881710752,0.5093899231905321,40.02362095610158,0.6057661071042567,4.765,daily,spike,spike,1.5,0,14.128051058274291,spike,daily|N02BE|B_rich,,5,,,,,,,,35.29130079246245,13.923478810000889,14.0
Naive,N02BE,B_rich,pacf_train,1,1,1473,315,317,2014-01-03,2018-01-14,2018-01-15,2018-11-25,2018-11-26,2019-10-08,{},0,none,42,217.44338421587304,14.745961623979396,11.26143492063492,-0.1773857646180414,0.4949864836135261,39.65327459694022,0.6401810403773499,302.47812450542585,17.391898243303572,13.436401261829657,-0.0521963778359437,0.5273381932614132,45.67988055627835,0.6093239445934273,0.0,daily,level,level,1.3,0,17.62439290952653,level,daily|N02BE|B_rich,,5,,,,,,,,13.013336755452755,20.891431688007494,159.0
S1 [linear],N02BE,B_rich,pacf_train,1,1,1473,315,317,2014-01-03,2018-01-14,2018-01-15,2018-11-25,2018-11-26,2019-10-08,{},0,none,42,153.57083492845794,12.392370028709518,9.86939933741544,0.1684634804719228,0.4159820716048506,34.57583006066338,0.6084517399038339,227.060365761564,15.068522348311529,11.557350518455836,0.2101508338989435,0.4568913202638686,37.58773819636558,0.5345267961508987,0.005,daily,level,level,1.3,0,14.82379220104124,level,daily|N02BE|B_rich,,5,linear,0.0,12.392370028709518,0.0,,15.068522348311529,,11.8101262580272,17.753759072761657,159.0
AR-LRX [linear],N02BE,B_rich,pacf_train,1,1,1473,315,317,2014-01-03,2018-01-14,2018-01-15,2018-11-25,2018-11-26,2019-10-08,"{""colsample_bytree"": 0.8, ""learning_rate"": 0.05, ""max_depth"": 3, ""n_estimators"": 100, ""subsample"": 0.8}",132,none,42,153.57083492845794,12.392370028709518,9.86939933741544,0.1684634804719228,0.4159820716048506,34.57583006066338,0.6084517399038339,227.060365761564,15.068522348311529,11.557350518455836,0.2101508338989435,0.4568913202638686,37.58773819636558,0.5345267961508987,4.752,daily,level,level,1.3,0,14.82379220104124,level,daily|N02BE|B_rich,-0.0298828554640582,5,linear,0.0,12.392370028709518,0.0,-0.0358840175845072,15.068522348311529,5.0,11.8101262580272,17.753759072761657,159.0
"LR-XGB (residual, tanpa gerbang)",N02BE,B_rich,pacf_train,1,1,1473,315,317,2014-01-03,2018-01-14,2018-01-15,2018-11-25,2018-11-26,2019-10-08,"{""colsample_bytree"": 0.8, ""learning_rate"": 0.05, ""max_depth"": 3, ""n_estimators"": 100, ""subsample"": 0.8}",12,none,42,159.05322247268745,12.611630444660491,10.002369149886784,0.1387781208829329,0.4233421166839537,34.79414263425038,0.600545415162171,230.610209287714,15.185855566536713,11.603535389867671,0.1978023954582903,0.4604489702939474,37.32473613410232,0.5350831123934143,4.678,daily,level,level,1.3,0,14.87562192293311,level,daily|N02BE|B_rich,,5,,,,,,,5.0,12.259687577545064,17.64734461394063,159.0
XGBoost,N02BE,B_rich,pacf_train,1,1,1473,315,317,2014-01-03,2018-01-14,2018-01-15,2018-11-25,2018-11-26,2019-10-08,"{""colsample_bytree"": 0.8, ""learning_rate"": 0.05, ""max_depth"": 3, ""n_estimators"": 100, ""subsample"": 0.8}",12,none,42,156.3816289320099,12.505264048871975,9.946712917654857,0.1532439378816074,0.4197716524735772,34.66386722907912,0.5987058025031782,231.4486457032837,15.213436354199656,11.560927779650765,0.1948858217029131,0.4612852448932715,37.130256021488414,0.5315384150571264,4.46,daily,level,level,1.3,0,14.90620164065522,level,daily|N02BE|B_rich,,5,,,,,,,,12.282036272111522,17.679338349033227,159.0
Naive,N05B,A_lag1,pacf_train,1,1,1473,315,317,2014-01-03,2018-01-14,2018-01-15,2018-11-25,2018-11-26,2019-10-08,{},0,none,42,36.112,6.009326085344346,4.477460317460317,-0.5700891855747092,0.6556309631765964,51.48284895274944,1.037593235641704,34.789652996845426,5.898275425651589,4.513564668769717,-0.8613666472123493,0.6920910978425946,58.41854125142585,1.4696289793176036,0.0,daily,clean,clean,0.0,0,5.898275425651589,clean,daily|N05B|A_lag1,,5,,,,,,,,,,
S1 [linear],N05B,A_lag1,pacf_train,1,1,1473,315,317,2014-01-03,2018-01-14,2018-01-15,2018-11-25,2018-11-26,2019-10-08,{},0,none,42,22.121535572971776,4.703353651701281,3.4966883742269155,0.0381927400468207,0.5131464395559379,39.37344562383443,0.8682197354640178,19.65860909717409,4.433803006130751,3.492097883087328,-0.0518035148951647,0.5202530178203465,44.6846688968021,1.2961836959440327,0.005,daily,clean,clean,0.0,0,4.433803006130751,clean,daily|N05B|A_lag1,,5,linear,0.0,4.703353651701281,0.0,,4.433803006130751,,,,
AR-LRX [linear],N05B,A_lag1,pacf_train,1,1,1473,315,317,2014-01-03,2018-01-14,2018-01-15,2018-11-25,2018-11-26,2019-10-08,"{""colsample_bytree"": 0.8, ""learning_rate"": 0.1, ""max_depth"": 5, ""n_estimators"": 300, ""subsample"": 0.8}",132,none,42,22.10774987857504,4.701887905785828,3.494233499488412,0.0387921189150073,0.5129865233868578,39.34498570944101,0.8683921553124293,19.678215520328784,4.436013471612635,3.489299279086933,-0.0528525262818144,0.5205123891402151,44.652227133530346,1.2942116064786042,5.3,daily,clean,clean,0.0,0,4.436013471612635,clean,daily|N05B|A_lag1,-0.093064108117352,5,linear,0.1,4.703353651701281,0.0312,-0.0265945307878152,4.433803006130751,5.0,,,
"LR-XGB (residual, tanpa gerbang)",N05B,A_lag1,pacf_train,1,1,1473,315,317,2014-01-03,2018-01-14,2018-01-15,2018-11-25,2018-11-26,2019-10-08,"{""colsample_bytree"": 0.8, ""learning_rate"": 0.05, ""max_depth"": 3, ""n_estimators"": 100, ""subsample"": 0.8}",12,none,42,22.4817847056052,4.741496040872037,3.516905800497767,0.0225297120433756,0.5173078598208269,39.52596424193362,0.878376853860614,20.16949514709152,4.49104610832393,3.519230915716045,-0.0791376838772064,0.5269698017244173,44.89894351903723,1.2859621683890237,4.942,daily,clean,clean,0.0,0,4.49104610832393,clean,daily|N05B|A_lag1,,5,,,,,,,5.0,,,
XGBoost,N05B,A_lag1,pacf_train,1,1,1473,315,317,2014-01-03,2018-01-14,2018-01-15,2018-11-25,2018-11-26,2019-10-08,"{""colsample_bytree"": 0.8, ""learning_rate"": 0.05, ""max_depth"": 3, ""n_estimators"": 100, ""subsample"": 0.8}",12,none,42,22.54809776265884,4.748483733009816,3.513976276639908,0.0196465315564927,0.5180702327161583,39.508421515890255,0.8808568297522316,19.87770140679056,4.458441589478386,3.49944596756896,-0.063525710509412,0.5231440568050963,44.77593477520431,1.2772689667062351,4.595,daily,clean,clean,0.0,0,4.458441589478386,clean,daily|N05B|A_lag1,,5,,,,,,,,,,
Naive,N05B,A_lag1,pacf_train,1,1,1473,315,317,2014-01-03,2018-01-14,2018-01-15,2018-11-25,2018-11-26,2019-10-08,{},0,none,42,36.63374116624571,6.052581363868288,4.51775523850526,-0.5797395685245483,0.6636070832617245,52.49124119152656,17.847197527973456,35.392063327813645,5.949122904077007,4.5609974185932485,-0.8538717674638223,0.6951283261329079,59.48325802085493,5.018159097073162,0.0,daily,noise_a0.10_r1,noise,0.1,1,5.937946417701423,noise_a0.10_r1,daily|N05B|A_lag1,,5,,,,,,,,,,
S1 [linear],N05B,A_lag1,pacf_train,1,1,1473,315,317,2014-01-03,2018-01-14,2018-01-15,2018-11-25,2018-11-26,2019-10-08,{},0,none,42,22.3678169946652,4.7294626539032105,3.530898954889646,0.035443161329469,0.5185398970243834,40.00179799827227,13.99999087399087,20.013804413690945,4.4736790691433095,3.489109137720004,-0.0483431445751916,0.5227293322278219,44.48011540421118,4.34190172907274,0.006,daily,noise_a0.10_r1,noise,0.1,1,4.439538639451412,noise_a0.10_r1,daily|N05B|A_lag1,,5,linear,0.0,4.7294626539032105,0.0,,4.4736790691433095,,,,
AR-LRX [linear],N05B,A_lag1,pacf_train,1,1,1473,315,317,2014-01-03,2018-01-14,2018-01-15,2018-11-25,2018-11-26,2019-10-08,"{""colsample_bytree"": 0.8, ""learning_rate"": 0.05, ""max_depth"": 5, ""n_estimators"": 100, ""subsample"": 0.8}",132,none,42,22.137266734862905,4.705025689075768,3.505766032304328,0.0453850716107721,0.5158606198733623,39.81721284508319,13.683351771693344,20.119119615487776,4.485434161314574,3.5166817380571422,-0.0538596604529892,0.5241028620197429,44.85219698637988,4.121142929011654,4.936,daily,noise_a0.10_r1,noise,0.1,1,4.452103978258882,noise_a0.10_r1,daily|N05B|A_lag1,-0.0591576880732471,5,linear,0.4,4.7294626539032105,0.5167,-0.0158968320762704,4.4736790691433095,5.0,,,
"LR-XGB (residual, tanpa gerbang)",N05B,A_lag1,pacf_train,1,1,1473,315,317,2014-01-03,2018-01-14,2018-01-15,2018-11-25,2018-11-26,2019-10-08,"{""colsample_bytree"": 0.8, ""learning_rate"": 0.05, ""max_depth"": 3, ""n_estimators"": 100, ""subsample"": 0.8}",12,none,42,22.37720822780512,4.730455393279289,3.530222721783205,0.0350381876053539,0.5186487413078706,40.10381704179918,14.524242442969983,20.74163044674628,4.554298019096498,3.577069162657279,-0.0864674020339566,0.5321492949078914,45.50739381711338,3.937658945410431,5.158,daily,noise_a0.10_r1,noise,0.1,1,4.5210577802220655,noise_a0.10_r1,daily|N05B|A_lag1,,5,,,,,,,5.0,,,
XGBoost,N05B,A_lag1,pacf_train,1,1,1473,315,317,2014-01-03,2018-01-14,2018-01-15,2018-11-25,2018-11-26,2019-10-08,"{""colsample_bytree"": 0.8, ""learning_rate"": 0.05, ""max_depth"": 3, ""n_estimators"": 100, ""subsample"": 0.8}",12,none,42,22.27668991695506,4.719818843658628,3.515281678635055,0.0393727913874374,0.5174825463828635,39.97690145356673,14.13317864217961,20.59747797732916,4.538444444667045,3.5708976942862054,-0.0789165511330829,0.5302968758481311,45.47880408068893,3.9244936931123098,4.899,daily,noise_a0.10_r1,noise,0.1,1,4.503752563987577,noise_a0.10_r1,daily|N05B|A_lag1,,5,,,,,,,,,,
Naive,N05B,A_lag1,pacf_train,1,1,1473,315,317,2014-01-03,2018-01-14,2018-01-15,2018-11-25,2018-11-26,2019-10-08,{},0,none,42,36.60522399980791,6.050225119762728,4.4678660956988345,-0.5779899363931802,0.6583452688147516,51.44688187999381,5.276026446205021,35.12506286085919,5.926640098813087,4.546859414725666,-0.8698225067696403,0.696395959792217,59.47630830929009,19.28156973558226,0.0,daily,noise_a0.10_r2,noise,0.1,2,5.946653725899411,noise_a0.10_r2,daily|N05B|A_lag1,,5,,,,,,,,,,
S1 [linear],N05B,A_lag1,pacf_train,1,1,1473,315,317,2014-01-03,2018-01-14,2018-01-15,2018-11-25,2018-11-26,2019-10-08,{},0,none,42,22.35704020418364,4.7283231915959,3.4597734482546016,0.0362254182647635,0.5145046904860137,38.94217884336345,12.798473951416469,19.770681289291563,4.446423426675822,3.484947889847353,-0.0524583257068231,0.522466567605924,44.82276868785154,16.135837879871616,0.006,daily,noise_a0.10_r2,noise,0.1,2,4.445638552602466,noise_a0.10_r2,daily|N05B|A_lag1,,5,linear,0.0,4.7283231915959,0.0,,4.446423426675822,,,,
AR-LRX [linear],N05B,A_lag1,pacf_train,1,1,1473,315,317,2014-01-03,2018-01-14,2018-01-15,2018-11-25,2018-11-26,2019-10-08,"{""colsample_bytree"": 0.8, ""learning_rate"": 0.1, ""max_depth"": 3, ""n_estimators"": 100, ""subsample"": 0.8}",132,none,42,22.35404713296792,4.728006676493585,3.457623067845471,0.0363544445550366,0.514470249417129,38.92531740451438,12.798428483395488,19.7736286783316,4.446754848013503,3.4850626845465844,-0.0526152249096827,0.5225055104937495,44.80087066903611,16.040145577198185,5.094,daily,noise_a0.10_r2,noise,0.1,2,4.446854630209213,noise_a0.10_r2,daily|N05B|A_lag1,-0.0526604952080866,5,linear,0.1,4.7283231915959,0.0067,-0.0450823444817103,4.446423426675822,5.0,,,
"LR-XGB (residual, tanpa gerbang)",N05B,A_lag1,pacf_train,1,1,1473,315,317,2014-01-03,2018-01-14,2018-01-15,2018-11-25,2018-11-26,2019-10-08,"{""colsample_bytree"": 0.8, ""learning_rate"": 0.05, ""max_depth"": 3, ""n_estimators"": 100, ""subsample"": 0.8}",12,none,42,23.00381788425506,4.796229548745041,3.497170103040442,0.0083439150606909,0.5218938087529609,39.33223949138894,12.618924817632443,20.293222004999144,4.50479988512244,3.528698250427964,-0.0802748849199401,0.529325956590476,45.05294240987977,15.390337287828254,4.964,daily,noise_a0.10_r2,noise,0.1,2,4.514917734303864,noise_a0.10_r2,daily|N05B|A_lag1,,5,,,,,,,5.0,,,
XGBoost,N05B,A_lag1,pacf_train,1,1,1473,315,317,2014-01-03,2018-01-14,2018-01-15,2018-11-25,2018-11-26,2019-10-08,"{""colsample_bytree"": 0.8, ""learning_rate"": 0.05, ""max_depth"": 3, ""n_estimators"": 100, ""subsample"": 0.8}",12,none,42,22.99961300473207,4.795791176097231,3.473534150852312,0.0085251803787521,0.5218461079562219,39.09057063235141,12.97037278669068,19.97298678352456,4.469114765087663,3.504350295528366,-0.063227711881546,0.525132860164409,44.8927192948911,15.29430803929816,5.036,daily,noise_a0.10_r2,noise,0.1,2,4.478065247963766,noise_a0.10_r2,daily|N05B|A_lag1,,5,,,,,,,,,,
Naive,N05B,A_lag1,pacf_train,1,1,1473,315,317,2014-01-03,2018-01-14,2018-01-15,2018-11-25,2018-11-26,2019-10-08,{},0,none,42,43.020831543733614,6.559026722291472,4.938083497526271,-0.649233405278759,0.7087658183718574,56.61787680997282,1.5455599020116442,39.98185648554348,6.323120786885498,4.844898215812932,-0.9178546801725812,0.7452333218910101,64.34760081550309,3.672226912801417,0.0,daily,noise_a0.25_r1,noise,0.25,1,6.087507500909115,noise_a0.25_r1,daily|N05B|A_lag1,,5,,,,,,,,,,
S1 [linear],N05B,A_lag1,pacf_train,1,1,1473,315,317,2014-01-03,2018-01-14,2018-01-15,2018-11-25,2018-11-26,2019-10-08,{},0,none,42,25.59762390194786,5.059409442014736,3.8262630202406873,0.0186973398703718,0.5467177716261976,43.556198157185264,1.492853657902083,22.001980061685085,4.690626830359146,3.688888942223171,-0.0553937246416729,0.5528300869706201,48.270456320305776,2.935404477826306,0.006,daily,noise_a0.25_r1,noise,0.25,1,4.429567094776014,noise_a0.25_r1,daily|N05B|A_lag1,,5,linear,0.0,5.059409442014736,0.0,,4.690626830359146,,,,
AR-LRX [linear],N05B,A_lag1,pacf_train,1,1,1473,315,317,2014-01-03,2018-01-14,2018-01-15,2018-11-25,2018-11-26,2019-10-08,"{""colsample_bytree"": 0.8, ""learning_rate"": 0.05, ""max_depth"": 3, ""n_estimators"": 100, ""subsample"": 0.8}",132,none,42,25.59762390194786,5.059409442014736,3.8262630202406873,0.0186973398703718,0.5467177716261976,43.556198157185264,1.492853657902083,22.001980061685085,4.690626830359146,3.688888942223171,-0.0553937246416729,0.5528300869706201,48.270456320305776,2.935404477826306,4.968,daily,noise_a0.25_r1,noise,0.25,1,4.429567094776014,noise_a0.25_r1,daily|N05B|A_lag1,-0.0209859406162042,5,linear,0.0,5.059409442014736,0.0,-0.0329443955892445,4.690626830359146,5.0,,,
"LR-XGB (residual, tanpa gerbang)",N05B,A_lag1,pacf_train,1,1,1473,315,317,2014-01-03,2018-01-14,2018-01-15,2018-11-25,2018-11-26,2019-10-08,"{""colsample_bytree"": 0.8, ""learning_rate"": 0.05, ""max_depth"": 3, ""n_estimators"": 100, ""subsample"": 0.8}",12,none,42,26.35158614003738,5.133379602176073,3.847763487587136,-0.0102063252787296,0.5547109577072464,43.63018925996572,1.5157359900512142,22.361114804992145,4.728754043613618,3.769012014572102,-0.0726207448155127,0.5573237018715103,49.15978675091884,2.912456721263679,5.081,daily,noise_a0.25_r1,noise,0.25,1,4.4878421980599015,noise_a0.25_r1,daily|N05B|A_lag1,,5,,,,,,,5.0,,,
XGBoost,N05B,A_lag1,pacf_train,1,1,1473,315,317,2014-01-03,2018-01-14,2018-01-15,2018-11-25,2018-11-26,2019-10-08,"{""colsample_bytree"": 0.8, ""learning_rate"": 0.05, ""max_depth"": 3, ""n_estimators"": 100, ""subsample"": 0.8}",12,none,42,26.400442748162494,5.138136116157541,3.845671188679077,-0.0120792772254312,0.5552249447159004,43.62076548693959,1.5075913269788583,22.445556265559297,4.737674140921819,3.777338175398697,-0.0766712433312051,0.5583750108647482,49.26498062788844,2.921484919719304,4.866,daily,noise_a0.25_r1,noise,0.25,1,4.492113250341939,noise_a0.25_r1,daily|N05B|A_lag1,,5,,,,,,,,,,
Naive,N05B,A_lag1,pacf_train,1,1,1473,315,317,2014-01-03,2018-01-14,2018-01-15,2018-11-25,2018-11-26,2019-10-08,{},0,none,42,40.04102335280203,6.327797670027229,4.740457131045039,-0.6331415512506771,0.6878724931565191,55.53889538753856,1.1997585356522722,39.01602342196124,6.246280767141455,4.814716314671177,-0.8869004977813026,0.7257733085298552,64.26342880306912,3.030532731867208,0.0,daily,noise_a0.25_r2,noise,0.25,2,6.057034957216702,noise_a0.25_r2,daily|N05B|A_lag1,,5,,,,,,,,,,
S1 [linear],N05B,A_lag1,pacf_train,1,1,1473,315,317,2014-01-03,2018-01-14,2018-01-15,2018-11-25,2018-11-26,2019-10-08,{},0,none,42,23.944181254326665,4.89327919235421,3.6760673032058055,0.0233956566851343,0.5319310656374265,42.25624824498338,1.105460248815634,21.61160180719813,4.648828003615334,3.5919416939984776,-0.0451844814328235,0.5401606822925791,46.60465485560377,2.4674751339075893,0.006,daily,noise_a0.25_r2,noise,0.25,2,4.424686611250711,noise_a0.25_r2,daily|N05B|A_lag1,,5,linear,0.0,4.89327919235421,0.0,,4.648828003615334,,,,
AR-LRX [linear],N05B,A_lag1,pacf_train,1,1,1473,315,317,2014-01-03,2018-01-14,2018-01-15,2018-11-25,2018-11-26,2019-10-08,"{""colsample_bytree"": 0.8, ""learning_rate"": 0.05, ""max_depth"": 3, ""n_estimators"": 100, ""subsample"": 0.8}",132,none,42,23.944181254326665,4.89327919235421,3.6760673032058055,0.0233956566851343,0.5319310656374265,42.25624824498338,1.105460248815634,21.61160180719813,4.648828003615334,3.5919416939984776,-0.0451844814328235,0.5401606822925791,46.60465485560377,2.4674751339075893,4.984,daily,noise_a0.25_r2,noise,0.25,2,4.424686611250711,noise_a0.25_r2,daily|N05B|A_lag1,-0.0343232237172115,5,linear,0.0,4.89327919235421,0.0,-0.0412673716406055,4.648828003615334,5.0,,,
"LR-XGB (residual, tanpa gerbang)",N05B,A_lag1,pacf_train,1,1,1473,315,317,2014-01-03,2018-01-14,2018-01-15,2018-11-25,2018-11-26,2019-10-08,"{""colsample_bytree"": 0.8, ""learning_rate"": 0.05, ""max_depth"": 3, ""n_estimators"": 100, ""subsample"": 0.8}",12,none,42,24.86788942467868,4.986771442995827,3.740223982055157,-0.0142793592838579,0.5420942773728906,42.86165573782511,1.1289035344383145,22.303650772812784,4.722674112493131,3.7076418430855655,-0.0786534878352622,0.5487410738504216,47.98466374077204,2.435429436445518,5.026,daily,noise_a0.25_r2,noise,0.25,2,4.497357399686258,noise_a0.25_r2,daily|N05B|A_lag1,,5,,,,,,,5.0,,,
XGBoost,N05B,A_lag1,pacf_train,1,1,1473,315,317,2014-01-03,2018-01-14,2018-01-15,2018-11-25,2018-11-26,2019-10-08,"{""colsample_bytree"": 0.8, ""learning_rate"": 0.05, ""max_depth"": 3, ""n_estimators"": 100, ""subsample"": 0.8}",12,none,42,24.59325951582826,4.9591591541135545,3.714645159602561,-0.0030781092206921,0.5390926431573762,42.6359140539122,1.1495057876112893,22.263117862218166,4.718380851756052,3.708589148032324,-0.0766932273456078,0.5482422275504086,48.03630441194412,2.4548638214799143,4.88,daily,noise_a0.25_r2,noise,0.25,2,4.4932868845791685,noise_a0.25_r2,daily|N05B|A_lag1,,5,,,,,,,,,,
Naive,N05B,A_lag1,pacf_train,1,1,1473,315,317,2014-01-03,2018-01-14,2018-01-15,2018-11-25,2018-11-26,2019-10-08,{},0,none,42,46.26064934521585,6.801518164734683,5.213758146208697,-0.5043038051406927,0.717429672890138,61.704613804820006,5.586478199719272,52.05190938286521,7.214700921234726,5.547925899001598,-0.9158779748473884,0.832951301365319,72.80271709116276,3.311618596778481,0.0,daily,noise_a0.50_r1,noise,0.5,1,6.611767428298292,noise_a0.50_r1,daily|N05B|A_lag1,,5,,,,,,,,,,
S1 [linear],N05B,A_lag1,pacf_train,1,1,1473,315,317,2014-01-03,2018-01-14,2018-01-15,2018-11-25,2018-11-26,2019-10-08,{},0,none,42,29.009985611622287,5.386091868100867,3.9816964380249575,0.0566532817777392,0.5681293548730192,45.66561860734531,7.173924668572091,28.175557783033703,5.308065352181876,4.220827566043393,-0.0370595666049471,0.6128265039814541,54.82231592277018,878.1073802673604,0.008,daily,noise_a0.50_r1,noise,0.5,1,4.455125432148863,noise_a0.50_r1,daily|N05B|A_lag1,,5,linear,0.0,5.386091868100867,0.0,,5.308065352181876,,,,
AR-LRX [linear],N05B,A_lag1,pacf_train,1,1,1473,315,317,2014-01-03,2018-01-14,2018-01-15,2018-11-25,2018-11-26,2019-10-08,"{""colsample_bytree"": 0.8, ""learning_rate"": 0.05, ""max_depth"": 3, ""n_estimators"": 100, ""subsample"": 0.8}",132,none,42,29.009985611622287,5.386091868100867,3.9816964380249575,0.0566532817777392,0.5681293548730192,45.66561860734531,7.173924668572091,28.175557783033703,5.308065352181876,4.220827566043393,-0.0370595666049471,0.6128265039814541,54.82231592277018,878.1073802673604,5.041,daily,noise_a0.50_r1,noise,0.5,1,4.455125432148863,noise_a0.50_r1,daily|N05B|A_lag1,-0.0228784359984515,5,linear,0.0,5.386091868100867,0.0,-0.0317862805146316,5.308065352181876,5.0,,,
"LR-XGB (residual, tanpa gerbang)",N05B,A_lag1,pacf_train,1,1,1473,315,317,2014-01-03,2018-01-14,2018-01-15,2018-11-25,2018-11-26,2019-10-08,"{""colsample_bytree"": 0.8, ""learning_rate"": 0.05, ""max_depth"": 3, ""n_estimators"": 100, ""subsample"": 0.8}",12,none,42,29.82599854686896,5.461318389076849,4.049941711992453,0.0301181729777038,0.5760643095447998,46.230499290306426,7.775863073613758,28.68379323464972,5.355725276248747,4.24682813757839,-0.0557662215448382,0.6183289352267508,55.06527928270999,919.6985170149652,5.45,daily,noise_a0.50_r1,noise,0.5,1,4.49064754728532,noise_a0.50_r1,daily|N05B|A_lag1,,5,,,,,,,5.0,,,
XGBoost,N05B,A_lag1,pacf_train,1,1,1473,315,317,2014-01-03,2018-01-14,2018-01-15,2018-11-25,2018-11-26,2019-10-08,"{""colsample_bytree"": 0.8, ""learning_rate"": 0.05, ""max_depth"": 3, ""n_estimators"": 100, ""subsample"": 0.8}",12,none,42,29.89011429228868,5.467185225716125,4.044788533482816,0.0280332571546557,0.5766831482494935,46.2159488537316,7.849610726500344,28.62427789534372,5.350166155863172,4.256969909073407,-0.0535756366250184,0.6176871239292121,55.19160371142363,929.9002966214422,4.998,daily,noise_a0.50_r1,noise,0.5,1,4.477226341414043,noise_a0.50_r1,daily|N05B|A_lag1,,5,,,,,,,,,,
Naive,N05B,A_lag1,pacf_train,1,1,1473,315,317,2014-01-03,2018-01-14,2018-01-15,2018-11-25,2018-11-26,2019-10-08,{},0,none,42,52.02619955181739,7.212918934233033,5.675125861850447,-0.7130212917222649,0.7996984324876759,71.67592594193255,2.931193347782484,44.68553989050654,6.684724369075103,5.264872703001664,-0.8129901669749613,0.7625343072536831,70.62360530710025,3.497614042104852,0.0,daily,noise_a0.50_r2,noise,0.5,2,6.403733301784637,noise_a0.50_r2,daily|N05B|A_lag1,,5,,,,,,,,,,
S1 [linear],N05B,A_lag1,pacf_train,1,1,1473,315,317,2014-01-03,2018-01-14,2018-01-15,2018-11-25,2018-11-26,2019-10-08,{},0,none,42,29.91731331218716,5.46967213936879,4.236616356754263,0.0149387205602197,0.6064241503276845,52.23287025534111,3.148800042071132,24.8830050935493,4.988286789424732,4.009438904363667,-0.0095579838563606,0.5690196934601466,51.49629520673664,3.2304477525073194,0.005,daily,noise_a0.50_r2,noise,0.5,2,4.423779949785298,noise_a0.50_r2,daily|N05B|A_lag1,,5,linear,0.0,5.46967213936879,0.0,,4.988286789424732,,,,
AR-LRX [linear],N05B,A_lag1,pacf_train,1,1,1473,315,317,2014-01-03,2018-01-14,2018-01-15,2018-11-25,2018-11-26,2019-10-08,"{""colsample_bytree"": 0.8, ""learning_rate"": 0.05, ""max_depth"": 3, ""n_estimators"": 100, ""subsample"": 0.8}",132,none,42,29.8084117651036,5.459708029290907,4.233274567072372,0.0185244268094305,0.6053194265281974,52.24876543282875,3.000123377067111,24.87204777186892,4.987188363383613,3.999952480666889,-0.0091134213309531,0.5688943947202002,51.50246615532163,3.250147865867356,5.367,daily,noise_a0.50_r2,noise,0.5,2,4.429703251925002,noise_a0.50_r2,daily|N05B|A_lag1,-0.0187330113394552,5,linear,0.4,5.46967213936879,0.1822,-0.0077910074930187,4.988286789424732,5.0,,,
"LR-XGB (residual, tanpa gerbang)",N05B,A_lag1,pacf_train,1,1,1473,315,317,2014-01-03,2018-01-14,2018-01-15,2018-11-25,2018-11-26,2019-10-08,"{""colsample_bytree"": 0.8, ""learning_rate"": 0.05, ""max_depth"": 3, ""n_estimators"": 100, ""subsample"": 0.8}",12,none,42,30.14663880454167,5.4905954872437714,4.268991865481848,0.0073879201073305,0.6087439280280276,52.60447334391226,2.78387769901698,25.29028831208888,5.028945049619142,4.00870075251996,-0.0260823555478624,0.5736576286328984,51.69584227153917,3.2837178997103726,4.931,daily,noise_a0.50_r2,noise,0.5,2,4.487272022288916,noise_a0.50_r2,daily|N05B|A_lag1,,5,,,,,,,5.0,,,
XGBoost,N05B,A_lag1,pacf_train,1,1,1473,315,317,2014-01-03,2018-01-14,2018-01-15,2018-11-25,2018-11-26,2019-10-08,"{""colsample_bytree"": 0.8, ""learning_rate"": 0.05, ""max_depth"": 3, ""n_estimators"": 100, ""subsample"": 0.8}",12,none,42,30.04548084529636,5.481375816827045,4.264861746282146,0.0107186599942946,0.6077217404715702,52.59288237668192,2.772456722429072,25.01837116431772,5.001836779056042,4.010998744463247,-0.0150500816545862,0.5705653565849577,51.8510757019771,3.3013576059500096,5.104,daily,noise_a0.50_r2,noise,0.5,2,4.457873161704273,noise_a0.50_r2,daily|N05B|A_lag1,,5,,,,,,,,,,
Naive,N05B,A_lag1,pacf_train,1,1,1473,315,317,2014-01-03,2018-01-14,2018-01-15,2018-11-25,2018-11-26,2019-10-08,{},0,none,42,36.112,6.009326085344346,4.477460317460317,-0.5700891855747092,0.6556309631765964,51.48284895274944,1.037593235641704,35.90637223974763,5.992192607030221,4.59242902208202,-0.8562602479127643,0.6909625173433414,58.37978987476391,1.469491786654029,0.0,daily,spike,spike,1.5,0,5.974992575526979,spike,daily|N05B|A_lag1,,5,,,,,,,,7.606388292556649,5.906957356754952,14.0
S1 [linear],N05B,A_lag1,pacf_train,1,1,1473,315,317,2014-01-03,2018-01-14,2018-01-15,2018-11-25,2018-11-26,2019-10-08,{},0,none,42,22.121535572971776,4.703353651701281,3.4966883742269155,0.0381927400468207,0.5131464395559379,39.37344562383443,0.8682197354640178,20.26378746867616,4.501531680292404,3.5666476429642726,-0.0475818302974497,0.519073712361388,44.98103533004657,1.2956926828627555,0.005,daily,spike,spike,1.5,0,4.450562742556318,spike,daily|N05B|A_lag1,,5,linear,0.0,4.703353651701281,0.0,,4.501531680292404,,5.630694721674097,4.442427645158777,14.0
AR-LRX [linear],N05B,A_lag1,pacf_train,1,1,1473,315,317,2014-01-03,2018-01-14,2018-01-15,2018-11-25,2018-11-26,2019-10-08,"{""colsample_bytree"": 0.8, ""learning_rate"": 0.1, ""max_depth"": 5, ""n_estimators"": 300, ""subsample"": 0.8}",132,none,42,22.10774987857504,4.701887905785828,3.494233499488412,0.0387921189150073,0.5129865233868578,39.34498570944101,0.8683921553124293,20.32729595390452,4.508580259228455,3.5654944555140515,-0.0508650435317867,0.5198864872778073,44.94591288625261,1.2937707637026163,5.08,daily,spike,spike,1.5,0,4.458729442437162,spike,daily|N05B|A_lag1,-0.1096169327939422,5,linear,0.1,4.703353651701281,0.0312,-0.0265945307878152,4.501531680292404,5.0,5.668623989273421,4.447674011586647,14.0
"LR-XGB (residual, tanpa gerbang)",N05B,A_lag1,pacf_train,1,1,1473,315,317,2014-01-03,2018-01-14,2018-01-15,2018-11-25,2018-11-26,2019-10-08,"{""colsample_bytree"": 0.8, ""learning_rate"": 0.05, ""max_depth"": 3, ""n_estimators"": 100, ""subsample"": 0.8}",12,none,42,22.4817847056052,4.741496040872037,3.516905800497767,0.0225297120433756,0.5173078598208269,39.52596424193362,0.878376853860614,21.11816268176172,4.595450215350147,3.6066651320017136,-0.0917506684708902,0.5299035023338534,45.175985865448204,1.2857615268235287,4.888,daily,spike,spike,1.5,0,4.553023671484201,spike,daily|N05B|A_lag1,,5,,,,,,,5.0,5.946710718043528,4.523269653669321,14.0
XGBoost,N05B,A_lag1,pacf_train,1,1,1473,315,317,2014-01-03,2018-01-14,2018-01-15,2018-11-25,2018-11-26,2019-10-08,"{""colsample_bytree"": 0.8, ""learning_rate"": 0.05, ""max_depth"": 3, ""n_estimators"": 100, ""subsample"": 0.8}",12,none,42,22.54809776265884,4.748483733009816,3.513976276639908,0.0196465315564927,0.5180702327161583,39.508421515890255,0.8808568297522316,20.81608229872482,4.562464498352269,3.586180913786784,-0.0761339472114552,0.5260999039604485,45.05214616298608,1.276993684619757,4.889,daily,spike,spike,1.5,0,4.518610556124619,spike,daily|N05B|A_lag1,,5,,,,,,,,5.8934358604691255,4.491444702530803,14.0
Naive,N05B,A_lag1,pacf_train,1,1,1473,315,317,2014-01-03,2018-01-14,2018-01-15,2018-11-25,2018-11-26,2019-10-08,{},0,none,42,36.112,6.009326085344346,4.477460317460317,-0.5700891855747092,0.6556309631765964,51.48284895274944,1.037593235641704,43.10073943217666,6.565115340355923,5.080252365930599,-0.8248810968939388,0.6768248189812958,58.336550482426986,1.4694864795652434,0.0,daily,level,level,1.3,0,6.441138778951753,level,daily|N05B|A_lag1,,5,,,,,,,,6.38954255702631,6.737181922225683,159.0
S1 [linear],N05B,A_lag1,pacf_train,1,1,1473,315,317,2014-01-03,2018-01-14,2018-01-15,2018-11-25,2018-11-26,2019-10-08,{},0,none,42,22.121535572971776,4.703353651701281,3.4966883742269155,0.0381927400468207,0.5131464395559379,39.37344562383443,0.8682197354640178,24.89747491951803,4.989736958950645,3.893894462463034,-0.0541566557695796,0.5144125638199314,44.39785563209573,1.137796124323486,0.005,daily,level,level,1.3,0,4.538538858645672,level,daily|N05B|A_lag1,,5,linear,0.0,4.703353651701281,0.0,,4.989736958950645,,5.0743707946827605,4.903092897900862,159.0
AR-LRX [linear],N05B,A_lag1,pacf_train,1,1,1473,315,317,2014-01-03,2018-01-14,2018-01-15,2018-11-25,2018-11-26,2019-10-08,"{""colsample_bytree"": 0.8, ""learning_rate"": 0.1, ""max_depth"": 5, ""n_estimators"": 300, ""subsample"": 0.8}",132,none,42,22.10774987857504,4.701887905785828,3.494233499488412,0.0387921189150073,0.5129865233868578,39.34498570944101,0.8683921553124293,24.81459407886706,4.981424904469309,3.901251303839551,-0.0506474890733414,0.5135556398394628,44.38370955646712,1.1872034501482296,5.064,daily,level,level,1.3,0,4.6264334043646524,level,daily|N05B|A_lag1,-0.6413607191700612,5,linear,0.1,4.703353651701281,0.0312,-0.0265945307878152,4.989736958950645,5.0,5.044159196400353,4.917485686412048,159.0
"LR-XGB (residual, tanpa gerbang)",N05B,A_lag1,pacf_train,1,1,1473,315,317,2014-01-03,2018-01-14,2018-01-15,2018-11-25,2018-11-26,2019-10-08,"{""colsample_bytree"": 0.8, ""learning_rate"": 0.05, ""max_depth"": 3, ""n_estimators"": 100, ""subsample"": 0.8}",12,none,42,22.4817847056052,4.741496040872037,3.516905800497767,0.0225297120433756,0.5173078598208269,39.52596424193362,0.878376853860614,25.674662886177305,5.067017158662215,4.002988316151543,-0.0870627183516787,0.5223796983589243,45.21869472587567,1.2499768219642773,4.925,daily,level,level,1.3,0,4.827486464472667,level,daily|N05B|A_lag1,,5,,,,,,,5.0,5.145351664818239,4.986944841047793,159.0
XGBoost,N05B,A_lag1,pacf_train,1,1,1473,315,317,2014-01-03,2018-01-14,2018-01-15,2018-11-25,2018-11-26,2019-10-08,"{""colsample_bytree"": 0.8, ""learning_rate"": 0.05, ""max_depth"": 3, ""n_estimators"": 100, ""subsample"": 0.8}",12,none,42,22.54809776265884,4.748483733009816,3.513976276639908,0.0196465315564927,0.5180702327161583,39.508421515890255,0.8808568297522316,25.25026936909797,5.024964613715999,3.973076129215373,-0.0690939382990507,0.5180443280500483,45.03234603653407,1.2297215086671915,5.306,daily,level,level,1.3,0,4.7672423346317485,level,daily|N05B|A_lag1,,5,,,,,,,,5.1088327928175055,4.939128172001321,159.0
Naive,N05B,B_rich,pacf_train,1,1,1473,315,317,2014-01-03,2018-01-14,2018-01-15,2018-11-25,2018-11-26,2019-10-08,{},0,none,42,36.112,6.009326085344346,4.477460317460317,-0.5700891855747092,0.6556309631765964,51.48284895274944,1.037593235641704,34.789652996845426,5.898275425651589,4.513564668769717,-0.8613666472123493,0.6920910978425946,58.41854125142585,1.4696289793176036,0.0,daily,clean,clean,0.0,0,5.898275425651589,clean,daily|N05B|B_rich,,5,,,,,,,,,,
S1 [linear],N05B,B_rich,pacf_train,1,1,1473,315,317,2014-01-03,2018-01-14,2018-01-15,2018-11-25,2018-11-26,2019-10-08,{},0,none,42,22.121535572971776,4.703353651701281,3.4966883742269155,0.0381927400468207,0.5131464395559379,39.37344562383443,0.8682197354640178,19.65860909717409,4.433803006130751,3.492097883087328,-0.0518035148951647,0.5202530178203465,44.6846688968021,1.2961836959440327,0.005,daily,clean,clean,0.0,0,4.433803006130751,clean,daily|N05B|B_rich,,5,linear,0.0,4.703353651701281,0.0,,4.433803006130751,,,,
AR-LRX [linear],N05B,B_rich,pacf_train,1,1,1473,315,317,2014-01-03,2018-01-14,2018-01-15,2018-11-25,2018-11-26,2019-10-08,"{""colsample_bytree"": 0.8, ""learning_rate"": 0.1, ""max_depth"": 5, ""n_estimators"": 300, ""subsample"": 0.8}",132,none,42,22.10774987857504,4.701887905785828,3.494233499488412,0.0387921189150073,0.5129865233868578,39.34498570944101,0.8683921553124293,19.678215520328784,4.436013471612635,3.489299279086933,-0.0528525262818144,0.5205123891402151,44.652227133530346,1.2942116064786042,5.005,daily,clean,clean,0.0,0,4.436013471612635,clean,daily|N05B|B_rich,-0.093064108117352,5,linear,0.1,4.703353651701281,0.0312,-0.0265945307878152,4.433803006130751,5.0,,,
"LR-XGB (residual, tanpa gerbang)",N05B,B_rich,pacf_train,1,1,1473,315,317,2014-01-03,2018-01-14,2018-01-15,2018-11-25,2018-11-26,2019-10-08,"{""colsample_bytree"": 0.8, ""learning_rate"": 0.05, ""max_depth"": 3, ""n_estimators"": 100, ""subsample"": 0.8}",12,none,42,22.4817847056052,4.741496040872037,3.516905800497767,0.0225297120433756,0.5173078598208269,39.52596424193362,0.878376853860614,20.16949514709152,4.49104610832393,3.519230915716045,-0.0791376838772064,0.5269698017244173,44.89894351903723,1.2859621683890237,5.036,daily,clean,clean,0.0,0,4.49104610832393,clean,daily|N05B|B_rich,,5,,,,,,,5.0,,,
XGBoost,N05B,B_rich,pacf_train,1,1,1473,315,317,2014-01-03,2018-01-14,2018-01-15,2018-11-25,2018-11-26,2019-10-08,"{""colsample_bytree"": 0.8, ""learning_rate"": 0.05, ""max_depth"": 3, ""n_estimators"": 100, ""subsample"": 0.8}",12,none,42,22.54809776265884,4.748483733009816,3.513976276639908,0.0196465315564927,0.5180702327161583,39.508421515890255,0.8808568297522316,19.87770140679056,4.458441589478386,3.49944596756896,-0.063525710509412,0.5231440568050963,44.77593477520431,1.2772689667062351,4.818,daily,clean,clean,0.0,0,4.458441589478386,clean,daily|N05B|B_rich,,5,,,,,,,,,,
Naive,N05B,B_rich,pacf_train,1,1,1473,315,317,2014-01-03,2018-01-14,2018-01-15,2018-11-25,2018-11-26,2019-10-08,{},0,none,42,36.63374116624571,6.052581363868288,4.51775523850526,-0.5797395685245483,0.6636070832617245,52.49124119152656,17.847197527973456,35.392063327813645,5.949122904077007,4.5609974185932485,-0.8538717674638223,0.6951283261329079,59.48325802085493,5.018159097073162,0.0,daily,noise_a0.10_r1,noise,0.1,1,5.937946417701423,noise_a0.10_r1,daily|N05B|B_rich,,5,,,,,,,,,,
S1 [linear],N05B,B_rich,pacf_train,1,1,1473,315,317,2014-01-03,2018-01-14,2018-01-15,2018-11-25,2018-11-26,2019-10-08,{},0,none,42,22.3678169946652,4.7294626539032105,3.530898954889646,0.035443161329469,0.5185398970243834,40.00179799827227,13.99999087399087,20.013804413690945,4.4736790691433095,3.489109137720004,-0.0483431445751916,0.5227293322278219,44.48011540421118,4.34190172907274,0.005,daily,noise_a0.10_r1,noise,0.1,1,4.439538639451412,noise_a0.10_r1,daily|N05B|B_rich,,5,linear,0.0,4.7294626539032105,0.0,,4.4736790691433095,,,,
AR-LRX [linear],N05B,B_rich,pacf_train,1,1,1473,315,317,2014-01-03,2018-01-14,2018-01-15,2018-11-25,2018-11-26,2019-10-08,"{""colsample_bytree"": 0.8, ""learning_rate"": 0.05, ""max_depth"": 5, ""n_estimators"": 100, ""subsample"": 0.8}",132,none,42,22.137266734862905,4.705025689075768,3.505766032304328,0.0453850716107721,0.5158606198733623,39.81721284508319,13.683351771693344,20.119119615487776,4.485434161314574,3.5166817380571422,-0.0538596604529892,0.5241028620197429,44.85219698637988,4.121142929011654,4.977,daily,noise_a0.10_r1,noise,0.1,1,4.452103978258882,noise_a0.10_r1,daily|N05B|B_rich,-0.0591576880732471,5,linear,0.4,4.7294626539032105,0.5167,-0.0158968320762704,4.4736790691433095,5.0,,,
"LR-XGB (residual, tanpa gerbang)",N05B,B_rich,pacf_train,1,1,1473,315,317,2014-01-03,2018-01-14,2018-01-15,2018-11-25,2018-11-26,2019-10-08,"{""colsample_bytree"": 0.8, ""learning_rate"": 0.05, ""max_depth"": 3, ""n_estimators"": 100, ""subsample"": 0.8}",12,none,42,22.37720822780512,4.730455393279289,3.530222721783205,0.0350381876053539,0.5186487413078706,40.10381704179918,14.524242442969983,20.74163044674628,4.554298019096498,3.577069162657279,-0.0864674020339566,0.5321492949078914,45.50739381711338,3.937658945410431,5.052,daily,noise_a0.10_r1,noise,0.1,1,4.5210577802220655,noise_a0.10_r1,daily|N05B|B_rich,,5,,,,,,,5.0,,,
XGBoost,N05B,B_rich,pacf_train,1,1,1473,315,317,2014-01-03,2018-01-14,2018-01-15,2018-11-25,2018-11-26,2019-10-08,"{""colsample_bytree"": 0.8, ""learning_rate"": 0.05, ""max_depth"": 3, ""n_estimators"": 100, ""subsample"": 0.8}",12,none,42,22.27668991695506,4.719818843658628,3.515281678635055,0.0393727913874374,0.5174825463828635,39.97690145356673,14.13317864217961,20.59747797732916,4.538444444667045,3.5708976942862054,-0.0789165511330829,0.5302968758481311,45.47880408068893,3.9244936931123098,4.988,daily,noise_a0.10_r1,noise,0.1,1,4.503752563987577,noise_a0.10_r1,daily|N05B|B_rich,,5,,,,,,,,,,
Naive,N05B,B_rich,pacf_train,1,1,1473,315,317,2014-01-03,2018-01-14,2018-01-15,2018-11-25,2018-11-26,2019-10-08,{},0,none,42,36.60522399980791,6.050225119762728,4.4678660956988345,-0.5779899363931802,0.6583452688147516,51.44688187999381,5.276026446205021,35.12506286085919,5.926640098813087,4.546859414725666,-0.8698225067696403,0.696395959792217,59.47630830929009,19.28156973558226,0.0,daily,noise_a0.10_r2,noise,0.1,2,5.946653725899411,noise_a0.10_r2,daily|N05B|B_rich,,5,,,,,,,,,,
S1 [linear],N05B,B_rich,pacf_train,1,1,1473,315,317,2014-01-03,2018-01-14,2018-01-15,2018-11-25,2018-11-26,2019-10-08,{},0,none,42,22.35704020418364,4.7283231915959,3.4597734482546016,0.0362254182647635,0.5145046904860137,38.94217884336345,12.798473951416469,19.770681289291563,4.446423426675822,3.484947889847353,-0.0524583257068231,0.522466567605924,44.82276868785154,16.135837879871616,0.008,daily,noise_a0.10_r2,noise,0.1,2,4.445638552602466,noise_a0.10_r2,daily|N05B|B_rich,,5,linear,0.0,4.7283231915959,0.0,,4.446423426675822,,,,
AR-LRX [linear],N05B,B_rich,pacf_train,1,1,1473,315,317,2014-01-03,2018-01-14,2018-01-15,2018-11-25,2018-11-26,2019-10-08,"{""colsample_bytree"": 0.8, ""learning_rate"": 0.1, ""max_depth"": 3, ""n_estimators"": 100, ""subsample"": 0.8}",132,none,42,22.35404713296792,4.728006676493585,3.457623067845471,0.0363544445550366,0.514470249417129,38.92531740451438,12.798428483395488,19.7736286783316,4.446754848013503,3.4850626845465844,-0.0526152249096827,0.5225055104937495,44.80087066903611,16.040145577198185,4.848,daily,noise_a0.10_r2,noise,0.1,2,4.446854630209213,noise_a0.10_r2,daily|N05B|B_rich,-0.0526604952080866,5,linear,0.1,4.7283231915959,0.0067,-0.0450823444817103,4.446423426675822,5.0,,,
"LR-XGB (residual, tanpa gerbang)",N05B,B_rich,pacf_train,1,1,1473,315,317,2014-01-03,2018-01-14,2018-01-15,2018-11-25,2018-11-26,2019-10-08,"{""colsample_bytree"": 0.8, ""learning_rate"": 0.05, ""max_depth"": 3, ""n_estimators"": 100, ""subsample"": 0.8}",12,none,42,23.00381788425506,4.796229548745041,3.497170103040442,0.0083439150606909,0.5218938087529609,39.33223949138894,12.618924817632443,20.293222004999144,4.50479988512244,3.528698250427964,-0.0802748849199401,0.529325956590476,45.05294240987977,15.390337287828254,5.06,daily,noise_a0.10_r2,noise,0.1,2,4.514917734303864,noise_a0.10_r2,daily|N05B|B_rich,,5,,,,,,,5.0,,,
XGBoost,N05B,B_rich,pacf_train,1,1,1473,315,317,2014-01-03,2018-01-14,2018-01-15,2018-11-25,2018-11-26,2019-10-08,"{""colsample_bytree"": 0.8, ""learning_rate"": 0.05, ""max_depth"": 3, ""n_estimators"": 100, ""subsample"": 0.8}",12,none,42,22.99961300473207,4.795791176097231,3.473534150852312,0.0085251803787521,0.5218461079562219,39.09057063235141,12.97037278669068,19.97298678352456,4.469114765087663,3.504350295528366,-0.063227711881546,0.525132860164409,44.8927192948911,15.29430803929816,4.858,daily,noise_a0.10_r2,noise,0.1,2,4.478065247963766,noise_a0.10_r2,daily|N05B|B_rich,,5,,,,,,,,,,
Naive,N05B,B_rich,pacf_train,1,1,1473,315,317,2014-01-03,2018-01-14,2018-01-15,2018-11-25,2018-11-26,2019-10-08,{},0,none,42,43.020831543733614,6.559026722291472,4.938083497526271,-0.649233405278759,0.7087658183718574,56.61787680997282,1.5455599020116442,39.98185648554348,6.323120786885498,4.844898215812932,-0.9178546801725812,0.7452333218910101,64.34760081550309,3.672226912801417,0.0,daily,noise_a0.25_r1,noise,0.25,1,6.087507500909115,noise_a0.25_r1,daily|N05B|B_rich,,5,,,,,,,,,,
S1 [linear],N05B,B_rich,pacf_train,1,1,1473,315,317,2014-01-03,2018-01-14,2018-01-15,2018-11-25,2018-11-26,2019-10-08,{},0,none,42,25.59762390194786,5.059409442014736,3.8262630202406873,0.0186973398703718,0.5467177716261976,43.556198157185264,1.492853657902083,22.001980061685085,4.690626830359146,3.688888942223171,-0.0553937246416729,0.5528300869706201,48.270456320305776,2.935404477826306,0.005,daily,noise_a0.25_r1,noise,0.25,1,4.429567094776014,noise_a0.25_r1,daily|N05B|B_rich,,5,linear,0.0,5.059409442014736,0.0,,4.690626830359146,,,,
AR-LRX [linear],N05B,B_rich,pacf_train,1,1,1473,315,317,2014-01-03,2018-01-14,2018-01-15,2018-11-25,2018-11-26,2019-10-08,"{""colsample_bytree"": 0.8, ""learning_rate"": 0.05, ""max_depth"": 3, ""n_estimators"": 100, ""subsample"": 0.8}",132,none,42,25.59762390194786,5.059409442014736,3.8262630202406873,0.0186973398703718,0.5467177716261976,43.556198157185264,1.492853657902083,22.001980061685085,4.690626830359146,3.688888942223171,-0.0553937246416729,0.5528300869706201,48.270456320305776,2.935404477826306,5.177,daily,noise_a0.25_r1,noise,0.25,1,4.429567094776014,noise_a0.25_r1,daily|N05B|B_rich,-0.0209859406162042,5,linear,0.0,5.059409442014736,0.0,-0.0329443955892445,4.690626830359146,5.0,,,
"LR-XGB (residual, tanpa gerbang)",N05B,B_rich,pacf_train,1,1,1473,315,317,2014-01-03,2018-01-14,2018-01-15,2018-11-25,2018-11-26,2019-10-08,"{""colsample_bytree"": 0.8, ""learning_rate"": 0.05, ""max_depth"": 3, ""n_estimators"": 100, ""subsample"": 0.8}",12,none,42,26.35158614003738,5.133379602176073,3.847763487587136,-0.0102063252787296,0.5547109577072464,43.63018925996572,1.5157359900512142,22.361114804992145,4.728754043613618,3.769012014572102,-0.0726207448155127,0.5573237018715103,49.15978675091884,2.912456721263679,5.094,daily,noise_a0.25_r1,noise,0.25,1,4.4878421980599015,noise_a0.25_r1,daily|N05B|B_rich,,5,,,,,,,5.0,,,
XGBoost,N05B,B_rich,pacf_train,1,1,1473,315,317,2014-01-03,2018-01-14,2018-01-15,2018-11-25,2018-11-26,2019-10-08,"{""colsample_bytree"": 0.8, ""learning_rate"": 0.05, ""max_depth"": 3, ""n_estimators"": 100, ""subsample"": 0.8}",12,none,42,26.400442748162494,5.138136116157541,3.845671188679077,-0.0120792772254312,0.5552249447159004,43.62076548693959,1.5075913269788583,22.445556265559297,4.737674140921819,3.777338175398697,-0.0766712433312051,0.5583750108647482,49.26498062788844,2.921484919719304,5.18,daily,noise_a0.25_r1,noise,0.25,1,4.492113250341939,noise_a0.25_r1,daily|N05B|B_rich,,5,,,,,,,,,,
Naive,N05B,B_rich,pacf_train,1,1,1473,315,317,2014-01-03,2018-01-14,2018-01-15,2018-11-25,2018-11-26,2019-10-08,{},0,none,42,40.04102335280203,6.327797670027229,4.740457131045039,-0.6331415512506771,0.6878724931565191,55.53889538753856,1.1997585356522722,39.01602342196124,6.246280767141455,4.814716314671177,-0.8869004977813026,0.7257733085298552,64.26342880306912,3.030532731867208,0.0,daily,noise_a0.25_r2,noise,0.25,2,6.057034957216702,noise_a0.25_r2,daily|N05B|B_rich,,5,,,,,,,,,,
S1 [linear],N05B,B_rich,pacf_train,1,1,1473,315,317,2014-01-03,2018-01-14,2018-01-15,2018-11-25,2018-11-26,2019-10-08,{},0,none,42,23.944181254326665,4.89327919235421,3.6760673032058055,0.0233956566851343,0.5319310656374265,42.25624824498338,1.105460248815634,21.61160180719813,4.648828003615334,3.5919416939984776,-0.0451844814328235,0.5401606822925791,46.60465485560377,2.4674751339075893,0.005,daily,noise_a0.25_r2,noise,0.25,2,4.424686611250711,noise_a0.25_r2,daily|N05B|B_rich,,5,linear,0.0,4.89327919235421,0.0,,4.648828003615334,,,,
AR-LRX [linear],N05B,B_rich,pacf_train,1,1,1473,315,317,2014-01-03,2018-01-14,2018-01-15,2018-11-25,2018-11-26,2019-10-08,"{""colsample_bytree"": 0.8, ""learning_rate"": 0.05, ""max_depth"": 3, ""n_estimators"": 100, ""subsample"": 0.8}",132,none,42,23.944181254326665,4.89327919235421,3.6760673032058055,0.0233956566851343,0.5319310656374265,42.25624824498338,1.105460248815634,21.61160180719813,4.648828003615334,3.5919416939984776,-0.0451844814328235,0.5401606822925791,46.60465485560377,2.4674751339075893,4.796,daily,noise_a0.25_r2,noise,0.25,2,4.424686611250711,noise_a0.25_r2,daily|N05B|B_rich,-0.0343232237172115,5,linear,0.0,4.89327919235421,0.0,-0.0412673716406055,4.648828003615334,5.0,,,
"LR-XGB (residual, tanpa gerbang)",N05B,B_rich,pacf_train,1,1,1473,315,317,2014-01-03,2018-01-14,2018-01-15,2018-11-25,2018-11-26,2019-10-08,"{""colsample_bytree"": 0.8, ""learning_rate"": 0.05, ""max_depth"": 3, ""n_estimators"": 100, ""subsample"": 0.8}",12,none,42,24.86788942467868,4.986771442995827,3.740223982055157,-0.0142793592838579,0.5420942773728906,42.86165573782511,1.1289035344383145,22.303650772812784,4.722674112493131,3.7076418430855655,-0.0786534878352622,0.5487410738504216,47.98466374077204,2.435429436445518,4.9,daily,noise_a0.25_r2,noise,0.25,2,4.497357399686258,noise_a0.25_r2,daily|N05B|B_rich,,5,,,,,,,5.0,,,
XGBoost,N05B,B_rich,pacf_train,1,1,1473,315,317,2014-01-03,2018-01-14,2018-01-15,2018-11-25,2018-11-26,2019-10-08,"{""colsample_bytree"": 0.8, ""learning_rate"": 0.05, ""max_depth"": 3, ""n_estimators"": 100, ""subsample"": 0.8}",12,none,42,24.59325951582826,4.9591591541135545,3.714645159602561,-0.0030781092206921,0.5390926431573762,42.6359140539122,1.1495057876112893,22.263117862218166,4.718380851756052,3.708589148032324,-0.0766932273456078,0.5482422275504086,48.03630441194412,2.4548638214799143,4.942,daily,noise_a0.25_r2,noise,0.25,2,4.4932868845791685,noise_a0.25_r2,daily|N05B|B_rich,,5,,,,,,,,,,
Naive,N05B,B_rich,pacf_train,1,1,1473,315,317,2014-01-03,2018-01-14,2018-01-15,2018-11-25,2018-11-26,2019-10-08,{},0,none,42,46.26064934521585,6.801518164734683,5.213758146208697,-0.5043038051406927,0.717429672890138,61.704613804820006,5.586478199719272,52.05190938286521,7.214700921234726,5.547925899001598,-0.9158779748473884,0.832951301365319,72.80271709116276,3.311618596778481,0.0,daily,noise_a0.50_r1,noise,0.5,1,6.611767428298292,noise_a0.50_r1,daily|N05B|B_rich,,5,,,,,,,,,,
S1 [linear],N05B,B_rich,pacf_train,1,1,1473,315,317,2014-01-03,2018-01-14,2018-01-15,2018-11-25,2018-11-26,2019-10-08,{},0,none,42,29.009985611622287,5.386091868100867,3.9816964380249575,0.0566532817777392,0.5681293548730192,45.66561860734531,7.173924668572091,28.175557783033703,5.308065352181876,4.220827566043393,-0.0370595666049471,0.6128265039814541,54.82231592277018,878.1073802673604,0.005,daily,noise_a0.50_r1,noise,0.5,1,4.455125432148863,noise_a0.50_r1,daily|N05B|B_rich,,5,linear,0.0,5.386091868100867,0.0,,5.308065352181876,,,,
AR-LRX [linear],N05B,B_rich,pacf_train,1,1,1473,315,317,2014-01-03,2018-01-14,2018-01-15,2018-11-25,2018-11-26,2019-10-08,"{""colsample_bytree"": 0.8, ""learning_rate"": 0.05, ""max_depth"": 3, ""n_estimators"": 100, ""subsample"": 0.8}",132,none,42,29.009985611622287,5.386091868100867,3.9816964380249575,0.0566532817777392,0.5681293548730192,45.66561860734531,7.173924668572091,28.175557783033703,5.308065352181876,4.220827566043393,-0.0370595666049471,0.6128265039814541,54.82231592277018,878.1073802673604,4.957,daily,noise_a0.50_r1,noise,0.5,1,4.455125432148863,noise_a0.50_r1,daily|N05B|B_rich,-0.0228784359984515,5,linear,0.0,5.386091868100867,0.0,-0.0317862805146316,5.308065352181876,5.0,,,
"LR-XGB (residual, tanpa gerbang)",N05B,B_rich,pacf_train,1,1,1473,315,317,2014-01-03,2018-01-14,2018-01-15,2018-11-25,2018-11-26,2019-10-08,"{""colsample_bytree"": 0.8, ""learning_rate"": 0.05, ""max_depth"": 3, ""n_estimators"": 100, ""subsample"": 0.8}",12,none,42,29.82599854686896,5.461318389076849,4.049941711992453,0.0301181729777038,0.5760643095447998,46.230499290306426,7.775863073613758,28.68379323464972,5.355725276248747,4.24682813757839,-0.0557662215448382,0.6183289352267508,55.06527928270999,919.6985170149652,4.889,daily,noise_a0.50_r1,noise,0.5,1,4.49064754728532,noise_a0.50_r1,daily|N05B|B_rich,,5,,,,,,,5.0,,,
XGBoost,N05B,B_rich,pacf_train,1,1,1473,315,317,2014-01-03,2018-01-14,2018-01-15,2018-11-25,2018-11-26,2019-10-08,"{""colsample_bytree"": 0.8, ""learning_rate"": 0.05, ""max_depth"": 3, ""n_estimators"": 100, ""subsample"": 0.8}",12,none,42,29.89011429228868,5.467185225716125,4.044788533482816,0.0280332571546557,0.5766831482494935,46.2159488537316,7.849610726500344,28.62427789534372,5.350166155863172,4.256969909073407,-0.0535756366250184,0.6176871239292121,55.19160371142363,929.9002966214422,4.861,daily,noise_a0.50_r1,noise,0.5,1,4.477226341414043,noise_a0.50_r1,daily|N05B|B_rich,,5,,,,,,,,,,
Naive,N05B,B_rich,pacf_train,1,1,1473,315,317,2014-01-03,2018-01-14,2018-01-15,2018-11-25,2018-11-26,2019-10-08,{},0,none,42,52.02619955181739,7.212918934233033,5.675125861850447,-0.7130212917222649,0.7996984324876759,71.67592594193255,2.931193347782484,44.68553989050654,6.684724369075103,5.264872703001664,-0.8129901669749613,0.7625343072536831,70.62360530710025,3.497614042104852,0.0,daily,noise_a0.50_r2,noise,0.5,2,6.403733301784637,noise_a0.50_r2,daily|N05B|B_rich,,5,,,,,,,,,,
S1 [linear],N05B,B_rich,pacf_train,1,1,1473,315,317,2014-01-03,2018-01-14,2018-01-15,2018-11-25,2018-11-26,2019-10-08,{},0,none,42,29.91731331218716,5.46967213936879,4.236616356754263,0.0149387205602197,0.6064241503276845,52.23287025534111,3.148800042071132,24.8830050935493,4.988286789424732,4.009438904363667,-0.0095579838563606,0.5690196934601466,51.49629520673664,3.2304477525073194,0.005,daily,noise_a0.50_r2,noise,0.5,2,4.423779949785298,noise_a0.50_r2,daily|N05B|B_rich,,5,linear,0.0,5.46967213936879,0.0,,4.988286789424732,,,,
AR-LRX [linear],N05B,B_rich,pacf_train,1,1,1473,315,317,2014-01-03,2018-01-14,2018-01-15,2018-11-25,2018-11-26,2019-10-08,"{""colsample_bytree"": 0.8, ""learning_rate"": 0.05, ""max_depth"": 3, ""n_estimators"": 100, ""subsample"": 0.8}",132,none,42,29.8084117651036,5.459708029290907,4.233274567072372,0.0185244268094305,0.6053194265281974,52.24876543282875,3.000123377067111,24.87204777186892,4.987188363383613,3.999952480666889,-0.0091134213309531,0.5688943947202002,51.50246615532163,3.250147865867356,4.746,daily,noise_a0.50_r2,noise,0.5,2,4.429703251925002,noise_a0.50_r2,daily|N05B|B_rich,-0.0187330113394552,5,linear,0.4,5.46967213936879,0.1822,-0.0077910074930187,4.988286789424732,5.0,,,
"LR-XGB (residual, tanpa gerbang)",N05B,B_rich,pacf_train,1,1,1473,315,317,2014-01-03,2018-01-14,2018-01-15,2018-11-25,2018-11-26,2019-10-08,"{""colsample_bytree"": 0.8, ""learning_rate"": 0.05, ""max_depth"": 3, ""n_estimators"": 100, ""subsample"": 0.8}",12,none,42,30.14663880454167,5.4905954872437714,4.268991865481848,0.0073879201073305,0.6087439280280276,52.60447334391226,2.78387769901698,25.29028831208888,5.028945049619142,4.00870075251996,-0.0260823555478624,0.5736576286328984,51.69584227153917,3.2837178997103726,5.169,daily,noise_a0.50_r2,noise,0.5,2,4.487272022288916,noise_a0.50_r2,daily|N05B|B_rich,,5,,,,,,,5.0,,,
XGBoost,N05B,B_rich,pacf_train,1,1,1473,315,317,2014-01-03,2018-01-14,2018-01-15,2018-11-25,2018-11-26,2019-10-08,"{""colsample_bytree"": 0.8, ""learning_rate"": 0.05, ""max_depth"": 3, ""n_estimators"": 100, ""subsample"": 0.8}",12,none,42,30.04548084529636,5.481375816827045,4.264861746282146,0.0107186599942946,0.6077217404715702,52.59288237668192,2.772456722429072,25.01837116431772,5.001836779056042,4.010998744463247,-0.0150500816545862,0.5705653565849577,51.8510757019771,3.3013576059500096,5.111,daily,noise_a0.50_r2,noise,0.5,2,4.457873161704273,noise_a0.50_r2,daily|N05B|B_rich,,5,,,,,,,,,,
Naive,N05B,B_rich,pacf_train,1,1,1473,315,317,2014-01-03,2018-01-14,2018-01-15,2018-11-25,2018-11-26,2019-10-08,{},0,none,42,36.112,6.009326085344346,4.477460317460317,-0.5700891855747092,0.6556309631765964,51.48284895274944,1.037593235641704,35.90637223974763,5.992192607030221,4.59242902208202,-0.8562602479127643,0.6909625173433414,58.37978987476391,1.469491786654029,0.0,daily,spike,spike,1.5,0,5.974992575526979,spike,daily|N05B|B_rich,,5,,,,,,,,7.606388292556649,5.906957356754952,14.0
S1 [linear],N05B,B_rich,pacf_train,1,1,1473,315,317,2014-01-03,2018-01-14,2018-01-15,2018-11-25,2018-11-26,2019-10-08,{},0,none,42,22.121535572971776,4.703353651701281,3.4966883742269155,0.0381927400468207,0.5131464395559379,39.37344562383443,0.8682197354640178,20.26378746867616,4.501531680292404,3.5666476429642726,-0.0475818302974497,0.519073712361388,44.98103533004657,1.2956926828627555,0.005,daily,spike,spike,1.5,0,4.450562742556318,spike,daily|N05B|B_rich,,5,linear,0.0,4.703353651701281,0.0,,4.501531680292404,,5.630694721674097,4.442427645158777,14.0
AR-LRX [linear],N05B,B_rich,pacf_train,1,1,1473,315,317,2014-01-03,2018-01-14,2018-01-15,2018-11-25,2018-11-26,2019-10-08,"{""colsample_bytree"": 0.8, ""learning_rate"": 0.1, ""max_depth"": 5, ""n_estimators"": 300, ""subsample"": 0.8}",132,none,42,22.10774987857504,4.701887905785828,3.494233499488412,0.0387921189150073,0.5129865233868578,39.34498570944101,0.8683921553124293,20.32729595390452,4.508580259228455,3.5654944555140515,-0.0508650435317867,0.5198864872778073,44.94591288625261,1.2937707637026163,5.067,daily,spike,spike,1.5,0,4.458729442437162,spike,daily|N05B|B_rich,-0.1096169327939422,5,linear,0.1,4.703353651701281,0.0312,-0.0265945307878152,4.501531680292404,5.0,5.668623989273421,4.447674011586647,14.0
"LR-XGB (residual, tanpa gerbang)",N05B,B_rich,pacf_train,1,1,1473,315,317,2014-01-03,2018-01-14,2018-01-15,2018-11-25,2018-11-26,2019-10-08,"{""colsample_bytree"": 0.8, ""learning_rate"": 0.05, ""max_depth"": 3, ""n_estimators"": 100, ""subsample"": 0.8}",12,none,42,22.4817847056052,4.741496040872037,3.516905800497767,0.0225297120433756,0.5173078598208269,39.52596424193362,0.878376853860614,21.11816268176172,4.595450215350147,3.6066651320017136,-0.0917506684708902,0.5299035023338534,45.175985865448204,1.2857615268235287,4.827,daily,spike,spike,1.5,0,4.553023671484201,spike,daily|N05B|B_rich,,5,,,,,,,5.0,5.946710718043528,4.523269653669321,14.0
XGBoost,N05B,B_rich,pacf_train,1,1,1473,315,317,2014-01-03,2018-01-14,2018-01-15,2018-11-25,2018-11-26,2019-10-08,"{""colsample_bytree"": 0.8, ""learning_rate"": 0.05, ""max_depth"": 3, ""n_estimators"": 100, ""subsample"": 0.8}",12,none,42,22.54809776265884,4.748483733009816,3.513976276639908,0.0196465315564927,0.5180702327161583,39.508421515890255,0.8808568297522316,20.81608229872482,4.562464498352269,3.586180913786784,-0.0761339472114552,0.5260999039604485,45.05214616298608,1.276993684619757,4.895,daily,spike,spike,1.5,0,4.518610556124619,spike,daily|N05B|B_rich,,5,,,,,,,,5.8934358604691255,4.491444702530803,14.0
Naive,N05B,B_rich,pacf_train,1,1,1473,315,317,2014-01-03,2018-01-14,2018-01-15,2018-11-25,2018-11-26,2019-10-08,{},0,none,42,36.112,6.009326085344346,4.477460317460317,-0.5700891855747092,0.6556309631765964,51.48284895274944,1.037593235641704,43.10073943217666,6.565115340355923,5.080252365930599,-0.8248810968939388,0.6768248189812958,58.336550482426986,1.4694864795652434,0.0,daily,level,level,1.3,0,6.441138778951753,level,daily|N05B|B_rich,,5,,,,,,,,6.38954255702631,6.737181922225683,159.0
S1 [linear],N05B,B_rich,pacf_train,1,1,1473,315,317,2014-01-03,2018-01-14,2018-01-15,2018-11-25,2018-11-26,2019-10-08,{},0,none,42,22.121535572971776,4.703353651701281,3.4966883742269155,0.0381927400468207,0.5131464395559379,39.37344562383443,0.8682197354640178,24.89747491951803,4.989736958950645,3.893894462463034,-0.0541566557695796,0.5144125638199314,44.39785563209573,1.137796124323486,0.007,daily,level,level,1.3,0,4.538538858645672,level,daily|N05B|B_rich,,5,linear,0.0,4.703353651701281,0.0,,4.989736958950645,,5.0743707946827605,4.903092897900862,159.0
AR-LRX [linear],N05B,B_rich,pacf_train,1,1,1473,315,317,2014-01-03,2018-01-14,2018-01-15,2018-11-25,2018-11-26,2019-10-08,"{""colsample_bytree"": 0.8, ""learning_rate"": 0.1, ""max_depth"": 5, ""n_estimators"": 300, ""subsample"": 0.8}",132,none,42,22.10774987857504,4.701887905785828,3.494233499488412,0.0387921189150073,0.5129865233868578,39.34498570944101,0.8683921553124293,24.81459407886706,4.981424904469309,3.901251303839551,-0.0506474890733414,0.5135556398394628,44.38370955646712,1.1872034501482296,4.96,daily,level,level,1.3,0,4.6264334043646524,level,daily|N05B|B_rich,-0.6413607191700612,5,linear,0.1,4.703353651701281,0.0312,-0.0265945307878152,4.989736958950645,5.0,5.044159196400353,4.917485686412048,159.0
"LR-XGB (residual, tanpa gerbang)",N05B,B_rich,pacf_train,1,1,1473,315,317,2014-01-03,2018-01-14,2018-01-15,2018-11-25,2018-11-26,2019-10-08,"{""colsample_bytree"": 0.8, ""learning_rate"": 0.05, ""max_depth"": 3, ""n_estimators"": 100, ""subsample"": 0.8}",12,none,42,22.4817847056052,4.741496040872037,3.516905800497767,0.0225297120433756,0.5173078598208269,39.52596424193362,0.878376853860614,25.674662886177305,5.067017158662215,4.002988316151543,-0.0870627183516787,0.5223796983589243,45.21869472587567,1.2499768219642773,4.989,daily,level,level,1.3,0,4.827486464472667,level,daily|N05B|B_rich,,5,,,,,,,5.0,5.145351664818239,4.986944841047793,159.0
XGBoost,N05B,B_rich,pacf_train,1,1,1473,315,317,2014-01-03,2018-01-14,2018-01-15,2018-11-25,2018-11-26,2019-10-08,"{""colsample_bytree"": 0.8, ""learning_rate"": 0.05, ""max_depth"": 3, ""n_estimators"": 100, ""subsample"": 0.8}",12,none,42,22.54809776265884,4.748483733009816,3.513976276639908,0.0196465315564927,0.5180702327161583,39.508421515890255,0.8808568297522316,25.25026936909797,5.024964613715999,3.973076129215373,-0.0690939382990507,0.5180443280500483,45.03234603653407,1.2297215086671915,4.931,daily,level,level,1.3,0,4.7672423346317485,level,daily|N05B|B_rich,,5,,,,,,,,5.1088327928175055,4.939128172001321,159.0
Naive,N05C,A_lag1,pacf_train,1,7,1469,314,316,2014-01-09,2018-01-16,2018-01-17,2018-11-26,2018-11-27,2019-10-08,{},0,none,42,3.245222929936306,1.801450229658401,0.9968152866242038,-0.9423898790733812,2.828276860563689,170.12558275058277,1.14360616103027,2.7626582278481013,1.662124612611251,1.1044303797468351,-1.146047749072324,2.3343616781562457,170.49054797798516,1.0397716095374023,0.0,daily,clean,clean,0.0,0,1.662124612611251,clean,daily|N05C|A_lag1,,5,,,,,,,,,,
S1 [linear],N05C,A_lag1,pacf_train,1,7,1469,314,316,2014-01-09,2018-01-16,2018-01-17,2018-11-26,2018-11-27,2019-10-08,{},0,none,42,1.6750876542176854,1.2942517738901058,0.8495322279728027,-0.0026039431987692,2.031975285007466,166.9933340045415,0.6374896487402409,1.311529447006751,1.145220261350082,0.8518890191874211,-0.0188031183948758,1.6083982337183376,158.08401182796632,0.6219326037169545,0.005,daily,clean,clean,0.0,0,1.145220261350082,clean,daily|N05C|A_lag1,,5,linear,0.0,1.2942517738901058,0.0,,1.145220261350082,,,,
AR-LRX [linear],N05C,A_lag1,pacf_train,1,7,1469,314,316,2014-01-09,2018-01-16,2018-01-17,2018-11-26,2018-11-27,2019-10-08,"{""colsample_bytree"": 0.8, ""learning_rate"": 0.05, ""max_depth"": 3, ""n_estimators"": 100, ""subsample"": 0.8}",132,none,42,1.6750876542176854,1.2942517738901058,0.8495322279728027,-0.0026039431987692,2.031975285007466,166.9933340045415,0.6374896487402409,1.311529447006751,1.145220261350082,0.8518890191874211,-0.0188031183948758,1.6083982337183376,158.08401182796632,0.6219326037169545,4.489,daily,clean,clean,0.0,0,1.145220261350082,clean,daily|N05C|A_lag1,-0.0140326375668633,5,linear,0.0,1.2942517738901058,0.0,-0.021378154784662,1.145220261350082,5.0,,,
"LR-XGB (residual, tanpa gerbang)",N05C,A_lag1,pacf_train,1,7,1469,314,316,2014-01-09,2018-01-16,2018-01-17,2018-11-26,2018-11-27,2019-10-08,"{""colsample_bytree"": 0.8, ""learning_rate"": 0.1, ""max_depth"": 5, ""n_estimators"": 100, ""subsample"": 0.8}",12,none,42,1.7025030073476488,1.3047999874876028,0.8495695198985016,-0.0190130792120875,2.0485359803555365,167.46201950571074,0.6457933331902529,1.3113639044561043,1.1451479836493206,0.8504568582923773,-0.0186745240524384,1.6082967237030457,158.39424732793827,0.6269645347641175,4.842,daily,clean,clean,0.0,0,1.1451479836493206,clean,daily|N05C|A_lag1,,5,,,,,,,5.0,,,
XGBoost,N05C,A_lag1,pacf_train,1,7,1469,314,316,2014-01-09,2018-01-16,2018-01-17,2018-11-26,2018-11-27,2019-10-08,"{""colsample_bytree"": 0.8, ""learning_rate"": 0.05, ""max_depth"": 3, ""n_estimators"": 100, ""subsample"": 0.8}",12,none,42,1.702841166242428,1.3049295637092555,0.8490909117801934,-0.0192154802270312,2.0487394150235314,167.61966890076948,0.6465352974569292,1.3105261975321847,1.1447821616063838,0.8496733883136436,-0.0180237888147825,1.6077829469671878,158.4525885495531,0.6275932928890113,4.566,daily,clean,clean,0.0,0,1.1447821616063838,clean,daily|N05C|A_lag1,,5,,,,,,,,,,
Naive,N05C,A_lag1,pacf_train,1,7,1469,314,316,2014-01-09,2018-01-16,2018-01-17,2018-11-26,2018-11-27,2019-10-08,{},0,none,42,3.194543823329242,1.7873286836307534,1.01412590539136,-0.9399261457926912,2.7084792257043646,165.59075124503414,29.475137789467663,2.755175850039029,1.659872239071137,1.1180779997233912,-1.1693708980912991,2.2726943947015275,164.1317706763554,56.24265958112008,0.0,daily,noise_a0.10_r1,noise,0.1,1,1.6618104983443862,noise_a0.10_r1,daily|N05C|A_lag1,,5,,,,,,,,,,
S1 [linear],N05C,A_lag1,pacf_train,1,7,1469,314,316,2014-01-09,2018-01-16,2018-01-17,2018-11-26,2018-11-27,2019-10-08,{},0,none,42,1.6505357097984854,1.28473176569994,0.8308084089920789,-0.0023081713950798,1.946854727879276,151.2165478413056,132.15285796768606,1.29364051499467,1.1373831874063682,0.8354142733868,-0.0185869209696811,1.5573032272006258,144.60815921966176,30.230419479551667,0.005,daily,noise_a0.10_r1,noise,0.1,1,1.142915181896149,noise_a0.10_r1,daily|N05C|A_lag1,,5,linear,0.0,1.28473176569994,0.0,,1.1373831874063682,,,,
AR-LRX [linear],N05C,A_lag1,pacf_train,1,7,1469,314,316,2014-01-09,2018-01-16,2018-01-17,2018-11-26,2018-11-27,2019-10-08,"{""colsample_bytree"": 0.8, ""learning_rate"": 0.05, ""max_depth"": 3, ""n_estimators"": 100, ""subsample"": 0.8}",132,none,42,1.6505357097984854,1.28473176569994,0.8308084089920789,-0.0023081713950798,1.946854727879276,151.2165478413056,132.15285796768606,1.29364051499467,1.1373831874063682,0.8354142733868,-0.0185869209696811,1.5573032272006258,144.60815921966176,30.230419479551667,4.903,daily,noise_a0.10_r1,noise,0.1,1,1.142915181896149,noise_a0.10_r1,daily|N05C|A_lag1,-0.038068672670118,5,linear,0.0,1.28473176569994,0.0,-0.0307527052421112,1.1373831874063682,5.0,,,
"LR-XGB (residual, tanpa gerbang)",N05C,A_lag1,pacf_train,1,7,1469,314,316,2014-01-09,2018-01-16,2018-01-17,2018-11-26,2018-11-27,2019-10-08,"{""colsample_bytree"": 0.8, ""learning_rate"": 0.05, ""max_depth"": 3, ""n_estimators"": 100, ""subsample"": 0.8}",12,none,42,1.6958544943816625,1.3022497818704606,0.8449331516648251,-0.0298285624025289,1.9734011506541984,151.89600616121203,133.17816344492994,1.3258121945627706,1.151439184048715,0.8439914518631924,-0.0439182643018196,1.5765486751508135,145.43052372426632,31.134822911573178,4.923,daily,noise_a0.10_r1,noise,0.1,1,1.1567842952688785,noise_a0.10_r1,daily|N05C|A_lag1,,5,,,,,,,5.0,,,
XGBoost,N05C,A_lag1,pacf_train,1,7,1469,314,316,2014-01-09,2018-01-16,2018-01-17,2018-11-26,2018-11-27,2019-10-08,"{""colsample_bytree"": 0.8, ""learning_rate"": 0.05, ""max_depth"": 3, ""n_estimators"": 100, ""subsample"": 0.8}",12,none,42,1.696547547607176,1.3025158531116523,0.8452156726757186,-0.0302494275234832,1.9738043492577493,151.88094294822935,133.57167713994502,1.326131735457558,1.1515779328632336,0.8434923442299227,-0.0441698644738712,1.576738649804046,145.44224000706637,30.87300544171926,4.839,daily,noise_a0.10_r1,noise,0.1,1,1.1569260005171211,noise_a0.10_r1,daily|N05C|A_lag1,,5,,,,,,,,,,
Naive,N05C,A_lag1,pacf_train,1,7,1469,314,316,2014-01-09,2018-01-16,2018-01-17,2018-11-26,2018-11-27,2019-10-08,{},0,none,42,3.1996462718290903,1.7887555092379424,1.0131711831642358,-0.9409324082443652,2.681816153888341,158.28077970084132,607.2919442691876,2.7228786332016965,1.6501147333448352,1.1142864372201051,-1.1591788838307688,2.2488865072753765,164.92436330956463,55.53903189896519,0.0,daily,noise_a0.10_r2,noise,0.1,2,1.6550789098159726,noise_a0.10_r2,daily|N05C|A_lag1,,5,,,,,,,,,,
S1 [linear],N05C,A_lag1,pacf_train,1,7,1469,314,316,2014-01-09,2018-01-16,2018-01-17,2018-11-26,2018-11-27,2019-10-08,{},0,none,42,1.6532046400624456,1.285770057227359,0.8313191048380985,-0.0028478746567388,1.9277083379199724,149.12303921725749,139.11369670861438,1.2846079325135618,1.133405458127656,0.8377975850872732,-0.0186639566168731,1.5446806155647437,144.56334470984442,88.11147022709328,0.005,daily,noise_a0.10_r2,noise,0.1,2,1.142551414562956,noise_a0.10_r2,daily|N05C|A_lag1,,5,linear,0.0,1.285770057227359,0.0,,1.133405458127656,,,,
AR-LRX [linear],N05C,A_lag1,pacf_train,1,7,1469,314,316,2014-01-09,2018-01-16,2018-01-17,2018-11-26,2018-11-27,2019-10-08,"{""colsample_bytree"": 0.8, ""learning_rate"": 0.05, ""max_depth"": 3, ""n_estimators"": 100, ""subsample"": 0.8}",132,none,42,1.6532046400624456,1.285770057227359,0.8313191048380985,-0.0028478746567388,1.9277083379199724,149.12303921725749,139.11369670861438,1.2846079325135618,1.133405458127656,0.8377975850872732,-0.0186639566168731,1.5446806155647437,144.56334470984442,88.11147022709328,4.749,daily,noise_a0.10_r2,noise,0.1,2,1.142551414562956,noise_a0.10_r2,daily|N05C|A_lag1,-0.0161196278747632,5,linear,0.0,1.285770057227359,0.0,-0.0458241244476631,1.133405458127656,5.0,,,
"LR-XGB (residual, tanpa gerbang)",N05C,A_lag1,pacf_train,1,7,1469,314,316,2014-01-09,2018-01-16,2018-01-17,2018-11-26,2018-11-27,2019-10-08,"{""colsample_bytree"": 0.8, ""learning_rate"": 0.05, ""max_depth"": 3, ""n_estimators"": 100, ""subsample"": 0.8}",12,none,42,1.7225337843661015,1.312453345595988,0.844624754134422,-0.0449035181819503,1.9677136228324623,149.6540696704072,100.29312288550148,1.2883197804377755,1.135041752728848,0.8404182534359584,-0.021607364949594,1.546910667073398,144.9254646454366,94.1497291062222,4.967,daily,noise_a0.10_r2,noise,0.1,2,1.1444945153723478,noise_a0.10_r2,daily|N05C|A_lag1,,5,,,,,,,5.0,,,
XGBoost,N05C,A_lag1,pacf_train,1,7,1469,314,316,2014-01-09,2018-01-16,2018-01-17,2018-11-26,2018-11-27,2019-10-08,"{""colsample_bytree"": 0.8, ""learning_rate"": 0.05, ""max_depth"": 3, ""n_estimators"": 100, ""subsample"": 0.8}",12,none,42,1.7213284794960575,1.3119940851604697,0.8447609568418869,-0.0441723700845246,1.9670250703452985,149.5714072506484,100.41778803512412,1.289534693953595,1.135576811120056,0.8394980424227434,-0.0225707628686386,1.5476398803652232,145.00531834472287,92.61089623567698,4.864,daily,noise_a0.10_r2,noise,0.1,2,1.1450879218586627,noise_a0.10_r2,daily|N05C|A_lag1,,5,,,,,,,,,,
Naive,N05C,A_lag1,pacf_train,1,7,1469,314,316,2014-01-09,2018-01-16,2018-01-17,2018-11-26,2018-11-27,2019-10-08,{},0,none,42,3.1137272364917066,1.764575653377238,1.0251241519379657,-0.9445990630892872,2.4964406248789266,155.82104652083555,28.67597611146288,2.7126485219120906,1.6470119981081166,1.1250022728812907,-1.159749535921216,2.1583823259632973,160.91451185586612,8.287374663364073,0.0,daily,noise_a0.25_r1,noise,0.25,1,1.6503732242960063,noise_a0.25_r1,daily|N05C|A_lag1,,5,,,,,,,,,,
S1 [linear],N05C,A_lag1,pacf_train,1,7,1469,314,316,2014-01-09,2018-01-16,2018-01-17,2018-11-26,2018-11-27,2019-10-08,{},0,none,42,1.6041708504483807,1.2665586644322404,0.8029652454221413,-0.0018440588687622,1.791869052272977,131.18001985226397,41.28053295264808,1.2732037557387186,1.1283633083979283,0.8146037011400484,-0.0136960975141622,1.4787016882142288,130.28859216491006,35.56166651329362,0.007,daily,noise_a0.25_r1,noise,0.25,1,1.138239925671078,noise_a0.25_r1,daily|N05C|A_lag1,,5,linear,0.0,1.2665586644322404,0.0,,1.1283633083979283,,,,
AR-LRX [linear],N05C,A_lag1,pacf_train,1,7,1469,314,316,2014-01-09,2018-01-16,2018-01-17,2018-11-26,2018-11-27,2019-10-08,"{""colsample_bytree"": 0.8, ""learning_rate"": 0.05, ""max_depth"": 3, ""n_estimators"": 100, ""subsample"": 0.8}",132,none,42,1.6041708504483807,1.2665586644322404,0.8029652454221413,-0.0018440588687622,1.791869052272977,131.18001985226397,41.28053295264808,1.2732037557387186,1.1283633083979283,0.8146037011400484,-0.0136960975141622,1.4787016882142288,130.28859216491006,35.56166651329362,4.826,daily,noise_a0.25_r1,noise,0.25,1,1.138239925671078,noise_a0.25_r1,daily|N05C|A_lag1,-0.0017271194926029,5,linear,0.0,1.2665586644322404,0.0,-0.0371487521306876,1.1283633083979283,5.0,,,
"LR-XGB (residual, tanpa gerbang)",N05C,A_lag1,pacf_train,1,7,1469,314,316,2014-01-09,2018-01-16,2018-01-17,2018-11-26,2018-11-27,2019-10-08,"{""colsample_bytree"": 0.8, ""learning_rate"": 0.05, ""max_depth"": 3, ""n_estimators"": 100, ""subsample"": 0.8}",12,none,42,1.6594710254405314,1.2882045743749444,0.8094565528130375,-0.0363803750939346,1.822492691922552,131.6365295144464,52.11618116660087,1.263770109883049,1.124175302113976,0.810379811972645,-0.0061852415760452,1.4732133743739595,130.66650348719824,35.879899977701484,4.998,daily,noise_a0.25_r1,noise,0.25,1,1.1351985228392454,noise_a0.25_r1,daily|N05C|A_lag1,,5,,,,,,,5.0,,,
XGBoost,N05C,A_lag1,pacf_train,1,7,1469,314,316,2014-01-09,2018-01-16,2018-01-17,2018-11-26,2018-11-27,2019-10-08,"{""colsample_bytree"": 0.8, ""learning_rate"": 0.05, ""max_depth"": 3, ""n_estimators"": 100, ""subsample"": 0.8}",12,none,42,1.6505208697478764,1.2847259901425971,0.8073318684256366,-0.0307907832470746,1.817571350648192,131.37638739496555,51.41534833588936,1.261986405942228,1.123381683107851,0.8095752711084859,-0.0047650967517931,1.472173349627123,130.60781440715243,35.96945720965782,4.777,daily,noise_a0.25_r1,noise,0.25,1,1.1345221288304554,noise_a0.25_r1,daily|N05C|A_lag1,,5,,,,,,,,,,
Naive,N05C,A_lag1,pacf_train,1,7,1469,314,316,2014-01-09,2018-01-16,2018-01-17,2018-11-26,2018-11-27,2019-10-08,{},0,none,42,3.212187967411078,1.7922577848655248,1.0412221311490522,-0.9592066905682552,2.540193026650005,154.9614490264558,87.0249275152938,2.6125959986689566,1.616352683874703,1.1119687695009448,-1.144308174475575,2.0768205027906004,154.90462724002393,69.00628241089996,0.0,daily,noise_a0.25_r2,noise,0.25,2,1.6488164885160548,noise_a0.25_r2,daily|N05C|A_lag1,,5,,,,,,,,,,
S1 [linear],N05C,A_lag1,pacf_train,1,7,1469,314,316,2014-01-09,2018-01-16,2018-01-17,2018-11-26,2018-11-27,2019-10-08,{},0,none,42,1.6449697823184957,1.282563753705248,0.8171914876647398,-0.0033148234156754,1.817796262852095,134.33874073517882,52.80998182287896,1.23945713643683,1.1133090929462626,0.8038335969253253,-0.0172939371137539,1.4304694595682914,126.46299152966026,35.28924584643553,0.006,daily,noise_a0.25_r2,noise,0.25,2,1.1381268812547292,noise_a0.25_r2,daily|N05C|A_lag1,,5,linear,0.0,1.282563753705248,0.0,,1.1133090929462626,,,,
AR-LRX [linear],N05C,A_lag1,pacf_train,1,7,1469,314,316,2014-01-09,2018-01-16,2018-01-17,2018-11-26,2018-11-27,2019-10-08,"{""colsample_bytree"": 0.8, ""learning_rate"": 0.05, ""max_depth"": 3, ""n_estimators"": 100, ""subsample"": 0.8}",132,none,42,1.6449697823184957,1.282563753705248,0.8171914876647398,-0.0033148234156754,1.817796262852095,134.33874073517882,52.80998182287896,1.23945713643683,1.1133090929462626,0.8038335969253253,-0.0172939371137539,1.4304694595682914,126.46299152966026,35.28924584643553,4.878,daily,noise_a0.25_r2,noise,0.25,2,1.1381268812547292,noise_a0.25_r2,daily|N05C|A_lag1,-0.0296304986723814,5,linear,0.0,1.282563753705248,0.0,-0.0232874219564043,1.1133090929462626,5.0,,,
"LR-XGB (residual, tanpa gerbang)",N05C,A_lag1,pacf_train,1,7,1469,314,316,2014-01-09,2018-01-16,2018-01-17,2018-11-26,2018-11-27,2019-10-08,"{""colsample_bytree"": 0.8, ""learning_rate"": 0.05, ""max_depth"": 3, ""n_estimators"": 100, ""subsample"": 0.8}",12,none,42,1.677154055112403,1.2950498272701336,0.8200698141964845,-0.0229449456963828,1.8354929565239493,134.79851195684572,64.81886958682156,1.2573533071449052,1.1213176655813932,0.8103825921752695,-0.0319823562802406,1.440759520650045,126.72991765404072,36.73388010127029,5.005,daily,noise_a0.25_r2,noise,0.25,2,1.1431793225094224,noise_a0.25_r2,daily|N05C|A_lag1,,5,,,,,,,5.0,,,
XGBoost,N05C,A_lag1,pacf_train,1,7,1469,314,316,2014-01-09,2018-01-16,2018-01-17,2018-11-26,2018-11-27,2019-10-08,"{""colsample_bytree"": 0.8, ""learning_rate"": 0.05, ""max_depth"": 3, ""n_estimators"": 100, ""subsample"": 0.8}",12,none,42,1.6710523460597413,1.2926918991235852,0.8183868671581496,-0.0192233362136382,1.832151030666083,134.66847906436027,62.21024069129261,1.2593690923891334,1.1222161522581706,0.8101771327452284,-0.0336368274573333,1.4419139689152234,126.7818892722751,35.45429393669456,4.873,daily,noise_a0.25_r2,noise,0.25,2,1.1439610725677305,noise_a0.25_r2,daily|N05C|A_lag1,,5,,,,,,,,,,
Naive,N05C,A_lag1,pacf_train,1,7,1469,314,316,2014-01-09,2018-01-16,2018-01-17,2018-11-26,2018-11-27,2019-10-08,{},0,none,42,3.403718952057739,1.8449170583139336,1.1485548299760662,-1.0220659148541102,2.3180527394153927,155.156029481033,27.505071185188168,2.638166753555488,1.6242434403609232,1.1035081100695014,-1.0886604699754363,2.0015462746333554,150.73596336406072,112.2852221729874,0.0,daily,noise_a0.50_r1,noise,0.5,1,1.641059530235085,noise_a0.50_r1,daily|N05C|A_lag1,,5,,,,,,,,,,
S1 [linear],N05C,A_lag1,pacf_train,1,7,1469,314,316,2014-01-09,2018-01-16,2018-01-17,2018-11-26,2018-11-27,2019-10-08,{},0,none,42,1.6918045134908062,1.3006938584812362,0.8547600941567205,-0.0050595508944561,1.6342615231433113,127.0816279957263,33.936525120952936,1.2715311949061827,1.127621920195853,0.797509842319508,-0.00668274268938,1.389562301733166,118.1629774659256,306.5646451112667,0.006,daily,noise_a0.50_r1,noise,0.5,1,1.1347201833778158,noise_a0.50_r1,daily|N05C|A_lag1,,5,linear,0.0,1.3006938584812362,0.0,,1.127621920195853,,,,
AR-LRX [linear],N05C,A_lag1,pacf_train,1,7,1469,314,316,2014-01-09,2018-01-16,2018-01-17,2018-11-26,2018-11-27,2019-10-08,"{""colsample_bytree"": 0.8, ""learning_rate"": 0.05, ""max_depth"": 3, ""n_estimators"": 100, ""subsample"": 0.8}",132,none,42,1.6918045134908062,1.3006938584812362,0.8547600941567205,-0.0050595508944561,1.6342615231433113,127.0816279957263,33.936525120952936,1.2715311949061827,1.127621920195853,0.797509842319508,-0.00668274268938,1.389562301733166,118.1629774659256,306.5646451112667,4.889,daily,noise_a0.50_r1,noise,0.5,1,1.1347201833778158,noise_a0.50_r1,daily|N05C|A_lag1,-0.0203888172478079,5,linear,0.0,1.3006938584812362,0.0,-0.0238840591856475,1.127621920195853,5.0,,,
"LR-XGB (residual, tanpa gerbang)",N05C,A_lag1,pacf_train,1,7,1469,314,316,2014-01-09,2018-01-16,2018-01-17,2018-11-26,2018-11-27,2019-10-08,"{""colsample_bytree"": 0.8, ""learning_rate"": 0.05, ""max_depth"": 3, ""n_estimators"": 100, ""subsample"": 0.8}",12,none,42,1.7236864526059126,1.3128923994775477,0.8618780270640275,-0.0239998286589102,1.6495884242882402,127.55179079142344,28.2608868734721,1.2890101005418255,1.1353458065901445,0.8093531625356751,-0.0205209503047236,1.399080404533538,118.92093103199292,317.8775020836407,5.174,daily,noise_a0.50_r1,noise,0.5,1,1.1384307766807675,noise_a0.50_r1,daily|N05C|A_lag1,,5,,,,,,,5.0,,,
XGBoost,N05C,A_lag1,pacf_train,1,7,1469,314,316,2014-01-09,2018-01-16,2018-01-17,2018-11-26,2018-11-27,2019-10-08,"{""colsample_bytree"": 0.8, ""learning_rate"": 0.05, ""max_depth"": 3, ""n_estimators"": 100, ""subsample"": 0.8}",12,none,42,1.7211697792636824,1.311933603222237,0.8609452142186673,-0.0225047347760651,1.6483837412505131,127.49754652548492,28.321764841392863,1.2870081249129492,1.134463805025506,0.8088317189177749,-0.0189359680998451,1.3979935188475288,118.84837955077424,314.46780782859474,4.834,daily,noise_a0.50_r1,noise,0.5,1,1.1375408269763223,noise_a0.50_r1,daily|N05C|A_lag1,,5,,,,,,,,,,
Naive,N05C,A_lag1,pacf_train,1,7,1469,314,316,2014-01-09,2018-01-16,2018-01-17,2018-11-26,2018-11-27,2019-10-08,{},0,none,42,3.2411229370284733,1.8003118999296963,1.1268274610915965,-0.9458363103244424,2.200881957081237,151.012358883556,56.773667232512544,2.7823887026474097,1.6680493705665338,1.1278886458759905,-1.0804990157852985,2.0125347949603287,153.4672876831765,1219.106835497356,0.0,daily,noise_a0.50_r2,noise,0.5,2,1.6862468289235828,noise_a0.50_r2,daily|N05C|A_lag1,,5,,,,,,,,,,
S1 [linear],N05C,A_lag1,pacf_train,1,7,1469,314,316,2014-01-09,2018-01-16,2018-01-17,2018-11-26,2018-11-27,2019-10-08,{},0,none,42,1.6781710730555237,1.2954424236744464,0.8314523725216086,-0.0075045816933427,1.5836788374358992,119.62010536975332,14.935592622835948,1.352775488371932,1.16308877063272,0.8427712798585177,-0.0115222468587394,1.4032897717715458,122.55437564251758,324.63439337866686,0.005,daily,noise_a0.50_r2,noise,0.5,2,1.137545030300765,noise_a0.50_r2,daily|N05C|A_lag1,,5,linear,0.0,1.2954424236744464,0.0,,1.16308877063272,,,,
AR-LRX [linear],N05C,A_lag1,pacf_train,1,7,1469,314,316,2014-01-09,2018-01-16,2018-01-17,2018-11-26,2018-11-27,2019-10-08,"{""colsample_bytree"": 0.8, ""learning_rate"": 0.05, ""max_depth"": 5, ""n_estimators"": 100, ""subsample"": 0.8}",132,none,42,1.676388379593208,1.2947541772835522,0.8298723903028886,-0.006434326187289,1.5828374559709406,119.65461007925371,13.72225718270226,1.363716377244234,1.167782675519822,0.845060411012861,-0.0197031701456198,1.4089530615255643,123.0753516598326,346.61754900743847,4.867,daily,noise_a0.50_r2,noise,0.5,2,1.1416191236802284,noise_a0.50_r2,daily|N05C|A_lag1,-0.0747995142998709,5,linear,0.2,1.2954424236744464,0.0531,-0.028769409521117,1.16308877063272,5.0,,,
"LR-XGB (residual, tanpa gerbang)",N05C,A_lag1,pacf_train,1,7,1469,314,316,2014-01-09,2018-01-16,2018-01-17,2018-11-26,2018-11-27,2019-10-08,"{""colsample_bytree"": 0.8, ""learning_rate"": 0.05, ""max_depth"": 3, ""n_estimators"": 100, ""subsample"": 0.8}",12,none,42,1.698228904372229,1.3031611198820463,0.8325993459704892,-0.0195464749632694,1.5931149463768897,120.25148367217736,11.854469652403695,1.4038820768768958,1.1848552978642142,0.8517307859514552,-0.0497366081316819,1.4295515204894242,124.50148919128355,435.8996421476219,5.142,daily,noise_a0.50_r2,noise,0.5,2,1.1554888625564106,noise_a0.50_r2,daily|N05C|A_lag1,,5,,,,,,,5.0,,,
XGBoost,N05C,A_lag1,pacf_train,1,7,1469,314,316,2014-01-09,2018-01-16,2018-01-17,2018-11-26,2018-11-27,2019-10-08,"{""colsample_bytree"": 0.8, ""learning_rate"": 0.05, ""max_depth"": 3, ""n_estimators"": 100, ""subsample"": 0.8}",12,none,42,1.6990729857298097,1.3034849388197047,0.8325348497020143,-0.0200532265386828,1.5935108151467854,120.20788847284408,11.50951909946619,1.403953939329187,1.1848856228890563,0.8509750661947473,-0.0497903424503707,1.4295881082360042,124.62372231025265,435.54612365608017,4.769,daily,noise_a0.50_r2,noise,0.5,2,1.1549675859949713,noise_a0.50_r2,daily|N05C|A_lag1,,5,,,,,,,,,,
Naive,N05C,A_lag1,pacf_train,1,7,1469,314,316,2014-01-09,2018-01-16,2018-01-17,2018-11-26,2018-11-27,2019-10-08,{},0,none,42,3.245222929936306,1.801450229658401,0.9968152866242038,-0.9423898790733812,2.828276860563689,170.12558275058277,1.14360616103027,3.1313291139240507,1.7695561912310247,1.139240506329114,-1.1505432549214478,2.425942544160537,170.6760910781011,1.0450179424296984,0.0,daily,spike,spike,1.5,0,1.713913650100261,spike,daily|N05C|A_lag1,,5,,,,,,,,3.7914377220257753,1.6155801861091093,14.0
S1 [linear],N05C,A_lag1,pacf_train,1,7,1469,314,316,2014-01-09,2018-01-16,2018-01-17,2018-11-26,2018-11-27,2019-10-08,{},0,none,42,1.6750876542176854,1.2942517738901058,0.8495322279728027,-0.0026039431987692,2.031975285007466,166.9933340045415,0.6374896487402409,1.4860688113310083,1.219044220416556,0.8695000217203319,-0.0206066313330193,1.6712276514170572,158.24033572789924,0.6237962639845043,0.005,daily,spike,spike,1.5,0,1.1452826628336623,spike,daily|N05C|A_lag1,,5,linear,0.0,1.2942517738901058,0.0,,1.219044220416556,,2.627196660729252,1.111301772701014,14.0
AR-LRX [linear],N05C,A_lag1,pacf_train,1,7,1469,314,316,2014-01-09,2018-01-16,2018-01-17,2018-11-26,2018-11-27,2019-10-08,"{""colsample_bytree"": 0.8, ""learning_rate"": 0.05, ""max_depth"": 3, ""n_estimators"": 100, ""subsample"": 0.8}",132,none,42,1.6750876542176854,1.2942517738901058,0.8495322279728027,-0.0026039431987692,2.031975285007466,166.9933340045415,0.6374896487402409,1.4860688113310083,1.219044220416556,0.8695000217203319,-0.0206066313330193,1.6712276514170572,158.24033572789924,0.6237962639845043,4.428,daily,spike,spike,1.5,0,1.1452826628336623,spike,daily|N05C|A_lag1,-0.0159561052467078,5,linear,0.0,1.2942517738901058,0.0,-0.021378154784662,1.219044220416556,5.0,2.627196660729252,1.111301772701014,14.0
"LR-XGB (residual, tanpa gerbang)",N05C,A_lag1,pacf_train,1,7,1469,314,316,2014-01-09,2018-01-16,2018-01-17,2018-11-26,2018-11-27,2019-10-08,"{""colsample_bytree"": 0.8, ""learning_rate"": 0.1, ""max_depth"": 5, ""n_estimators"": 100, ""subsample"": 0.8}",12,none,42,1.7025030073476488,1.3047999874876028,0.8495695198985016,-0.0190130792120875,2.0485359803555365,167.46201950571074,0.6457933331902529,1.4852081005332791,1.218691142387307,0.8693007059157298,-0.0200155098848575,1.670743605181731,158.58464531626666,0.6276061340600139,4.71,daily,spike,spike,1.5,0,1.1448755584894237,spike,daily|N05C|A_lag1,,5,,,,,,,5.0,2.6279112164880707,1.1108181411593967,14.0
XGBoost,N05C,A_lag1,pacf_train,1,7,1469,314,316,2014-01-09,2018-01-16,2018-01-17,2018-11-26,2018-11-27,2019-10-08,"{""colsample_bytree"": 0.8, ""learning_rate"": 0.05, ""max_depth"": 3, ""n_estimators"": 100, ""subsample"": 0.8}",12,none,42,1.702841166242428,1.3049295637092555,0.8490909117801934,-0.0192154802270312,2.0487394150235314,167.61966890076948,0.6465352974569292,1.4852098013214063,1.2186918401800375,0.8689636844622938,-0.0200166779570407,1.6707445618086414,158.65896946523395,0.6284329095202433,4.6,daily,spike,spike,1.5,0,1.1448947001213543,spike,daily|N05C|A_lag1,,5,,,,,,,,2.6295075086647057,1.110643809599078,14.0
Naive,N05C,A_lag1,pacf_train,1,7,1469,314,316,2014-01-09,2018-01-16,2018-01-17,2018-11-26,2018-11-27,2019-10-08,{},0,none,42,3.245222929936306,1.801450229658401,0.9968152866242038,-0.9423898790733812,2.828276860563689,170.12558275058277,1.14360616103027,3.770126582278481,1.9416813802162496,1.2734177215189872,-1.1206691781011735,2.3617063747049074,170.38537092995432,1.0305542973387252,0.0,daily,level,level,1.3,0,1.8122473634493483,level,daily|N05C|A_lag1,,5,,,,,,,,2.2294916262216384,1.60300351002877,158.0
S1 [linear],N05C,A_lag1,pacf_train,1,7,1469,314,316,2014-01-09,2018-01-16,2018-01-17,2018-11-26,2018-11-27,2019-10-08,{},0,none,42,1.6750876542176854,1.2942517738901058,0.8495322279728027,-0.0026039431987692,2.031975285007466,166.9933340045415,0.6374896487402409,1.843711903766877,1.3578335331574622,0.9630041098264054,-0.0370747300621665,1.6515604175433336,161.51726394890323,0.6616177739812199,0.005,daily,level,level,1.3,0,1.1453186787162335,level,daily|N05C|A_lag1,,5,linear,0.0,1.2942517738901058,0.0,,1.3578335331574622,,1.5707118239351263,1.1046665441137171,158.0
AR-LRX [linear],N05C,A_lag1,pacf_train,1,7,1469,314,316,2014-01-09,2018-01-16,2018-01-17,2018-11-26,2018-11-27,2019-10-08,"{""colsample_bytree"": 0.8, ""learning_rate"": 0.05, ""max_depth"": 3, ""n_estimators"": 100, ""subsample"": 0.8}",132,none,42,1.6750876542176854,1.2942517738901058,0.8495322279728027,-0.0026039431987692,2.031975285007466,166.9933340045415,0.6374896487402409,1.843711903766877,1.3578335331574622,0.9630041098264054,-0.0370747300621665,1.6515604175433336,161.51726394890323,0.6616177739812199,4.315,daily,level,level,1.3,0,1.1453186787162335,level,daily|N05C|A_lag1,-0.0395809753482216,5,linear,0.0,1.2942517738901058,0.0,-0.021378154784662,1.3578335331574622,5.0,1.5707118239351263,1.1046665441137171,158.0
"LR-XGB (residual, tanpa gerbang)",N05C,A_lag1,pacf_train,1,7,1469,314,316,2014-01-09,2018-01-16,2018-01-17,2018-11-26,2018-11-27,2019-10-08,"{""colsample_bytree"": 0.8, ""learning_rate"": 0.1, ""max_depth"": 5, ""n_estimators"": 100, ""subsample"": 0.8}",12,none,42,1.7025030073476488,1.3047999874876028,0.8495695198985016,-0.0190130792120875,2.0485359803555365,167.46201950571074,0.6457933331902529,1.9540090048760976,1.3978587213578122,0.990787494651708,-0.0991160588217099,1.7002438643151216,161.40896775524837,0.6767930807188615,5.208,daily,level,level,1.3,0,1.207949511464341,level,daily|N05C|A_lag1,,5,,,,,,,5.0,1.6403383882849472,1.1033168092941106,158.0
XGBoost,N05C,A_lag1,pacf_train,1,7,1469,314,316,2014-01-09,2018-01-16,2018-01-17,2018-11-26,2018-11-27,2019-10-08,"{""colsample_bytree"": 0.8, ""learning_rate"": 0.05, ""max_depth"": 3, ""n_estimators"": 100, ""subsample"": 0.8}",12,none,42,1.702841166242428,1.3049295637092555,0.8490909117801934,-0.0192154802270312,2.0487394150235314,167.61966890076948,0.6465352974569292,1.858327474566131,1.363204854218958,0.970599977087371,-0.0452958838717028,1.6580936641000412,160.86366313080683,0.6599037573059607,4.128,daily,level,level,1.3,0,1.1607367526303307,level,daily|N05C|A_lag1,,5,,,,,,,,1.5811953811167287,1.1029397607609328,158.0
Naive,N05C,B_rich,pacf_train,8,7,1469,314,316,2014-01-09,2018-01-16,2018-01-17,2018-11-26,2018-11-27,2019-10-08,{},0,none,42,3.245222929936306,1.801450229658401,0.9968152866242038,-0.9423898790733812,2.828276860563689,170.12558275058277,1.14360616103027,2.7626582278481013,1.662124612611251,1.1044303797468351,-1.146047749072324,2.3343616781562457,170.49054797798516,1.0397716095374023,0.0,daily,clean,clean,0.0,0,1.662124612611251,clean,daily|N05C|B_rich,,5,,,,,,,,,,
S1 [linear],N05C,B_rich,pacf_train,8,7,1469,314,316,2014-01-09,2018-01-16,2018-01-17,2018-11-26,2018-11-27,2019-10-08,{},0,none,42,1.6328380334848944,1.2778255097957991,0.8435138580167302,0.0226840685889672,2.006186050379405,166.4662038517874,0.6325619685318218,1.3157798107060052,1.1470744573505267,0.8571858049201146,-0.0221048237443026,1.611002348990073,157.0940017377655,0.6141574023080745,0.01,daily,clean,clean,0.0,0,1.1470744573505267,clean,daily|N05C|B_rich,,5,linear,0.0,1.2778255097957991,0.0,,1.1470744573505267,,,,
AR-LRX [linear],N05C,B_rich,pacf_train,8,7,1469,314,316,2014-01-09,2018-01-16,2018-01-17,2018-11-26,2018-11-27,2019-10-08,"{""colsample_bytree"": 0.8, ""learning_rate"": 0.05, ""max_depth"": 5, ""n_estimators"": 300, ""subsample"": 0.8}",132,none,42,1.6241839521328811,1.2744347578957822,0.8384078912078877,0.027863866832029,2.0008625698963782,166.44112095092888,0.6340937052970885,1.3207035925198425,1.1492186878570338,0.8564885994247858,-0.02592964390193,1.6140138016125454,156.91984511502335,0.6131440418279335,5.273,daily,clean,clean,0.0,0,1.1492186878570338,clean,daily|N05C|B_rich,-0.1101657091409591,5,linear,0.2,1.2778255097957991,0.2654,-0.0631476083480739,1.1470744573505267,5.0,,,
"LR-XGB (residual, tanpa gerbang)",N05C,B_rich,pacf_train,8,7,1469,314,316,2014-01-09,2018-01-16,2018-01-17,2018-11-26,2018-11-27,2019-10-08,"{""colsample_bytree"": 0.8, ""learning_rate"": 0.05, ""max_depth"": 5, ""n_estimators"": 100, ""subsample"": 0.8}",12,none,42,1.655962375372622,1.286842016477789,0.8318329127400743,0.0088432667048771,2.020341965870129,168.1360848673012,0.659725748006903,1.3486742454274905,1.161324349795306,0.8596790748354399,-0.0476573973053238,1.6310155312680743,157.8523997541507,0.6250328459104504,5.228,daily,clean,clean,0.0,0,1.161324349795306,clean,daily|N05C|B_rich,,5,,,,,,,5.0,,,
XGBoost,N05C,B_rich,pacf_train,8,7,1469,314,316,2014-01-09,2018-01-16,2018-01-17,2018-11-26,2018-11-27,2019-10-08,"{""colsample_bytree"": 0.8, ""learning_rate"": 0.05, ""max_depth"": 5, ""n_estimators"": 100, ""subsample"": 0.8}",12,none,42,1.663909800270813,1.2899262770681172,0.8327761454400933,0.0040864293410892,2.0251842549969443,168.11172452527413,0.6612747647804266,1.3453687688798135,1.1599003271315227,0.8549156139923048,-0.0450896853700408,1.629015570549161,158.16710874820487,0.6295910645002329,5.065,daily,clean,clean,0.0,0,1.1599003271315227,clean,daily|N05C|B_rich,,5,,,,,,,,,,
Naive,N05C,B_rich,pacf_train,8,7,1469,314,316,2014-01-09,2018-01-16,2018-01-17,2018-11-26,2018-11-27,2019-10-08,{},0,none,42,3.194543823329242,1.7873286836307534,1.01412590539136,-0.9399261457926912,2.7084792257043646,165.59075124503414,29.475137789467663,2.755175850039029,1.659872239071137,1.1180779997233912,-1.1693708980912991,2.2726943947015275,164.1317706763554,56.24265958112008,0.0,daily,noise_a0.10_r1,noise,0.1,1,1.6618104983443862,noise_a0.10_r1,daily|N05C|B_rich,,5,,,,,,,,,,
S1 [linear],N05C,B_rich,pacf_train,8,7,1469,314,316,2014-01-09,2018-01-16,2018-01-17,2018-11-26,2018-11-27,2019-10-08,{},0,none,42,1.6098077705559823,1.2687820027711547,0.8244986897040946,0.022424372144876,1.922684802144201,150.36518079050424,128.3464483367138,1.297744980145812,1.1391861042629567,0.8410226105298272,-0.0218186955408001,1.5597717780551028,143.9764674116028,29.80971810893987,0.007,daily,noise_a0.10_r1,noise,0.1,1,1.1450969055451072,noise_a0.10_r1,daily|N05C|B_rich,,5,linear,0.0,1.2687820027711547,0.0,,1.1391861042629567,,,,
AR-LRX [linear],N05C,B_rich,pacf_train,8,7,1469,314,316,2014-01-09,2018-01-16,2018-01-17,2018-11-26,2018-11-27,2019-10-08,"{""colsample_bytree"": 0.8, ""learning_rate"": 0.05, ""max_depth"": 3, ""n_estimators"": 100, ""subsample"": 0.8}",132,none,42,1.6098077705559823,1.2687820027711547,0.8244986897040946,0.022424372144876,1.922684802144201,150.36518079050424,128.3464483367138,1.297744980145812,1.1391861042629567,0.8410226105298272,-0.0218186955408001,1.5597717780551028,143.9764674116028,29.80971810893987,6.35,daily,noise_a0.10_r1,noise,0.1,1,1.1450969055451072,noise_a0.10_r1,daily|N05C|B_rich,-0.0713636844845808,5,linear,0.0,1.2687820027711547,0.0,-0.039554108767239,1.1391861042629567,5.0,,,
"LR-XGB (residual, tanpa gerbang)",N05C,B_rich,pacf_train,8,7,1469,314,316,2014-01-09,2018-01-16,2018-01-17,2018-11-26,2018-11-27,2019-10-08,"{""colsample_bytree"": 0.8, ""learning_rate"": 0.05, ""max_depth"": 3, ""n_estimators"": 100, ""subsample"": 0.8}",12,none,42,1.6692598297771886,1.291998386135675,0.8369741761966811,-0.0136786242398276,1.957866407304286,150.85025530084218,139.53800409176944,1.378669740425615,1.174167679859063,0.8670996071844144,-0.0855372490710701,1.6076684949853093,145.71775306942018,30.471706698680865,6.661,daily,noise_a0.10_r1,noise,0.1,1,1.180212263359638,noise_a0.10_r1,daily|N05C|B_rich,,5,,,,,,,5.0,,,
XGBoost,N05C,B_rich,pacf_train,8,7,1469,314,316,2014-01-09,2018-01-16,2018-01-17,2018-11-26,2018-11-27,2019-10-08,"{""colsample_bytree"": 0.8, ""learning_rate"": 0.05, ""max_depth"": 3, ""n_estimators"": 100, ""subsample"": 0.8}",12,none,42,1.6754810900615509,1.294403758516465,0.8377995653454356,-0.0174565612952781,1.961511456579844,151.01949055767753,132.56188637458763,1.3951887115757164,1.1811810663804752,0.8727728326158429,-0.098543959796606,1.6172712125077184,145.87743101306435,30.895173513345394,6.152,daily,noise_a0.10_r1,noise,0.1,1,1.1872443951750458,noise_a0.10_r1,daily|N05C|B_rich,,5,,,,,,,,,,
Naive,N05C,B_rich,pacf_train,8,7,1469,314,316,2014-01-09,2018-01-16,2018-01-17,2018-11-26,2018-11-27,2019-10-08,{},0,none,42,3.1996462718290903,1.7887555092379424,1.0131711831642358,-0.9409324082443652,2.681816153888341,158.28077970084132,607.2919442691876,2.7228786332016965,1.6501147333448352,1.1142864372201051,-1.1591788838307688,2.2488865072753765,164.92436330956463,55.53903189896519,0.0,daily,noise_a0.10_r2,noise,0.1,2,1.6550789098159726,noise_a0.10_r2,daily|N05C|B_rich,,5,,,,,,,,,,
S1 [linear],N05C,B_rich,pacf_train,8,7,1469,314,316,2014-01-09,2018-01-16,2018-01-17,2018-11-26,2018-11-27,2019-10-08,{},0,none,42,1.6125736377130593,1.2698715044102136,0.8268760838785184,0.0217992339732707,1.90387221523676,148.8080666009606,130.99355312334464,1.292304627065643,1.1367957719245982,0.8438092096005444,-0.0247672548504078,1.549301161517883,144.0190481451091,117.17778851680866,0.007,daily,noise_a0.10_r2,noise,0.1,2,1.145362794137225,noise_a0.10_r2,daily|N05C|B_rich,,5,linear,0.0,1.2698715044102136,0.0,,1.1367957719245982,,,,
AR-LRX [linear],N05C,B_rich,pacf_train,8,7,1469,314,316,2014-01-09,2018-01-16,2018-01-17,2018-11-26,2018-11-27,2019-10-08,"{""colsample_bytree"": 0.8, ""learning_rate"": 0.05, ""max_depth"": 5, ""n_estimators"": 500, ""subsample"": 0.8}",132,none,42,1.6067783585128557,1.2675876137422832,0.8304610384276719,0.0253146992025161,1.900448060926493,148.3473329726202,114.80401900544427,1.314471322361863,1.146503956539995,0.8546347302970276,-0.0423449242420215,1.5625321235537466,144.46363738643058,111.01397085481972,7.329,daily,noise_a0.10_r2,noise,0.1,2,1.155067875099221,noise_a0.10_r2,daily|N05C|B_rich,-0.1983703137891395,5,linear,0.2,1.2698715044102136,0.1799,-0.0629996703253095,1.1367957719245982,5.0,,,
"LR-XGB (residual, tanpa gerbang)",N05C,B_rich,pacf_train,8,7,1469,314,316,2014-01-09,2018-01-16,2018-01-17,2018-11-26,2018-11-27,2019-10-08,"{""colsample_bytree"": 0.8, ""learning_rate"": 0.05, ""max_depth"": 5, ""n_estimators"": 100, ""subsample"": 0.8}",12,none,42,1.638305235358751,1.2799629820267269,0.8431256359023882,0.0061902298698648,1.919002001028502,147.13510739994507,85.14543746380245,1.3801345888094363,1.174791295851921,0.8741521399199553,-0.0944143542298885,1.601083997808188,146.07172703636058,111.78872601559615,6.591,daily,noise_a0.10_r2,noise,0.1,2,1.183192038122534,noise_a0.10_r2,daily|N05C|B_rich,,5,,,,,,,5.0,,,
XGBoost,N05C,B_rich,pacf_train,8,7,1469,314,316,2014-01-09,2018-01-16,2018-01-17,2018-11-26,2018-11-27,2019-10-08,"{""colsample_bytree"": 0.8, ""learning_rate"": 0.05, ""max_depth"": 3, ""n_estimators"": 100, ""subsample"": 0.8}",12,none,42,1.6695162351348076,1.2920976105290218,0.8446574556478774,-0.0127426257687135,1.9371950087206224,149.25342871201295,99.02116900890586,1.32566686318488,1.1513760737417118,0.8546264310598235,-0.0512227254937431,1.5691721701004466,144.72411231587213,106.01232387808254,5.984,daily,noise_a0.10_r2,noise,0.1,2,1.159760874351183,noise_a0.10_r2,daily|N05C|B_rich,,5,,,,,,,,,,
Naive,N05C,B_rich,pacf_train,8,7,1469,314,316,2014-01-09,2018-01-16,2018-01-17,2018-11-26,2018-11-27,2019-10-08,{},0,none,42,3.1137272364917066,1.764575653377238,1.0251241519379657,-0.9445990630892872,2.4964406248789266,155.82104652083555,28.67597611146288,2.7126485219120906,1.6470119981081166,1.1250022728812907,-1.159749535921216,2.1583823259632973,160.91451185586612,8.287374663364073,0.0,daily,noise_a0.25_r1,noise,0.25,1,1.6503732242960063,noise_a0.25_r1,daily|N05C|B_rich,,5,,,,,,,,,,
S1 [linear],N05C,B_rich,pacf_train,8,7,1469,314,316,2014-01-09,2018-01-16,2018-01-17,2018-11-26,2018-11-27,2019-10-08,{},0,none,42,1.5607559379478748,1.2493021803982711,0.8013137603453542,0.0252696192926266,1.7674553708858831,131.50583048053653,36.69706921366042,1.2731382941927891,1.128334300725095,0.8188103422041305,-0.0136439785085855,1.4786636741327084,129.8740006945304,29.46489708990303,0.007,daily,noise_a0.25_r1,noise,0.25,1,1.1397327593929532,noise_a0.25_r1,daily|N05C|B_rich,,5,linear,0.0,1.2493021803982711,0.0,,1.128334300725095,,,,
AR-LRX [linear],N05C,B_rich,pacf_train,8,7,1469,314,316,2014-01-09,2018-01-16,2018-01-17,2018-11-26,2018-11-27,2019-10-08,"{""colsample_bytree"": 0.8, ""learning_rate"": 0.05, ""max_depth"": 3, ""n_estimators"": 100, ""subsample"": 0.8}",132,none,42,1.5607559379478748,1.2493021803982711,0.8013137603453542,0.0252696192926266,1.7674553708858831,131.50583048053653,36.69706921366042,1.2731382941927891,1.128334300725095,0.8188103422041305,-0.0136439785085855,1.4786636741327084,129.8740006945304,29.46489708990303,6.234,daily,noise_a0.25_r1,noise,0.25,1,1.1397327593929532,noise_a0.25_r1,daily|N05C|B_rich,-0.0281917758497567,5,linear,0.0,1.2493021803982711,0.0,-0.0503782998037614,1.128334300725095,5.0,,,
"LR-XGB (residual, tanpa gerbang)",N05C,B_rich,pacf_train,8,7,1469,314,316,2014-01-09,2018-01-16,2018-01-17,2018-11-26,2018-11-27,2019-10-08,"{""colsample_bytree"": 0.8, ""learning_rate"": 0.05, ""max_depth"": 3, ""n_estimators"": 100, ""subsample"": 0.8}",12,none,42,1.6361019183705798,1.279101996859742,0.8072316474842732,-0.0217857943031447,1.809614783142291,131.97686534804953,43.399529437779016,1.3013839336674229,1.140782158725943,0.8261933439642348,-0.036132519229717,1.4949763887553054,129.442309492367,32.52514486719021,6.171,daily,noise_a0.25_r1,noise,0.25,1,1.1511381169840271,noise_a0.25_r1,daily|N05C|B_rich,,5,,,,,,,5.0,,,
XGBoost,N05C,B_rich,pacf_train,8,7,1469,314,316,2014-01-09,2018-01-16,2018-01-17,2018-11-26,2018-11-27,2019-10-08,"{""colsample_bytree"": 0.8, ""learning_rate"": 0.05, ""max_depth"": 3, ""n_estimators"": 100, ""subsample"": 0.8}",12,none,42,1.6366499658585736,1.279316210269601,0.8041705293995592,-0.0221280634072562,1.8099178424402824,131.85844887338226,35.641679139358175,1.3082735032388029,1.1437978419453338,0.8299571586686315,-0.041617839043283,1.49892839236482,129.69954719749356,33.13423138781935,6.399,daily,noise_a0.25_r1,noise,0.25,1,1.1530238132201738,noise_a0.25_r1,daily|N05C|B_rich,,5,,,,,,,,,,
Naive,N05C,B_rich,pacf_train,8,7,1469,314,316,2014-01-09,2018-01-16,2018-01-17,2018-11-26,2018-11-27,2019-10-08,{},0,none,42,3.212187967411078,1.7922577848655248,1.0412221311490522,-0.9592066905682552,2.540193026650005,154.9614490264558,87.0249275152938,2.6125959986689566,1.616352683874703,1.1119687695009448,-1.144308174475575,2.0768205027906004,154.90462724002393,69.00628241089996,0.0,daily,noise_a0.25_r2,noise,0.25,2,1.6488164885160548,noise_a0.25_r2,daily|N05C|B_rich,,5,,,,,,,,,,
S1 [linear],N05C,B_rich,pacf_train,8,7,1469,314,316,2014-01-09,2018-01-16,2018-01-17,2018-11-26,2018-11-27,2019-10-08,{},0,none,42,1.597498572577127,1.263921901296566,0.8138651222624608,0.0256392454863442,1.7913748942899128,134.39354112341948,53.159916498490304,1.2528446672767506,1.1193054396708482,0.8136446827893354,-0.0282818555790316,1.4381740502456228,126.26595601077304,37.190232288816986,0.008,daily,noise_a0.25_r2,noise,0.25,2,1.145749838073762,noise_a0.25_r2,daily|N05C|B_rich,,5,linear,0.0,1.263921901296566,0.0,,1.1193054396708482,,,,
AR-LRX [linear],N05C,B_rich,pacf_train,8,7,1469,314,316,2014-01-09,2018-01-16,2018-01-17,2018-11-26,2018-11-27,2019-10-08,"{""colsample_bytree"": 0.8, ""learning_rate"": 0.05, ""max_depth"": 5, ""n_estimators"": 500, ""subsample"": 0.8}",132,none,42,1.5935354447458017,1.262353137892009,0.8145563312456557,0.028056472199564,1.789151463099171,134.22311805368253,56.138313960979005,1.253643129372658,1.119662060343503,0.8147794546515156,-0.0289371994592702,1.4386322652948984,125.88974754088773,33.242847951131125,7.006,daily,noise_a0.25_r2,noise,0.25,2,1.1468105422937331,noise_a0.25_r2,daily|N05C|B_rich,-0.1431676970381856,5,linear,0.2,1.263921901296566,0.1241,-0.0678801076734374,1.1193054396708482,5.0,,,
"LR-XGB (residual, tanpa gerbang)",N05C,B_rich,pacf_train,8,7,1469,314,316,2014-01-09,2018-01-16,2018-01-17,2018-11-26,2018-11-27,2019-10-08,"{""colsample_bytree"": 0.8, ""learning_rate"": 0.05, ""max_depth"": 5, ""n_estimators"": 100, ""subsample"": 0.8}",12,none,42,1.6462963409587827,1.2830808006352457,0.819417643922635,-0.0041239300401474,1.818529080986362,134.0627657084162,70.25207337890069,1.339612287981968,1.1574162120784242,0.8314930428504147,-0.0994970447827141,1.4871418493546047,126.07139282445168,25.61980148532508,6.402,daily,noise_a0.25_r2,noise,0.25,2,1.1813688585322246,noise_a0.25_r2,daily|N05C|B_rich,,5,,,,,,,5.0,,,
XGBoost,N05C,B_rich,pacf_train,8,7,1469,314,316,2014-01-09,2018-01-16,2018-01-17,2018-11-26,2018-11-27,2019-10-08,"{""colsample_bytree"": 0.8, ""learning_rate"": 0.05, ""max_depth"": 3, ""n_estimators"": 100, ""subsample"": 0.8}",12,none,42,1.6954768622179934,1.3021047815817255,0.8239948584083948,-0.0341205576579073,1.8454920458831765,134.92305062593107,59.41646094273141,1.2813403840338538,1.1319630665502536,0.8176071017685761,-0.0516699333418879,1.454437591787068,126.33624004976232,31.26260889901483,6.342,daily,noise_a0.25_r2,noise,0.25,2,1.1580106576988378,noise_a0.25_r2,daily|N05C|B_rich,,5,,,,,,,,,,
Naive,N05C,B_rich,pacf_train,8,7,1469,314,316,2014-01-09,2018-01-16,2018-01-17,2018-11-26,2018-11-27,2019-10-08,{},0,none,42,3.403718952057739,1.8449170583139336,1.1485548299760662,-1.0220659148541102,2.3180527394153927,155.156029481033,27.505071185188168,2.638166753555488,1.6242434403609232,1.1035081100695014,-1.0886604699754363,2.0015462746333554,150.73596336406072,112.2852221729874,0.0,daily,noise_a0.50_r1,noise,0.5,1,1.641059530235085,noise_a0.50_r1,daily|N05C|B_rich,,5,,,,,,,,,,
S1 [linear],N05C,B_rich,pacf_train,8,7,1469,314,316,2014-01-09,2018-01-16,2018-01-17,2018-11-26,2018-11-27,2019-10-08,{},0,none,42,1.6502893946922492,1.2846358996588292,0.8599481984541586,0.0196035625576492,1.6140854424517932,127.16013373520138,34.47427463109499,1.2926898340058657,1.136965185925174,0.8140406820896994,-0.0234342285560049,1.4010759567978752,119.33308019857556,250.8675460533928,0.006,daily,noise_a0.50_r1,noise,0.5,1,1.1432817808106963,noise_a0.50_r1,daily|N05C|B_rich,,5,linear,0.0,1.2846358996588292,0.0,,1.136965185925174,,,,
AR-LRX [linear],N05C,B_rich,pacf_train,8,7,1469,314,316,2014-01-09,2018-01-16,2018-01-17,2018-11-26,2018-11-27,2019-10-08,"{""colsample_bytree"": 0.8, ""learning_rate"": 0.1, ""max_depth"": 5, ""n_estimators"": 500, ""subsample"": 0.8}",132,none,42,1.6372785129899838,1.2795618441443086,0.857036034682219,0.0273330081384733,1.607710126969519,127.16515913884663,30.621334609699424,1.2994464039516025,1.1399326313215192,0.8221187042952715,-0.0287834660669641,1.4047327234688325,120.13893934933184,242.05336216869048,7.029,daily,noise_a0.50_r1,noise,0.5,1,1.1458673097003058,noise_a0.50_r1,daily|N05C|B_rich,-0.1657343205121852,5,linear,0.2,1.2846358996588292,0.395,-0.0705008496572436,1.136965185925174,5.0,,,
"LR-XGB (residual, tanpa gerbang)",N05C,B_rich,pacf_train,8,7,1469,314,316,2014-01-09,2018-01-16,2018-01-17,2018-11-26,2018-11-27,2019-10-08,"{""colsample_bytree"": 0.8, ""learning_rate"": 0.05, ""max_depth"": 5, ""n_estimators"": 100, ""subsample"": 0.8}",12,none,42,1.6923026782950683,1.3008853440234724,0.8711619835224066,-0.0053554983815626,1.634502115848408,127.68461351368754,25.965804864037526,1.306391281865362,1.1429747511932895,0.8218144249540669,-0.034281788698665,1.4084815110859008,120.0562485508258,191.0180955596,6.37,daily,noise_a0.50_r1,noise,0.5,1,1.1522563800686083,noise_a0.50_r1,daily|N05C|B_rich,,5,,,,,,,5.0,,,
XGBoost,N05C,B_rich,pacf_train,8,7,1469,314,316,2014-01-09,2018-01-16,2018-01-17,2018-11-26,2018-11-27,2019-10-08,"{""colsample_bytree"": 0.8, ""learning_rate"": 0.05, ""max_depth"": 3, ""n_estimators"": 100, ""subsample"": 0.8}",12,none,42,1.6987075902333777,1.30334477028658,0.8700646794503408,-0.0091604994114706,1.6375922709103363,127.20284296901724,31.05311555388795,1.307120556255487,1.1432937313986669,0.8251020538867838,-0.0348591618265639,1.40887458864182,119.700312088702,289.7325336722583,6.299,daily,noise_a0.50_r1,noise,0.5,1,1.1493725104589203,noise_a0.50_r1,daily|N05C|B_rich,,5,,,,,,,,,,
Naive,N05C,B_rich,pacf_train,8,7,1469,314,316,2014-01-09,2018-01-16,2018-01-17,2018-11-26,2018-11-27,2019-10-08,{},0,none,42,3.2411229370284733,1.8003118999296963,1.1268274610915965,-0.9458363103244424,2.200881957081237,151.012358883556,56.773667232512544,2.7823887026474097,1.6680493705665338,1.1278886458759905,-1.0804990157852985,2.0125347949603287,153.4672876831765,1219.106835497356,0.0,daily,noise_a0.50_r2,noise,0.5,2,1.6862468289235828,noise_a0.50_r2,daily|N05C|B_rich,,5,,,,,,,,,,
S1 [linear],N05C,B_rich,pacf_train,8,7,1469,314,316,2014-01-09,2018-01-16,2018-01-17,2018-11-26,2018-11-27,2019-10-08,{},0,none,42,1.6597390377695054,1.2883085957058211,0.8365192859935809,0.0035612508065494,1.574957730131281,119.84338621296288,16.47260553253994,1.3484135668305246,1.1612121110419598,0.8518954541335134,-0.0082606704063925,1.4010255445901776,123.04334332179924,291.4393822868704,0.007,daily,noise_a0.50_r2,noise,0.5,2,1.1378272677371803,noise_a0.50_r2,daily|N05C|B_rich,,5,linear,0.0,1.2883085957058211,0.0,,1.1612121110419598,,,,
AR-LRX [linear],N05C,B_rich,pacf_train,8,7,1469,314,316,2014-01-09,2018-01-16,2018-01-17,2018-11-26,2018-11-27,2019-10-08,"{""colsample_bytree"": 0.8, ""learning_rate"": 0.1, ""max_depth"": 3, ""n_estimators"": 500, ""subsample"": 0.8}",132,none,42,1.6550777968896466,1.286498269291353,0.832311962527396,0.0063596672601731,1.572744605426508,119.68804871680403,15.498028212015049,1.3677548726635749,1.1695105269571433,0.8547361783388213,-0.0227229084507665,1.4110377487053871,123.50623353192825,303.6645062791756,6.732,daily,noise_a0.50_r2,noise,0.5,2,1.1457403112308446,noise_a0.50_r2,daily|N05C|B_rich,-0.1774172267450653,5,linear,0.2,1.2883085957058211,0.1405,-0.0886012985045343,1.1612121110419598,5.0,,,
"LR-XGB (residual, tanpa gerbang)",N05C,B_rich,pacf_train,8,7,1469,314,316,2014-01-09,2018-01-16,2018-01-17,2018-11-26,2018-11-27,2019-10-08,"{""colsample_bytree"": 0.8, ""learning_rate"": 0.05, ""max_depth"": 3, ""n_estimators"": 100, ""subsample"": 0.8}",12,none,42,1.7338262444456334,1.3167483603352743,0.8445807834436975,-0.0409176473043291,1.6097253528076874,120.55081156970827,15.56356816974747,1.381259652413258,1.1752700338276552,0.8482212236484947,-0.0328209515282413,1.4179867084803497,122.24947671185195,282.8728065853305,6.431,daily,noise_a0.50_r2,noise,0.5,2,1.148734304532864,noise_a0.50_r2,daily|N05C|B_rich,,5,,,,,,,5.0,,,
XGBoost,N05C,B_rich,pacf_train,8,7,1469,314,316,2014-01-09,2018-01-16,2018-01-17,2018-11-26,2018-11-27,2019-10-08,"{""colsample_bytree"": 0.8, ""learning_rate"": 0.05, ""max_depth"": 3, ""n_estimators"": 100, ""subsample"": 0.8}",12,none,42,1.7492823713336754,1.3226043895790136,0.8405047701753473,-0.0501968673462902,1.6168843507031017,120.43065009489264,12.00543923739218,1.3660139933153568,1.1687660130733426,0.839325292389406,-0.0214211860253115,1.4101394778730492,121.6026854715866,280.6300264903294,6.304,daily,noise_a0.50_r2,noise,0.5,2,1.1424996690521707,noise_a0.50_r2,daily|N05C|B_rich,,5,,,,,,,,,,
Naive,N05C,B_rich,pacf_train,8,7,1469,314,316,2014-01-09,2018-01-16,2018-01-17,2018-11-26,2018-11-27,2019-10-08,{},0,none,42,3.245222929936306,1.801450229658401,0.9968152866242038,-0.9423898790733812,2.828276860563689,170.12558275058277,1.14360616103027,3.1313291139240507,1.7695561912310247,1.139240506329114,-1.1505432549214478,2.425942544160537,170.6760910781011,1.0450179424296984,0.0,daily,spike,spike,1.5,0,1.713913650100261,spike,daily|N05C|B_rich,,5,,,,,,,,3.7914377220257753,1.6155801861091093,14.0
S1 [linear],N05C,B_rich,pacf_train,8,7,1469,314,316,2014-01-09,2018-01-16,2018-01-17,2018-11-26,2018-11-27,2019-10-08,{},0,none,42,1.6328380334848944,1.2778255097957991,0.8435138580167302,0.0226840685889672,2.006186050379405,166.4662038517874,0.6325619685318218,1.4939216214940554,1.2222608647478064,0.87666873451009,-0.0259998069826898,1.6756374544915698,157.1956846945752,0.6154639318942507,0.008,daily,spike,spike,1.5,0,1.1486977479653386,spike,daily|N05C|B_rich,,5,linear,0.0,1.2778255097957991,0.0,,1.2222608647478064,,2.6652238734019176,1.110800940460746,14.0
AR-LRX [linear],N05C,B_rich,pacf_train,8,7,1469,314,316,2014-01-09,2018-01-16,2018-01-17,2018-11-26,2018-11-27,2019-10-08,"{""colsample_bytree"": 0.8, ""learning_rate"": 0.05, ""max_depth"": 5, ""n_estimators"": 300, ""subsample"": 0.8}",132,none,42,1.6241839521328811,1.2744347578957822,0.8384078912078877,0.027863866832029,2.0008625698963782,166.44112095092888,0.6340937052970885,1.5094449163811268,1.2285946916624404,0.8801725346046001,-0.0366609402903008,1.6843207052725864,156.97744140540485,0.6143026813972452,5.21,daily,spike,spike,1.5,0,1.155608614284983,spike,daily|N05C|B_rich,-0.1538672118654462,5,linear,0.2,1.2778255097957991,0.2654,-0.0631476083480739,1.2222608647478064,5.0,2.7007959821891205,1.114124264016914,14.0
"LR-XGB (residual, tanpa gerbang)",N05C,B_rich,pacf_train,8,7,1469,314,316,2014-01-09,2018-01-16,2018-01-17,2018-11-26,2018-11-27,2019-10-08,"{""colsample_bytree"": 0.8, ""learning_rate"": 0.05, ""max_depth"": 5, ""n_estimators"": 100, ""subsample"": 0.8}",12,none,42,1.655962375372622,1.286842016477789,0.8318329127400743,0.0088432667048771,2.020341965870129,168.1360848673012,0.659725748006903,1.5920881231388084,1.2617797443051653,0.8967631949670151,-0.0934188805743516,1.729815180912938,157.93525941329256,0.6263651265393693,5.422,daily,spike,spike,1.5,0,1.1912640872068485,spike,daily|N05C|B_rich,,5,,,,,,,5.0,2.90593059914928,1.1289064477292536,14.0
XGBoost,N05C,B_rich,pacf_train,8,7,1469,314,316,2014-01-09,2018-01-16,2018-01-17,2018-11-26,2018-11-27,2019-10-08,"{""colsample_bytree"": 0.8, ""learning_rate"": 0.05, ""max_depth"": 5, ""n_estimators"": 100, ""subsample"": 0.8}",12,none,42,1.663909800270813,1.2899262770681172,0.8327761454400933,0.0040864293410892,2.0251842549969443,168.11172452527413,0.6612747647804266,1.5890955158279747,1.2605933189684826,0.8942211906932578,-0.0913636090801084,1.728188671557659,158.21895882796218,0.6307845743908708,5.184,daily,spike,spike,1.5,0,1.1894173225962448,spike,daily|N05C|B_rich,,5,,,,,,,,2.909829474543057,1.1270524720985555,14.0
Naive,N05C,B_rich,pacf_train,8,7,1469,314,316,2014-01-09,2018-01-16,2018-01-17,2018-11-26,2018-11-27,2019-10-08,{},0,none,42,3.245222929936306,1.801450229658401,0.9968152866242038,-0.9423898790733812,2.828276860563689,170.12558275058277,1.14360616103027,3.770126582278481,1.9416813802162496,1.2734177215189872,-1.1206691781011735,2.3617063747049074,170.38537092995432,1.0305542973387252,0.0,daily,level,level,1.3,0,1.8122473634493483,level,daily|N05C|B_rich,,5,,,,,,,,2.2294916262216384,1.60300351002877,158.0
S1 [linear],N05C,B_rich,pacf_train,8,7,1469,314,316,2014-01-09,2018-01-16,2018-01-17,2018-11-26,2018-11-27,2019-10-08,{},0,none,42,1.6328380334848944,1.2778255097957991,0.8435138580167302,0.0226840685889672,2.006186050379405,166.4662038517874,0.6325619685318218,1.830144033851699,1.3528281612428457,0.9736932845024812,-0.0294429004899574,1.645472282343107,159.8642509653764,0.6457915908383881,0.007,daily,level,level,1.3,0,1.147461722940895,level,daily|N05C|B_rich,,5,linear,0.0,1.2778255097957991,0.0,,1.3528281612428457,,1.5579877644381537,1.1103883075592975,158.0
AR-LRX [linear],N05C,B_rich,pacf_train,8,7,1469,314,316,2014-01-09,2018-01-16,2018-01-17,2018-11-26,2018-11-27,2019-10-08,"{""colsample_bytree"": 0.8, ""learning_rate"": 0.05, ""max_depth"": 5, ""n_estimators"": 300, ""subsample"": 0.8}",132,none,42,1.6241839521328811,1.2744347578957822,0.8384078912078877,0.027863866832029,2.0008625698963782,166.44112095092888,0.6340937052970885,1.8223851821739,1.3499574742094285,0.9671013276864598,-0.0250786020369799,1.6419806075834464,159.3625093776297,0.6412222883590949,5.227,daily,level,level,1.3,0,1.1449259966495955,level,daily|N05C|B_rich,-0.0585166570458099,5,linear,0.2,1.2778255097957991,0.2654,-0.0631476083480739,1.3528281612428457,5.0,1.5548993594575935,1.1077266568545532,158.0
"LR-XGB (residual, tanpa gerbang)",N05C,B_rich,pacf_train,8,7,1469,314,316,2014-01-09,2018-01-16,2018-01-17,2018-11-26,2018-11-27,2019-10-08,"{""colsample_bytree"": 0.8, ""learning_rate"": 0.05, ""max_depth"": 5, ""n_estimators"": 100, ""subsample"": 0.8}",12,none,42,1.655962375372622,1.286842016477789,0.8318329127400743,0.0088432667048771,2.020341965870129,168.1360848673012,0.659725748006903,1.8399539854012457,1.356449035312881,0.9682487640400862,-0.0349609279184204,1.6498764247839508,159.45628611202542,0.644438070565491,5.408,daily,level,level,1.3,0,1.15460624806201,level,daily|N05C|B_rich,,5,,,,,,,5.0,1.5608724938189196,1.1151614362243696,158.0
XGBoost,N05C,B_rich,pacf_train,8,7,1469,314,316,2014-01-09,2018-01-16,2018-01-17,2018-11-26,2018-11-27,2019-10-08,"{""colsample_bytree"": 0.8, ""learning_rate"": 0.05, ""max_depth"": 5, ""n_estimators"": 100, ""subsample"": 0.8}",12,none,42,1.663909800270813,1.2899262770681172,0.8327761454400933,0.0040864293410892,2.0251842549969443,168.11172452527413,0.6612747647804266,1.8448400920959125,1.3582489065321983,0.9651870535144323,-0.0377093279103462,1.6520656445888169,160.1687503391238,0.6527547965376241,4.959,daily,level,level,1.3,0,1.155653649946104,level,daily|N05C|B_rich,,5,,,,,,,,1.5635596805489496,1.1157783424827226,158.0
Naive,R03,A_lag1,pacf_train,1,1,1473,315,317,2014-01-03,2018-01-14,2018-01-15,2018-11-25,2018-11-26,2019-10-08,{},0,none,42,93.93055555555556,9.69177772937223,6.792063492063492,-0.7667535335805216,1.395137660117561,112.863476008676,3.275596500445437,118.7064164918472,10.895247426830068,7.588590956908518,-0.8056465862630271,1.48186428344732,116.8205138789049,4.156248040245456,0.0,daily,clean,clean,0.0,0,10.895247426830068,clean,daily|R03|A_lag1,,5,,,,,,,,,,
S1 [linear],R03,A_lag1,pacf_train,1,1,1473,315,317,2014-01-03,2018-01-14,2018-01-15,2018-11-25,2018-11-26,2019-10-08,{},0,none,42,55.86248272495644,7.474120866359899,5.098668280401342,-0.0507255936597115,1.0759045232050122,89.90307176351305,1.534883973521318,68.69126047976773,8.288019092628089,5.640236283663765,-0.044864664075809,1.127254755468032,91.40346584251876,1.8249838135443173,0.006,daily,clean,clean,0.0,0,8.288019092628089,clean,daily|R03|A_lag1,,5,linear,0.0,7.474120866359899,0.0,,8.288019092628089,,,,
AR-LRX [linear],R03,A_lag1,pacf_train,1,1,1473,315,317,2014-01-03,2018-01-14,2018-01-15,2018-11-25,2018-11-26,2019-10-08,"{""colsample_bytree"": 0.8, ""learning_rate"": 0.05, ""max_depth"": 3, ""n_estimators"": 100, ""subsample"": 0.8}",132,none,42,55.157632535893256,7.426818466604207,5.071382300430277,-0.0374679635434311,1.0690953122268136,89.5104845530672,1.6021913075950245,69.67260118097978,8.347011511971203,5.686922579628264,-0.0597918646389412,1.1352783235242685,91.49126382803146,1.9385826414639569,4.77,daily,clean,clean,0.0,0,8.347011511971203,clean,daily|R03|A_lag1,-0.0798517401990888,5,linear,0.7,7.474120866359899,0.6329,-0.0540157087435295,8.288019092628089,5.0,,,
"LR-XGB (residual, tanpa gerbang)",R03,A_lag1,pacf_train,1,1,1473,315,317,2014-01-03,2018-01-14,2018-01-15,2018-11-25,2018-11-26,2019-10-08,"{""colsample_bytree"": 0.8, ""learning_rate"": 0.05, ""max_depth"": 3, ""n_estimators"": 100, ""subsample"": 0.8}",12,none,42,55.30008507555787,7.436402697242658,5.094876404637,-0.0401473741604707,1.0704749684137722,89.7575169214025,1.6475982686664596,70.49745444938283,8.396276225171658,5.723294183112669,-0.0723387305310823,1.1419788247672469,91.7807921631,2.000189586547051,5.237,daily,clean,clean,0.0,0,8.396276225171658,clean,daily|R03|A_lag1,,5,,,,,,,5.0,,,
XGBoost,R03,A_lag1,pacf_train,1,1,1473,315,317,2014-01-03,2018-01-14,2018-01-15,2018-11-25,2018-11-26,2019-10-08,"{""colsample_bytree"": 0.8, ""learning_rate"": 0.05, ""max_depth"": 3, ""n_estimators"": 100, ""subsample"": 0.8}",12,none,42,55.42903490693568,7.445067824199836,5.09006395718408,-0.0425728103659088,1.071722319032537,89.70085900163357,1.6289123815332394,70.40643659736021,8.39085434251842,5.703273836379986,-0.0709542554651965,1.141241393671089,91.591104172431,1.9652206403236616,4.776,daily,clean,clean,0.0,0,8.39085434251842,clean,daily|R03|A_lag1,,5,,,,,,,,,,
Naive,R03,A_lag1,pacf_train,1,1,1473,315,317,2014-01-03,2018-01-14,2018-01-15,2018-11-25,2018-11-26,2019-10-08,{},0,none,42,92.81617219371653,9.634115018709116,6.739179269407423,-0.764989449170556,1.3801205778204968,110.04226179692668,25.48481091067132,119.46710059801352,10.930100667332097,7.558694674361337,-0.8260073992811645,1.490427252793259,113.507678619937,16.521133915387516,0.0,daily,noise_a0.10_r1,noise,0.1,1,10.926944166065203,noise_a0.10_r1,daily|R03|A_lag1,,5,,,,,,,,,,
S1 [linear],R03,A_lag1,pacf_train,1,1,1473,315,317,2014-01-03,2018-01-14,2018-01-15,2018-11-25,2018-11-26,2019-10-08,{},0,none,42,55.149957012257566,7.426301704903833,5.048818623038378,-0.0487298705411813,1.063843620315685,86.92311238381535,21.06446996832264,68.3160911170368,8.265354869395313,5.640982003561506,-0.0441844427900153,1.1270628264360845,90.75289075193456,17.55218352434463,0.005,daily,noise_a0.10_r1,noise,0.1,1,8.285100128351443,noise_a0.10_r1,daily|R03|A_lag1,,5,linear,0.0,7.426301704903833,0.0,,8.265354869395313,,,,
AR-LRX [linear],R03,A_lag1,pacf_train,1,1,1473,315,317,2014-01-03,2018-01-14,2018-01-15,2018-11-25,2018-11-26,2019-10-08,"{""colsample_bytree"": 0.8, ""learning_rate"": 0.05, ""max_depth"": 3, ""n_estimators"": 100, ""subsample"": 0.8}",132,none,42,54.44704566497632,7.3788241383689535,5.035896188222283,-0.0353633301815514,1.0570422933196524,86.67693951188319,20.33368308291055,69.42308047442769,8.33205139653061,5.719655180090507,-0.0611043374505781,1.136157557100937,91.35354230788492,19.74862869876804,4.84,daily,noise_a0.10_r1,noise,0.1,1,8.352742837472135,noise_a0.10_r1,daily|R03|A_lag1,-0.0780598160897085,5,linear,0.7,7.426301704903833,0.6393,-0.0514458018317884,8.265354869395313,5.0,,,
"LR-XGB (residual, tanpa gerbang)",R03,A_lag1,pacf_train,1,1,1473,315,317,2014-01-03,2018-01-14,2018-01-15,2018-11-25,2018-11-26,2019-10-08,"{""colsample_bytree"": 0.8, ""learning_rate"": 0.05, ""max_depth"": 3, ""n_estimators"": 100, ""subsample"": 0.8}",12,none,42,54.55411803871026,7.38607595673848,5.061399448973945,-0.0373994151166598,1.0580811415936209,87.03085769392894,20.06789329917554,70.26535142858347,8.382443046545767,5.767865777794889,-0.0739781159786363,1.1430289566224696,91.7768798075919,20.716938328435788,5.02,daily,noise_a0.10_r1,noise,0.1,1,8.403480616227732,noise_a0.10_r1,daily|R03|A_lag1,,5,,,,,,,5.0,,,
XGBoost,R03,A_lag1,pacf_train,1,1,1473,315,317,2014-01-03,2018-01-14,2018-01-15,2018-11-25,2018-11-26,2019-10-08,"{""colsample_bytree"": 0.8, ""learning_rate"": 0.05, ""max_depth"": 3, ""n_estimators"": 100, ""subsample"": 0.8}",12,none,42,54.61295972126924,7.390058167651269,5.0586310409214725,-0.0385183467255965,1.0586516071958365,87.08458384158246,20.48106938799694,70.09475713022475,8.3722611718833,5.74788040693727,-0.0713706495755939,1.1416405573804735,91.76292667254972,20.872153661465635,4.945,daily,noise_a0.10_r1,noise,0.1,1,8.394748340125679,noise_a0.10_r1,daily|R03|A_lag1,,5,,,,,,,,,,
Naive,R03,A_lag1,pacf_train,1,1,1473,315,317,2014-01-03,2018-01-14,2018-01-15,2018-11-25,2018-11-26,2019-10-08,{},0,none,42,94.18277731432606,9.704781157466975,6.783151646828801,-0.7869525845702217,1.3809709733208058,107.89292703491422,540.2557774465073,118.67888737023314,10.89398399898922,7.64051330728706,-0.7890273260240843,1.4747055851507642,116.94612934123272,199.16824204199528,0.0,daily,noise_a0.10_r2,noise,0.1,2,10.905180733695069,noise_a0.10_r2,daily|R03|A_lag1,,5,,,,,,,,,,
S1 [linear],R03,A_lag1,pacf_train,1,1,1473,315,317,2014-01-03,2018-01-14,2018-01-15,2018-11-25,2018-11-26,2019-10-08,{},0,none,42,55.604345125556506,7.456832110592038,5.074175140893511,-0.0549946717310689,1.0610923142487323,86.29446502426924,287.76858193832004,69.01629484066483,8.307604639164337,5.657985768946028,-0.0403875545757219,1.1245905044230615,90.78471128961488,180.9698813426756,0.005,daily,noise_a0.10_r2,noise,0.1,2,8.271270514301992,noise_a0.10_r2,daily|R03|A_lag1,,5,linear,0.0,7.456832110592038,0.0,,8.307604639164337,,,,
AR-LRX [linear],R03,A_lag1,pacf_train,1,1,1473,315,317,2014-01-03,2018-01-14,2018-01-15,2018-11-25,2018-11-26,2019-10-08,"{""colsample_bytree"": 0.8, ""learning_rate"": 0.1, ""max_depth"": 3, ""n_estimators"": 300, ""subsample"": 0.8}",132,none,42,55.24568829029062,7.4327443310187,5.063409320906648,-0.0481897889592095,1.0576646713310005,86.5343346878656,279.00057248542026,69.79217701448059,8.35417123444813,5.678084394923586,-0.0520836063460854,1.1308941687347436,90.86580781711577,186.27252780749828,4.951,daily,noise_a0.10_r2,noise,0.1,2,8.319158095288762,noise_a0.10_r2,daily|R03|A_lag1,-0.1293910423611903,5,linear,0.3,7.456832110592038,0.323,-0.0912522457870896,8.307604639164337,5.0,,,
"LR-XGB (residual, tanpa gerbang)",R03,A_lag1,pacf_train,1,1,1473,315,317,2014-01-03,2018-01-14,2018-01-15,2018-11-25,2018-11-26,2019-10-08,"{""colsample_bytree"": 0.8, ""learning_rate"": 0.05, ""max_depth"": 3, ""n_estimators"": 100, ""subsample"": 0.8}",12,none,42,55.76307497062856,7.467467774997663,5.117972411794084,-0.0580062914240551,1.0626057480488185,87.31882623154216,290.7508593726171,70.97904745510486,8.424906376637361,5.696736188207276,-0.0699751091885667,1.140469500336348,90.8087060866707,199.38609693009911,5.082,daily,noise_a0.10_r2,noise,0.1,2,8.392239173932163,noise_a0.10_r2,daily|R03|A_lag1,,5,,,,,,,5.0,,,
XGBoost,R03,A_lag1,pacf_train,1,1,1473,315,317,2014-01-03,2018-01-14,2018-01-15,2018-11-25,2018-11-26,2019-10-08,"{""colsample_bytree"": 0.8, ""learning_rate"": 0.05, ""max_depth"": 3, ""n_estimators"": 100, ""subsample"": 0.8}",12,none,42,55.94384676428064,7.479561936656494,5.114423519555055,-0.0614361183318548,1.0643267230946745,87.20489913112112,283.68775822291224,71.35464408196938,8.447167814242203,5.694159960889691,-0.075637048257197,1.1434830045210789,90.80549292352794,196.77696912089303,4.853,daily,noise_a0.10_r2,noise,0.1,2,8.412785589065212,noise_a0.10_r2,daily|R03|A_lag1,,5,,,,,,,,,,
Naive,R03,A_lag1,pacf_train,1,1,1473,315,317,2014-01-03,2018-01-14,2018-01-15,2018-11-25,2018-11-26,2019-10-08,{},0,none,42,97.96830428206262,9.897893931643369,6.967634703875086,-0.8183838945049016,1.3863262293114922,110.69516866224004,18.20820262112232,113.15629372391696,10.6374947108761,7.552022551814988,-0.7849689530696027,1.4034857822317237,113.19780739961068,20.404109599642503,0.0,daily,noise_a0.25_r1,noise,0.25,1,10.810480282020093,noise_a0.25_r1,daily|R03|A_lag1,,5,,,,,,,,,,
S1 [linear],R03,A_lag1,pacf_train,1,1,1473,315,317,2014-01-03,2018-01-14,2018-01-15,2018-11-25,2018-11-26,2019-10-08,{},0,none,42,57.00600547354097,7.550232146996605,5.119800919615071,-0.0580850919364583,1.057506266995765,85.60597114526165,8.142268506951073,66.36532605729963,8.146491641025579,5.558180278146861,-0.0468710371660303,1.074828754702838,86.55446039630078,48.03923013678559,0.006,daily,noise_a0.25_r1,noise,0.25,1,8.250580626328714,noise_a0.25_r1,daily|R03|A_lag1,,5,linear,0.0,7.550232146996605,0.0,,8.146491641025579,,,,
AR-LRX [linear],R03,A_lag1,pacf_train,1,1,1473,315,317,2014-01-03,2018-01-14,2018-01-15,2018-11-25,2018-11-26,2019-10-08,"{""colsample_bytree"": 0.8, ""learning_rate"": 0.05, ""max_depth"": 3, ""n_estimators"": 100, ""subsample"": 0.8}",132,none,42,57.00600547354097,7.550232146996605,5.119800919615071,-0.0580850919364583,1.057506266995765,85.60597114526165,8.142268506951073,66.36532605729963,8.146491641025579,5.558180278146861,-0.0468710371660303,1.074828754702838,86.55446039630078,48.03923013678559,4.789,daily,noise_a0.25_r1,noise,0.25,1,8.250580626328714,noise_a0.25_r1,daily|R03|A_lag1,-0.0750268480443523,5,linear,0.0,7.550232146996605,0.0,-0.0907293235663653,8.146491641025579,5.0,,,
"LR-XGB (residual, tanpa gerbang)",R03,A_lag1,pacf_train,1,1,1473,315,317,2014-01-03,2018-01-14,2018-01-15,2018-11-25,2018-11-26,2019-10-08,"{""colsample_bytree"": 0.8, ""learning_rate"": 0.05, ""max_depth"": 3, ""n_estimators"": 100, ""subsample"": 0.8}",12,none,42,58.35874583551907,7.639289615894862,5.152085817802529,-0.0831932256914906,1.0699799008720623,85.69375108200796,8.342724263256445,67.42342568082913,8.211176875505066,5.607541588459796,-0.0635618893943903,1.083363170876927,86.57921250857224,46.9902093809981,4.991,daily,noise_a0.25_r1,noise,0.25,1,8.307502612634277,noise_a0.25_r1,daily|R03|A_lag1,,5,,,,,,,5.0,,,
XGBoost,R03,A_lag1,pacf_train,1,1,1473,315,317,2014-01-03,2018-01-14,2018-01-15,2018-11-25,2018-11-26,2019-10-08,"{""colsample_bytree"": 0.8, ""learning_rate"": 0.05, ""max_depth"": 3, ""n_estimators"": 100, ""subsample"": 0.8}",12,none,42,58.35287165497155,7.638905134570762,5.1390598083922105,-0.0830841953741925,1.069926049361028,85.56968479577155,8.425306290200439,67.3835869326477,8.208750631652036,5.607768801540216,-0.0629334583430296,1.083043058026626,86.61360158027483,47.974209052843854,4.971,daily,noise_a0.25_r1,noise,0.25,1,8.302040565184592,noise_a0.25_r1,daily|R03|A_lag1,,5,,,,,,,,,,
Naive,R03,A_lag1,pacf_train,1,1,1473,315,317,2014-01-03,2018-01-14,2018-01-15,2018-11-25,2018-11-26,2019-10-08,{},0,none,42,97.08700665218878,9.853273905265638,7.0516369957893446,-0.7925011047918342,1.387873706824156,114.02637465695264,26.984882361403745,121.36941727670155,11.016778897513626,7.710535625659582,-0.8098255955349392,1.4828602343814523,117.5726420494762,204.8449193442869,0.0,daily,noise_a0.25_r2,noise,0.25,2,11.05781992133201,noise_a0.25_r2,daily|R03|A_lag1,,5,,,,,,,,,,
S1 [linear],R03,A_lag1,pacf_train,1,1,1473,315,317,2014-01-03,2018-01-14,2018-01-15,2018-11-25,2018-11-26,2019-10-08,{},0,none,42,57.03788223210277,7.552342830678621,5.23940354639464,-0.0530808440958952,1.0637782061472283,89.160033614931,16.530720561853112,69.8208725491035,8.355888495492476,5.7049079096229365,-0.0411486276964061,1.1247039527758598,91.27519875627202,201.23876511896464,0.005,daily,noise_a0.25_r2,noise,0.25,2,8.280112614150463,noise_a0.25_r2,daily|R03|A_lag1,,5,linear,0.0,7.552342830678621,0.0,,8.355888495492476,,,,
AR-LRX [linear],R03,A_lag1,pacf_train,1,1,1473,315,317,2014-01-03,2018-01-14,2018-01-15,2018-11-25,2018-11-26,2019-10-08,"{""colsample_bytree"": 0.8, ""learning_rate"": 0.05, ""max_depth"": 3, ""n_estimators"": 100, ""subsample"": 0.8}",132,none,42,56.02338706322647,7.4848772243254915,5.154043876372245,-0.034350390107017,1.0542754010823638,88.14157535407817,18.372504674119345,72.04607048379691,8.487995669402578,5.826871443099702,-0.0743301347655076,1.142485599906131,92.68611386398582,217.4009692994541,4.809,daily,noise_a0.25_r2,noise,0.25,2,8.424138269425812,noise_a0.25_r2,daily|R03|A_lag1,-0.0812310287752231,5,linear,1.0,7.552342830678621,0.8933,-0.043841677514615,8.355888495492476,5.0,,,
"LR-XGB (residual, tanpa gerbang)",R03,A_lag1,pacf_train,1,1,1473,315,317,2014-01-03,2018-01-14,2018-01-15,2018-11-25,2018-11-26,2019-10-08,"{""colsample_bytree"": 0.8, ""learning_rate"": 0.05, ""max_depth"": 3, ""n_estimators"": 100, ""subsample"": 0.8}",12,none,42,56.02338706322647,7.4848772243254915,5.154043876372245,-0.034350390107017,1.0542754010823638,88.14157535407817,18.372504674119345,72.04607048379691,8.487995669402578,5.826871443099702,-0.0743301347655076,1.142485599906131,92.68611386398582,217.4009692994541,5.013,daily,noise_a0.25_r2,noise,0.25,2,8.424138269425812,noise_a0.25_r2,daily|R03|A_lag1,,5,,,,,,,5.0,,,
XGBoost,R03,A_lag1,pacf_train,1,1,1473,315,317,2014-01-03,2018-01-14,2018-01-15,2018-11-25,2018-11-26,2019-10-08,"{""colsample_bytree"": 0.8, ""learning_rate"": 0.05, ""max_depth"": 3, ""n_estimators"": 100, ""subsample"": 0.8}",12,none,42,56.26409642311461,7.500939702671566,5.167745092107179,-0.0387945666081932,1.056537866490033,88.45010632032361,18.044788563840715,71.9806917834044,8.484143550377045,5.800840393586501,-0.0733552265223262,1.1419671040577342,92.4759996868737,211.2316743200819,4.89,daily,noise_a0.25_r2,noise,0.25,2,8.417451036842362,noise_a0.25_r2,daily|R03|A_lag1,,5,,,,,,,,,,
Naive,R03,A_lag1,pacf_train,1,1,1473,315,317,2014-01-03,2018-01-14,2018-01-15,2018-11-25,2018-11-26,2019-10-08,{},0,none,42,105.37175932351371,10.265074735408104,7.326279405292267,-0.9113501138450646,1.4741377884983906,119.88222161938651,5.184980437790589,127.48834276274228,11.29107358769494,7.988402833360831,-0.8871052848331697,1.52151490455518,122.15432084396144,5.497340019633128,0.0,daily,noise_a0.50_r1,noise,0.5,1,11.18670733707671,noise_a0.50_r1,daily|R03|A_lag1,,5,,,,,,,,,,
S1 [linear],R03,A_lag1,pacf_train,1,1,1473,315,317,2014-01-03,2018-01-14,2018-01-15,2018-11-25,2018-11-26,2019-10-08,{},0,none,42,57.633369298545816,7.591664461667534,5.42831855974601,-0.0454181241469366,1.0902170465395529,95.16328505975336,4.648717201649323,70.34729345442372,8.38732933980917,5.743884810082224,-0.0412932380696775,1.1302243759920303,91.30795612998934,16.443156579668457,0.005,daily,noise_a0.50_r1,noise,0.5,1,8.261262749381382,noise_a0.50_r1,daily|R03|A_lag1,,5,linear,0.0,7.591664461667534,0.0,,8.38732933980917,,,,
AR-LRX [linear],R03,A_lag1,pacf_train,1,1,1473,315,317,2014-01-03,2018-01-14,2018-01-15,2018-11-25,2018-11-26,2019-10-08,"{""colsample_bytree"": 0.8, ""learning_rate"": 0.05, ""max_depth"": 3, ""n_estimators"": 100, ""subsample"": 0.8}",132,none,42,57.61510338216176,7.590461341852797,5.436592511838846,-0.0450867966490919,1.090044269971558,95.2857384477198,4.627210624090617,70.4550311279204,8.39374952735191,5.754165761646731,-0.0428879904103649,1.1310895205649047,91.49756923973426,16.297263047839163,4.914,daily,noise_a0.50_r1,noise,0.5,1,8.268765662633792,noise_a0.50_r1,daily|R03|A_lag1,-0.0571889316673734,5,linear,0.2,7.591664461667534,0.0158,-0.049954798446294,8.38732933980917,5.0,,,
"LR-XGB (residual, tanpa gerbang)",R03,A_lag1,pacf_train,1,1,1473,315,317,2014-01-03,2018-01-14,2018-01-15,2018-11-25,2018-11-26,2019-10-08,"{""colsample_bytree"": 0.8, ""learning_rate"": 0.05, ""max_depth"": 3, ""n_estimators"": 100, ""subsample"": 0.8}",12,none,42,58.04554714234608,7.618762835417971,5.497582026181474,-0.0528946641015679,1.0941085658691276,96.11149917731848,4.549630325812409,71.38521699125913,8.448977274869375,5.815137111875191,-0.0566567681710921,1.1385316685891995,92.44696546582932,15.719674053294622,5.234,daily,noise_a0.50_r1,noise,0.5,1,8.328734251817064,noise_a0.50_r1,daily|R03|A_lag1,,5,,,,,,,5.0,,,
XGBoost,R03,A_lag1,pacf_train,1,1,1473,315,317,2014-01-03,2018-01-14,2018-01-15,2018-11-25,2018-11-26,2019-10-08,"{""colsample_bytree"": 0.8, ""learning_rate"": 0.05, ""max_depth"": 3, ""n_estimators"": 100, ""subsample"": 0.8}",12,none,42,57.95323101233002,7.612701952154046,5.489876573197174,-0.0512201315062244,1.093238179897147,96.19963383093278,4.61568955375512,71.14864150609019,8.434965412264011,5.78690946561836,-0.0531549354650606,1.1366435170658695,92.16866338849272,15.90729473175574,4.878,daily,noise_a0.50_r1,noise,0.5,1,8.31577007529904,noise_a0.50_r1,daily|R03|A_lag1,,5,,,,,,,,,,
Naive,R03,A_lag1,pacf_train,1,1,1473,315,317,2014-01-03,2018-01-14,2018-01-15,2018-11-25,2018-11-26,2019-10-08,{},0,none,42,93.42868319456991,9.665851395224838,7.018724411309724,-0.7059048202034897,1.3223702955467649,113.8238772160116,4.063449578722491,114.76125081778004,10.712667773145029,7.555884222709077,-0.7918657611847504,1.4526658332813465,118.241763645644,16.351326977536182,0.0,daily,noise_a0.50_r2,noise,0.5,2,10.714726328240566,noise_a0.50_r2,daily|R03|A_lag1,,5,,,,,,,,,,
S1 [linear],R03,A_lag1,pacf_train,1,1,1473,315,317,2014-01-03,2018-01-14,2018-01-15,2018-11-25,2018-11-26,2019-10-08,{},0,none,42,56.82753280486278,7.53840386321022,5.178535831463988,-0.0376081393569469,1.0313174636089355,85.83343245479995,4.373536546656349,65.60936785915764,8.099960978866358,5.719542519549772,-0.024415288627942,1.0983759427701234,93.56674514733788,12.817248769306634,0.005,daily,noise_a0.50_r2,noise,0.5,2,8.186601145432636,noise_a0.50_r2,daily|R03|A_lag1,,5,linear,0.0,7.53840386321022,0.0,,8.099960978866358,,,,
AR-LRX [linear],R03,A_lag1,pacf_train,1,1,1473,315,317,2014-01-03,2018-01-14,2018-01-15,2018-11-25,2018-11-26,2019-10-08,"{""colsample_bytree"": 0.8, ""learning_rate"": 0.05, ""max_depth"": 3, ""n_estimators"": 100, ""subsample"": 0.8}",132,none,42,56.82753280486278,7.53840386321022,5.178535831463988,-0.0376081393569469,1.0313174636089355,85.83343245479995,4.373536546656349,65.60936785915764,8.099960978866358,5.719542519549772,-0.024415288627942,1.0983759427701234,93.56674514733788,12.817248769306634,4.831,daily,noise_a0.50_r2,noise,0.5,2,8.186601145432636,noise_a0.50_r2,daily|R03|A_lag1,-0.0422586268257239,5,linear,0.0,7.53840386321022,0.0,-0.0876202971171655,8.099960978866358,5.0,,,
"LR-XGB (residual, tanpa gerbang)",R03,A_lag1,pacf_train,1,1,1473,315,317,2014-01-03,2018-01-14,2018-01-15,2018-11-25,2018-11-26,2019-10-08,"{""colsample_bytree"": 0.8, ""learning_rate"": 0.05, ""max_depth"": 3, ""n_estimators"": 100, ""subsample"": 0.8}",12,none,42,58.36089700993018,7.639430411354644,5.302350379371206,-0.0656056803594729,1.04513875061877,87.04142496671686,4.465801839836519,66.08009462149717,8.12896639318291,5.7404861062977846,-0.0317651489884642,1.102309152989099,93.96692188623544,11.781359500379494,4.936,daily,noise_a0.50_r2,noise,0.5,2,8.208208825567162,noise_a0.50_r2,daily|R03|A_lag1,,5,,,,,,,5.0,,,
XGBoost,R03,A_lag1,pacf_train,1,1,1473,315,317,2014-01-03,2018-01-14,2018-01-15,2018-11-25,2018-11-26,2019-10-08,"{""colsample_bytree"": 0.8, ""learning_rate"": 0.05, ""max_depth"": 3, ""n_estimators"": 100, ""subsample"": 0.8}",12,none,42,58.52420114717278,7.650111185281739,5.314083014669999,-0.0685874339854033,1.046599970908337,87.33735936068636,4.42659462877305,66.24607007531279,8.139168881115122,5.743734627250409,-0.0343566659924183,1.103692637098514,94.08407951150366,12.005320911669092,4.847,daily,noise_a0.50_r2,noise,0.5,2,8.222743203559096,noise_a0.50_r2,daily|R03|A_lag1,,5,,,,,,,,,,
Naive,R03,A_lag1,pacf_train,1,1,1473,315,317,2014-01-03,2018-01-14,2018-01-15,2018-11-25,2018-11-26,2019-10-08,{},0,none,42,93.93055555555556,9.69177772937223,6.792063492063492,-0.7667535335805216,1.395137660117561,112.863476008676,3.275596500445437,131.7726625486295,11.479227436924033,7.825184016845426,-0.81639246760481,1.5186138228796258,116.8216347273872,4.156192719048026,0.0,daily,spike,spike,1.5,0,11.227878218943156,spike,daily|R03|A_lag1,,5,,,,,,,,23.18250571936889,10.631532591336276,14.0
S1 [linear],R03,A_lag1,pacf_train,1,1,1473,315,317,2014-01-03,2018-01-14,2018-01-15,2018-11-25,2018-11-26,2019-10-08,{},0,none,42,55.86248272495644,7.474120866359899,5.098668280401342,-0.0507255936597115,1.0759045232050122,89.90307176351305,1.534883973521318,76.24459812395331,8.731815282285426,5.832784245676978,-0.0509775779691485,1.1551522486484875,92.0713327411424,1.8260251907884648,0.006,daily,spike,spike,1.5,0,8.294654741864417,spike,daily|R03|A_lag1,,5,linear,0.0,7.474120866359899,0.0,,8.731815282285426,,16.86306144713368,8.162632766672212,14.0
AR-LRX [linear],R03,A_lag1,pacf_train,1,1,1473,315,317,2014-01-03,2018-01-14,2018-01-15,2018-11-25,2018-11-26,2019-10-08,"{""colsample_bytree"": 0.8, ""learning_rate"": 0.05, ""max_depth"": 3, ""n_estimators"": 100, ""subsample"": 0.8}",132,none,42,55.157632535893256,7.426818466604207,5.071382300430277,-0.0374679635434311,1.0690953122268136,89.5104845530672,1.6021913075950245,77.00201253806317,8.775079061641733,5.859442376968234,-0.0614179971732211,1.1608757151205575,92.02411053428176,1.9393024859472625,5.08,daily,spike,spike,1.5,0,8.336945007465866,spike,daily|R03|A_lag1,-0.0780101607566898,5,linear,0.7,7.474120866359899,0.6329,-0.0540157087435295,8.731815282285426,5.0,16.83232869528322,8.213941284990504,14.0
"LR-XGB (residual, tanpa gerbang)",R03,A_lag1,pacf_train,1,1,1473,315,317,2014-01-03,2018-01-14,2018-01-15,2018-11-25,2018-11-26,2019-10-08,"{""colsample_bytree"": 0.8, ""learning_rate"": 0.05, ""max_depth"": 3, ""n_estimators"": 100, ""subsample"": 0.8}",12,none,42,55.30008507555787,7.436402697242658,5.094876404637,-0.0401473741604707,1.0704749684137722,89.7575169214025,1.6475982686664596,77.78442365069935,8.819547814411992,5.891482353773021,-0.0722029780947244,1.1667585903414033,92.31761160691204,2.000839004952605,4.991,daily,spike,spike,1.5,0,8.382356157205606,spike,daily|R03|A_lag1,,5,,,,,,,5.0,16.86246862725601,8.260779021431377,14.0
XGBoost,R03,A_lag1,pacf_train,1,1,1473,315,317,2014-01-03,2018-01-14,2018-01-15,2018-11-25,2018-11-26,2019-10-08,"{""colsample_bytree"": 0.8, ""learning_rate"": 0.05, ""max_depth"": 3, ""n_estimators"": 100, ""subsample"": 0.8}",12,none,42,55.42903490693568,7.445067824199836,5.09006395718408,-0.0425728103659088,1.071722319032537,89.70085900163357,1.6289123815332394,77.74512018388491,8.817319330946617,5.876228920678297,-0.07166120774804,1.166463779056134,92.26385560989662,1.9661277963303727,4.77,daily,spike,spike,1.5,0,8.375809846092585,spike,daily|R03|A_lag1,,5,,,,,,,,16.886374881307407,8.256032479053776,14.0
Naive,R03,A_lag1,pacf_train,1,1,1473,315,317,2014-01-03,2018-01-14,2018-01-15,2018-11-25,2018-11-26,2019-10-08,{},0,none,42,93.93055555555556,9.69177772937223,6.792063492063492,-0.7667535335805216,1.395137660117561,112.863476008676,3.275596500445437,140.0402476567107,11.833860217896389,8.378417455337539,-0.800629501885602,1.4500032780582954,116.861471199386,4.156280564016878,0.0,daily,level,level,1.3,0,11.455244486187466,level,daily|R03|A_lag1,,5,,,,,,,,10.192721076249558,13.282233303137968,159.0
S1 [linear],R03,A_lag1,pacf_train,1,1,1473,315,317,2014-01-03,2018-01-14,2018-01-15,2018-11-25,2018-11-26,2019-10-08,{},0,none,42,55.86248272495644,7.474120866359899,5.098668280401342,-0.0507255936597115,1.0759045232050122,89.90307176351305,1.534883973521318,83.60551159802282,9.143604956362823,6.203785416849372,-0.0749948905594124,1.1203662132112788,91.85556811785368,1.6104258055026095,0.005,daily,level,level,1.3,0,8.276459007679074,level,daily|R03|A_lag1,,5,linear,0.0,7.474120866359899,0.0,,9.143604956362823,,8.333088117540697,9.892437439524851,159.0
AR-LRX [linear],R03,A_lag1,pacf_train,1,1,1473,315,317,2014-01-03,2018-01-14,2018-01-15,2018-11-25,2018-11-26,2019-10-08,"{""colsample_bytree"": 0.8, ""learning_rate"": 0.05, ""max_depth"": 3, ""n_estimators"": 100, ""subsample"": 0.8}",132,none,42,55.157632535893256,7.426818466604207,5.071382300430277,-0.0374679635434311,1.0690953122268136,89.5104845530672,1.6021913075950245,85.03183589450607,9.221270839450822,6.288049054793733,-0.0933344868574694,1.1298826163964864,92.10949851267914,1.7371281053138408,4.716,daily,level,level,1.3,0,8.376167823059422,level,daily|R03|A_lag1,-0.117607662013589,5,linear,0.7,7.474120866359899,0.6329,-0.0540157087435295,9.143604956362823,5.0,8.430740525701165,9.95362272148356,159.0
"LR-XGB (residual, tanpa gerbang)",R03,A_lag1,pacf_train,1,1,1473,315,317,2014-01-03,2018-01-14,2018-01-15,2018-11-25,2018-11-26,2019-10-08,"{""colsample_bytree"": 0.8, ""learning_rate"": 0.05, ""max_depth"": 3, ""n_estimators"": 100, ""subsample"": 0.8}",12,none,42,55.30008507555787,7.436402697242658,5.094876404637,-0.0401473741604707,1.0704749684137722,89.7575169214025,1.6475982686664596,86.24786075892335,9.286972636921211,6.341300597694636,-0.1089700650754095,1.137933059781166,92.38959601449972,1.8102605442794244,5.813,daily,level,level,1.3,0,8.454379710932239,level,daily|R03|A_lag1,,5,,,,,,,5.0,8.510015744323875,10.008140153213292,159.0
XGBoost,R03,A_lag1,pacf_train,1,1,1473,315,317,2014-01-03,2018-01-14,2018-01-15,2018-11-25,2018-11-26,2019-10-08,"{""colsample_bytree"": 0.8, ""learning_rate"": 0.05, ""max_depth"": 3, ""n_estimators"": 100, ""subsample"": 0.8}",12,none,42,55.42903490693568,7.445067824199836,5.09006395718408,-0.0425728103659088,1.071722319032537,89.70085900163357,1.6289123815332394,86.15786590691583,9.282126152284068,6.337002317699617,-0.1078129164109782,1.137339219860673,92.2262292038378,1.7928361828129626,4.861,daily,level,level,1.3,0,8.453738667738033,level,daily|R03|A_lag1,,5,,,,,,,,8.499789099264964,10.00786511905427,159.0
Naive,R03,B_rich,pacf_train,1,1,1473,315,317,2014-01-03,2018-01-14,2018-01-15,2018-11-25,2018-11-26,2019-10-08,{},0,none,42,93.93055555555556,9.69177772937223,6.792063492063492,-0.7667535335805216,1.395137660117561,112.863476008676,3.275596500445437,118.7064164918472,10.895247426830068,7.588590956908518,-0.8056465862630271,1.48186428344732,116.8205138789049,4.156248040245456,0.0,daily,clean,clean,0.0,0,10.895247426830068,clean,daily|R03|B_rich,,5,,,,,,,,,,
S1 [linear],R03,B_rich,pacf_train,1,1,1473,315,317,2014-01-03,2018-01-14,2018-01-15,2018-11-25,2018-11-26,2019-10-08,{},0,none,42,55.86248272495644,7.474120866359899,5.098668280401342,-0.0507255936597115,1.0759045232050122,89.90307176351305,1.534883973521318,68.69126047976773,8.288019092628089,5.640236283663765,-0.044864664075809,1.127254755468032,91.40346584251876,1.8249838135443173,0.008,daily,clean,clean,0.0,0,8.288019092628089,clean,daily|R03|B_rich,,5,linear,0.0,7.474120866359899,0.0,,8.288019092628089,,,,
AR-LRX [linear],R03,B_rich,pacf_train,1,1,1473,315,317,2014-01-03,2018-01-14,2018-01-15,2018-11-25,2018-11-26,2019-10-08,"{""colsample_bytree"": 0.8, ""learning_rate"": 0.05, ""max_depth"": 3, ""n_estimators"": 100, ""subsample"": 0.8}",132,none,42,55.157632535893256,7.426818466604207,5.071382300430277,-0.0374679635434311,1.0690953122268136,89.5104845530672,1.6021913075950245,69.67260118097978,8.347011511971203,5.686922579628264,-0.0597918646389412,1.1352783235242685,91.49126382803146,1.9385826414639569,4.778,daily,clean,clean,0.0,0,8.347011511971203,clean,daily|R03|B_rich,-0.0798517401990888,5,linear,0.7,7.474120866359899,0.6329,-0.0540157087435295,8.288019092628089,5.0,,,
"LR-XGB (residual, tanpa gerbang)",R03,B_rich,pacf_train,1,1,1473,315,317,2014-01-03,2018-01-14,2018-01-15,2018-11-25,2018-11-26,2019-10-08,"{""colsample_bytree"": 0.8, ""learning_rate"": 0.05, ""max_depth"": 3, ""n_estimators"": 100, ""subsample"": 0.8}",12,none,42,55.30008507555787,7.436402697242658,5.094876404637,-0.0401473741604707,1.0704749684137722,89.7575169214025,1.6475982686664596,70.49745444938283,8.396276225171658,5.723294183112669,-0.0723387305310823,1.1419788247672469,91.7807921631,2.000189586547051,4.87,daily,clean,clean,0.0,0,8.396276225171658,clean,daily|R03|B_rich,,5,,,,,,,5.0,,,
XGBoost,R03,B_rich,pacf_train,1,1,1473,315,317,2014-01-03,2018-01-14,2018-01-15,2018-11-25,2018-11-26,2019-10-08,"{""colsample_bytree"": 0.8, ""learning_rate"": 0.05, ""max_depth"": 3, ""n_estimators"": 100, ""subsample"": 0.8}",12,none,42,55.42903490693568,7.445067824199836,5.09006395718408,-0.0425728103659088,1.071722319032537,89.70085900163357,1.6289123815332394,70.40643659736021,8.39085434251842,5.703273836379986,-0.0709542554651965,1.141241393671089,91.591104172431,1.9652206403236616,4.872,daily,clean,clean,0.0,0,8.39085434251842,clean,daily|R03|B_rich,,5,,,,,,,,,,
Naive,R03,B_rich,pacf_train,1,1,1473,315,317,2014-01-03,2018-01-14,2018-01-15,2018-11-25,2018-11-26,2019-10-08,{},0,none,42,92.81617219371653,9.634115018709116,6.739179269407423,-0.764989449170556,1.3801205778204968,110.04226179692668,25.48481091067132,119.46710059801352,10.930100667332097,7.558694674361337,-0.8260073992811645,1.490427252793259,113.507678619937,16.521133915387516,0.0,daily,noise_a0.10_r1,noise,0.1,1,10.926944166065203,noise_a0.10_r1,daily|R03|B_rich,,5,,,,,,,,,,
S1 [linear],R03,B_rich,pacf_train,1,1,1473,315,317,2014-01-03,2018-01-14,2018-01-15,2018-11-25,2018-11-26,2019-10-08,{},0,none,42,55.149957012257566,7.426301704903833,5.048818623038378,-0.0487298705411813,1.063843620315685,86.92311238381535,21.06446996832264,68.3160911170368,8.265354869395313,5.640982003561506,-0.0441844427900153,1.1270628264360845,90.75289075193456,17.55218352434463,0.005,daily,noise_a0.10_r1,noise,0.1,1,8.285100128351443,noise_a0.10_r1,daily|R03|B_rich,,5,linear,0.0,7.426301704903833,0.0,,8.265354869395313,,,,
AR-LRX [linear],R03,B_rich,pacf_train,1,1,1473,315,317,2014-01-03,2018-01-14,2018-01-15,2018-11-25,2018-11-26,2019-10-08,"{""colsample_bytree"": 0.8, ""learning_rate"": 0.05, ""max_depth"": 3, ""n_estimators"": 100, ""subsample"": 0.8}",132,none,42,54.44704566497632,7.3788241383689535,5.035896188222283,-0.0353633301815514,1.0570422933196524,86.67693951188319,20.33368308291055,69.42308047442769,8.33205139653061,5.719655180090507,-0.0611043374505781,1.136157557100937,91.35354230788492,19.74862869876804,4.843,daily,noise_a0.10_r1,noise,0.1,1,8.352742837472135,noise_a0.10_r1,daily|R03|B_rich,-0.0780598160897085,5,linear,0.7,7.426301704903833,0.6393,-0.0514458018317884,8.265354869395313,5.0,,,
"LR-XGB (residual, tanpa gerbang)",R03,B_rich,pacf_train,1,1,1473,315,317,2014-01-03,2018-01-14,2018-01-15,2018-11-25,2018-11-26,2019-10-08,"{""colsample_bytree"": 0.8, ""learning_rate"": 0.05, ""max_depth"": 3, ""n_estimators"": 100, ""subsample"": 0.8}",12,none,42,54.55411803871026,7.38607595673848,5.061399448973945,-0.0373994151166598,1.0580811415936209,87.03085769392894,20.06789329917554,70.26535142858347,8.382443046545767,5.767865777794889,-0.0739781159786363,1.1430289566224696,91.7768798075919,20.716938328435788,5.25,daily,noise_a0.10_r1,noise,0.1,1,8.403480616227732,noise_a0.10_r1,daily|R03|B_rich,,5,,,,,,,5.0,,,
XGBoost,R03,B_rich,pacf_train,1,1,1473,315,317,2014-01-03,2018-01-14,2018-01-15,2018-11-25,2018-11-26,2019-10-08,"{""colsample_bytree"": 0.8, ""learning_rate"": 0.05, ""max_depth"": 3, ""n_estimators"": 100, ""subsample"": 0.8}",12,none,42,54.61295972126924,7.390058167651269,5.0586310409214725,-0.0385183467255965,1.0586516071958365,87.08458384158246,20.48106938799694,70.09475713022475,8.3722611718833,5.74788040693727,-0.0713706495755939,1.1416405573804735,91.76292667254972,20.872153661465635,4.95,daily,noise_a0.10_r1,noise,0.1,1,8.394748340125679,noise_a0.10_r1,daily|R03|B_rich,,5,,,,,,,,,,
Naive,R03,B_rich,pacf_train,1,1,1473,315,317,2014-01-03,2018-01-14,2018-01-15,2018-11-25,2018-11-26,2019-10-08,{},0,none,42,94.18277731432606,9.704781157466975,6.783151646828801,-0.7869525845702217,1.3809709733208058,107.89292703491422,540.2557774465073,118.67888737023314,10.89398399898922,7.64051330728706,-0.7890273260240843,1.4747055851507642,116.94612934123272,199.16824204199528,0.0,daily,noise_a0.10_r2,noise,0.1,2,10.905180733695069,noise_a0.10_r2,daily|R03|B_rich,,5,,,,,,,,,,
S1 [linear],R03,B_rich,pacf_train,1,1,1473,315,317,2014-01-03,2018-01-14,2018-01-15,2018-11-25,2018-11-26,2019-10-08,{},0,none,42,55.604345125556506,7.456832110592038,5.074175140893511,-0.0549946717310689,1.0610923142487323,86.29446502426924,287.76858193832004,69.01629484066483,8.307604639164337,5.657985768946028,-0.0403875545757219,1.1245905044230615,90.78471128961488,180.9698813426756,0.005,daily,noise_a0.10_r2,noise,0.1,2,8.271270514301992,noise_a0.10_r2,daily|R03|B_rich,,5,linear,0.0,7.456832110592038,0.0,,8.307604639164337,,,,
AR-LRX [linear],R03,B_rich,pacf_train,1,1,1473,315,317,2014-01-03,2018-01-14,2018-01-15,2018-11-25,2018-11-26,2019-10-08,"{""colsample_bytree"": 0.8, ""learning_rate"": 0.1, ""max_depth"": 3, ""n_estimators"": 300, ""subsample"": 0.8}",132,none,42,55.24568829029062,7.4327443310187,5.063409320906648,-0.0481897889592095,1.0576646713310005,86.5343346878656,279.00057248542026,69.79217701448059,8.35417123444813,5.678084394923586,-0.0520836063460854,1.1308941687347436,90.86580781711577,186.27252780749828,5.07,daily,noise_a0.10_r2,noise,0.1,2,8.319158095288762,noise_a0.10_r2,daily|R03|B_rich,-0.1293910423611903,5,linear,0.3,7.456832110592038,0.323,-0.0912522457870896,8.307604639164337,5.0,,,
"LR-XGB (residual, tanpa gerbang)",R03,B_rich,pacf_train,1,1,1473,315,317,2014-01-03,2018-01-14,2018-01-15,2018-11-25,2018-11-26,2019-10-08,"{""colsample_bytree"": 0.8, ""learning_rate"": 0.05, ""max_depth"": 3, ""n_estimators"": 100, ""subsample"": 0.8}",12,none,42,55.76307497062856,7.467467774997663,5.117972411794084,-0.0580062914240551,1.0626057480488185,87.31882623154216,290.7508593726171,70.97904745510486,8.424906376637361,5.696736188207276,-0.0699751091885667,1.140469500336348,90.8087060866707,199.38609693009911,4.946,daily,noise_a0.10_r2,noise,0.1,2,8.392239173932163,noise_a0.10_r2,daily|R03|B_rich,,5,,,,,,,5.0,,,
XGBoost,R03,B_rich,pacf_train,1,1,1473,315,317,2014-01-03,2018-01-14,2018-01-15,2018-11-25,2018-11-26,2019-10-08,"{""colsample_bytree"": 0.8, ""learning_rate"": 0.05, ""max_depth"": 3, ""n_estimators"": 100, ""subsample"": 0.8}",12,none,42,55.94384676428064,7.479561936656494,5.114423519555055,-0.0614361183318548,1.0643267230946745,87.20489913112112,283.68775822291224,71.35464408196938,8.447167814242203,5.694159960889691,-0.075637048257197,1.1434830045210789,90.80549292352794,196.77696912089303,4.903,daily,noise_a0.10_r2,noise,0.1,2,8.412785589065212,noise_a0.10_r2,daily|R03|B_rich,,5,,,,,,,,,,
Naive,R03,B_rich,pacf_train,1,1,1473,315,317,2014-01-03,2018-01-14,2018-01-15,2018-11-25,2018-11-26,2019-10-08,{},0,none,42,97.96830428206262,9.897893931643369,6.967634703875086,-0.8183838945049016,1.3863262293114922,110.69516866224004,18.20820262112232,113.15629372391696,10.6374947108761,7.552022551814988,-0.7849689530696027,1.4034857822317237,113.19780739961068,20.404109599642503,0.0,daily,noise_a0.25_r1,noise,0.25,1,10.810480282020093,noise_a0.25_r1,daily|R03|B_rich,,5,,,,,,,,,,
S1 [linear],R03,B_rich,pacf_train,1,1,1473,315,317,2014-01-03,2018-01-14,2018-01-15,2018-11-25,2018-11-26,2019-10-08,{},0,none,42,57.00600547354097,7.550232146996605,5.119800919615071,-0.0580850919364583,1.057506266995765,85.60597114526165,8.142268506951073,66.36532605729963,8.146491641025579,5.558180278146861,-0.0468710371660303,1.074828754702838,86.55446039630078,48.03923013678559,0.005,daily,noise_a0.25_r1,noise,0.25,1,8.250580626328714,noise_a0.25_r1,daily|R03|B_rich,,5,linear,0.0,7.550232146996605,0.0,,8.146491641025579,,,,
AR-LRX [linear],R03,B_rich,pacf_train,1,1,1473,315,317,2014-01-03,2018-01-14,2018-01-15,2018-11-25,2018-11-26,2019-10-08,"{""colsample_bytree"": 0.8, ""learning_rate"": 0.05, ""max_depth"": 3, ""n_estimators"": 100, ""subsample"": 0.8}",132,none,42,57.00600547354097,7.550232146996605,5.119800919615071,-0.0580850919364583,1.057506266995765,85.60597114526165,8.142268506951073,66.36532605729963,8.146491641025579,5.558180278146861,-0.0468710371660303,1.074828754702838,86.55446039630078,48.03923013678559,5.105,daily,noise_a0.25_r1,noise,0.25,1,8.250580626328714,noise_a0.25_r1,daily|R03|B_rich,-0.0750268480443523,5,linear,0.0,7.550232146996605,0.0,-0.0907293235663653,8.146491641025579,5.0,,,
"LR-XGB (residual, tanpa gerbang)",R03,B_rich,pacf_train,1,1,1473,315,317,2014-01-03,2018-01-14,2018-01-15,2018-11-25,2018-11-26,2019-10-08,"{""colsample_bytree"": 0.8, ""learning_rate"": 0.05, ""max_depth"": 3, ""n_estimators"": 100, ""subsample"": 0.8}",12,none,42,58.35874583551907,7.639289615894862,5.152085817802529,-0.0831932256914906,1.0699799008720623,85.69375108200796,8.342724263256445,67.42342568082913,8.211176875505066,5.607541588459796,-0.0635618893943903,1.083363170876927,86.57921250857224,46.9902093809981,5.003,daily,noise_a0.25_r1,noise,0.25,1,8.307502612634277,noise_a0.25_r1,daily|R03|B_rich,,5,,,,,,,5.0,,,
XGBoost,R03,B_rich,pacf_train,1,1,1473,315,317,2014-01-03,2018-01-14,2018-01-15,2018-11-25,2018-11-26,2019-10-08,"{""colsample_bytree"": 0.8, ""learning_rate"": 0.05, ""max_depth"": 3, ""n_estimators"": 100, ""subsample"": 0.8}",12,none,42,58.35287165497155,7.638905134570762,5.1390598083922105,-0.0830841953741925,1.069926049361028,85.56968479577155,8.425306290200439,67.3835869326477,8.208750631652036,5.607768801540216,-0.0629334583430296,1.083043058026626,86.61360158027483,47.974209052843854,4.844,daily,noise_a0.25_r1,noise,0.25,1,8.302040565184592,noise_a0.25_r1,daily|R03|B_rich,,5,,,,,,,,,,
Naive,R03,B_rich,pacf_train,1,1,1473,315,317,2014-01-03,2018-01-14,2018-01-15,2018-11-25,2018-11-26,2019-10-08,{},0,none,42,97.08700665218878,9.853273905265638,7.0516369957893446,-0.7925011047918342,1.387873706824156,114.02637465695264,26.984882361403745,121.36941727670155,11.016778897513626,7.710535625659582,-0.8098255955349392,1.4828602343814523,117.5726420494762,204.8449193442869,0.0,daily,noise_a0.25_r2,noise,0.25,2,11.05781992133201,noise_a0.25_r2,daily|R03|B_rich,,5,,,,,,,,,,
S1 [linear],R03,B_rich,pacf_train,1,1,1473,315,317,2014-01-03,2018-01-14,2018-01-15,2018-11-25,2018-11-26,2019-10-08,{},0,none,42,57.03788223210277,7.552342830678621,5.23940354639464,-0.0530808440958952,1.0637782061472283,89.160033614931,16.530720561853112,69.8208725491035,8.355888495492476,5.7049079096229365,-0.0411486276964061,1.1247039527758598,91.27519875627202,201.23876511896464,0.005,daily,noise_a0.25_r2,noise,0.25,2,8.280112614150463,noise_a0.25_r2,daily|R03|B_rich,,5,linear,0.0,7.552342830678621,0.0,,8.355888495492476,,,,
AR-LRX [linear],R03,B_rich,pacf_train,1,1,1473,315,317,2014-01-03,2018-01-14,2018-01-15,2018-11-25,2018-11-26,2019-10-08,"{""colsample_bytree"": 0.8, ""learning_rate"": 0.05, ""max_depth"": 3, ""n_estimators"": 100, ""subsample"": 0.8}",132,none,42,56.02338706322647,7.4848772243254915,5.154043876372245,-0.034350390107017,1.0542754010823638,88.14157535407817,18.372504674119345,72.04607048379691,8.487995669402578,5.826871443099702,-0.0743301347655076,1.142485599906131,92.68611386398582,217.4009692994541,4.741,daily,noise_a0.25_r2,noise,0.25,2,8.424138269425812,noise_a0.25_r2,daily|R03|B_rich,-0.0812310287752231,5,linear,1.0,7.552342830678621,0.8933,-0.043841677514615,8.355888495492476,5.0,,,
"LR-XGB (residual, tanpa gerbang)",R03,B_rich,pacf_train,1,1,1473,315,317,2014-01-03,2018-01-14,2018-01-15,2018-11-25,2018-11-26,2019-10-08,"{""colsample_bytree"": 0.8, ""learning_rate"": 0.05, ""max_depth"": 3, ""n_estimators"": 100, ""subsample"": 0.8}",12,none,42,56.02338706322647,7.4848772243254915,5.154043876372245,-0.034350390107017,1.0542754010823638,88.14157535407817,18.372504674119345,72.04607048379691,8.487995669402578,5.826871443099702,-0.0743301347655076,1.142485599906131,92.68611386398582,217.4009692994541,4.903,daily,noise_a0.25_r2,noise,0.25,2,8.424138269425812,noise_a0.25_r2,daily|R03|B_rich,,5,,,,,,,5.0,,,
XGBoost,R03,B_rich,pacf_train,1,1,1473,315,317,2014-01-03,2018-01-14,2018-01-15,2018-11-25,2018-11-26,2019-10-08,"{""colsample_bytree"": 0.8, ""learning_rate"": 0.05, ""max_depth"": 3, ""n_estimators"": 100, ""subsample"": 0.8}",12,none,42,56.26409642311461,7.500939702671566,5.167745092107179,-0.0387945666081932,1.056537866490033,88.45010632032361,18.044788563840715,71.9806917834044,8.484143550377045,5.800840393586501,-0.0733552265223262,1.1419671040577342,92.4759996868737,211.2316743200819,4.978,daily,noise_a0.25_r2,noise,0.25,2,8.417451036842362,noise_a0.25_r2,daily|R03|B_rich,,5,,,,,,,,,,
Naive,R03,B_rich,pacf_train,1,1,1473,315,317,2014-01-03,2018-01-14,2018-01-15,2018-11-25,2018-11-26,2019-10-08,{},0,none,42,105.37175932351371,10.265074735408104,7.326279405292267,-0.9113501138450646,1.4741377884983906,119.88222161938651,5.184980437790589,127.48834276274228,11.29107358769494,7.988402833360831,-0.8871052848331697,1.52151490455518,122.15432084396144,5.497340019633128,0.0,daily,noise_a0.50_r1,noise,0.5,1,11.18670733707671,noise_a0.50_r1,daily|R03|B_rich,,5,,,,,,,,,,
S1 [linear],R03,B_rich,pacf_train,1,1,1473,315,317,2014-01-03,2018-01-14,2018-01-15,2018-11-25,2018-11-26,2019-10-08,{},0,none,42,57.633369298545816,7.591664461667534,5.42831855974601,-0.0454181241469366,1.0902170465395529,95.16328505975336,4.648717201649323,70.34729345442372,8.38732933980917,5.743884810082224,-0.0412932380696775,1.1302243759920303,91.30795612998934,16.443156579668457,0.006,daily,noise_a0.50_r1,noise,0.5,1,8.261262749381382,noise_a0.50_r1,daily|R03|B_rich,,5,linear,0.0,7.591664461667534,0.0,,8.38732933980917,,,,
AR-LRX [linear],R03,B_rich,pacf_train,1,1,1473,315,317,2014-01-03,2018-01-14,2018-01-15,2018-11-25,2018-11-26,2019-10-08,"{""colsample_bytree"": 0.8, ""learning_rate"": 0.05, ""max_depth"": 3, ""n_estimators"": 100, ""subsample"": 0.8}",132,none,42,57.61510338216176,7.590461341852797,5.436592511838846,-0.0450867966490919,1.090044269971558,95.2857384477198,4.627210624090617,70.4550311279204,8.39374952735191,5.754165761646731,-0.0428879904103649,1.1310895205649047,91.49756923973426,16.297263047839163,4.776,daily,noise_a0.50_r1,noise,0.5,1,8.268765662633792,noise_a0.50_r1,daily|R03|B_rich,-0.0571889316673734,5,linear,0.2,7.591664461667534,0.0158,-0.049954798446294,8.38732933980917,5.0,,,
"LR-XGB (residual, tanpa gerbang)",R03,B_rich,pacf_train,1,1,1473,315,317,2014-01-03,2018-01-14,2018-01-15,2018-11-25,2018-11-26,2019-10-08,"{""colsample_bytree"": 0.8, ""learning_rate"": 0.05, ""max_depth"": 3, ""n_estimators"": 100, ""subsample"": 0.8}",12,none,42,58.04554714234608,7.618762835417971,5.497582026181474,-0.0528946641015679,1.0941085658691276,96.11149917731848,4.549630325812409,71.38521699125913,8.448977274869375,5.815137111875191,-0.0566567681710921,1.1385316685891995,92.44696546582932,15.719674053294622,4.971,daily,noise_a0.50_r1,noise,0.5,1,8.328734251817064,noise_a0.50_r1,daily|R03|B_rich,,5,,,,,,,5.0,,,
XGBoost,R03,B_rich,pacf_train,1,1,1473,315,317,2014-01-03,2018-01-14,2018-01-15,2018-11-25,2018-11-26,2019-10-08,"{""colsample_bytree"": 0.8, ""learning_rate"": 0.05, ""max_depth"": 3, ""n_estimators"": 100, ""subsample"": 0.8}",12,none,42,57.95323101233002,7.612701952154046,5.489876573197174,-0.0512201315062244,1.093238179897147,96.19963383093278,4.61568955375512,71.14864150609019,8.434965412264011,5.78690946561836,-0.0531549354650606,1.1366435170658695,92.16866338849272,15.90729473175574,4.738,daily,noise_a0.50_r1,noise,0.5,1,8.31577007529904,noise_a0.50_r1,daily|R03|B_rich,,5,,,,,,,,,,
Naive,R03,B_rich,pacf_train,1,1,1473,315,317,2014-01-03,2018-01-14,2018-01-15,2018-11-25,2018-11-26,2019-10-08,{},0,none,42,93.42868319456991,9.665851395224838,7.018724411309724,-0.7059048202034897,1.3223702955467649,113.8238772160116,4.063449578722491,114.76125081778004,10.712667773145029,7.555884222709077,-0.7918657611847504,1.4526658332813465,118.241763645644,16.351326977536182,0.0,daily,noise_a0.50_r2,noise,0.5,2,10.714726328240566,noise_a0.50_r2,daily|R03|B_rich,,5,,,,,,,,,,
S1 [linear],R03,B_rich,pacf_train,1,1,1473,315,317,2014-01-03,2018-01-14,2018-01-15,2018-11-25,2018-11-26,2019-10-08,{},0,none,42,56.82753280486278,7.53840386321022,5.178535831463988,-0.0376081393569469,1.0313174636089355,85.83343245479995,4.373536546656349,65.60936785915764,8.099960978866358,5.719542519549772,-0.024415288627942,1.0983759427701234,93.56674514733788,12.817248769306634,0.007,daily,noise_a0.50_r2,noise,0.5,2,8.186601145432636,noise_a0.50_r2,daily|R03|B_rich,,5,linear,0.0,7.53840386321022,0.0,,8.099960978866358,,,,
AR-LRX [linear],R03,B_rich,pacf_train,1,1,1473,315,317,2014-01-03,2018-01-14,2018-01-15,2018-11-25,2018-11-26,2019-10-08,"{""colsample_bytree"": 0.8, ""learning_rate"": 0.05, ""max_depth"": 3, ""n_estimators"": 100, ""subsample"": 0.8}",132,none,42,56.82753280486278,7.53840386321022,5.178535831463988,-0.0376081393569469,1.0313174636089355,85.83343245479995,4.373536546656349,65.60936785915764,8.099960978866358,5.719542519549772,-0.024415288627942,1.0983759427701234,93.56674514733788,12.817248769306634,5.132,daily,noise_a0.50_r2,noise,0.5,2,8.186601145432636,noise_a0.50_r2,daily|R03|B_rich,-0.0422586268257239,5,linear,0.0,7.53840386321022,0.0,-0.0876202971171655,8.099960978866358,5.0,,,
"LR-XGB (residual, tanpa gerbang)",R03,B_rich,pacf_train,1,1,1473,315,317,2014-01-03,2018-01-14,2018-01-15,2018-11-25,2018-11-26,2019-10-08,"{""colsample_bytree"": 0.8, ""learning_rate"": 0.05, ""max_depth"": 3, ""n_estimators"": 100, ""subsample"": 0.8}",12,none,42,58.36089700993018,7.639430411354644,5.302350379371206,-0.0656056803594729,1.04513875061877,87.04142496671686,4.465801839836519,66.08009462149717,8.12896639318291,5.7404861062977846,-0.0317651489884642,1.102309152989099,93.96692188623544,11.781359500379494,5.087,daily,noise_a0.50_r2,noise,0.5,2,8.208208825567162,noise_a0.50_r2,daily|R03|B_rich,,5,,,,,,,5.0,,,
XGBoost,R03,B_rich,pacf_train,1,1,1473,315,317,2014-01-03,2018-01-14,2018-01-15,2018-11-25,2018-11-26,2019-10-08,"{""colsample_bytree"": 0.8, ""learning_rate"": 0.05, ""max_depth"": 3, ""n_estimators"": 100, ""subsample"": 0.8}",12,none,42,58.52420114717278,7.650111185281739,5.314083014669999,-0.0685874339854033,1.046599970908337,87.33735936068636,4.42659462877305,66.24607007531279,8.139168881115122,5.743734627250409,-0.0343566659924183,1.103692637098514,94.08407951150366,12.005320911669092,4.915,daily,noise_a0.50_r2,noise,0.5,2,8.222743203559096,noise_a0.50_r2,daily|R03|B_rich,,5,,,,,,,,,,
Naive,R03,B_rich,pacf_train,1,1,1473,315,317,2014-01-03,2018-01-14,2018-01-15,2018-11-25,2018-11-26,2019-10-08,{},0,none,42,93.93055555555556,9.69177772937223,6.792063492063492,-0.7667535335805216,1.395137660117561,112.863476008676,3.275596500445437,131.7726625486295,11.479227436924033,7.825184016845426,-0.81639246760481,1.5186138228796258,116.8216347273872,4.156192719048026,0.0,daily,spike,spike,1.5,0,11.227878218943156,spike,daily|R03|B_rich,,5,,,,,,,,23.18250571936889,10.631532591336276,14.0
S1 [linear],R03,B_rich,pacf_train,1,1,1473,315,317,2014-01-03,2018-01-14,2018-01-15,2018-11-25,2018-11-26,2019-10-08,{},0,none,42,55.86248272495644,7.474120866359899,5.098668280401342,-0.0507255936597115,1.0759045232050122,89.90307176351305,1.534883973521318,76.24459812395331,8.731815282285426,5.832784245676978,-0.0509775779691485,1.1551522486484875,92.0713327411424,1.8260251907884648,0.005,daily,spike,spike,1.5,0,8.294654741864417,spike,daily|R03|B_rich,,5,linear,0.0,7.474120866359899,0.0,,8.731815282285426,,16.86306144713368,8.162632766672212,14.0
AR-LRX [linear],R03,B_rich,pacf_train,1,1,1473,315,317,2014-01-03,2018-01-14,2018-01-15,2018-11-25,2018-11-26,2019-10-08,"{""colsample_bytree"": 0.8, ""learning_rate"": 0.05, ""max_depth"": 3, ""n_estimators"": 100, ""subsample"": 0.8}",132,none,42,55.157632535893256,7.426818466604207,5.071382300430277,-0.0374679635434311,1.0690953122268136,89.5104845530672,1.6021913075950245,77.00201253806317,8.775079061641733,5.859442376968234,-0.0614179971732211,1.1608757151205575,92.02411053428176,1.9393024859472625,4.728,daily,spike,spike,1.5,0,8.336945007465866,spike,daily|R03|B_rich,-0.0780101607566898,5,linear,0.7,7.474120866359899,0.6329,-0.0540157087435295,8.731815282285426,5.0,16.83232869528322,8.213941284990504,14.0
"LR-XGB (residual, tanpa gerbang)",R03,B_rich,pacf_train,1,1,1473,315,317,2014-01-03,2018-01-14,2018-01-15,2018-11-25,2018-11-26,2019-10-08,"{""colsample_bytree"": 0.8, ""learning_rate"": 0.05, ""max_depth"": 3, ""n_estimators"": 100, ""subsample"": 0.8}",12,none,42,55.30008507555787,7.436402697242658,5.094876404637,-0.0401473741604707,1.0704749684137722,89.7575169214025,1.6475982686664596,77.78442365069935,8.819547814411992,5.891482353773021,-0.0722029780947244,1.1667585903414033,92.31761160691204,2.000839004952605,4.843,daily,spike,spike,1.5,0,8.382356157205606,spike,daily|R03|B_rich,,5,,,,,,,5.0,16.86246862725601,8.260779021431377,14.0
XGBoost,R03,B_rich,pacf_train,1,1,1473,315,317,2014-01-03,2018-01-14,2018-01-15,2018-11-25,2018-11-26,2019-10-08,"{""colsample_bytree"": 0.8, ""learning_rate"": 0.05, ""max_depth"": 3, ""n_estimators"": 100, ""subsample"": 0.8}",12,none,42,55.42903490693568,7.445067824199836,5.09006395718408,-0.0425728103659088,1.071722319032537,89.70085900163357,1.6289123815332394,77.74512018388491,8.817319330946617,5.876228920678297,-0.07166120774804,1.166463779056134,92.26385560989662,1.9661277963303727,4.755,daily,spike,spike,1.5,0,8.375809846092585,spike,daily|R03|B_rich,,5,,,,,,,,16.886374881307407,8.256032479053776,14.0
Naive,R03,B_rich,pacf_train,1,1,1473,315,317,2014-01-03,2018-01-14,2018-01-15,2018-11-25,2018-11-26,2019-10-08,{},0,none,42,93.93055555555556,9.69177772937223,6.792063492063492,-0.7667535335805216,1.395137660117561,112.863476008676,3.275596500445437,140.0402476567107,11.833860217896389,8.378417455337539,-0.800629501885602,1.4500032780582954,116.861471199386,4.156280564016878,0.0,daily,level,level,1.3,0,11.455244486187466,level,daily|R03|B_rich,,5,,,,,,,,10.192721076249558,13.282233303137968,159.0
S1 [linear],R03,B_rich,pacf_train,1,1,1473,315,317,2014-01-03,2018-01-14,2018-01-15,2018-11-25,2018-11-26,2019-10-08,{},0,none,42,55.86248272495644,7.474120866359899,5.098668280401342,-0.0507255936597115,1.0759045232050122,89.90307176351305,1.534883973521318,83.60551159802282,9.143604956362823,6.203785416849372,-0.0749948905594124,1.1203662132112788,91.85556811785368,1.6104258055026095,0.006,daily,level,level,1.3,0,8.276459007679074,level,daily|R03|B_rich,,5,linear,0.0,7.474120866359899,0.0,,9.143604956362823,,8.333088117540697,9.892437439524851,159.0
AR-LRX [linear],R03,B_rich,pacf_train,1,1,1473,315,317,2014-01-03,2018-01-14,2018-01-15,2018-11-25,2018-11-26,2019-10-08,"{""colsample_bytree"": 0.8, ""learning_rate"": 0.05, ""max_depth"": 3, ""n_estimators"": 100, ""subsample"": 0.8}",132,none,42,55.157632535893256,7.426818466604207,5.071382300430277,-0.0374679635434311,1.0690953122268136,89.5104845530672,1.6021913075950245,85.03183589450607,9.221270839450822,6.288049054793733,-0.0933344868574694,1.1298826163964864,92.10949851267914,1.7371281053138408,4.728,daily,level,level,1.3,0,8.376167823059422,level,daily|R03|B_rich,-0.117607662013589,5,linear,0.7,7.474120866359899,0.6329,-0.0540157087435295,9.143604956362823,5.0,8.430740525701165,9.95362272148356,159.0
"LR-XGB (residual, tanpa gerbang)",R03,B_rich,pacf_train,1,1,1473,315,317,2014-01-03,2018-01-14,2018-01-15,2018-11-25,2018-11-26,2019-10-08,"{""colsample_bytree"": 0.8, ""learning_rate"": 0.05, ""max_depth"": 3, ""n_estimators"": 100, ""subsample"": 0.8}",12,none,42,55.30008507555787,7.436402697242658,5.094876404637,-0.0401473741604707,1.0704749684137722,89.7575169214025,1.6475982686664596,86.24786075892335,9.286972636921211,6.341300597694636,-0.1089700650754095,1.137933059781166,92.38959601449972,1.8102605442794244,4.908,daily,level,level,1.3,0,8.454379710932239,level,daily|R03|B_rich,,5,,,,,,,5.0,8.510015744323875,10.008140153213292,159.0
XGBoost,R03,B_rich,pacf_train,1,1,1473,315,317,2014-01-03,2018-01-14,2018-01-15,2018-11-25,2018-11-26,2019-10-08,"{""colsample_bytree"": 0.8, ""learning_rate"": 0.05, ""max_depth"": 3, ""n_estimators"": 100, ""subsample"": 0.8}",12,none,42,55.42903490693568,7.445067824199836,5.09006395718408,-0.0425728103659088,1.071722319032537,89.70085900163357,1.6289123815332394,86.15786590691583,9.282126152284068,6.337002317699617,-0.1078129164109782,1.137339219860673,92.2262292038378,1.7928361828129626,4.705,daily,level,level,1.3,0,8.453738667738033,level,daily|R03|B_rich,,5,,,,,,,,8.499789099264964,10.00786511905427,159.0
Naive,R06,A_lag1,pacf_train,1,1,1473,315,317,2014-01-03,2018-01-14,2018-01-15,2018-11-25,2018-11-26,2019-10-08,{},0,none,42,9.688604444444444,3.112652316665715,2.3900952380952383,-0.2610183509699195,0.8855540821438769,82.50612949788051,1.508581024997902,9.05630599369085,3.0093697004008746,2.3206940063091483,-0.2716879959630176,0.8359580036515833,78.61483989833405,1.431620528497761,0.0,daily,clean,clean,0.0,0,3.0093697004008746,clean,daily|R06|A_lag1,,5,,,,,,,,,,
S1 [linear],R06,A_lag1,pacf_train,1,1,1473,315,317,2014-01-03,2018-01-14,2018-01-15,2018-11-25,2018-11-26,2019-10-08,{},0,none,42,7.041915450053448,2.65366076393601,1.9937033643500504,0.0834609195354361,0.7549703221096851,67.28898489770721,1.5434353427329148,6.482149897726687,2.5460066570468127,1.8974653696979376,0.0897754317583048,0.7072426634803226,62.52055378314043,0.9984928028599572,0.007,daily,clean,clean,0.0,0,2.5460066570468127,clean,daily|R06|A_lag1,,5,linear,0.0,2.65366076393601,0.0,,2.5460066570468127,,,,
AR-LRX [linear],R06,A_lag1,pacf_train,1,1,1473,315,317,2014-01-03,2018-01-14,2018-01-15,2018-11-25,2018-11-26,2019-10-08,"{""colsample_bytree"": 0.8, ""learning_rate"": 0.05, ""max_depth"": 3, ""n_estimators"": 100, ""subsample"": 0.8}",132,none,42,7.041915450053448,2.65366076393601,1.9937033643500504,0.0834609195354361,0.7549703221096851,67.28898489770721,1.5434353427329148,6.482149897726687,2.5460066570468127,1.8974653696979376,0.0897754317583048,0.7072426634803226,62.52055378314043,0.9984928028599572,4.828,daily,clean,clean,0.0,0,2.5460066570468127,clean,daily|R06|A_lag1,-0.0459051027548118,5,linear,0.0,2.65366076393601,0.0,-0.088748669641681,2.5460066570468127,5.0,,,
"LR-XGB (residual, tanpa gerbang)",R06,A_lag1,pacf_train,1,1,1473,315,317,2014-01-03,2018-01-14,2018-01-15,2018-11-25,2018-11-26,2019-10-08,"{""colsample_bytree"": 0.8, ""learning_rate"": 0.05, ""max_depth"": 3, ""n_estimators"": 100, ""subsample"": 0.8}",12,none,42,7.249337473341095,2.692459372644478,2.030670751854809,0.0564639480664423,0.7660085823545978,68.09037805075556,1.5439286439593085,6.472888186389073,2.544187136668424,1.90116264919962,0.0910759628068716,0.7067372278660413,62.67970071782091,1.0121392083526768,5.039,daily,clean,clean,0.0,0,2.544187136668424,clean,daily|R06|A_lag1,,5,,,,,,,5.0,,,
XGBoost,R06,A_lag1,pacf_train,1,1,1473,315,317,2014-01-03,2018-01-14,2018-01-15,2018-11-25,2018-11-26,2019-10-08,"{""colsample_bytree"": 0.8, ""learning_rate"": 0.05, ""max_depth"": 3, ""n_estimators"": 100, ""subsample"": 0.8}",12,none,42,7.228240714349805,2.688538769359632,2.0255604949224564,0.0592097924640079,0.7648931650544474,67.98405114229779,1.5384278643908864,6.4934038579783815,2.5482158185637225,1.9005164637700989,0.0881951487854133,0.7078563355895267,62.66185108888153,1.0122770332847484,4.882,daily,clean,clean,0.0,0,2.5482158185637225,clean,daily|R06|A_lag1,,5,,,,,,,,,,
Naive,R06,A_lag1,pacf_train,1,1,1473,315,317,2014-01-03,2018-01-14,2018-01-15,2018-11-25,2018-11-26,2019-10-08,{},0,none,42,9.739640891165193,3.1208397733887576,2.399785335681946,-0.2662594065446313,0.8882322403543863,82.08148815996941,3.5772442416607126,8.967632396140854,2.994600540329353,2.3135258028698127,-0.2607230754149687,0.8254157985658632,77.22585586975678,31.199161036176456,0.0,daily,noise_a0.10_r1,noise,0.1,1,3.0059277010022103,noise_a0.10_r1,daily|R06|A_lag1,,5,,,,,,,,,,
S1 [linear],R06,A_lag1,pacf_train,1,1,1473,315,317,2014-01-03,2018-01-14,2018-01-15,2018-11-25,2018-11-26,2019-10-08,{},0,none,42,7.0713247598196105,2.659196261997149,1.990888688637048,0.0806507556170977,0.7568423965486,66.73195450486334,3.689347015327355,6.472646889259478,2.5441397149644667,1.894505651097552,0.0900368199956522,0.7012531675625635,61.12529952512262,37.70371700247035,0.008,daily,noise_a0.10_r1,noise,0.1,1,2.543555750314511,noise_a0.10_r1,daily|R06|A_lag1,,5,linear,0.0,2.659196261997149,0.0,,2.5441397149644667,,,,
AR-LRX [linear],R06,A_lag1,pacf_train,1,1,1473,315,317,2014-01-03,2018-01-14,2018-01-15,2018-11-25,2018-11-26,2019-10-08,"{""colsample_bytree"": 0.8, ""learning_rate"": 0.05, ""max_depth"": 3, ""n_estimators"": 100, ""subsample"": 0.8}",132,none,42,7.0713247598196105,2.659196261997149,1.990888688637048,0.0806507556170977,0.7568423965486,66.73195450486334,3.689347015327355,6.472646889259478,2.5441397149644667,1.894505651097552,0.0900368199956522,0.7012531675625635,61.12529952512262,37.70371700247035,5.147,daily,noise_a0.10_r1,noise,0.1,1,2.543555750314511,noise_a0.10_r1,daily|R06|A_lag1,-0.1073402682583326,5,linear,0.0,2.659196261997149,0.0,-0.0849242860179022,2.5441397149644667,5.0,,,
"LR-XGB (residual, tanpa gerbang)",R06,A_lag1,pacf_train,1,1,1473,315,317,2014-01-03,2018-01-14,2018-01-15,2018-11-25,2018-11-26,2019-10-08,"{""colsample_bytree"": 0.8, ""learning_rate"": 0.05, ""max_depth"": 3, ""n_estimators"": 100, ""subsample"": 0.8}",12,none,42,7.257079765867974,2.6938967622884094,2.0325035547576324,0.0565005814628475,0.7667186174869329,67.47286257914224,3.766817481473841,6.819757576752272,2.611466556698032,1.934366454155538,0.0412379359520064,0.7198107808689165,61.93691118010277,35.20133927182656,5.357,daily,noise_a0.10_r1,noise,0.1,1,2.614200762686789,noise_a0.10_r1,daily|R06|A_lag1,,5,,,,,,,5.0,,,
XGBoost,R06,A_lag1,pacf_train,1,1,1473,315,317,2014-01-03,2018-01-14,2018-01-15,2018-11-25,2018-11-26,2019-10-08,"{""colsample_bytree"": 0.8, ""learning_rate"": 0.05, ""max_depth"": 3, ""n_estimators"": 100, ""subsample"": 0.8}",12,none,42,7.244932512967249,2.6916412303587656,2.027359079292837,0.0580798566559579,0.7660766632936605,67.3922606852686,3.743378828630344,6.875834789432613,2.62218130369214,1.945760039778349,0.0333542680106796,0.7227641368599632,62.26043778333762,34.69630314029836,4.784,daily,noise_a0.10_r1,noise,0.1,1,2.625337243093535,noise_a0.10_r1,daily|R06|A_lag1,,5,,,,,,,,,,
Naive,R06,A_lag1,pacf_train,1,1,1473,315,317,2014-01-03,2018-01-14,2018-01-15,2018-11-25,2018-11-26,2019-10-08,{},0,none,42,9.623047912768907,3.1021037882006635,2.378870326886492,-0.2404343846346999,0.8777539238476398,80.86654488870481,25.136502994772187,8.860012048369594,2.976577237091219,2.308615862395241,-0.2688048779014365,0.8277612986798598,77.40728533618777,6.218123705607842,0.0,daily,noise_a0.10_r2,noise,0.1,2,2.996668704620701,noise_a0.10_r2,daily|R06|A_lag1,,5,,,,,,,,,,
S1 [linear],R06,A_lag1,pacf_train,1,1,1473,315,317,2014-01-03,2018-01-14,2018-01-15,2018-11-25,2018-11-26,2019-10-08,{},0,none,42,7.054190914188696,2.65597268701858,1.987032719159795,0.0906975580858796,0.7515191646811257,66.11585686586051,22.672817570061525,6.334714340116646,2.5168858416933904,1.8788773819160465,0.0928323335258632,0.6999249564190719,61.497299848990814,7.797152196090379,0.005,daily,noise_a0.10_r2,noise,0.1,2,2.5438280942848763,noise_a0.10_r2,daily|R06|A_lag1,,5,linear,0.0,2.65597268701858,0.0,,2.5168858416933904,,,,
AR-LRX [linear],R06,A_lag1,pacf_train,1,1,1473,315,317,2014-01-03,2018-01-14,2018-01-15,2018-11-25,2018-11-26,2019-10-08,"{""colsample_bytree"": 0.8, ""learning_rate"": 0.1, ""max_depth"": 3, ""n_estimators"": 100, ""subsample"": 0.8}",132,none,42,7.052289757344226,2.6556147607181706,1.986151324121685,0.0909426218475736,0.7514178878586584,66.03824594679703,23.1551283535138,6.373142498809648,2.5245083677440343,1.885197595966675,0.0873291993391075,0.7020447173257528,61.633965814413095,7.788958636458688,4.796,daily,noise_a0.10_r2,noise,0.1,2,2.551203369133875,noise_a0.10_r2,daily|R06|A_lag1,-0.1471595674252932,5,linear,0.1,2.65597268701858,0.0135,-0.0776792589243406,2.5168858416933904,5.0,,,
"LR-XGB (residual, tanpa gerbang)",R06,A_lag1,pacf_train,1,1,1473,315,317,2014-01-03,2018-01-14,2018-01-15,2018-11-25,2018-11-26,2019-10-08,"{""colsample_bytree"": 0.8, ""learning_rate"": 0.05, ""max_depth"": 3, ""n_estimators"": 100, ""subsample"": 0.8}",12,none,42,7.144527882686011,2.672924967649861,1.998697195612665,0.0790529021573727,0.7563158871179673,66.16339283630128,25.471852117900784,6.6710609258348255,2.582839701923994,1.933027992478838,0.0446655605807574,0.7182661747543921,62.67602521183502,7.616679796166522,5.034,daily,noise_a0.10_r2,noise,0.1,2,2.6079551222937254,noise_a0.10_r2,daily|R06|A_lag1,,5,,,,,,,5.0,,,
XGBoost,R06,A_lag1,pacf_train,1,1,1473,315,317,2014-01-03,2018-01-14,2018-01-15,2018-11-25,2018-11-26,2019-10-08,"{""colsample_bytree"": 0.8, ""learning_rate"": 0.1, ""max_depth"": 3, ""n_estimators"": 100, ""subsample"": 0.8}",12,none,42,7.201683481491624,2.683595252919416,2.003743747516161,0.0716854058427389,0.759335091310796,66.31566348856923,27.41070280413541,6.922430448386272,2.6310512059605133,1.970591790823185,0.0086679936894435,0.7316733918409466,63.705802322099125,7.383837820663573,4.844,daily,noise_a0.10_r2,noise,0.1,2,2.655286701126853,noise_a0.10_r2,daily|R06|A_lag1,,5,,,,,,,,,,
Naive,R06,A_lag1,pacf_train,1,1,1473,315,317,2014-01-03,2018-01-14,2018-01-15,2018-11-25,2018-11-26,2019-10-08,{},0,none,42,10.154103160333666,3.186550354275555,2.5075707592582974,-0.2385737961612222,0.9074075669508396,89.2804747257929,93.67897146482946,9.343125178786057,3.056652610092625,2.38134589058821,-0.3191815742976229,0.8386908329393623,79.23096242904518,11.379745829314146,0.0,daily,noise_a0.25_r1,noise,0.25,1,3.057151708155596,noise_a0.25_r1,daily|R06|A_lag1,,5,,,,,,,,,,
S1 [linear],R06,A_lag1,pacf_train,1,1,1473,315,317,2014-01-03,2018-01-14,2018-01-15,2018-11-25,2018-11-26,2019-10-08,{},0,none,42,7.409623675911591,2.7220623938314845,2.065015765154586,0.0961914036632339,0.7751391753658797,70.57675853534032,58.77796545651884,6.569141035542394,2.56303356114242,1.9077150270335457,0.0724848862427547,0.7032505902530212,61.26906732157794,13.107468173344436,0.007,daily,noise_a0.25_r1,noise,0.25,1,2.558981494354005,noise_a0.25_r1,daily|R06|A_lag1,,5,linear,0.0,2.7220623938314845,0.0,,2.56303356114242,,,,
AR-LRX [linear],R06,A_lag1,pacf_train,1,1,1473,315,317,2014-01-03,2018-01-14,2018-01-15,2018-11-25,2018-11-26,2019-10-08,"{""colsample_bytree"": 0.8, ""learning_rate"": 0.05, ""max_depth"": 3, ""n_estimators"": 100, ""subsample"": 0.8}",132,none,42,7.389153710246949,2.718299782997996,2.0620607828439512,0.0986882822826662,0.7740677278247423,70.60041462143586,56.389940295557984,6.543728235121466,2.558071194302744,1.8958946920125173,0.0760729895192374,0.7018890055036201,60.9508674323652,13.023720007259628,4.638,daily,noise_a0.25_r1,noise,0.25,1,2.552218174185596,noise_a0.25_r1,daily|R06|A_lag1,-0.0530187379838895,5,linear,0.3,2.7220623938314845,0.1382,-0.056838868885896,2.56303356114242,5.0,,,
"LR-XGB (residual, tanpa gerbang)",R06,A_lag1,pacf_train,1,1,1473,315,317,2014-01-03,2018-01-14,2018-01-15,2018-11-25,2018-11-26,2019-10-08,"{""colsample_bytree"": 0.8, ""learning_rate"": 0.05, ""max_depth"": 3, ""n_estimators"": 100, ""subsample"": 0.8}",12,none,42,7.463524104117826,2.731945113672276,2.077054208774352,0.0896167552748954,0.7779533956883539,71.17556667025747,50.82437572831447,6.600364569748768,2.569117469044335,1.913244090691432,0.0680763494607555,0.7049199058202974,61.31014502024343,12.829509682469167,5.006,daily,noise_a0.25_r1,noise,0.25,1,2.559119033224693,noise_a0.25_r1,daily|R06|A_lag1,,5,,,,,,,5.0,,,
XGBoost,R06,A_lag1,pacf_train,1,1,1473,315,317,2014-01-03,2018-01-14,2018-01-15,2018-11-25,2018-11-26,2019-10-08,"{""colsample_bytree"": 0.8, ""learning_rate"": 0.05, ""max_depth"": 3, ""n_estimators"": 100, ""subsample"": 0.8}",12,none,42,7.481434543778339,2.735221114238909,2.0845935132893643,0.0874320816615825,0.7788862752518322,71.24236786026495,51.86431833350275,6.587713203670741,2.5666540872643395,1.90685059729608,0.0698626306782782,0.7042439978973328,61.1975281329139,13.080232804703652,5.029,daily,noise_a0.25_r1,noise,0.25,1,2.55632036753116,noise_a0.25_r1,daily|R06|A_lag1,,5,,,,,,,,,,
Naive,R06,A_lag1,pacf_train,1,1,1473,315,317,2014-01-03,2018-01-14,2018-01-15,2018-11-25,2018-11-26,2019-10-08,{},0,none,42,9.575531425546496,3.094435558473709,2.388267894872956,-0.2922092860115894,0.8751525817316353,79.53442026977162,6.102299144700052,8.882607157483378,2.980370305429072,2.268150613857016,-0.2333556887583332,0.8361655643209005,79.01395210502523,8.89167398578875,0.0,daily,noise_a0.25_r2,noise,0.25,2,2.981938895729832,noise_a0.25_r2,daily|R06|A_lag1,,5,,,,,,,,,,
S1 [linear],R06,A_lag1,pacf_train,1,1,1473,315,317,2014-01-03,2018-01-14,2018-01-15,2018-11-25,2018-11-26,2019-10-08,{},0,none,42,6.90674911972154,2.628069466304409,1.973304799286581,0.0679404670068033,0.7432572871353674,64.69049312391064,5.004979616903953,6.44442651913238,2.5385875047223365,1.89598521170002,0.1051872533323999,0.7122200384285958,63.29053299424088,12.049687932315086,0.006,daily,noise_a0.25_r2,noise,0.25,2,2.535948723108268,noise_a0.25_r2,daily|R06|A_lag1,,5,linear,0.0,2.628069466304409,0.0,,2.5385875047223365,,,,
AR-LRX [linear],R06,A_lag1,pacf_train,1,1,1473,315,317,2014-01-03,2018-01-14,2018-01-15,2018-11-25,2018-11-26,2019-10-08,"{""colsample_bytree"": 0.8, ""learning_rate"": 0.1, ""max_depth"": 3, ""n_estimators"": 100, ""subsample"": 0.8}",132,none,42,6.861824774235417,2.6195084985995782,1.9785646356229187,0.0740029667078941,0.7408361176369471,64.89227607626582,4.940786856661927,6.498040454223384,2.549125429284205,1.903596560414224,0.0977429241316538,0.7151765333386394,63.21000110239009,11.707353841858916,4.684,daily,noise_a0.25_r2,noise,0.25,2,2.5523620174567774,noise_a0.25_r2,daily|R06|A_lag1,-0.0975887420403696,5,linear,0.4,2.628069466304409,0.3258,-0.0680511055681543,2.5385875047223365,5.0,,,
"LR-XGB (residual, tanpa gerbang)",R06,A_lag1,pacf_train,1,1,1473,315,317,2014-01-03,2018-01-14,2018-01-15,2018-11-25,2018-11-26,2019-10-08,"{""colsample_bytree"": 0.8, ""learning_rate"": 0.05, ""max_depth"": 3, ""n_estimators"": 100, ""subsample"": 0.8}",12,none,42,6.92993711896862,2.6324773729262363,2.0008994382981538,0.0648112675274755,0.744503908946431,65.49668398277284,5.026360173551056,6.623343285683528,2.573585686485594,1.92484773687426,0.0803445457885683,0.7220390445940282,63.61168920405287,11.416598815772897,4.965,daily,noise_a0.25_r2,noise,0.25,2,2.5832316618144806,noise_a0.25_r2,daily|R06|A_lag1,,5,,,,,,,5.0,,,
XGBoost,R06,A_lag1,pacf_train,1,1,1473,315,317,2014-01-03,2018-01-14,2018-01-15,2018-11-25,2018-11-26,2019-10-08,"{""colsample_bytree"": 0.8, ""learning_rate"": 0.05, ""max_depth"": 3, ""n_estimators"": 100, ""subsample"": 0.8}",12,none,42,6.913000732226898,2.6292585898360965,1.990152277153524,0.0670968175660613,0.7435935890259996,65.20910607205698,4.960241378850667,6.64348853628961,2.5774965637784293,1.9319187995856724,0.0775473648487875,0.7231362709731115,63.90254441801812,11.206465042694749,4.79,daily,noise_a0.25_r2,noise,0.25,2,2.588037243170928,noise_a0.25_r2,daily|R06|A_lag1,,5,,,,,,,,,,
Naive,R06,A_lag1,pacf_train,1,1,1473,315,317,2014-01-03,2018-01-14,2018-01-15,2018-11-25,2018-11-26,2019-10-08,{},0,none,42,10.544789688985595,3.247274193687006,2.4785162876952787,-0.2323726186558086,0.9049868203118968,90.413347264059,8.205557941697109,10.618102053017132,3.258542934045389,2.5279685030172763,-0.269279546825772,0.8792416884088643,84.75350295948331,57.21449564015733,0.0,daily,noise_a0.50_r1,noise,0.5,1,3.1191505075716988,noise_a0.50_r1,daily|R06|A_lag1,,5,,,,,,,,,,
S1 [linear],R06,A_lag1,pacf_train,1,1,1473,315,317,2014-01-03,2018-01-14,2018-01-15,2018-11-25,2018-11-26,2019-10-08,{},0,none,42,7.9138313987561535,2.813153283906896,2.105026489081778,0.0751082371350835,0.7840011325197813,70.84028253100394,7.204845890432645,7.6599214495740835,2.767656309871961,2.0730799215503097,0.0843390299235508,0.7467874004060535,67.35782302656725,58.82232643747812,0.007,daily,noise_a0.50_r1,noise,0.5,1,2.5298348272538056,noise_a0.50_r1,daily|R06|A_lag1,,5,linear,0.0,2.813153283906896,0.0,,2.767656309871961,,,,
AR-LRX [linear],R06,A_lag1,pacf_train,1,1,1473,315,317,2014-01-03,2018-01-14,2018-01-15,2018-11-25,2018-11-26,2019-10-08,"{""colsample_bytree"": 0.8, ""learning_rate"": 0.05, ""max_depth"": 3, ""n_estimators"": 100, ""subsample"": 0.8}",132,none,42,7.9138313987561535,2.813153283906896,2.105026489081778,0.0751082371350835,0.7840011325197813,70.84028253100394,7.204845890432645,7.6599214495740835,2.767656309871961,2.0730799215503097,0.0843390299235508,0.7467874004060535,67.35782302656725,58.82232643747812,4.787,daily,noise_a0.50_r1,noise,0.5,1,2.5298348272538056,noise_a0.50_r1,daily|R06|A_lag1,-0.0739643006688126,5,linear,0.0,2.813153283906896,0.0,-0.105093528330072,2.767656309871961,5.0,,,
"LR-XGB (residual, tanpa gerbang)",R06,A_lag1,pacf_train,1,1,1473,315,317,2014-01-03,2018-01-14,2018-01-15,2018-11-25,2018-11-26,2019-10-08,"{""colsample_bytree"": 0.8, ""learning_rate"": 0.05, ""max_depth"": 3, ""n_estimators"": 100, ""subsample"": 0.8}",12,none,42,8.231842205257541,2.869118715783218,2.1173829208299644,0.0379422222663068,0.7995982072415893,70.92672699589684,9.239130465669442,7.832094519005794,2.798587950914853,2.0863019909696328,0.0637575969656911,0.7551335811519506,67.84192216681441,70.7588036821111,5.079,daily,noise_a0.50_r1,noise,0.5,1,2.555379995458772,noise_a0.50_r1,daily|R06|A_lag1,,5,,,,,,,5.0,,,
XGBoost,R06,A_lag1,pacf_train,1,1,1473,315,317,2014-01-03,2018-01-14,2018-01-15,2018-11-25,2018-11-26,2019-10-08,"{""colsample_bytree"": 0.8, ""learning_rate"": 0.05, ""max_depth"": 3, ""n_estimators"": 100, ""subsample"": 0.8}",12,none,42,8.276426874127525,2.876877973450999,2.118557214584287,0.0327315991294038,0.8017606442598112,70.90629711996732,9.346745939097474,7.865073306367095,2.8044738020468465,2.085886863213644,0.0598153387289736,0.7567217405814146,67.8151215350393,74.76938277954268,5.036,daily,noise_a0.50_r1,noise,0.5,1,2.56329129203091,noise_a0.50_r1,daily|R06|A_lag1,,5,,,,,,,,,,
Naive,R06,A_lag1,pacf_train,1,1,1473,315,317,2014-01-03,2018-01-14,2018-01-15,2018-11-25,2018-11-26,2019-10-08,{},0,none,42,10.551851309022188,3.248361326734172,2.5754034380746296,-0.2228784011044675,0.9213133656911076,98.8554048599643,17.957565663484488,11.073032032607491,3.3276165693492232,2.584354116577388,-0.418023631944977,0.9067474821576113,86.40119979113241,9.94867511214869,0.0,daily,noise_a0.50_r2,noise,0.5,2,3.1508251384116286,noise_a0.50_r2,daily|R06|A_lag1,,5,,,,,,,,,,
S1 [linear],R06,A_lag1,pacf_train,1,1,1473,315,317,2014-01-03,2018-01-14,2018-01-15,2018-11-25,2018-11-26,2019-10-08,{},0,none,42,7.940128006077065,2.817823274457975,2.1749336666243915,0.0798002401404093,0.7992024235566408,76.45371902577813,10.621911986210945,7.500695189551647,2.73873970825116,2.0969303485714,0.0394534212960615,0.7462834984102371,69.01568277196031,6.514543110667108,0.008,daily,noise_a0.50_r2,noise,0.5,2,2.569649085227418,noise_a0.50_r2,daily|R06|A_lag1,,5,linear,0.0,2.817823274457975,0.0,,2.73873970825116,,,,
AR-LRX [linear],R06,A_lag1,pacf_train,1,1,1473,315,317,2014-01-03,2018-01-14,2018-01-15,2018-11-25,2018-11-26,2019-10-08,"{""colsample_bytree"": 0.8, ""learning_rate"": 0.05, ""max_depth"": 5, ""n_estimators"": 500, ""subsample"": 0.8}",132,none,42,7.888166543200116,2.808587998122921,2.170391585024994,0.0858221739964787,0.7965830771639504,76.39049924237813,10.513313308449472,7.551168131217519,2.747938887824385,2.1215695168778104,0.0329898055632411,0.7487901973468785,69.92097434498558,5.974551541167134,5.489,daily,noise_a0.50_r2,noise,0.5,2,2.582292272434372,noise_a0.50_r2,daily|R06|A_lag1,-0.1424203176544816,5,linear,0.3,2.817823274457975,0.3277,-0.0983207144628468,2.73873970825116,5.0,,,
"LR-XGB (residual, tanpa gerbang)",R06,A_lag1,pacf_train,1,1,1473,315,317,2014-01-03,2018-01-14,2018-01-15,2018-11-25,2018-11-26,2019-10-08,"{""colsample_bytree"": 0.8, ""learning_rate"": 0.05, ""max_depth"": 3, ""n_estimators"": 100, ""subsample"": 0.8}",12,none,42,7.961325235559975,2.8215820448039386,2.184080580603783,0.0773436442939777,0.8002685011908618,76.79142781608041,10.6101501156589,7.7161415459097,2.777794367103098,2.1409849593286783,0.0118631439598714,0.7569255639374697,70.51547253996242,5.584118375926732,4.938,daily,noise_a0.50_r2,noise,0.5,2,2.6091954313253973,noise_a0.50_r2,daily|R06|A_lag1,,5,,,,,,,5.0,,,
XGBoost,R06,A_lag1,pacf_train,1,1,1473,315,317,2014-01-03,2018-01-14,2018-01-15,2018-11-25,2018-11-26,2019-10-08,"{""colsample_bytree"": 0.8, ""learning_rate"": 0.1, ""max_depth"": 3, ""n_estimators"": 100, ""subsample"": 0.8}",12,none,42,8.05121092678418,2.8374655816034453,2.203617784495902,0.0669265840883966,0.8047734540812301,77.36848952832622,10.654037501826458,7.817187340086175,2.7959233430275185,2.155761444247688,-0.0010768821891498,0.7618655571521264,71.12285864616898,5.224800432866491,5.111,daily,noise_a0.50_r2,noise,0.5,2,2.632001859274769,noise_a0.50_r2,daily|R06|A_lag1,,5,,,,,,,,,,
Naive,R06,A_lag1,pacf_train,1,1,1473,315,317,2014-01-03,2018-01-14,2018-01-15,2018-11-25,2018-11-26,2019-10-08,{},0,none,42,9.688604444444444,3.112652316665715,2.3900952380952383,-0.2610183509699195,0.8855540821438769,82.50612949788051,1.508581024997902,9.274681388012617,3.045436157270846,2.3617034700315456,-0.3058464453862195,0.8385186237143959,78.85063839779814,1.435401492968881,0.0,daily,spike,spike,1.5,0,3.0310753836011,spike,daily|R06|A_lag1,,5,,,,,,,,2.908178123843173,3.051628900094897,14.0
S1 [linear],R06,A_lag1,pacf_train,1,1,1473,315,317,2014-01-03,2018-01-14,2018-01-15,2018-11-25,2018-11-26,2019-10-08,{},0,none,42,7.041915450053448,2.65366076393601,1.9937033643500504,0.0834609195354361,0.7549703221096851,67.28898489770721,1.5434353427329148,6.571420517013559,2.5634782068536413,1.9240618291221487,0.0747643218912745,0.7058181839737036,62.94567632837392,0.998856261943941,0.008,daily,spike,spike,1.5,0,2.553210270482438,spike,daily|R06|A_lag1,,5,linear,0.0,2.65366076393601,0.0,,2.5634782068536413,,2.175999444645759,2.5799753585245315,14.0
AR-LRX [linear],R06,A_lag1,pacf_train,1,1,1473,315,317,2014-01-03,2018-01-14,2018-01-15,2018-11-25,2018-11-26,2019-10-08,"{""colsample_bytree"": 0.8, ""learning_rate"": 0.05, ""max_depth"": 3, ""n_estimators"": 100, ""subsample"": 0.8}",132,none,42,7.041915450053448,2.65366076393601,1.9937033643500504,0.0834609195354361,0.7549703221096851,67.28898489770721,1.5434353427329148,6.571420517013559,2.5634782068536413,1.9240618291221487,0.0747643218912745,0.7058181839737036,62.94567632837392,0.998856261943941,4.821,daily,spike,spike,1.5,0,2.553210270482438,spike,daily|R06|A_lag1,-0.0499225170046135,5,linear,0.0,2.65366076393601,0.0,-0.088748669641681,2.5634782068536413,5.0,2.175999444645759,2.5799753585245315,14.0
"LR-XGB (residual, tanpa gerbang)",R06,A_lag1,pacf_train,1,1,1473,315,317,2014-01-03,2018-01-14,2018-01-15,2018-11-25,2018-11-26,2019-10-08,"{""colsample_bytree"": 0.8, ""learning_rate"": 0.05, ""max_depth"": 3, ""n_estimators"": 100, ""subsample"": 0.8}",12,none,42,7.249337473341095,2.692459372644478,2.030670751854809,0.0564639480664423,0.7660085823545978,68.09037805075556,1.5439286439593085,6.566955614110401,2.562607190755228,1.92971768491046,0.0753929664065049,0.7055783617668479,63.14452004448911,1.01346228102519,5.028,daily,spike,spike,1.5,0,2.552848731953492,spike,daily|R06|A_lag1,,5,,,,,,,5.0,2.169053079939373,2.579340266650358,14.0
XGBoost,R06,A_lag1,pacf_train,1,1,1473,315,317,2014-01-03,2018-01-14,2018-01-15,2018-11-25,2018-11-26,2019-10-08,"{""colsample_bytree"": 0.8, ""learning_rate"": 0.05, ""max_depth"": 3, ""n_estimators"": 100, ""subsample"": 0.8}",12,none,42,7.228240714349805,2.688538769359632,2.0255604949224564,0.0592097924640079,0.7648931650544474,67.98405114229779,1.5384278643908864,6.582449937396511,2.5656285657508007,1.928182922417433,0.0732114136242192,0.7064102554832747,63.1139051472192,1.0135656614792172,4.692,daily,spike,spike,1.5,0,2.5562745999794134,spike,daily|R06|A_lag1,,5,,,,,,,,2.1462130445611898,2.5833622296463314,14.0
Naive,R06,A_lag1,pacf_train,1,1,1473,315,317,2014-01-03,2018-01-14,2018-01-15,2018-11-25,2018-11-26,2019-10-08,{},0,none,42,9.688604444444444,3.112652316665715,2.3900952380952383,-0.2610183509699195,0.8855540821438769,82.50612949788051,1.508581024997902,12.137232839116718,3.4838531598097986,2.672548895899053,-0.2745574485601738,0.8355000046600153,78.6234195890362,1.4316235662812349,0.0,daily,level,level,1.3,0,3.3683568362074165,level,daily|R06|A_lag1,,5,,,,,,,,3.878421848862736,3.035444621572416,159.0
S1 [linear],R06,A_lag1,pacf_train,1,1,1473,315,317,2014-01-03,2018-01-14,2018-01-15,2018-11-25,2018-11-26,2019-10-08,{},0,none,42,7.041915450053448,2.65366076393601,1.9937033643500504,0.0834609195354361,0.7549703221096851,67.28898489770721,1.5434353427329148,9.126722947976331,3.0210466643162484,2.2392235901951376,0.0415827999279899,0.7245094400741482,64.97508977746111,0.9418253024337976,0.004,daily,level,level,1.3,0,2.537272942324184,level,daily|R06|A_lag1,,5,linear,0.0,2.65366076393601,0.0,,3.0210466643162484,,3.32365151088737,2.682281684278009,159.0
AR-LRX [linear],R06,A_lag1,pacf_train,1,1,1473,315,317,2014-01-03,2018-01-14,2018-01-15,2018-11-25,2018-11-26,2019-10-08,"{""colsample_bytree"": 0.8, ""learning_rate"": 0.05, ""max_depth"": 3, ""n_estimators"": 100, ""subsample"": 0.8}",132,none,42,7.041915450053448,2.65366076393601,1.9937033643500504,0.0834609195354361,0.7549703221096851,67.28898489770721,1.5434353427329148,9.126722947976331,3.0210466643162484,2.2392235901951376,0.0415827999279899,0.7245094400741482,64.97508977746111,0.9418253024337976,5.108,daily,level,level,1.3,0,2.537272942324184,level,daily|R06|A_lag1,-0.0824051662723568,5,linear,0.0,2.65366076393601,0.0,-0.088748669641681,3.0210466643162484,5.0,3.32365151088737,2.682281684278009,159.0
"LR-XGB (residual, tanpa gerbang)",R06,A_lag1,pacf_train,1,1,1473,315,317,2014-01-03,2018-01-14,2018-01-15,2018-11-25,2018-11-26,2019-10-08,"{""colsample_bytree"": 0.8, ""learning_rate"": 0.05, ""max_depth"": 3, ""n_estimators"": 100, ""subsample"": 0.8}",12,none,42,7.249337473341095,2.692459372644478,2.030670751854809,0.0564639480664423,0.7660085823545978,68.09037805075556,1.5439286439593085,8.966574640973647,2.994423924726365,2.254841572996821,0.0584003249990032,0.7181247567849639,64.78975990145622,1.0051582873664504,4.775,daily,level,level,1.3,0,2.579544036519003,level,daily|R06|A_lag1,,5,,,,,,,5.0,3.310754718978375,2.6380729547688264,159.0
XGBoost,R06,A_lag1,pacf_train,1,1,1473,315,317,2014-01-03,2018-01-14,2018-01-15,2018-11-25,2018-11-26,2019-10-08,"{""colsample_bytree"": 0.8, ""learning_rate"": 0.05, ""max_depth"": 3, ""n_estimators"": 100, ""subsample"": 0.8}",12,none,42,7.228240714349805,2.688538769359632,2.0255604949224564,0.0592097924640079,0.7648931650544474,67.98405114229779,1.5384278643908864,9.034203755170752,3.005695219940098,2.2620403452671662,0.0512984433442619,0.720827846373307,64.83946305138718,1.0158917625527608,4.904,daily,level,level,1.3,0,2.6014379796329368,level,daily|R06|A_lag1,,5,,,,,,,,3.327874402429358,2.642109883173233,159.0
Naive,R06,B_rich,pacf_train,1,1,1473,315,317,2014-01-03,2018-01-14,2018-01-15,2018-11-25,2018-11-26,2019-10-08,{},0,none,42,9.688604444444444,3.112652316665715,2.3900952380952383,-0.2610183509699195,0.8855540821438769,82.50612949788051,1.508581024997902,9.05630599369085,3.0093697004008746,2.3206940063091483,-0.2716879959630176,0.8359580036515833,78.61483989833405,1.431620528497761,0.0,daily,clean,clean,0.0,0,3.0093697004008746,clean,daily|R06|B_rich,,5,,,,,,,,,,
S1 [linear],R06,B_rich,pacf_train,1,1,1473,315,317,2014-01-03,2018-01-14,2018-01-15,2018-11-25,2018-11-26,2019-10-08,{},0,none,42,7.041915450053448,2.65366076393601,1.9937033643500504,0.0834609195354361,0.7549703221096851,67.28898489770721,1.5434353427329148,6.482149897726687,2.5460066570468127,1.8974653696979376,0.0897754317583048,0.7072426634803226,62.52055378314043,0.9984928028599572,0.005,daily,clean,clean,0.0,0,2.5460066570468127,clean,daily|R06|B_rich,,5,linear,0.0,2.65366076393601,0.0,,2.5460066570468127,,,,
AR-LRX [linear],R06,B_rich,pacf_train,1,1,1473,315,317,2014-01-03,2018-01-14,2018-01-15,2018-11-25,2018-11-26,2019-10-08,"{""colsample_bytree"": 0.8, ""learning_rate"": 0.05, ""max_depth"": 3, ""n_estimators"": 100, ""subsample"": 0.8}",132,none,42,7.041915450053448,2.65366076393601,1.9937033643500504,0.0834609195354361,0.7549703221096851,67.28898489770721,1.5434353427329148,6.482149897726687,2.5460066570468127,1.8974653696979376,0.0897754317583048,0.7072426634803226,62.52055378314043,0.9984928028599572,4.668,daily,clean,clean,0.0,0,2.5460066570468127,clean,daily|R06|B_rich,-0.0459051027548118,5,linear,0.0,2.65366076393601,0.0,-0.088748669641681,2.5460066570468127,5.0,,,
"LR-XGB (residual, tanpa gerbang)",R06,B_rich,pacf_train,1,1,1473,315,317,2014-01-03,2018-01-14,2018-01-15,2018-11-25,2018-11-26,2019-10-08,"{""colsample_bytree"": 0.8, ""learning_rate"": 0.05, ""max_depth"": 3, ""n_estimators"": 100, ""subsample"": 0.8}",12,none,42,7.249337473341095,2.692459372644478,2.030670751854809,0.0564639480664423,0.7660085823545978,68.09037805075556,1.5439286439593085,6.472888186389073,2.544187136668424,1.90116264919962,0.0910759628068716,0.7067372278660413,62.67970071782091,1.0121392083526768,5.0,daily,clean,clean,0.0,0,2.544187136668424,clean,daily|R06|B_rich,,5,,,,,,,5.0,,,
XGBoost,R06,B_rich,pacf_train,1,1,1473,315,317,2014-01-03,2018-01-14,2018-01-15,2018-11-25,2018-11-26,2019-10-08,"{""colsample_bytree"": 0.8, ""learning_rate"": 0.05, ""max_depth"": 3, ""n_estimators"": 100, ""subsample"": 0.8}",12,none,42,7.228240714349805,2.688538769359632,2.0255604949224564,0.0592097924640079,0.7648931650544474,67.98405114229779,1.5384278643908864,6.4934038579783815,2.5482158185637225,1.9005164637700989,0.0881951487854133,0.7078563355895267,62.66185108888153,1.0122770332847484,4.788,daily,clean,clean,0.0,0,2.5482158185637225,clean,daily|R06|B_rich,,5,,,,,,,,,,
Naive,R06,B_rich,pacf_train,1,1,1473,315,317,2014-01-03,2018-01-14,2018-01-15,2018-11-25,2018-11-26,2019-10-08,{},0,none,42,9.739640891165193,3.1208397733887576,2.399785335681946,-0.2662594065446313,0.8882322403543863,82.08148815996941,3.5772442416607126,8.967632396140854,2.994600540329353,2.3135258028698127,-0.2607230754149687,0.8254157985658632,77.22585586975678,31.199161036176456,0.0,daily,noise_a0.10_r1,noise,0.1,1,3.0059277010022103,noise_a0.10_r1,daily|R06|B_rich,,5,,,,,,,,,,
S1 [linear],R06,B_rich,pacf_train,1,1,1473,315,317,2014-01-03,2018-01-14,2018-01-15,2018-11-25,2018-11-26,2019-10-08,{},0,none,42,7.0713247598196105,2.659196261997149,1.990888688637048,0.0806507556170977,0.7568423965486,66.73195450486334,3.689347015327355,6.472646889259478,2.5441397149644667,1.894505651097552,0.0900368199956522,0.7012531675625635,61.12529952512262,37.70371700247035,0.006,daily,noise_a0.10_r1,noise,0.1,1,2.543555750314511,noise_a0.10_r1,daily|R06|B_rich,,5,linear,0.0,2.659196261997149,0.0,,2.5441397149644667,,,,
AR-LRX [linear],R06,B_rich,pacf_train,1,1,1473,315,317,2014-01-03,2018-01-14,2018-01-15,2018-11-25,2018-11-26,2019-10-08,"{""colsample_bytree"": 0.8, ""learning_rate"": 0.05, ""max_depth"": 3, ""n_estimators"": 100, ""subsample"": 0.8}",132,none,42,7.0713247598196105,2.659196261997149,1.990888688637048,0.0806507556170977,0.7568423965486,66.73195450486334,3.689347015327355,6.472646889259478,2.5441397149644667,1.894505651097552,0.0900368199956522,0.7012531675625635,61.12529952512262,37.70371700247035,4.923,daily,noise_a0.10_r1,noise,0.1,1,2.543555750314511,noise_a0.10_r1,daily|R06|B_rich,-0.1073402682583326,5,linear,0.0,2.659196261997149,0.0,-0.0849242860179022,2.5441397149644667,5.0,,,
"LR-XGB (residual, tanpa gerbang)",R06,B_rich,pacf_train,1,1,1473,315,317,2014-01-03,2018-01-14,2018-01-15,2018-11-25,2018-11-26,2019-10-08,"{""colsample_bytree"": 0.8, ""learning_rate"": 0.05, ""max_depth"": 3, ""n_estimators"": 100, ""subsample"": 0.8}",12,none,42,7.257079765867974,2.6938967622884094,2.0325035547576324,0.0565005814628475,0.7667186174869329,67.47286257914224,3.766817481473841,6.819757576752272,2.611466556698032,1.934366454155538,0.0412379359520064,0.7198107808689165,61.93691118010277,35.20133927182656,4.925,daily,noise_a0.10_r1,noise,0.1,1,2.614200762686789,noise_a0.10_r1,daily|R06|B_rich,,5,,,,,,,5.0,,,
XGBoost,R06,B_rich,pacf_train,1,1,1473,315,317,2014-01-03,2018-01-14,2018-01-15,2018-11-25,2018-11-26,2019-10-08,"{""colsample_bytree"": 0.8, ""learning_rate"": 0.05, ""max_depth"": 3, ""n_estimators"": 100, ""subsample"": 0.8}",12,none,42,7.244932512967249,2.6916412303587656,2.027359079292837,0.0580798566559579,0.7660766632936605,67.3922606852686,3.743378828630344,6.875834789432613,2.62218130369214,1.945760039778349,0.0333542680106796,0.7227641368599632,62.26043778333762,34.69630314029836,4.776,daily,noise_a0.10_r1,noise,0.1,1,2.625337243093535,noise_a0.10_r1,daily|R06|B_rich,,5,,,,,,,,,,
Naive,R06,B_rich,pacf_train,1,1,1473,315,317,2014-01-03,2018-01-14,2018-01-15,2018-11-25,2018-11-26,2019-10-08,{},0,none,42,9.623047912768907,3.1021037882006635,2.378870326886492,-0.2404343846346999,0.8777539238476398,80.86654488870481,25.136502994772187,8.860012048369594,2.976577237091219,2.308615862395241,-0.2688048779014365,0.8277612986798598,77.40728533618777,6.218123705607842,0.0,daily,noise_a0.10_r2,noise,0.1,2,2.996668704620701,noise_a0.10_r2,daily|R06|B_rich,,5,,,,,,,,,,
S1 [linear],R06,B_rich,pacf_train,1,1,1473,315,317,2014-01-03,2018-01-14,2018-01-15,2018-11-25,2018-11-26,2019-10-08,{},0,none,42,7.054190914188696,2.65597268701858,1.987032719159795,0.0906975580858796,0.7515191646811257,66.11585686586051,22.672817570061525,6.334714340116646,2.5168858416933904,1.8788773819160465,0.0928323335258632,0.6999249564190719,61.497299848990814,7.797152196090379,0.005,daily,noise_a0.10_r2,noise,0.1,2,2.5438280942848763,noise_a0.10_r2,daily|R06|B_rich,,5,linear,0.0,2.65597268701858,0.0,,2.5168858416933904,,,,
AR-LRX [linear],R06,B_rich,pacf_train,1,1,1473,315,317,2014-01-03,2018-01-14,2018-01-15,2018-11-25,2018-11-26,2019-10-08,"{""colsample_bytree"": 0.8, ""learning_rate"": 0.1, ""max_depth"": 3, ""n_estimators"": 100, ""subsample"": 0.8}",132,none,42,7.052289757344226,2.6556147607181706,1.986151324121685,0.0909426218475736,0.7514178878586584,66.03824594679703,23.1551283535138,6.373142498809648,2.5245083677440343,1.885197595966675,0.0873291993391075,0.7020447173257528,61.633965814413095,7.788958636458688,4.698,daily,noise_a0.10_r2,noise,0.1,2,2.551203369133875,noise_a0.10_r2,daily|R06|B_rich,-0.1471595674252932,5,linear,0.1,2.65597268701858,0.0135,-0.0776792589243406,2.5168858416933904,5.0,,,
"LR-XGB (residual, tanpa gerbang)",R06,B_rich,pacf_train,1,1,1473,315,317,2014-01-03,2018-01-14,2018-01-15,2018-11-25,2018-11-26,2019-10-08,"{""colsample_bytree"": 0.8, ""learning_rate"": 0.05, ""max_depth"": 3, ""n_estimators"": 100, ""subsample"": 0.8}",12,none,42,7.144527882686011,2.672924967649861,1.998697195612665,0.0790529021573727,0.7563158871179673,66.16339283630128,25.471852117900784,6.6710609258348255,2.582839701923994,1.933027992478838,0.0446655605807574,0.7182661747543921,62.67602521183502,7.616679796166522,4.934,daily,noise_a0.10_r2,noise,0.1,2,2.6079551222937254,noise_a0.10_r2,daily|R06|B_rich,,5,,,,,,,5.0,,,
XGBoost,R06,B_rich,pacf_train,1,1,1473,315,317,2014-01-03,2018-01-14,2018-01-15,2018-11-25,2018-11-26,2019-10-08,"{""colsample_bytree"": 0.8, ""learning_rate"": 0.1, ""max_depth"": 3, ""n_estimators"": 100, ""subsample"": 0.8}",12,none,42,7.201683481491624,2.683595252919416,2.003743747516161,0.0716854058427389,0.759335091310796,66.31566348856923,27.41070280413541,6.922430448386272,2.6310512059605133,1.970591790823185,0.0086679936894435,0.7316733918409466,63.705802322099125,7.383837820663573,5.145,daily,noise_a0.10_r2,noise,0.1,2,2.655286701126853,noise_a0.10_r2,daily|R06|B_rich,,5,,,,,,,,,,
Naive,R06,B_rich,pacf_train,1,1,1473,315,317,2014-01-03,2018-01-14,2018-01-15,2018-11-25,2018-11-26,2019-10-08,{},0,none,42,10.154103160333666,3.186550354275555,2.5075707592582974,-0.2385737961612222,0.9074075669508396,89.2804747257929,93.67897146482946,9.343125178786057,3.056652610092625,2.38134589058821,-0.3191815742976229,0.8386908329393623,79.23096242904518,11.379745829314146,0.0,daily,noise_a0.25_r1,noise,0.25,1,3.057151708155596,noise_a0.25_r1,daily|R06|B_rich,,5,,,,,,,,,,
S1 [linear],R06,B_rich,pacf_train,1,1,1473,315,317,2014-01-03,2018-01-14,2018-01-15,2018-11-25,2018-11-26,2019-10-08,{},0,none,42,7.409623675911591,2.7220623938314845,2.065015765154586,0.0961914036632339,0.7751391753658797,70.57675853534032,58.77796545651884,6.569141035542394,2.56303356114242,1.9077150270335457,0.0724848862427547,0.7032505902530212,61.26906732157794,13.107468173344436,0.007,daily,noise_a0.25_r1,noise,0.25,1,2.558981494354005,noise_a0.25_r1,daily|R06|B_rich,,5,linear,0.0,2.7220623938314845,0.0,,2.56303356114242,,,,
AR-LRX [linear],R06,B_rich,pacf_train,1,1,1473,315,317,2014-01-03,2018-01-14,2018-01-15,2018-11-25,2018-11-26,2019-10-08,"{""colsample_bytree"": 0.8, ""learning_rate"": 0.05, ""max_depth"": 3, ""n_estimators"": 100, ""subsample"": 0.8}",132,none,42,7.389153710246949,2.718299782997996,2.0620607828439512,0.0986882822826662,0.7740677278247423,70.60041462143586,56.389940295557984,6.543728235121466,2.558071194302744,1.8958946920125173,0.0760729895192374,0.7018890055036201,60.9508674323652,13.023720007259628,4.862,daily,noise_a0.25_r1,noise,0.25,1,2.552218174185596,noise_a0.25_r1,daily|R06|B_rich,-0.0530187379838895,5,linear,0.3,2.7220623938314845,0.1382,-0.056838868885896,2.56303356114242,5.0,,,
"LR-XGB (residual, tanpa gerbang)",R06,B_rich,pacf_train,1,1,1473,315,317,2014-01-03,2018-01-14,2018-01-15,2018-11-25,2018-11-26,2019-10-08,"{""colsample_bytree"": 0.8, ""learning_rate"": 0.05, ""max_depth"": 3, ""n_estimators"": 100, ""subsample"": 0.8}",12,none,42,7.463524104117826,2.731945113672276,2.077054208774352,0.0896167552748954,0.7779533956883539,71.17556667025747,50.82437572831447,6.600364569748768,2.569117469044335,1.913244090691432,0.0680763494607555,0.7049199058202974,61.31014502024343,12.829509682469167,4.998,daily,noise_a0.25_r1,noise,0.25,1,2.559119033224693,noise_a0.25_r1,daily|R06|B_rich,,5,,,,,,,5.0,,,
XGBoost,R06,B_rich,pacf_train,1,1,1473,315,317,2014-01-03,2018-01-14,2018-01-15,2018-11-25,2018-11-26,2019-10-08,"{""colsample_bytree"": 0.8, ""learning_rate"": 0.05, ""max_depth"": 3, ""n_estimators"": 100, ""subsample"": 0.8}",12,none,42,7.481434543778339,2.735221114238909,2.0845935132893643,0.0874320816615825,0.7788862752518322,71.24236786026495,51.86431833350275,6.587713203670741,2.5666540872643395,1.90685059729608,0.0698626306782782,0.7042439978973328,61.1975281329139,13.080232804703652,5.016,daily,noise_a0.25_r1,noise,0.25,1,2.55632036753116,noise_a0.25_r1,daily|R06|B_rich,,5,,,,,,,,,,
Naive,R06,B_rich,pacf_train,1,1,1473,315,317,2014-01-03,2018-01-14,2018-01-15,2018-11-25,2018-11-26,2019-10-08,{},0,none,42,9.575531425546496,3.094435558473709,2.388267894872956,-0.2922092860115894,0.8751525817316353,79.53442026977162,6.102299144700052,8.882607157483378,2.980370305429072,2.268150613857016,-0.2333556887583332,0.8361655643209005,79.01395210502523,8.89167398578875,0.0,daily,noise_a0.25_r2,noise,0.25,2,2.981938895729832,noise_a0.25_r2,daily|R06|B_rich,,5,,,,,,,,,,
S1 [linear],R06,B_rich,pacf_train,1,1,1473,315,317,2014-01-03,2018-01-14,2018-01-15,2018-11-25,2018-11-26,2019-10-08,{},0,none,42,6.90674911972154,2.628069466304409,1.973304799286581,0.0679404670068033,0.7432572871353674,64.69049312391064,5.004979616903953,6.44442651913238,2.5385875047223365,1.89598521170002,0.1051872533323999,0.7122200384285958,63.29053299424088,12.049687932315086,0.005,daily,noise_a0.25_r2,noise,0.25,2,2.535948723108268,noise_a0.25_r2,daily|R06|B_rich,,5,linear,0.0,2.628069466304409,0.0,,2.5385875047223365,,,,
AR-LRX [linear],R06,B_rich,pacf_train,1,1,1473,315,317,2014-01-03,2018-01-14,2018-01-15,2018-11-25,2018-11-26,2019-10-08,"{""colsample_bytree"": 0.8, ""learning_rate"": 0.1, ""max_depth"": 3, ""n_estimators"": 100, ""subsample"": 0.8}",132,none,42,6.861824774235417,2.6195084985995782,1.9785646356229187,0.0740029667078941,0.7408361176369471,64.89227607626582,4.940786856661927,6.498040454223384,2.549125429284205,1.903596560414224,0.0977429241316538,0.7151765333386394,63.21000110239009,11.707353841858916,4.777,daily,noise_a0.25_r2,noise,0.25,2,2.5523620174567774,noise_a0.25_r2,daily|R06|B_rich,-0.0975887420403696,5,linear,0.4,2.628069466304409,0.3258,-0.0680511055681543,2.5385875047223365,5.0,,,
"LR-XGB (residual, tanpa gerbang)",R06,B_rich,pacf_train,1,1,1473,315,317,2014-01-03,2018-01-14,2018-01-15,2018-11-25,2018-11-26,2019-10-08,"{""colsample_bytree"": 0.8, ""learning_rate"": 0.05, ""max_depth"": 3, ""n_estimators"": 100, ""subsample"": 0.8}",12,none,42,6.92993711896862,2.6324773729262363,2.0008994382981538,0.0648112675274755,0.744503908946431,65.49668398277284,5.026360173551056,6.623343285683528,2.573585686485594,1.92484773687426,0.0803445457885683,0.7220390445940282,63.61168920405287,11.416598815772897,5.177,daily,noise_a0.25_r2,noise,0.25,2,2.5832316618144806,noise_a0.25_r2,daily|R06|B_rich,,5,,,,,,,5.0,,,
XGBoost,R06,B_rich,pacf_train,1,1,1473,315,317,2014-01-03,2018-01-14,2018-01-15,2018-11-25,2018-11-26,2019-10-08,"{""colsample_bytree"": 0.8, ""learning_rate"": 0.05, ""max_depth"": 3, ""n_estimators"": 100, ""subsample"": 0.8}",12,none,42,6.913000732226898,2.6292585898360965,1.990152277153524,0.0670968175660613,0.7435935890259996,65.20910607205698,4.960241378850667,6.64348853628961,2.5774965637784293,1.9319187995856724,0.0775473648487875,0.7231362709731115,63.90254441801812,11.206465042694749,4.836,daily,noise_a0.25_r2,noise,0.25,2,2.588037243170928,noise_a0.25_r2,daily|R06|B_rich,,5,,,,,,,,,,
Naive,R06,B_rich,pacf_train,1,1,1473,315,317,2014-01-03,2018-01-14,2018-01-15,2018-11-25,2018-11-26,2019-10-08,{},0,none,42,10.544789688985595,3.247274193687006,2.4785162876952787,-0.2323726186558086,0.9049868203118968,90.413347264059,8.205557941697109,10.618102053017132,3.258542934045389,2.5279685030172763,-0.269279546825772,0.8792416884088643,84.75350295948331,57.21449564015733,0.0,daily,noise_a0.50_r1,noise,0.5,1,3.1191505075716988,noise_a0.50_r1,daily|R06|B_rich,,5,,,,,,,,,,
S1 [linear],R06,B_rich,pacf_train,1,1,1473,315,317,2014-01-03,2018-01-14,2018-01-15,2018-11-25,2018-11-26,2019-10-08,{},0,none,42,7.9138313987561535,2.813153283906896,2.105026489081778,0.0751082371350835,0.7840011325197813,70.84028253100394,7.204845890432645,7.6599214495740835,2.767656309871961,2.0730799215503097,0.0843390299235508,0.7467874004060535,67.35782302656725,58.82232643747812,0.005,daily,noise_a0.50_r1,noise,0.5,1,2.5298348272538056,noise_a0.50_r1,daily|R06|B_rich,,5,linear,0.0,2.813153283906896,0.0,,2.767656309871961,,,,
AR-LRX [linear],R06,B_rich,pacf_train,1,1,1473,315,317,2014-01-03,2018-01-14,2018-01-15,2018-11-25,2018-11-26,2019-10-08,"{""colsample_bytree"": 0.8, ""learning_rate"": 0.05, ""max_depth"": 3, ""n_estimators"": 100, ""subsample"": 0.8}",132,none,42,7.9138313987561535,2.813153283906896,2.105026489081778,0.0751082371350835,0.7840011325197813,70.84028253100394,7.204845890432645,7.6599214495740835,2.767656309871961,2.0730799215503097,0.0843390299235508,0.7467874004060535,67.35782302656725,58.82232643747812,4.814,daily,noise_a0.50_r1,noise,0.5,1,2.5298348272538056,noise_a0.50_r1,daily|R06|B_rich,-0.0739643006688126,5,linear,0.0,2.813153283906896,0.0,-0.105093528330072,2.767656309871961,5.0,,,
"LR-XGB (residual, tanpa gerbang)",R06,B_rich,pacf_train,1,1,1473,315,317,2014-01-03,2018-01-14,2018-01-15,2018-11-25,2018-11-26,2019-10-08,"{""colsample_bytree"": 0.8, ""learning_rate"": 0.05, ""max_depth"": 3, ""n_estimators"": 100, ""subsample"": 0.8}",12,none,42,8.231842205257541,2.869118715783218,2.1173829208299644,0.0379422222663068,0.7995982072415893,70.92672699589684,9.239130465669442,7.832094519005794,2.798587950914853,2.0863019909696328,0.0637575969656911,0.7551335811519506,67.84192216681441,70.7588036821111,5.014,daily,noise_a0.50_r1,noise,0.5,1,2.555379995458772,noise_a0.50_r1,daily|R06|B_rich,,5,,,,,,,5.0,,,
XGBoost,R06,B_rich,pacf_train,1,1,1473,315,317,2014-01-03,2018-01-14,2018-01-15,2018-11-25,2018-11-26,2019-10-08,"{""colsample_bytree"": 0.8, ""learning_rate"": 0.05, ""max_depth"": 3, ""n_estimators"": 100, ""subsample"": 0.8}",12,none,42,8.276426874127525,2.876877973450999,2.118557214584287,0.0327315991294038,0.8017606442598112,70.90629711996732,9.346745939097474,7.865073306367095,2.8044738020468465,2.085886863213644,0.0598153387289736,0.7567217405814146,67.8151215350393,74.76938277954268,5.05,daily,noise_a0.50_r1,noise,0.5,1,2.56329129203091,noise_a0.50_r1,daily|R06|B_rich,,5,,,,,,,,,,
Naive,R06,B_rich,pacf_train,1,1,1473,315,317,2014-01-03,2018-01-14,2018-01-15,2018-11-25,2018-11-26,2019-10-08,{},0,none,42,10.551851309022188,3.248361326734172,2.5754034380746296,-0.2228784011044675,0.9213133656911076,98.8554048599643,17.957565663484488,11.073032032607491,3.3276165693492232,2.584354116577388,-0.418023631944977,0.9067474821576113,86.40119979113241,9.94867511214869,0.0,daily,noise_a0.50_r2,noise,0.5,2,3.1508251384116286,noise_a0.50_r2,daily|R06|B_rich,,5,,,,,,,,,,
S1 [linear],R06,B_rich,pacf_train,1,1,1473,315,317,2014-01-03,2018-01-14,2018-01-15,2018-11-25,2018-11-26,2019-10-08,{},0,none,42,7.940128006077065,2.817823274457975,2.1749336666243915,0.0798002401404093,0.7992024235566408,76.45371902577813,10.621911986210945,7.500695189551647,2.73873970825116,2.0969303485714,0.0394534212960615,0.7462834984102371,69.01568277196031,6.514543110667108,0.005,daily,noise_a0.50_r2,noise,0.5,2,2.569649085227418,noise_a0.50_r2,daily|R06|B_rich,,5,linear,0.0,2.817823274457975,0.0,,2.73873970825116,,,,
AR-LRX [linear],R06,B_rich,pacf_train,1,1,1473,315,317,2014-01-03,2018-01-14,2018-01-15,2018-11-25,2018-11-26,2019-10-08,"{""colsample_bytree"": 0.8, ""learning_rate"": 0.05, ""max_depth"": 5, ""n_estimators"": 500, ""subsample"": 0.8}",132,none,42,7.888166543200116,2.808587998122921,2.170391585024994,0.0858221739964787,0.7965830771639504,76.39049924237813,10.513313308449472,7.551168131217519,2.747938887824385,2.1215695168778104,0.0329898055632411,0.7487901973468785,69.92097434498558,5.974551541167134,5.715,daily,noise_a0.50_r2,noise,0.5,2,2.582292272434372,noise_a0.50_r2,daily|R06|B_rich,-0.1424203176544816,5,linear,0.3,2.817823274457975,0.3277,-0.0983207144628468,2.73873970825116,5.0,,,
"LR-XGB (residual, tanpa gerbang)",R06,B_rich,pacf_train,1,1,1473,315,317,2014-01-03,2018-01-14,2018-01-15,2018-11-25,2018-11-26,2019-10-08,"{""colsample_bytree"": 0.8, ""learning_rate"": 0.05, ""max_depth"": 3, ""n_estimators"": 100, ""subsample"": 0.8}",12,none,42,7.961325235559975,2.8215820448039386,2.184080580603783,0.0773436442939777,0.8002685011908618,76.79142781608041,10.6101501156589,7.7161415459097,2.777794367103098,2.1409849593286783,0.0118631439598714,0.7569255639374697,70.51547253996242,5.584118375926732,5.058,daily,noise_a0.50_r2,noise,0.5,2,2.6091954313253973,noise_a0.50_r2,daily|R06|B_rich,,5,,,,,,,5.0,,,
XGBoost,R06,B_rich,pacf_train,1,1,1473,315,317,2014-01-03,2018-01-14,2018-01-15,2018-11-25,2018-11-26,2019-10-08,"{""colsample_bytree"": 0.8, ""learning_rate"": 0.1, ""max_depth"": 3, ""n_estimators"": 100, ""subsample"": 0.8}",12,none,42,8.05121092678418,2.8374655816034453,2.203617784495902,0.0669265840883966,0.8047734540812301,77.36848952832622,10.654037501826458,7.817187340086175,2.7959233430275185,2.155761444247688,-0.0010768821891498,0.7618655571521264,71.12285864616898,5.224800432866491,5.08,daily,noise_a0.50_r2,noise,0.5,2,2.632001859274769,noise_a0.50_r2,daily|R06|B_rich,,5,,,,,,,,,,
Naive,R06,B_rich,pacf_train,1,1,1473,315,317,2014-01-03,2018-01-14,2018-01-15,2018-11-25,2018-11-26,2019-10-08,{},0,none,42,9.688604444444444,3.112652316665715,2.3900952380952383,-0.2610183509699195,0.8855540821438769,82.50612949788051,1.508581024997902,9.274681388012617,3.045436157270846,2.3617034700315456,-0.3058464453862195,0.8385186237143959,78.85063839779814,1.435401492968881,0.0,daily,spike,spike,1.5,0,3.0310753836011,spike,daily|R06|B_rich,,5,,,,,,,,2.908178123843173,3.051628900094897,14.0
S1 [linear],R06,B_rich,pacf_train,1,1,1473,315,317,2014-01-03,2018-01-14,2018-01-15,2018-11-25,2018-11-26,2019-10-08,{},0,none,42,7.041915450053448,2.65366076393601,1.9937033643500504,0.0834609195354361,0.7549703221096851,67.28898489770721,1.5434353427329148,6.571420517013559,2.5634782068536413,1.9240618291221487,0.0747643218912745,0.7058181839737036,62.94567632837392,0.998856261943941,0.007,daily,spike,spike,1.5,0,2.553210270482438,spike,daily|R06|B_rich,,5,linear,0.0,2.65366076393601,0.0,,2.5634782068536413,,2.175999444645759,2.5799753585245315,14.0
AR-LRX [linear],R06,B_rich,pacf_train,1,1,1473,315,317,2014-01-03,2018-01-14,2018-01-15,2018-11-25,2018-11-26,2019-10-08,"{""colsample_bytree"": 0.8, ""learning_rate"": 0.05, ""max_depth"": 3, ""n_estimators"": 100, ""subsample"": 0.8}",132,none,42,7.041915450053448,2.65366076393601,1.9937033643500504,0.0834609195354361,0.7549703221096851,67.28898489770721,1.5434353427329148,6.571420517013559,2.5634782068536413,1.9240618291221487,0.0747643218912745,0.7058181839737036,62.94567632837392,0.998856261943941,4.844,daily,spike,spike,1.5,0,2.553210270482438,spike,daily|R06|B_rich,-0.0499225170046135,5,linear,0.0,2.65366076393601,0.0,-0.088748669641681,2.5634782068536413,5.0,2.175999444645759,2.5799753585245315,14.0
"LR-XGB (residual, tanpa gerbang)",R06,B_rich,pacf_train,1,1,1473,315,317,2014-01-03,2018-01-14,2018-01-15,2018-11-25,2018-11-26,2019-10-08,"{""colsample_bytree"": 0.8, ""learning_rate"": 0.05, ""max_depth"": 3, ""n_estimators"": 100, ""subsample"": 0.8}",12,none,42,7.249337473341095,2.692459372644478,2.030670751854809,0.0564639480664423,0.7660085823545978,68.09037805075556,1.5439286439593085,6.566955614110401,2.562607190755228,1.92971768491046,0.0753929664065049,0.7055783617668479,63.14452004448911,1.01346228102519,5.101,daily,spike,spike,1.5,0,2.552848731953492,spike,daily|R06|B_rich,,5,,,,,,,5.0,2.169053079939373,2.579340266650358,14.0
XGBoost,R06,B_rich,pacf_train,1,1,1473,315,317,2014-01-03,2018-01-14,2018-01-15,2018-11-25,2018-11-26,2019-10-08,"{""colsample_bytree"": 0.8, ""learning_rate"": 0.05, ""max_depth"": 3, ""n_estimators"": 100, ""subsample"": 0.8}",12,none,42,7.228240714349805,2.688538769359632,2.0255604949224564,0.0592097924640079,0.7648931650544474,67.98405114229779,1.5384278643908864,6.582449937396511,2.5656285657508007,1.928182922417433,0.0732114136242192,0.7064102554832747,63.1139051472192,1.0135656614792172,4.979,daily,spike,spike,1.5,0,2.5562745999794134,spike,daily|R06|B_rich,,5,,,,,,,,2.1462130445611898,2.5833622296463314,14.0
Naive,R06,B_rich,pacf_train,1,1,1473,315,317,2014-01-03,2018-01-14,2018-01-15,2018-11-25,2018-11-26,2019-10-08,{},0,none,42,9.688604444444444,3.112652316665715,2.3900952380952383,-0.2610183509699195,0.8855540821438769,82.50612949788051,1.508581024997902,12.137232839116718,3.4838531598097986,2.672548895899053,-0.2745574485601738,0.8355000046600153,78.6234195890362,1.4316235662812349,0.0,daily,level,level,1.3,0,3.3683568362074165,level,daily|R06|B_rich,,5,,,,,,,,3.878421848862736,3.035444621572416,159.0
S1 [linear],R06,B_rich,pacf_train,1,1,1473,315,317,2014-01-03,2018-01-14,2018-01-15,2018-11-25,2018-11-26,2019-10-08,{},0,none,42,7.041915450053448,2.65366076393601,1.9937033643500504,0.0834609195354361,0.7549703221096851,67.28898489770721,1.5434353427329148,9.126722947976331,3.0210466643162484,2.2392235901951376,0.0415827999279899,0.7245094400741482,64.97508977746111,0.9418253024337976,0.008,daily,level,level,1.3,0,2.537272942324184,level,daily|R06|B_rich,,5,linear,0.0,2.65366076393601,0.0,,3.0210466643162484,,3.32365151088737,2.682281684278009,159.0
AR-LRX [linear],R06,B_rich,pacf_train,1,1,1473,315,317,2014-01-03,2018-01-14,2018-01-15,2018-11-25,2018-11-26,2019-10-08,"{""colsample_bytree"": 0.8, ""learning_rate"": 0.05, ""max_depth"": 3, ""n_estimators"": 100, ""subsample"": 0.8}",132,none,42,7.041915450053448,2.65366076393601,1.9937033643500504,0.0834609195354361,0.7549703221096851,67.28898489770721,1.5434353427329148,9.126722947976331,3.0210466643162484,2.2392235901951376,0.0415827999279899,0.7245094400741482,64.97508977746111,0.9418253024337976,4.775,daily,level,level,1.3,0,2.537272942324184,level,daily|R06|B_rich,-0.0824051662723568,5,linear,0.0,2.65366076393601,0.0,-0.088748669641681,3.0210466643162484,5.0,3.32365151088737,2.682281684278009,159.0
"LR-XGB (residual, tanpa gerbang)",R06,B_rich,pacf_train,1,1,1473,315,317,2014-01-03,2018-01-14,2018-01-15,2018-11-25,2018-11-26,2019-10-08,"{""colsample_bytree"": 0.8, ""learning_rate"": 0.05, ""max_depth"": 3, ""n_estimators"": 100, ""subsample"": 0.8}",12,none,42,7.249337473341095,2.692459372644478,2.030670751854809,0.0564639480664423,0.7660085823545978,68.09037805075556,1.5439286439593085,8.966574640973647,2.994423924726365,2.254841572996821,0.0584003249990032,0.7181247567849639,64.78975990145622,1.0051582873664504,4.99,daily,level,level,1.3,0,2.579544036519003,level,daily|R06|B_rich,,5,,,,,,,5.0,3.310754718978375,2.6380729547688264,159.0
XGBoost,R06,B_rich,pacf_train,1,1,1473,315,317,2014-01-03,2018-01-14,2018-01-15,2018-11-25,2018-11-26,2019-10-08,"{""colsample_bytree"": 0.8, ""learning_rate"": 0.05, ""max_depth"": 3, ""n_estimators"": 100, ""subsample"": 0.8}",12,none,42,7.228240714349805,2.688538769359632,2.0255604949224564,0.0592097924640079,0.7648931650544474,67.98405114229779,1.5384278643908864,9.034203755170752,3.005695219940098,2.2620403452671662,0.0512984433442619,0.720827846373307,64.83946305138718,1.0158917625527608,4.713,daily,level,level,1.3,0,2.6014379796329368,level,daily|R06|B_rich,,5,,,,,,,,3.327874402429358,2.642109883173233,159.0
Naive,M01AB,A_lag1,pacf_train,1,2,210,45,45,2014-01-19,2018-01-21,2018-01-28,2018-12-02,2018-12-09,2019-10-13,{},0,none,42,116.87771555555555,10.810999748198848,8.296888888888889,-1.3783796475988883,0.3138819099371895,23.32963922164917,0.3176660823344512,119.25805777777776,10.92053376798853,8.319555555555553,-0.6164832561297386,0.2969670352242758,22.935915307261524,0.6606806987698898,0.0,weekly,clean,clean,0.0,0,10.92053376798853,clean,weekly|M01AB|A_lag1,,5,,,,,,,,,,
S1 [linear],M01AB,A_lag1,pacf_train,1,2,210,45,45,2014-01-19,2018-01-21,2018-01-28,2018-12-02,2018-12-09,2019-10-13,{},0,none,42,58.25809865115139,7.6326993030743315,6.062764552912976,-0.1855115021806272,0.2216045038410411,17.337583988198872,0.2288240041505057,76.0256622599075,8.71926959440454,6.422269794233635,-0.0304897829907042,0.2371070586642601,18.51808775832242,0.5814653539143978,0.008,weekly,clean,clean,0.0,0,8.71926959440454,clean,weekly|M01AB|A_lag1,,5,linear,0.0,7.6326993030743315,0.0,,8.71926959440454,,,,
AR-LRX [linear],M01AB,A_lag1,pacf_train,1,2,210,45,45,2014-01-19,2018-01-21,2018-01-28,2018-12-02,2018-12-09,2019-10-13,"{""colsample_bytree"": 0.8, ""learning_rate"": 0.05, ""max_depth"": 3, ""n_estimators"": 100, ""subsample"": 0.8}",132,none,42,58.25809865115139,7.6326993030743315,6.062764552912976,-0.1855115021806272,0.2216045038410411,17.337583988198872,0.2288240041505057,76.0256622599075,8.71926959440454,6.422269794233635,-0.0304897829907042,0.2371070586642601,18.51808775832242,0.5814653539143978,4.477,weekly,clean,clean,0.0,0,8.71926959440454,clean,weekly|M01AB|A_lag1,-0.0701408892297246,5,linear,0.0,7.6326993030743315,0.0,-0.2503921726089466,8.71926959440454,5.0,,,
"LR-XGB (residual, tanpa gerbang)",M01AB,A_lag1,pacf_train,1,2,210,45,45,2014-01-19,2018-01-21,2018-01-28,2018-12-02,2018-12-09,2019-10-13,"{""colsample_bytree"": 0.8, ""learning_rate"": 0.05, ""max_depth"": 3, ""n_estimators"": 100, ""subsample"": 0.8}",12,none,42,72.58984358223013,8.519967346312434,6.389123291501302,-0.4771524732300138,0.247365062024775,18.442677077623628,0.2388043316126619,79.47007996090798,8.914599259692382,6.545516848596289,-0.0771771401767411,0.2424187469776936,18.843031713262093,0.5796655462488663,4.899,weekly,clean,clean,0.0,0,8.914599259692382,clean,weekly|M01AB|A_lag1,,5,,,,,,,5.0,,,
XGBoost,M01AB,A_lag1,pacf_train,1,2,210,45,45,2014-01-19,2018-01-21,2018-01-28,2018-12-02,2018-12-09,2019-10-13,"{""colsample_bytree"": 0.8, ""learning_rate"": 0.05, ""max_depth"": 3, ""n_estimators"": 100, ""subsample"": 0.8}",12,none,42,65.97469678301235,8.12248094999381,6.179791573418511,-0.3425388692734927,0.2358246132081587,17.68829609227071,0.2308532733939561,78.96787195279003,8.886386889663877,6.5979072367350255,-0.0703699621013642,0.2416515551845072,19.058644348776905,0.5765826234359173,4.611,weekly,clean,clean,0.0,0,8.886386889663877,clean,weekly|M01AB|A_lag1,,5,,,,,,,,,,
Naive,M01AB,A_lag1,pacf_train,1,2,210,45,45,2014-01-19,2018-01-21,2018-01-28,2018-12-02,2018-12-09,2019-10-13,{},0,none,42,120.55454587847794,10.97973341563801,8.45903478328808,-1.371708371395806,0.3175936715647269,23.44220705985428,0.31406143373443,126.59030641691255,11.25123577287902,8.791480803757104,-0.6548572980671961,0.3059853948619329,24.33430205602269,0.6500500051314146,0.0,weekly,noise_a0.10_r1,noise,0.1,1,11.079741206076688,noise_a0.10_r1,weekly|M01AB|A_lag1,,5,,,,,,,,,,
S1 [linear],M01AB,A_lag1,pacf_train,1,2,210,45,45,2014-01-19,2018-01-21,2018-01-28,2018-12-02,2018-12-09,2019-10-13,{},0,none,42,59.02306916576218,7.6826472758914415,6.072655159325418,-0.1611798313024279,0.2222239888094158,17.209390191124076,0.2224919900013775,78.78559068442154,8.876124756019461,6.701809336108343,-0.0299280680880884,0.2413925539504909,19.322089906998468,0.5737330706342961,0.005,weekly,noise_a0.10_r1,noise,0.1,1,8.70939400373378,noise_a0.10_r1,weekly|M01AB|A_lag1,,5,linear,0.0,7.6826472758914415,0.0,,8.876124756019461,,,,
AR-LRX [linear],M01AB,A_lag1,pacf_train,1,2,210,45,45,2014-01-19,2018-01-21,2018-01-28,2018-12-02,2018-12-09,2019-10-13,"{""colsample_bytree"": 0.8, ""learning_rate"": 0.05, ""max_depth"": 3, ""n_estimators"": 100, ""subsample"": 0.8}",132,none,42,59.02306916576218,7.6826472758914415,6.072655159325418,-0.1611798313024279,0.2222239888094158,17.209390191124076,0.2224919900013775,78.78559068442154,8.876124756019461,6.701809336108343,-0.0299280680880884,0.2413925539504909,19.322089906998468,0.5737330706342961,4.346,weekly,noise_a0.10_r1,noise,0.1,1,8.70939400373378,noise_a0.10_r1,weekly|M01AB|A_lag1,-0.0648337106063596,5,linear,0.0,7.6826472758914415,0.0,-0.4757833569596612,8.876124756019461,5.0,,,
"LR-XGB (residual, tanpa gerbang)",M01AB,A_lag1,pacf_train,1,2,210,45,45,2014-01-19,2018-01-21,2018-01-28,2018-12-02,2018-12-09,2019-10-13,"{""colsample_bytree"": 0.8, ""learning_rate"": 0.05, ""max_depth"": 3, ""n_estimators"": 100, ""subsample"": 0.8}",12,none,42,86.79400533204605,9.31633003559052,6.839429246556553,-0.707526394238903,0.2694789891071327,19.313464709629507,0.2562127684317512,82.19080131165047,9.065914256800054,6.7941162440703184,-0.0744428324284718,0.2465540150121268,19.55282955823997,0.5612467817243459,4.833,weekly,noise_a0.10_r1,noise,0.1,1,8.882558531644456,noise_a0.10_r1,weekly|M01AB|A_lag1,,5,,,,,,,5.0,,,
XGBoost,M01AB,A_lag1,pacf_train,1,2,210,45,45,2014-01-19,2018-01-21,2018-01-28,2018-12-02,2018-12-09,2019-10-13,"{""colsample_bytree"": 0.8, ""learning_rate"": 0.05, ""max_depth"": 3, ""n_estimators"": 100, ""subsample"": 0.8}",12,none,42,86.91994587825471,9.323086714079984,6.947967277952438,-0.710004063127825,0.2696744290370307,19.58770849790781,0.255817213959284,81.32651106057044,9.01812126002808,6.868187466072826,-0.0631443604511812,0.2452542503210198,19.80555753148244,0.552430122304413,4.75,weekly,noise_a0.10_r1,noise,0.1,1,8.840676590319223,noise_a0.10_r1,weekly|M01AB|A_lag1,,5,,,,,,,,,,
Naive,M01AB,A_lag1,pacf_train,1,2,210,45,45,2014-01-19,2018-01-21,2018-01-28,2018-12-02,2018-12-09,2019-10-13,{},0,none,42,123.28141104302163,11.103216247692451,8.723829012717324,-1.349163658733747,0.321167335348401,24.486962786316223,0.325186102593728,114.4942865801719,10.700200305609792,8.286093883879888,-0.5843166612640756,0.2908453546300787,22.87408938896725,0.6012861288089372,0.0,weekly,noise_a0.10_r2,noise,0.1,2,10.757536719378656,noise_a0.10_r2,weekly|M01AB|A_lag1,,5,,,,,,,,,,
S1 [linear],M01AB,A_lag1,pacf_train,1,2,210,45,45,2014-01-19,2018-01-21,2018-01-28,2018-12-02,2018-12-09,2019-10-13,{},0,none,42,61.97860450419005,7.872649141438354,6.1946756170154105,-0.1810205941710509,0.2277212017206375,17.692345772962838,0.2365312777273875,73.7931542477689,8.59029418866251,6.316889584558791,-0.0211140420540152,0.2334953634810361,18.16270406549349,0.5381145169720888,0.006,weekly,noise_a0.10_r2,noise,0.1,2,8.671476010432015,noise_a0.10_r2,weekly|M01AB|A_lag1,,5,linear,0.0,7.872649141438354,0.0,,8.59029418866251,,,,
AR-LRX [linear],M01AB,A_lag1,pacf_train,1,2,210,45,45,2014-01-19,2018-01-21,2018-01-28,2018-12-02,2018-12-09,2019-10-13,"{""colsample_bytree"": 0.8, ""learning_rate"": 0.05, ""max_depth"": 3, ""n_estimators"": 100, ""subsample"": 0.8}",132,none,42,61.97860450419005,7.872649141438354,6.1946756170154105,-0.1810205941710509,0.2277212017206375,17.692345772962838,0.2365312777273875,73.7931542477689,8.59029418866251,6.316889584558791,-0.0211140420540152,0.2334953634810361,18.16270406549349,0.5381145169720888,4.494,weekly,noise_a0.10_r2,noise,0.1,2,8.671476010432015,noise_a0.10_r2,weekly|M01AB|A_lag1,-0.083252843693756,5,linear,0.0,7.872649141438354,0.0,-0.1504871689005,8.59029418866251,5.0,,,
"LR-XGB (residual, tanpa gerbang)",M01AB,A_lag1,pacf_train,1,2,210,45,45,2014-01-19,2018-01-21,2018-01-28,2018-12-02,2018-12-09,2019-10-13,"{""colsample_bytree"": 0.8, ""learning_rate"": 0.05, ""max_depth"": 3, ""n_estimators"": 100, ""subsample"": 0.8}",12,none,42,71.10389014899958,8.432312265861576,6.136632003829837,-0.3549056043358882,0.2439098006233314,17.596772932828518,0.2499863610218756,78.20205882373926,8.84319279580284,6.865433299784301,-0.0821223350114297,0.2403694763927935,19.67179309620628,0.4942952951308296,4.649,weekly,noise_a0.10_r2,noise,0.1,2,8.89815343176292,noise_a0.10_r2,weekly|M01AB|A_lag1,,5,,,,,,,5.0,,,
XGBoost,M01AB,A_lag1,pacf_train,1,2,210,45,45,2014-01-19,2018-01-21,2018-01-28,2018-12-02,2018-12-09,2019-10-13,"{""colsample_bytree"": 0.8, ""learning_rate"": 0.05, ""max_depth"": 3, ""n_estimators"": 100, ""subsample"": 0.8}",12,none,42,64.9404472549349,8.05856359749893,5.820961622854297,-0.2374593816092129,0.233098891312888,16.628877362101726,0.241869844624951,77.69760140108535,8.814624291544442,6.868410092099791,-0.0751418967425794,0.2395929473078259,19.76261584447316,0.4912795906356321,4.611,weekly,noise_a0.10_r2,noise,0.1,2,8.882764184866812,noise_a0.10_r2,weekly|M01AB|A_lag1,,5,,,,,,,,,,
Naive,M01AB,A_lag1,pacf_train,1,2,210,45,45,2014-01-19,2018-01-21,2018-01-28,2018-12-02,2018-12-09,2019-10-13,{},0,none,42,111.92504889027424,10.579463544541106,8.096294681826016,-1.3349101141723292,0.3075751444462628,22.315088931374163,0.3124927633584336,111.28392462837476,10.54911961390024,8.137336347880362,-0.4820752176269893,0.2819605883027395,22.086304607322628,0.4272870041370157,0.0,weekly,noise_a0.25_r1,noise,0.25,1,11.155582970952745,noise_a0.25_r1,weekly|M01AB|A_lag1,,5,,,,,,,,,,
S1 [linear],M01AB,A_lag1,pacf_train,1,2,210,45,45,2014-01-19,2018-01-21,2018-01-28,2018-12-02,2018-12-09,2019-10-13,{},0,none,42,57.81105241011741,7.603357969352581,5.7437053600954044,-0.2060178871635873,0.2210512769248077,16.17080132291064,0.2131847911121324,75.76969857142537,8.704579172563449,6.859155040956032,-0.0090980604322048,0.2326590610641808,19.24211547483304,0.3660823018424931,0.005,weekly,noise_a0.25_r1,noise,0.25,1,8.723003081555257,noise_a0.25_r1,weekly|M01AB|A_lag1,,5,linear,0.0,7.603357969352581,0.0,,8.704579172563449,,,,
AR-LRX [linear],M01AB,A_lag1,pacf_train,1,2,210,45,45,2014-01-19,2018-01-21,2018-01-28,2018-12-02,2018-12-09,2019-10-13,"{""colsample_bytree"": 0.8, ""learning_rate"": 0.1, ""max_depth"": 3, ""n_estimators"": 300, ""subsample"": 0.8}",132,none,42,55.49091599068716,7.449222509140612,5.498842039153509,-0.1576166575398401,0.2165701199890716,15.532043479830932,0.1940938620809894,71.61797815922975,8.462740582059086,6.586372189420857,0.0461943994085073,0.2261951139530811,18.464791384734813,0.3548111966967012,4.698,weekly,noise_a0.25_r1,noise,0.25,1,8.445655161102376,noise_a0.25_r1,weekly|M01AB|A_lag1,-0.287529964246189,5,linear,0.3,7.603357969352581,2.0272,-0.3118167336970019,8.704579172563449,5.0,,,
"LR-XGB (residual, tanpa gerbang)",M01AB,A_lag1,pacf_train,1,2,210,45,45,2014-01-19,2018-01-21,2018-01-28,2018-12-02,2018-12-09,2019-10-13,"{""colsample_bytree"": 0.8, ""learning_rate"": 0.05, ""max_depth"": 3, ""n_estimators"": 100, ""subsample"": 0.8}",12,none,42,64.94153970968753,8.058631379439534,6.1470172784567465,-0.3547696373733686,0.234287371957461,17.47377281692397,0.2087365695705863,74.51883158685803,8.632429066424931,6.706411305610086,0.0075609400889032,0.2307306075896259,18.730702995839764,0.3601696143819699,4.724,weekly,noise_a0.25_r1,noise,0.25,1,8.608855443215424,noise_a0.25_r1,weekly|M01AB|A_lag1,,5,,,,,,,5.0,,,
XGBoost,M01AB,A_lag1,pacf_train,1,2,210,45,45,2014-01-19,2018-01-21,2018-01-28,2018-12-02,2018-12-09,2019-10-13,"{""colsample_bytree"": 0.8, ""learning_rate"": 0.05, ""max_depth"": 3, ""n_estimators"": 100, ""subsample"": 0.8}",12,none,42,62.489119154106,7.90500595534918,6.01228157463386,-0.3036087791364861,0.2298210432247919,17.00102622107807,0.2055746077443496,73.51151197041074,8.573885465202503,6.792394291319481,0.0209763857137011,0.2291658335756612,19.057663857685885,0.3572996797007879,4.74,weekly,noise_a0.25_r1,noise,0.25,1,8.474100864194112,noise_a0.25_r1,weekly|M01AB|A_lag1,,5,,,,,,,,,,
Naive,M01AB,A_lag1,pacf_train,1,2,210,45,45,2014-01-19,2018-01-21,2018-01-28,2018-12-02,2018-12-09,2019-10-13,{},0,none,42,129.2149487576819,11.36727534450019,8.495824461375765,-1.2914760698333674,0.32473258087896,24.01289680797466,0.3534854111051062,129.6521427814264,11.386489484535012,8.892131345305135,-0.7041053580787444,0.3076587831687831,24.63452805895981,0.7908280885104171,0.0,weekly,noise_a0.25_r2,noise,0.25,2,11.109606421842631,noise_a0.25_r2,weekly|M01AB|A_lag1,,5,,,,,,,,,,
S1 [linear],M01AB,A_lag1,pacf_train,1,2,210,45,45,2014-01-19,2018-01-21,2018-01-28,2018-12-02,2018-12-09,2019-10-13,{},0,none,42,62.11844357954537,7.881525460185063,6.005175989581845,-0.1015979832547047,0.2251540519943007,17.276387608571163,0.2703139720650052,79.6982974004049,8.927390290583519,6.523134069419954,-0.0475283533010735,0.2412148219522899,18.839543269355385,0.6971324496333785,0.006,weekly,noise_a0.25_r2,noise,0.25,2,8.71834689490323,noise_a0.25_r2,weekly|M01AB|A_lag1,,5,linear,0.0,7.881525460185063,0.0,,8.927390290583519,,,,
AR-LRX [linear],M01AB,A_lag1,pacf_train,1,2,210,45,45,2014-01-19,2018-01-21,2018-01-28,2018-12-02,2018-12-09,2019-10-13,"{""colsample_bytree"": 0.8, ""learning_rate"": 0.05, ""max_depth"": 3, ""n_estimators"": 100, ""subsample"": 0.8}",132,none,42,62.11844357954537,7.881525460185063,6.005175989581845,-0.1015979832547047,0.2251540519943007,17.276387608571163,0.2703139720650052,79.6982974004049,8.927390290583519,6.523134069419954,-0.0475283533010735,0.2412148219522899,18.839543269355385,0.6971324496333785,4.517,weekly,noise_a0.25_r2,noise,0.25,2,8.71834689490323,noise_a0.25_r2,weekly|M01AB|A_lag1,0.0023159703317076,5,linear,0.0,7.881525460185063,0.0,-0.295392518575245,8.927390290583519,5.0,,,
"LR-XGB (residual, tanpa gerbang)",M01AB,A_lag1,pacf_train,1,2,210,45,45,2014-01-19,2018-01-21,2018-01-28,2018-12-02,2018-12-09,2019-10-13,"{""colsample_bytree"": 0.8, ""learning_rate"": 0.05, ""max_depth"": 3, ""n_estimators"": 100, ""subsample"": 0.8}",12,none,42,80.46665347107819,8.970320700570197,6.804751076963322,-0.4269820374601805,0.2562580129474466,19.454574249581164,0.2918100706939018,77.0197542129752,8.776089915957744,6.6104321940196265,-0.0123224577437641,0.237126741142698,19.229711410272124,0.6221183924570415,4.641,weekly,noise_a0.25_r2,noise,0.25,2,8.515426397569827,noise_a0.25_r2,weekly|M01AB|A_lag1,,5,,,,,,,5.0,,,
XGBoost,M01AB,A_lag1,pacf_train,1,2,210,45,45,2014-01-19,2018-01-21,2018-01-28,2018-12-02,2018-12-09,2019-10-13,"{""colsample_bytree"": 0.8, ""learning_rate"": 0.05, ""max_depth"": 3, ""n_estimators"": 100, ""subsample"": 0.8}",12,none,42,78.99123726407677,8.887701461237139,6.737003137163775,-0.4008172557232914,0.2538978027822323,19.281620292972505,0.2866558227767588,76.38967605543621,8.740118766666516,6.67304128633687,-0.0040409165271202,0.2361548138392782,19.445432349754853,0.6081307027401747,4.585,weekly,noise_a0.25_r2,noise,0.25,2,8.530252063134522,noise_a0.25_r2,weekly|M01AB|A_lag1,,5,,,,,,,,,,
Naive,M01AB,A_lag1,pacf_train,1,2,210,45,45,2014-01-19,2018-01-21,2018-01-28,2018-12-02,2018-12-09,2019-10-13,{},0,none,42,136.50423168889475,11.683502543710716,9.401614393391649,-1.2364034315268233,0.3445631644193999,26.818803584962986,0.3490242925127186,171.34737790770032,13.089972418141311,9.61824080644562,-0.7819444178764658,0.356346613018192,27.553449554212825,0.3121032648930652,0.0,weekly,noise_a0.50_r1,noise,0.5,1,12.077016930006945,noise_a0.50_r1,weekly|M01AB|A_lag1,,5,,,,,,,,,,
S1 [linear],M01AB,A_lag1,pacf_train,1,2,210,45,45,2014-01-19,2018-01-21,2018-01-28,2018-12-02,2018-12-09,2019-10-13,{},0,none,42,67.08531545677275,8.19056258487613,6.334772057760436,-0.0990855582742467,0.2415513799959965,18.357279037778955,0.2488405941123726,102.25358433678852,10.112051440572705,7.573303189057927,-0.0633965108876768,0.2752790583821161,22.85751762887919,0.2282502838267407,0.005,weekly,noise_a0.50_r1,noise,0.5,1,8.915165831570006,noise_a0.50_r1,weekly|M01AB|A_lag1,,5,linear,0.0,8.19056258487613,0.0,,10.112051440572705,,,,
AR-LRX [linear],M01AB,A_lag1,pacf_train,1,2,210,45,45,2014-01-19,2018-01-21,2018-01-28,2018-12-02,2018-12-09,2019-10-13,"{""colsample_bytree"": 0.8, ""learning_rate"": 0.05, ""max_depth"": 3, ""n_estimators"": 100, ""subsample"": 0.8}",132,none,42,67.08531545677275,8.19056258487613,6.334772057760436,-0.0990855582742467,0.2415513799959965,18.357279037778955,0.2488405941123726,102.25358433678852,10.112051440572705,7.573303189057927,-0.0633965108876768,0.2752790583821161,22.85751762887919,0.2282502838267407,4.743,weekly,noise_a0.50_r1,noise,0.5,1,8.915165831570006,noise_a0.50_r1,weekly|M01AB|A_lag1,-0.0309557535546531,5,linear,0.0,8.19056258487613,0.0,-0.2815622452173105,10.112051440572705,5.0,,,
"LR-XGB (residual, tanpa gerbang)",M01AB,A_lag1,pacf_train,1,2,210,45,45,2014-01-19,2018-01-21,2018-01-28,2018-12-02,2018-12-09,2019-10-13,"{""colsample_bytree"": 0.8, ""learning_rate"": 0.05, ""max_depth"": 3, ""n_estimators"": 100, ""subsample"": 0.8}",12,none,42,85.29684304539705,9.235629001069556,7.301803965238805,-0.3974522996465455,0.2723718801024383,20.96977312526587,0.3104407801079071,102.65465264536704,10.13186323660989,7.363852425608607,-0.0675674613999375,0.2758183923234065,22.52118207896505,0.2194183744731825,4.676,weekly,noise_a0.50_r1,noise,0.5,1,9.293343600689198,noise_a0.50_r1,weekly|M01AB|A_lag1,,5,,,,,,,5.0,,,
XGBoost,M01AB,A_lag1,pacf_train,1,2,210,45,45,2014-01-19,2018-01-21,2018-01-28,2018-12-02,2018-12-09,2019-10-13,"{""colsample_bytree"": 0.8, ""learning_rate"": 0.05, ""max_depth"": 3, ""n_estimators"": 100, ""subsample"": 0.8}",12,none,42,83.49749956317662,9.13769662240855,7.070537643273828,-0.3679729356125836,0.2694837144890606,20.267776022787128,0.3130473330230936,102.16244948923372,10.107544186855367,7.426210046522159,-0.0624487448065305,0.2751563580016355,22.594167462922027,0.2215303109218334,4.51,weekly,noise_a0.50_r1,noise,0.5,1,9.246476045427746,noise_a0.50_r1,weekly|M01AB|A_lag1,,5,,,,,,,,,,
Naive,M01AB,A_lag1,pacf_train,1,2,210,45,45,2014-01-19,2018-01-21,2018-01-28,2018-12-02,2018-12-09,2019-10-13,{},0,none,42,243.67426696806743,15.610069409457072,12.452708415670832,-1.542719455570719,0.4439682752337593,35.33842672095549,0.4873447038346946,166.14408147548107,12.88968895960958,10.75270017791736,-0.8770102179949739,0.3480585129242078,29.474981082684128,0.470764265619119,0.0,weekly,noise_a0.50_r2,noise,0.5,2,11.809699708619512,noise_a0.50_r2,weekly|M01AB|A_lag1,,5,,,,,,,,,,
S1 [linear],M01AB,A_lag1,pacf_train,1,2,210,45,45,2014-01-19,2018-01-21,2018-01-28,2018-12-02,2018-12-09,2019-10-13,{},0,none,42,113.311176106553,10.644772243056824,8.52869821680419,-0.1823921155264587,0.3027495297453969,24.49996970264756,0.3523477722415458,93.4292482335794,9.665880623801405,7.767395302599659,-0.0555155021871633,0.2610064561344646,21.96976323476428,0.3795234431969605,0.005,weekly,noise_a0.50_r2,noise,0.5,2,8.716358031572573,noise_a0.50_r2,weekly|M01AB|A_lag1,,5,linear,0.0,10.644772243056824,0.0,,9.665880623801405,,,,
AR-LRX [linear],M01AB,A_lag1,pacf_train,1,2,210,45,45,2014-01-19,2018-01-21,2018-01-28,2018-12-02,2018-12-09,2019-10-13,"{""colsample_bytree"": 0.8, ""learning_rate"": 0.1, ""max_depth"": 3, ""n_estimators"": 300, ""subsample"": 0.8}",132,none,42,110.96841734434,10.53415479971412,8.504447648704051,-0.1579456347449308,0.2996034428034724,24.49295313125894,0.3496746865844709,96.22429597830435,9.809398349455709,8.122091985547454,-0.0870925113110592,0.2648818457056195,22.97211685739288,0.3802111559187954,4.625,weekly,noise_a0.50_r2,noise,0.5,2,8.913454989698701,noise_a0.50_r2,weekly|M01AB|A_lag1,-0.5666091661815731,5,linear,0.2,10.644772243056824,1.0392,-0.2689137068571912,9.665880623801405,5.0,,,
"LR-XGB (residual, tanpa gerbang)",M01AB,A_lag1,pacf_train,1,2,210,45,45,2014-01-19,2018-01-21,2018-01-28,2018-12-02,2018-12-09,2019-10-13,"{""colsample_bytree"": 0.8, ""learning_rate"": 0.05, ""max_depth"": 3, ""n_estimators"": 100, ""subsample"": 0.8}",12,none,42,123.51914448739824,11.113916703277845,9.078109205699644,-0.2889113640576437,0.3160925361969642,26.12928642668483,0.365960350991187,102.2731726010794,10.113019954547672,8.591368249898728,-0.1554296023919426,0.2730804984963205,24.33135451677818,0.3813093676165238,4.524,weekly,noise_a0.50_r2,noise,0.5,2,9.279064085518495,noise_a0.50_r2,weekly|M01AB|A_lag1,,5,,,,,,,5.0,,,
XGBoost,M01AB,A_lag1,pacf_train,1,2,210,45,45,2014-01-19,2018-01-21,2018-01-28,2018-12-02,2018-12-09,2019-10-13,"{""colsample_bytree"": 0.8, ""learning_rate"": 0.05, ""max_depth"": 3, ""n_estimators"": 100, ""subsample"": 0.8}",12,none,42,120.23078789665838,10.96498006822896,8.95443890132326,-0.2545976534464853,0.3118566074994459,25.684697102036186,0.3587489103819704,101.26115624849804,10.062860241924165,8.571745528982749,-0.1439963631353666,0.2717260426177379,24.279106759410187,0.380492049063479,4.675,weekly,noise_a0.50_r2,noise,0.5,2,9.25485243247725,noise_a0.50_r2,weekly|M01AB|A_lag1,,5,,,,,,,,,,
Naive,M01AB,A_lag1,pacf_train,1,2,210,45,45,2014-01-19,2018-01-21,2018-01-28,2018-12-02,2018-12-09,2019-10-13,{},0,none,42,116.87771555555555,10.810999748198848,8.296888888888889,-1.3783796475988883,0.3138819099371895,23.32963922164917,0.3176660823344512,166.6173411111111,12.908033975439912,9.345777777777776,-0.5432599019733404,0.3365840046210476,23.89112824778224,0.6645268877962724,0.0,weekly,spike,spike,1.5,0,13.362772895041076,spike,weekly|M01AB|A_lag1,,5,,,,,,,,26.71568652028241,10.641461394458757,4.0
S1 [linear],M01AB,A_lag1,pacf_train,1,2,210,45,45,2014-01-19,2018-01-21,2018-01-28,2018-12-02,2018-12-09,2019-10-13,{},0,none,42,58.25809865115139,7.6326993030743315,6.062764552912976,-0.1855115021806272,0.2216045038410411,17.337583988198872,0.2288240041505057,112.29955922480218,10.597148636534367,7.151691673612234,-0.0401522770990869,0.2763264128709153,19.322830285050053,0.5813701874140735,0.005,weekly,spike,spike,1.5,0,9.045151974515434,spike,weekly|M01AB|A_lag1,,5,linear,0.0,7.6326993030743315,0.0,,10.597148636534367,,22.755581153598268,8.528595044225805,4.0
AR-LRX [linear],M01AB,A_lag1,pacf_train,1,2,210,45,45,2014-01-19,2018-01-21,2018-01-28,2018-12-02,2018-12-09,2019-10-13,"{""colsample_bytree"": 0.8, ""learning_rate"": 0.05, ""max_depth"": 3, ""n_estimators"": 100, ""subsample"": 0.8}",132,none,42,58.25809865115139,7.6326993030743315,6.062764552912976,-0.1855115021806272,0.2216045038410411,17.337583988198872,0.2288240041505057,112.29955922480218,10.597148636534367,7.151691673612234,-0.0401522770990869,0.2763264128709153,19.322830285050053,0.5813701874140735,4.451,weekly,spike,spike,1.5,0,9.045151974515434,spike,weekly|M01AB|A_lag1,-0.1569281636507522,5,linear,0.0,7.6326993030743315,0.0,-0.2503921726089466,10.597148636534367,5.0,22.755581153598268,8.528595044225805,4.0
"LR-XGB (residual, tanpa gerbang)",M01AB,A_lag1,pacf_train,1,2,210,45,45,2014-01-19,2018-01-21,2018-01-28,2018-12-02,2018-12-09,2019-10-13,"{""colsample_bytree"": 0.8, ""learning_rate"": 0.05, ""max_depth"": 3, ""n_estimators"": 100, ""subsample"": 0.8}",12,none,42,72.58984358223013,8.519967346312434,6.389123291501302,-0.4771524732300138,0.247365062024775,18.442677077623628,0.2388043316126619,122.36292438493534,11.06177763223142,7.470191186838172,-0.1333621904669422,0.2884418665745797,20.24363923246,0.5827692528894832,4.64,weekly,spike,spike,1.5,0,9.317875142803423,spike,weekly|M01AB|A_lag1,,5,,,,,,,5.0,24.07665040587776,8.817376439423706,4.0
XGBoost,M01AB,A_lag1,pacf_train,1,2,210,45,45,2014-01-19,2018-01-21,2018-01-28,2018-12-02,2018-12-09,2019-10-13,"{""colsample_bytree"": 0.8, ""learning_rate"": 0.05, ""max_depth"": 3, ""n_estimators"": 100, ""subsample"": 0.8}",12,none,42,65.97469678301235,8.12248094999381,6.179791573418511,-0.3425388692734927,0.2358246132081587,17.68829609227071,0.2308532733939561,125.0586756559422,11.182963634741116,7.663144153171117,-0.1583310491373264,0.2916018574846083,20.741758182268967,0.5809642183489241,4.525,weekly,spike,spike,1.5,0,9.12903663059463,spike,weekly|M01AB|A_lag1,,5,,,,,,,,24.87914980133028,8.767667911929866,4.0
Naive,M01AB,A_lag1,pacf_train,1,2,210,45,45,2014-01-19,2018-01-21,2018-01-28,2018-12-02,2018-12-09,2019-10-13,{},0,none,42,116.87771555555555,10.810999748198848,8.296888888888889,-1.3783796475988883,0.3138819099371895,23.32963922164917,0.3176660823344512,154.9531715777778,12.448018781226908,9.584688888888888,-0.1381829734904867,0.2926680765500218,23.50698744132533,0.6622646661818489,0.0,weekly,level,level,1.3,0,14.442542651640135,level,weekly|M01AB|A_lag1,,5,,,,,,,,12.561238897981914,12.328540612593352,23.0
S1 [linear],M01AB,A_lag1,pacf_train,1,2,210,45,45,2014-01-19,2018-01-21,2018-01-28,2018-12-02,2018-12-09,2019-10-13,{},0,none,42,58.25809865115139,7.6326993030743315,6.062764552912976,-0.1855115021806272,0.2216045038410411,17.337583988198872,0.2288240041505057,154.3954628248945,12.42559708122288,10.19206073244271,-0.1340864157999608,0.292140915085335,25.58115738218,0.4923079820430426,0.006,weekly,level,level,1.3,0,8.670621405506141,level,weekly|M01AB|A_lag1,,5,linear,0.0,7.6326993030743315,0.0,,12.42559708122288,,14.818524881301098,9.286491154046972,23.0
AR-LRX [linear],M01AB,A_lag1,pacf_train,1,2,210,45,45,2014-01-19,2018-01-21,2018-01-28,2018-12-02,2018-12-09,2019-10-13,"{""colsample_bytree"": 0.8, ""learning_rate"": 0.05, ""max_depth"": 3, ""n_estimators"": 100, ""subsample"": 0.8}",132,none,42,58.25809865115139,7.6326993030743315,6.062764552912976,-0.1855115021806272,0.2216045038410411,17.337583988198872,0.2288240041505057,154.3954628248945,12.42559708122288,10.19206073244271,-0.1340864157999608,0.292140915085335,25.58115738218,0.4923079820430426,4.442,weekly,level,level,1.3,0,8.670621405506141,level,weekly|M01AB|A_lag1,-0.2247030250554886,5,linear,0.0,7.6326993030743315,0.0,-0.2503921726089466,12.42559708122288,5.0,14.818524881301098,9.286491154046972,23.0
"LR-XGB (residual, tanpa gerbang)",M01AB,A_lag1,pacf_train,1,2,210,45,45,2014-01-19,2018-01-21,2018-01-28,2018-12-02,2018-12-09,2019-10-13,"{""colsample_bytree"": 0.8, ""learning_rate"": 0.05, ""max_depth"": 3, ""n_estimators"": 100, ""subsample"": 0.8}",12,none,42,72.58984358223013,8.519967346312434,6.389123291501302,-0.4771524732300138,0.247365062024775,18.442677077623628,0.2388043316126619,147.5288717541071,12.14614637463698,9.961343470628863,-0.0836490032377457,0.2855706887525805,25.185355060734665,0.4286628719268666,4.904,weekly,level,level,1.3,0,9.005624078665871,level,weekly|M01AB|A_lag1,,5,,,,,,,5.0,14.017728455382224,9.81505076820027,23.0
XGBoost,M01AB,A_lag1,pacf_train,1,2,210,45,45,2014-01-19,2018-01-21,2018-01-28,2018-12-02,2018-12-09,2019-10-13,"{""colsample_bytree"": 0.8, ""learning_rate"": 0.05, ""max_depth"": 3, ""n_estimators"": 100, ""subsample"": 0.8}",12,none,42,65.97469678301235,8.12248094999381,6.179791573418511,-0.3425388692734927,0.2358246132081587,17.68829609227071,0.2308532733939561,150.9389085756259,12.285719701166306,10.309618273586697,-0.10869686647093,0.288852227584658,26.116939682009665,0.4279520967369962,4.76,weekly,level,level,1.3,0,8.944608809584658,level,weekly|M01AB|A_lag1,,5,,,,,,,,14.262342335060636,9.80194665639646,23.0
Naive,M01AB,B_rich,pacf_train,3,2,210,45,45,2014-01-19,2018-01-21,2018-01-28,2018-12-02,2018-12-09,2019-10-13,{},0,none,42,116.87771555555555,10.810999748198848,8.296888888888889,-1.3783796475988883,0.3138819099371895,23.32963922164917,0.3176660823344512,119.25805777777776,10.92053376798853,8.319555555555553,-0.6164832561297386,0.2969670352242758,22.935915307261524,0.6606806987698898,0.0,weekly,clean,clean,0.0,0,10.92053376798853,clean,weekly|M01AB|B_rich,,5,,,,,,,,,,
S1 [linear],M01AB,B_rich,pacf_train,3,2,210,45,45,2014-01-19,2018-01-21,2018-01-28,2018-12-02,2018-12-09,2019-10-13,{},0,none,42,53.0614683834258,7.284330331844225,5.794794692892386,-0.0797637160769535,0.2114901091875053,16.615655355185332,0.2185907443432074,75.19148156849673,8.671302184129944,6.475317760284488,-0.019182881424649,0.2358026590882624,18.69895700095755,0.5749275958283854,0.006,weekly,clean,clean,0.0,0,8.671302184129944,clean,weekly|M01AB|B_rich,,5,linear,0.0,7.284330331844225,0.0,,8.671302184129944,,,,
AR-LRX [linear],M01AB,B_rich,pacf_train,3,2,210,45,45,2014-01-19,2018-01-21,2018-01-28,2018-12-02,2018-12-09,2019-10-13,"{""colsample_bytree"": 0.8, ""learning_rate"": 0.05, ""max_depth"": 3, ""n_estimators"": 100, ""subsample"": 0.8}",132,none,42,53.0614683834258,7.284330331844225,5.794794692892386,-0.0797637160769535,0.2114901091875053,16.615655355185332,0.2185907443432074,75.19148156849673,8.671302184129944,6.475317760284488,-0.019182881424649,0.2358026590882624,18.69895700095755,0.5749275958283854,4.789,weekly,clean,clean,0.0,0,8.671302184129944,clean,weekly|M01AB|B_rich,-0.2131973818833226,5,linear,0.0,7.284330331844225,0.0,-0.2303714389721964,8.671302184129944,5.0,,,
"LR-XGB (residual, tanpa gerbang)",M01AB,B_rich,pacf_train,3,2,210,45,45,2014-01-19,2018-01-21,2018-01-28,2018-12-02,2018-12-09,2019-10-13,"{""colsample_bytree"": 0.8, ""learning_rate"": 0.05, ""max_depth"": 3, ""n_estimators"": 100, ""subsample"": 0.8}",12,none,42,65.14412676651165,8.071191161564174,6.443161358945559,-0.3256373511888739,0.2343354875835604,18.552531800755418,0.2336894836584623,90.54590519139188,9.51556121263438,7.109682962884311,-0.2273044050887536,0.2587609783410464,20.671256389850143,0.5733924004464791,4.955,weekly,clean,clean,0.0,0,9.51556121263438,clean,weekly|M01AB|B_rich,,5,,,,,,,5.0,,,
XGBoost,M01AB,B_rich,pacf_train,3,2,210,45,45,2014-01-19,2018-01-21,2018-01-28,2018-12-02,2018-12-09,2019-10-13,"{""colsample_bytree"": 0.8, ""learning_rate"": 0.05, ""max_depth"": 3, ""n_estimators"": 100, ""subsample"": 0.8}",12,none,42,66.26731672822334,8.140473986705157,6.357846669514973,-0.3484934802005046,0.2363470152856787,18.09696871042473,0.2380522616862207,82.04073466536177,9.057634054506826,6.798825690375434,-0.1120210774709724,0.2463083571242663,19.699105700147648,0.5557266108384038,4.737,weekly,clean,clean,0.0,0,9.057634054506826,clean,weekly|M01AB|B_rich,,5,,,,,,,,,,
Naive,M01AB,B_rich,pacf_train,3,2,210,45,45,2014-01-19,2018-01-21,2018-01-28,2018-12-02,2018-12-09,2019-10-13,{},0,none,42,120.55454587847794,10.97973341563801,8.45903478328808,-1.371708371395806,0.3175936715647269,23.44220705985428,0.31406143373443,126.59030641691255,11.25123577287902,8.791480803757104,-0.6548572980671961,0.3059853948619329,24.33430205602269,0.6500500051314146,0.0,weekly,noise_a0.10_r1,noise,0.1,1,11.079741206076688,noise_a0.10_r1,weekly|M01AB|B_rich,,5,,,,,,,,,,
S1 [linear],M01AB,B_rich,pacf_train,3,2,210,45,45,2014-01-19,2018-01-21,2018-01-28,2018-12-02,2018-12-09,2019-10-13,{},0,none,42,53.90488485864667,7.341994610366223,5.811251157129456,-0.0604881445719354,0.2123704589761345,16.495603848450507,0.2131784741201774,77.7910266574461,8.819922145770114,6.632984023339993,-0.016926586497429,0.2398640838129376,19.161287720773736,0.5673973478036219,0.005,weekly,noise_a0.10_r1,noise,0.1,1,8.683449973175621,noise_a0.10_r1,weekly|M01AB|B_rich,,5,linear,0.0,7.341994610366223,0.0,,8.819922145770114,,,,
AR-LRX [linear],M01AB,B_rich,pacf_train,3,2,210,45,45,2014-01-19,2018-01-21,2018-01-28,2018-12-02,2018-12-09,2019-10-13,"{""colsample_bytree"": 0.8, ""learning_rate"": 0.05, ""max_depth"": 3, ""n_estimators"": 100, ""subsample"": 0.8}",132,none,42,53.90488485864667,7.341994610366223,5.811251157129456,-0.0604881445719354,0.2123704589761345,16.495603848450507,0.2131784741201774,77.7910266574461,8.819922145770114,6.632984023339993,-0.016926586497429,0.2398640838129376,19.161287720773736,0.5673973478036219,4.834,weekly,noise_a0.10_r1,noise,0.1,1,8.683449973175621,noise_a0.10_r1,weekly|M01AB|B_rich,-0.1939903204750064,5,linear,0.0,7.341994610366223,0.0,-0.3162677407723486,8.819922145770114,5.0,,,
"LR-XGB (residual, tanpa gerbang)",M01AB,B_rich,pacf_train,3,2,210,45,45,2014-01-19,2018-01-21,2018-01-28,2018-12-02,2018-12-09,2019-10-13,"{""colsample_bytree"": 0.8, ""learning_rate"": 0.05, ""max_depth"": 3, ""n_estimators"": 100, ""subsample"": 0.8}",12,none,42,70.81238064561765,8.415009248100542,6.354571681570396,-0.3931147494427285,0.2434078845255904,18.18231285810481,0.2298985531290605,92.28708841385362,9.60661690783252,7.340559220602837,-0.2064269856181855,0.2612588098914476,21.349227377999004,0.5669516682184469,5.111,weekly,noise_a0.10_r1,noise,0.1,1,9.48075877286612,noise_a0.10_r1,weekly|M01AB|B_rich,,5,,,,,,,5.0,,,
XGBoost,M01AB,B_rich,pacf_train,3,2,210,45,45,2014-01-19,2018-01-21,2018-01-28,2018-12-02,2018-12-09,2019-10-13,"{""colsample_bytree"": 0.8, ""learning_rate"": 0.05, ""max_depth"": 3, ""n_estimators"": 100, ""subsample"": 0.8}",12,none,42,67.87644837970782,8.238716427921757,6.265660044802311,-0.3353552092929242,0.2383085363072323,17.792075356104302,0.2279350103069466,87.55397373269403,9.357028039537662,7.181050665800231,-0.1445531376561624,0.2544710623088722,20.70423637102596,0.5617817496626043,5.155,weekly,noise_a0.10_r1,noise,0.1,1,9.23087599014216,noise_a0.10_r1,weekly|M01AB|B_rich,,5,,,,,,,,,,
Naive,M01AB,B_rich,pacf_train,3,2,210,45,45,2014-01-19,2018-01-21,2018-01-28,2018-12-02,2018-12-09,2019-10-13,{},0,none,42,123.28141104302163,11.103216247692451,8.723829012717324,-1.349163658733747,0.321167335348401,24.486962786316223,0.325186102593728,114.4942865801719,10.700200305609792,8.286093883879888,-0.5843166612640756,0.2908453546300787,22.87408938896725,0.6012861288089372,0.0,weekly,noise_a0.10_r2,noise,0.1,2,10.757536719378656,noise_a0.10_r2,weekly|M01AB|B_rich,,5,,,,,,,,,,
S1 [linear],M01AB,B_rich,pacf_train,3,2,210,45,45,2014-01-19,2018-01-21,2018-01-28,2018-12-02,2018-12-09,2019-10-13,{},0,none,42,56.72674269918702,7.531715787201946,6.046896680867888,-0.0809448180372143,0.2178594954844596,17.338868259217694,0.2274156017151793,72.47505113967738,8.513228009379132,6.36535585381478,-0.0028747676082019,0.2314006045416256,18.35773434467816,0.5231794587748885,0.005,weekly,noise_a0.10_r2,noise,0.1,2,8.59068918458992,noise_a0.10_r2,weekly|M01AB|B_rich,,5,linear,0.0,7.531715787201946,0.0,,8.513228009379132,,,,
AR-LRX [linear],M01AB,B_rich,pacf_train,3,2,210,45,45,2014-01-19,2018-01-21,2018-01-28,2018-12-02,2018-12-09,2019-10-13,"{""colsample_bytree"": 0.8, ""learning_rate"": 0.05, ""max_depth"": 3, ""n_estimators"": 300, ""subsample"": 0.8}",132,none,42,56.55587422509622,7.520363968924391,6.020860931575675,-0.0776888688526504,0.2175311371830243,17.280395188479712,0.2268770114467488,71.61415325433599,8.462514594039764,6.332405053962427,0.0090379216982491,0.230022147984962,18.296619044732576,0.5153169808211875,4.846,weekly,noise_a0.10_r2,noise,0.1,2,8.532326885769912,noise_a0.10_r2,weekly|M01AB|B_rich,-0.1091233072553938,5,linear,0.1,7.531715787201946,0.1507,-0.1681756152751192,8.513228009379132,5.0,,,
"LR-XGB (residual, tanpa gerbang)",M01AB,B_rich,pacf_train,3,2,210,45,45,2014-01-19,2018-01-21,2018-01-28,2018-12-02,2018-12-09,2019-10-13,"{""colsample_bytree"": 0.8, ""learning_rate"": 0.05, ""max_depth"": 3, ""n_estimators"": 100, ""subsample"": 0.8}",12,none,42,65.46253744055277,8.090892252437476,6.300653868523915,-0.2474079641267106,0.2340340174718664,18.188195012023893,0.2399508837864516,73.61533647388814,8.579938022730008,6.5319314397021335,-0.0186534855472859,0.2332138694279138,19.011630644032383,0.4553940490059958,4.891,weekly,noise_a0.10_r2,noise,0.1,2,8.584343689235311,noise_a0.10_r2,weekly|M01AB|B_rich,,5,,,,,,,5.0,,,
XGBoost,M01AB,B_rich,pacf_train,3,2,210,45,45,2014-01-19,2018-01-21,2018-01-28,2018-12-02,2018-12-09,2019-10-13,"{""colsample_bytree"": 0.8, ""learning_rate"": 0.05, ""max_depth"": 3, ""n_estimators"": 100, ""subsample"": 0.8}",12,none,42,58.67409707258914,7.659901897060376,5.8579049070643805,-0.1180522301439435,0.2215673572799521,16.807773388105502,0.230316890357126,68.97077419362732,8.304864489781114,6.3231360552391305,0.0456157249494603,0.2257370132051451,18.37457157940509,0.4582260989823961,4.822,weekly,noise_a0.10_r2,noise,0.1,2,8.314681191673419,noise_a0.10_r2,weekly|M01AB|B_rich,,5,,,,,,,,,,
Naive,M01AB,B_rich,pacf_train,3,2,210,45,45,2014-01-19,2018-01-21,2018-01-28,2018-12-02,2018-12-09,2019-10-13,{},0,none,42,111.92504889027424,10.579463544541106,8.096294681826016,-1.3349101141723292,0.3075751444462628,22.315088931374163,0.3124927633584336,111.28392462837476,10.54911961390024,8.137336347880362,-0.4820752176269893,0.2819605883027395,22.086304607322628,0.4272870041370157,0.0,weekly,noise_a0.25_r1,noise,0.25,1,11.155582970952745,noise_a0.25_r1,weekly|M01AB|B_rich,,5,,,,,,,,,,
S1 [linear],M01AB,B_rich,pacf_train,3,2,210,45,45,2014-01-19,2018-01-21,2018-01-28,2018-12-02,2018-12-09,2019-10-13,{},0,none,42,52.06194688227322,7.2153965159423645,5.600249622876758,-0.0860836563769888,0.2097721322337896,15.810942524327135,0.2000471766591791,75.12819252161887,8.667652076636376,6.885663003351471,-0.0005545064413567,0.2316720606249983,19.324503921076683,0.3629347636671527,0.004,weekly,noise_a0.25_r1,noise,0.25,1,8.752538091128045,noise_a0.25_r1,weekly|M01AB|B_rich,,5,linear,0.0,7.2153965159423645,0.0,,8.667652076636376,,,,
AR-LRX [linear],M01AB,B_rich,pacf_train,3,2,210,45,45,2014-01-19,2018-01-21,2018-01-28,2018-12-02,2018-12-09,2019-10-13,"{""colsample_bytree"": 0.8, ""learning_rate"": 0.05, ""max_depth"": 3, ""n_estimators"": 100, ""subsample"": 0.8}",132,none,42,52.06194688227322,7.2153965159423645,5.600249622876758,-0.0860836563769888,0.2097721322337896,15.810942524327135,0.2000471766591791,75.12819252161887,8.667652076636376,6.885663003351471,-0.0005545064413567,0.2316720606249983,19.324503921076683,0.3629347636671527,4.663,weekly,noise_a0.25_r1,noise,0.25,1,8.752538091128045,noise_a0.25_r1,weekly|M01AB|B_rich,-0.0316395420359734,5,linear,0.0,7.2153965159423645,0.0,-0.1733951966830793,8.667652076636376,5.0,,,
"LR-XGB (residual, tanpa gerbang)",M01AB,B_rich,pacf_train,3,2,210,45,45,2014-01-19,2018-01-21,2018-01-28,2018-12-02,2018-12-09,2019-10-13,"{""colsample_bytree"": 0.8, ""learning_rate"": 0.05, ""max_depth"": 3, ""n_estimators"": 100, ""subsample"": 0.8}",12,none,42,60.922991571881546,7.80531815955516,6.210232952170591,-0.2709372085803272,0.2269228350064086,17.578034377750757,0.2101705932006088,76.04207387457454,8.72021065540131,6.610262644789184,-0.012725544707576,0.2330768648486028,18.621396019584253,0.3624185255236355,4.886,weekly,noise_a0.25_r1,noise,0.25,1,8.917060576734615,noise_a0.25_r1,weekly|M01AB|B_rich,,5,,,,,,,5.0,,,
XGBoost,M01AB,B_rich,pacf_train,3,2,210,45,45,2014-01-19,2018-01-21,2018-01-28,2018-12-02,2018-12-09,2019-10-13,"{""colsample_bytree"": 0.8, ""learning_rate"": 0.05, ""max_depth"": 3, ""n_estimators"": 100, ""subsample"": 0.8}",12,none,42,63.34673925924218,7.959066481644828,6.2465053438419895,-0.3214999114384529,0.2313927367340346,17.654342639541664,0.2133132104884997,72.83812825037957,8.534525660537883,6.746225389912288,0.0299444853448422,0.2281138108396507,19.04792700853937,0.3503823167611054,4.605,weekly,noise_a0.25_r1,noise,0.25,1,8.616297134816218,noise_a0.25_r1,weekly|M01AB|B_rich,,5,,,,,,,,,,
Naive,M01AB,B_rich,pacf_train,3,2,210,45,45,2014-01-19,2018-01-21,2018-01-28,2018-12-02,2018-12-09,2019-10-13,{},0,none,42,129.2149487576819,11.36727534450019,8.495824461375765,-1.2914760698333674,0.32473258087896,24.01289680797466,0.3534854111051062,129.6521427814264,11.386489484535012,8.892131345305135,-0.7041053580787444,0.3076587831687831,24.63452805895981,0.7908280885104171,0.0,weekly,noise_a0.25_r2,noise,0.25,2,11.109606421842631,noise_a0.25_r2,weekly|M01AB|B_rich,,5,,,,,,,,,,
S1 [linear],M01AB,B_rich,pacf_train,3,2,210,45,45,2014-01-19,2018-01-21,2018-01-28,2018-12-02,2018-12-09,2019-10-13,{},0,none,42,55.560217305177794,7.453872638110862,5.919162847376939,0.0147044934536824,0.2129371574066706,17.1170221098023,0.2562934441131304,79.25641453025405,8.902607176004906,6.747803097921255,-0.0417203893869193,0.2405451912566532,19.49685519840174,0.6623403222428503,0.009,weekly,noise_a0.25_r2,noise,0.25,2,8.634142850617678,noise_a0.25_r2,weekly|M01AB|B_rich,,5,linear,0.0,7.453872638110862,0.0,,8.902607176004906,,,,
AR-LRX [linear],M01AB,B_rich,pacf_train,3,2,210,45,45,2014-01-19,2018-01-21,2018-01-28,2018-12-02,2018-12-09,2019-10-13,"{""colsample_bytree"": 0.8, ""learning_rate"": 0.05, ""max_depth"": 3, ""n_estimators"": 100, ""subsample"": 0.8}",132,none,42,55.560217305177794,7.453872638110862,5.919162847376939,0.0147044934536824,0.2129371574066706,17.1170221098023,0.2562934441131304,79.25641453025405,8.902607176004906,6.747803097921255,-0.0417203893869193,0.2405451912566532,19.49685519840174,0.6623403222428503,4.67,weekly,noise_a0.25_r2,noise,0.25,2,8.634142850617678,noise_a0.25_r2,weekly|M01AB|B_rich,-0.0492442436755871,5,linear,0.0,7.453872638110862,0.0,-0.438078963016538,8.902607176004906,5.0,,,
"LR-XGB (residual, tanpa gerbang)",M01AB,B_rich,pacf_train,3,2,210,45,45,2014-01-19,2018-01-21,2018-01-28,2018-12-02,2018-12-09,2019-10-13,"{""colsample_bytree"": 0.8, ""learning_rate"": 0.05, ""max_depth"": 3, ""n_estimators"": 100, ""subsample"": 0.8}",12,none,42,79.89907113491127,8.938628034262935,7.192373068805071,-0.4169166282061347,0.255352638439221,20.64724231946789,0.2881682411537468,82.45958233726704,9.080725870615575,6.5906507483878345,-0.0838217793497404,0.2453578932679236,19.385210452466428,0.6392948858195651,4.966,weekly,noise_a0.25_r2,noise,0.25,2,8.845531456849503,noise_a0.25_r2,weekly|M01AB|B_rich,,5,,,,,,,5.0,,,
XGBoost,M01AB,B_rich,pacf_train,3,2,210,45,45,2014-01-19,2018-01-21,2018-01-28,2018-12-02,2018-12-09,2019-10-13,"{""colsample_bytree"": 0.8, ""learning_rate"": 0.05, ""max_depth"": 3, ""n_estimators"": 100, ""subsample"": 0.8}",12,none,42,76.73974645077436,8.760122513456896,6.9726539175913285,-0.3608896980394873,0.2502532142838508,19.950203948709408,0.2796804101480042,79.58115808551085,8.920827208589508,6.465317151064371,-0.0459887124600491,0.2410374898761608,18.947780856012724,0.6327415696518202,5.049,weekly,noise_a0.25_r2,noise,0.25,2,8.714321498476107,noise_a0.25_r2,weekly|M01AB|B_rich,,5,,,,,,,,,,
Naive,M01AB,B_rich,pacf_train,3,2,210,45,45,2014-01-19,2018-01-21,2018-01-28,2018-12-02,2018-12-09,2019-10-13,{},0,none,42,136.50423168889475,11.683502543710716,9.401614393391649,-1.2364034315268233,0.3445631644193999,26.818803584962986,0.3490242925127186,171.34737790770032,13.089972418141311,9.61824080644562,-0.7819444178764658,0.356346613018192,27.553449554212825,0.3121032648930652,0.0,weekly,noise_a0.50_r1,noise,0.5,1,12.077016930006945,noise_a0.50_r1,weekly|M01AB|B_rich,,5,,,,,,,,,,
S1 [linear],M01AB,B_rich,pacf_train,3,2,210,45,45,2014-01-19,2018-01-21,2018-01-28,2018-12-02,2018-12-09,2019-10-13,{},0,none,42,65.45472954295327,8.090409726519002,6.3147073278912496,-0.0723710169889904,0.2385977292673667,18.31369706119701,0.2439238803716751,99.4661905404073,9.973273812565626,7.521439424717539,-0.0344087266768173,0.2715011331028784,22.76032665628485,0.2284414620275953,0.005,weekly,noise_a0.50_r1,noise,0.5,1,8.738797327133842,noise_a0.50_r1,weekly|M01AB|B_rich,,5,linear,0.0,8.090409726519002,0.0,,9.973273812565626,,,,
AR-LRX [linear],M01AB,B_rich,pacf_train,3,2,210,45,45,2014-01-19,2018-01-21,2018-01-28,2018-12-02,2018-12-09,2019-10-13,"{""colsample_bytree"": 0.8, ""learning_rate"": 0.05, ""max_depth"": 3, ""n_estimators"": 100, ""subsample"": 0.8}",132,none,42,65.45472954295327,8.090409726519002,6.3147073278912496,-0.0723710169889904,0.2385977292673667,18.31369706119701,0.2439238803716751,99.4661905404073,9.973273812565626,7.521439424717539,-0.0344087266768173,0.2715011331028784,22.76032665628485,0.2284414620275953,4.775,weekly,noise_a0.50_r1,noise,0.5,1,8.738797327133842,noise_a0.50_r1,weekly|M01AB|B_rich,-0.0538326449507691,5,linear,0.0,8.090409726519002,0.0,-0.1464425301223937,9.973273812565626,5.0,,,
"LR-XGB (residual, tanpa gerbang)",M01AB,B_rich,pacf_train,3,2,210,45,45,2014-01-19,2018-01-21,2018-01-28,2018-12-02,2018-12-09,2019-10-13,"{""colsample_bytree"": 0.8, ""learning_rate"": 0.05, ""max_depth"": 3, ""n_estimators"": 100, ""subsample"": 0.8}",12,none,42,74.5030151500022,8.631512911998811,6.815615787152844,-0.2206126995410577,0.2545556344562267,19.795102330475203,0.2612583639826693,102.8594257806702,10.141963605765415,7.3490559666873185,-0.0696970203686258,0.2760933533564654,22.582950918445498,0.2229383217663836,5.032,weekly,noise_a0.50_r1,noise,0.5,1,9.326652001432567,noise_a0.50_r1,weekly|M01AB|B_rich,,5,,,,,,,5.0,,,
XGBoost,M01AB,B_rich,pacf_train,3,2,210,45,45,2014-01-19,2018-01-21,2018-01-28,2018-12-02,2018-12-09,2019-10-13,"{""colsample_bytree"": 0.8, ""learning_rate"": 0.05, ""max_depth"": 3, ""n_estimators"": 100, ""subsample"": 0.8}",12,none,42,74.52250319831053,8.632641727670073,6.743927098658494,-0.2209319800320086,0.25458892484139,19.53629323775093,0.268874728842673,96.83228511910286,9.840339685148214,7.199570599141584,-0.0070171603743776,0.2678822846785629,22.03129989646885,0.2149473859241488,5.101,weekly,noise_a0.50_r1,noise,0.5,1,8.995016824913877,noise_a0.50_r1,weekly|M01AB|B_rich,,5,,,,,,,,,,
Naive,M01AB,B_rich,pacf_train,3,2,210,45,45,2014-01-19,2018-01-21,2018-01-28,2018-12-02,2018-12-09,2019-10-13,{},0,none,42,243.67426696806743,15.610069409457072,12.452708415670832,-1.542719455570719,0.4439682752337593,35.33842672095549,0.4873447038346946,166.14408147548107,12.88968895960958,10.75270017791736,-0.8770102179949739,0.3480585129242078,29.474981082684128,0.470764265619119,0.0,weekly,noise_a0.50_r2,noise,0.5,2,11.809699708619512,noise_a0.50_r2,weekly|M01AB|B_rich,,5,,,,,,,,,,
S1 [linear],M01AB,B_rich,pacf_train,3,2,210,45,45,2014-01-19,2018-01-21,2018-01-28,2018-12-02,2018-12-09,2019-10-13,{},0,none,42,108.5158391309522,10.417093602869862,8.311073258652547,-0.1323531976891652,0.2962740881224318,23.917759703087853,0.3508309471905237,89.96939711910167,9.485219929927911,7.489791294800903,-0.016427887166857,0.2561281000584955,21.220096018487453,0.3747930623491072,0.006,weekly,noise_a0.50_r2,noise,0.5,2,8.581695509220514,noise_a0.50_r2,weekly|M01AB|B_rich,,5,linear,0.0,10.417093602869862,0.0,,9.485219929927911,,,,
AR-LRX [linear],M01AB,B_rich,pacf_train,3,2,210,45,45,2014-01-19,2018-01-21,2018-01-28,2018-12-02,2018-12-09,2019-10-13,"{""colsample_bytree"": 0.8, ""learning_rate"": 0.05, ""max_depth"": 3, ""n_estimators"": 100, ""subsample"": 0.8}",132,none,42,108.5158391309522,10.417093602869862,8.311073258652547,-0.1323531976891652,0.2962740881224318,23.917759703087853,0.3508309471905237,89.96939711910167,9.485219929927911,7.489791294800903,-0.016427887166857,0.2561281000584955,21.220096018487453,0.3747930623491072,4.804,weekly,noise_a0.50_r2,noise,0.5,2,8.581695509220514,noise_a0.50_r2,weekly|M01AB|B_rich,-0.1970733693037583,5,linear,0.0,10.417093602869862,0.0,-0.1314923796976026,9.485219929927911,5.0,,,
"LR-XGB (residual, tanpa gerbang)",M01AB,B_rich,pacf_train,3,2,210,45,45,2014-01-19,2018-01-21,2018-01-28,2018-12-02,2018-12-09,2019-10-13,"{""colsample_bytree"": 0.8, ""learning_rate"": 0.05, ""max_depth"": 3, ""n_estimators"": 100, ""subsample"": 0.8}",12,none,42,122.7841628506288,11.080801543689374,8.753159025488731,-0.2812418955883047,0.3151507030826491,25.196099264385808,0.3790776449440428,105.69794516897558,10.280950596563317,8.583695171807035,-0.1941209180690446,0.2776151067182509,24.22142736744421,0.3819352498058193,4.934,weekly,noise_a0.50_r2,noise,0.5,2,9.313520087538263,noise_a0.50_r2,weekly|M01AB|B_rich,,5,,,,,,,5.0,,,
XGBoost,M01AB,B_rich,pacf_train,3,2,210,45,45,2014-01-19,2018-01-21,2018-01-28,2018-12-02,2018-12-09,2019-10-13,"{""colsample_bytree"": 0.8, ""learning_rate"": 0.05, ""max_depth"": 3, ""n_estimators"": 100, ""subsample"": 0.8}",12,none,42,118.97109750954247,10.90738729071002,8.736361982113943,-0.2414528955072532,0.3102186028608812,25.141089067950634,0.3702960248906941,105.174746847637,10.255473994293828,8.594937981906787,-0.188210093040136,0.276927165501976,24.20888855503344,0.3821716736995431,4.786,weekly,noise_a0.50_r2,noise,0.5,2,9.220029692199804,noise_a0.50_r2,weekly|M01AB|B_rich,,5,,,,,,,,,,
Naive,M01AB,B_rich,pacf_train,3,2,210,45,45,2014-01-19,2018-01-21,2018-01-28,2018-12-02,2018-12-09,2019-10-13,{},0,none,42,116.87771555555555,10.810999748198848,8.296888888888889,-1.3783796475988883,0.3138819099371895,23.32963922164917,0.3176660823344512,166.6173411111111,12.908033975439912,9.345777777777776,-0.5432599019733404,0.3365840046210476,23.89112824778224,0.6645268877962724,0.0,weekly,spike,spike,1.5,0,13.362772895041076,spike,weekly|M01AB|B_rich,,5,,,,,,,,26.71568652028241,10.641461394458757,4.0
S1 [linear],M01AB,B_rich,pacf_train,3,2,210,45,45,2014-01-19,2018-01-21,2018-01-28,2018-12-02,2018-12-09,2019-10-13,{},0,none,42,53.0614683834258,7.284330331844225,5.794794692892386,-0.0797637160769535,0.2114901091875053,16.615655355185332,0.2185907443432074,105.36969981589138,10.264974418667167,7.13459352810339,0.0240341640046206,0.2676647895211212,19.424788988259653,0.5770850000612846,0.007,weekly,spike,spike,1.5,0,9.425384284251946,spike,weekly|M01AB|B_rich,,5,linear,0.0,7.284330331844225,0.0,,10.264974418667167,,19.805129682331767,8.796706485646464,4.0
AR-LRX [linear],M01AB,B_rich,pacf_train,3,2,210,45,45,2014-01-19,2018-01-21,2018-01-28,2018-12-02,2018-12-09,2019-10-13,"{""colsample_bytree"": 0.8, ""learning_rate"": 0.05, ""max_depth"": 3, ""n_estimators"": 100, ""subsample"": 0.8}",132,none,42,53.0614683834258,7.284330331844225,5.794794692892386,-0.0797637160769535,0.2114901091875053,16.615655355185332,0.2185907443432074,105.36969981589138,10.264974418667167,7.13459352810339,0.0240341640046206,0.2676647895211212,19.424788988259653,0.5770850000612846,4.657,weekly,spike,spike,1.5,0,9.425384284251946,spike,weekly|M01AB|B_rich,-0.1854876119553072,5,linear,0.0,7.284330331844225,0.0,-0.2303714389721964,10.264974418667167,5.0,19.805129682331767,8.796706485646464,4.0
"LR-XGB (residual, tanpa gerbang)",M01AB,B_rich,pacf_train,3,2,210,45,45,2014-01-19,2018-01-21,2018-01-28,2018-12-02,2018-12-09,2019-10-13,"{""colsample_bytree"": 0.8, ""learning_rate"": 0.05, ""max_depth"": 3, ""n_estimators"": 100, ""subsample"": 0.8}",12,none,42,65.14412676651165,8.071191161564174,6.443161358945559,-0.3256373511888739,0.2343354875835604,18.552531800755418,0.2336894836584623,121.75099072199,11.034083139164306,7.603335509239587,-0.1276942769208879,0.2877197176090428,20.957067535291497,0.5747990057729455,5.008,weekly,spike,spike,1.5,0,10.221233359960271,spike,weekly|M01AB|B_rich,,5,,,,,,,5.0,20.51272018383095,9.621758656154908,4.0
XGBoost,M01AB,B_rich,pacf_train,3,2,210,45,45,2014-01-19,2018-01-21,2018-01-28,2018-12-02,2018-12-09,2019-10-13,"{""colsample_bytree"": 0.8, ""learning_rate"": 0.05, ""max_depth"": 3, ""n_estimators"": 100, ""subsample"": 0.8}",12,none,42,66.26731672822334,8.140473986705157,6.357846669514973,-0.3484934802005046,0.2363470152856787,18.09696871042473,0.2380522616862207,115.3266455320226,10.73902442180027,7.574543816460505,-0.068190060481013,0.28002590111633,20.65237824440584,0.5560976399719364,4.778,weekly,spike,spike,1.5,0,9.304692758374385,spike,weekly|M01AB|B_rich,,5,,,,,,,,21.58700178202021,9.006372358141412,4.0
Naive,M01AB,B_rich,pacf_train,3,2,210,45,45,2014-01-19,2018-01-21,2018-01-28,2018-12-02,2018-12-09,2019-10-13,{},0,none,42,116.87771555555555,10.810999748198848,8.296888888888889,-1.3783796475988883,0.3138819099371895,23.32963922164917,0.3176660823344512,154.9531715777778,12.448018781226908,9.584688888888888,-0.1381829734904867,0.2926680765500218,23.50698744132533,0.6622646661818489,0.0,weekly,level,level,1.3,0,14.442542651640135,level,weekly|M01AB|B_rich,,5,,,,,,,,12.561238897981914,12.328540612593352,23.0
S1 [linear],M01AB,B_rich,pacf_train,3,2,210,45,45,2014-01-19,2018-01-21,2018-01-28,2018-12-02,2018-12-09,2019-10-13,{},0,none,42,53.0614683834258,7.284330331844225,5.794794692892386,-0.0797637160769535,0.2114901091875053,16.615655355185332,0.2185907443432074,123.44881006999051,11.110752002901988,9.002555945083401,0.0932271195959524,0.2612273065186624,22.71650306192568,0.5043990234749955,0.006,weekly,level,level,1.3,0,9.130437784647492,level,weekly|M01AB|B_rich,,5,linear,0.0,7.284330331844225,0.0,,11.110752002901988,,12.49126487538149,9.454357809184575,23.0
AR-LRX [linear],M01AB,B_rich,pacf_train,3,2,210,45,45,2014-01-19,2018-01-21,2018-01-28,2018-12-02,2018-12-09,2019-10-13,"{""colsample_bytree"": 0.8, ""learning_rate"": 0.05, ""max_depth"": 3, ""n_estimators"": 100, ""subsample"": 0.8}",132,none,42,53.0614683834258,7.284330331844225,5.794794692892386,-0.0797637160769535,0.2114901091875053,16.615655355185332,0.2185907443432074,123.44881006999051,11.110752002901988,9.002555945083401,0.0932271195959524,0.2612273065186624,22.71650306192568,0.5043990234749955,4.557,weekly,level,level,1.3,0,9.130437784647492,level,weekly|M01AB|B_rich,-0.231587697863127,5,linear,0.0,7.284330331844225,0.0,-0.2303714389721964,11.110752002901988,5.0,12.49126487538149,9.454357809184575,23.0
"LR-XGB (residual, tanpa gerbang)",M01AB,B_rich,pacf_train,3,2,210,45,45,2014-01-19,2018-01-21,2018-01-28,2018-12-02,2018-12-09,2019-10-13,"{""colsample_bytree"": 0.8, ""learning_rate"": 0.05, ""max_depth"": 3, ""n_estimators"": 100, ""subsample"": 0.8}",12,none,42,65.14412676651165,8.071191161564174,6.443161358945559,-0.3256373511888739,0.2343354875835604,18.552531800755418,0.2336894836584623,131.52106463403356,11.46826336609138,9.22477165497689,0.0339337046311418,0.269632833924133,23.6660079119784,0.4800114724807849,4.94,weekly,level,level,1.3,0,10.523448919678012,level,weekly|M01AB|B_rich,,5,,,,,,,5.0,12.153449824674968,10.705143257907292,23.0
XGBoost,M01AB,B_rich,pacf_train,3,2,210,45,45,2014-01-19,2018-01-21,2018-01-28,2018-12-02,2018-12-09,2019-10-13,"{""colsample_bytree"": 0.8, ""learning_rate"": 0.05, ""max_depth"": 3, ""n_estimators"": 100, ""subsample"": 0.8}",12,none,42,66.26731672822334,8.140473986705157,6.357846669514973,-0.3484934802005046,0.2363470152856787,18.09696871042473,0.2380522616862207,132.2948484360993,11.501949766717784,9.310047114393448,0.0282500032928192,0.270424842214809,23.67026019895268,0.4531941034627004,4.76,weekly,level,level,1.3,0,9.44858531078608,level,weekly|M01AB|B_rich,,5,,,,,,,,12.711068499962982,10.084031355152092,23.0
Naive,M01AE,A_lag1,pacf_train,1,1,210,45,46,2014-01-12,2018-01-14,2018-01-21,2018-11-25,2018-12-02,2019-10-13,{},0,none,42,45.908203888888885,6.775559304506816,5.505622222222224,-0.5028531878042071,0.2521991261150493,20.14832613520521,0.2609274473557304,99.00320602173912,9.9500354784161,7.71463043478261,0.0553625698283433,0.3759201938377401,30.265748716527487,0.717837483642111,0.0,weekly,clean,clean,0.0,0,9.9500354784161,clean,weekly|M01AE|A_lag1,,5,,,,,,,,,,
S1 [linear],M01AE,A_lag1,pacf_train,1,1,210,45,46,2014-01-12,2018-01-14,2018-01-21,2018-11-25,2018-12-02,2019-10-13,{},0,none,42,28.86272463150085,5.372403989975144,4.376200802707008,0.0551484474071438,0.1999710327245609,16.335850128153716,0.2131124701590943,85.1469526480301,9.227510641989534,7.280131693320726,0.1875717790520701,0.3486226352359398,27.57759171854261,0.6299231042993104,0.005,weekly,clean,clean,0.0,0,9.227510641989534,clean,weekly|M01AE|A_lag1,,5,linear,0.0,5.372403989975144,0.0,,9.227510641989534,,,,
AR-LRX [linear],M01AE,A_lag1,pacf_train,1,1,210,45,46,2014-01-12,2018-01-14,2018-01-21,2018-11-25,2018-12-02,2019-10-13,"{""colsample_bytree"": 0.8, ""learning_rate"": 0.05, ""max_depth"": 3, ""n_estimators"": 100, ""subsample"": 0.8}",132,none,42,28.726479177932983,5.3597088706321525,4.35870607338803,0.0596085851793352,0.199498496383229,16.257108545746128,0.2078128548254241,84.61079026463172,9.198412377395988,7.237606522837052,0.1926875634429002,0.3475232798326272,27.4622195209679,0.6289359905696627,4.383,weekly,clean,clean,0.0,0,9.198412377395988,clean,weekly|M01AE|A_lag1,-0.0128860402350439,5,linear,0.2,5.372403989975144,0.2363,-0.1159922050104245,9.227510641989534,5.0,,,
"LR-XGB (residual, tanpa gerbang)",M01AE,A_lag1,pacf_train,1,1,210,45,46,2014-01-12,2018-01-14,2018-01-21,2018-11-25,2018-12-02,2019-10-13,"{""colsample_bytree"": 0.8, ""learning_rate"": 0.05, ""max_depth"": 3, ""n_estimators"": 100, ""subsample"": 0.8}",12,none,42,31.970726086854864,5.6542661846480895,4.442514033954427,-0.0465952388887467,0.2104624764543949,16.414808027404238,0.2015980726145726,85.59014188129738,9.251494035089545,7.326003496014311,0.1833430964142429,0.3495287467571096,27.67423434556565,0.6285565555120503,4.659,weekly,clean,clean,0.0,0,9.251494035089545,clean,weekly|M01AE|A_lag1,,5,,,,,,,5.0,,,
XGBoost,M01AE,A_lag1,pacf_train,1,1,210,45,46,2014-01-12,2018-01-14,2018-01-21,2018-11-25,2018-12-02,2019-10-13,"{""colsample_bytree"": 0.8, ""learning_rate"": 0.05, ""max_depth"": 3, ""n_estimators"": 100, ""subsample"": 0.8}",12,none,42,30.955241784446137,5.563743504552141,4.351468146091037,-0.0133522955417635,0.207093051173355,16.089591762024096,0.2001393852197442,92.9774933385195,9.642483774345669,7.492563684214715,0.1128568063561934,0.3643006477104847,28.16715782247377,0.6276418614819219,4.514,weekly,clean,clean,0.0,0,9.642483774345669,clean,weekly|M01AE|A_lag1,,5,,,,,,,,,,
Naive,M01AE,A_lag1,pacf_train,1,1,210,45,46,2014-01-12,2018-01-14,2018-01-21,2018-11-25,2018-12-02,2019-10-13,{},0,none,42,47.382611781615466,6.883502871475791,5.6189619682124885,-0.505896826483972,0.2557059470403665,20.557561616888865,0.2591039850952873,96.9794350624218,9.847813719928997,7.633084483469506,0.0635952380489698,0.3743350323919246,30.33056515529057,0.7170940980388522,0.0,weekly,noise_a0.10_r1,noise,0.1,1,9.982961567207882,noise_a0.10_r1,weekly|M01AE|A_lag1,,5,,,,,,,,,,
S1 [linear],M01AE,A_lag1,pacf_train,1,1,210,45,46,2014-01-12,2018-01-14,2018-01-21,2018-11-25,2018-12-02,2019-10-13,{},0,none,42,29.74461842810779,5.453862707119404,4.28253669162637,0.0546674230979455,0.2025981763341825,15.913143859959655,0.212530847530032,84.59422606028146,9.19751194945032,7.293821627252283,0.1831831556306518,0.3496157656348748,27.90078441519877,0.6372404922032413,0.005,weekly,noise_a0.10_r1,noise,0.1,1,9.27133808560608,noise_a0.10_r1,weekly|M01AE|A_lag1,,5,linear,0.0,5.453862707119404,0.0,,9.19751194945032,,,,
AR-LRX [linear],M01AE,A_lag1,pacf_train,1,1,210,45,46,2014-01-12,2018-01-14,2018-01-21,2018-11-25,2018-12-02,2019-10-13,"{""colsample_bytree"": 0.8, ""learning_rate"": 0.05, ""max_depth"": 3, ""n_estimators"": 300, ""subsample"": 0.8}",132,none,42,26.86389998541371,5.183039647293247,4.159994730094841,0.1462213623539923,0.1925377364264455,15.361700251154296,0.1984883609820365,89.34553213124788,9.452276558123334,7.436158300976315,0.1373059484941485,0.3592998763169172,28.36337699369687,0.6382119970965937,4.635,weekly,noise_a0.10_r1,noise,0.1,1,9.508771268063702,noise_a0.10_r1,weekly|M01AE|A_lag1,-0.1914510269496081,5,linear,0.5,5.453862707119404,4.9657,-0.0174212587048812,9.19751194945032,5.0,,,
"LR-XGB (residual, tanpa gerbang)",M01AE,A_lag1,pacf_train,1,1,210,45,46,2014-01-12,2018-01-14,2018-01-21,2018-11-25,2018-12-02,2019-10-13,"{""colsample_bytree"": 0.8, ""learning_rate"": 0.05, ""max_depth"": 3, ""n_estimators"": 100, ""subsample"": 0.8}",12,none,42,28.16614186205841,5.307178333357417,4.247897990298857,0.1048339876269056,0.1971491967362717,15.53705487572542,0.1974113662357883,87.4554669891656,9.351762774427376,7.49325981182976,0.1555558588829264,0.3554791470113335,28.616520720861622,0.6427933771066203,4.623,weekly,noise_a0.10_r1,noise,0.1,1,9.391480684566131,noise_a0.10_r1,weekly|M01AE|A_lag1,,5,,,,,,,5.0,,,
XGBoost,M01AE,A_lag1,pacf_train,1,1,210,45,46,2014-01-12,2018-01-14,2018-01-21,2018-11-25,2018-12-02,2019-10-13,"{""colsample_bytree"": 0.8, ""learning_rate"": 0.05, ""max_depth"": 3, ""n_estimators"": 100, ""subsample"": 0.8}",12,none,42,27.354823357263765,5.2301838741351885,4.102832818412493,0.1306190154187257,0.1942890336071381,15.069506076849356,0.1943086876999577,93.7699926852018,9.6834907283067,7.640149296906708,0.0945846650682323,0.3680887878811061,29.079419090845143,0.6384561580254622,4.478,weekly,noise_a0.10_r1,noise,0.1,1,9.72938768711895,noise_a0.10_r1,weekly|M01AE|A_lag1,,5,,,,,,,,,,
Naive,M01AE,A_lag1,pacf_train,1,1,210,45,46,2014-01-12,2018-01-14,2018-01-21,2018-11-25,2018-12-02,2019-10-13,{},0,none,42,42.41106578050614,6.5123778898729565,5.221415278832793,-0.4647347881034034,0.2424799830734421,19.0446478959823,0.2503935792710647,97.45602814775816,9.87198197667308,7.664526312516619,0.0736537312513899,0.3709308480840304,29.696566754894167,0.7466250337775658,0.0,weekly,noise_a0.10_r2,noise,0.1,2,9.89770800486298,noise_a0.10_r2,weekly|M01AE|A_lag1,,5,,,,,,,,,,
S1 [linear],M01AE,A_lag1,pacf_train,1,1,210,45,46,2014-01-12,2018-01-14,2018-01-21,2018-11-25,2018-12-02,2019-10-13,{},0,none,42,27.091623136706627,5.204961396274388,4.190880311656418,0.0643469541677793,0.1938000178443506,15.61569603591865,0.2054246613072353,84.74739500406541,9.20583483471572,7.176723383828601,0.1944527738278599,0.3459009680762603,26.96621469001342,0.6539028043333855,0.006,weekly,noise_a0.10_r2,noise,0.1,2,9.20728845996143,noise_a0.10_r2,weekly|M01AE|A_lag1,,5,linear,0.0,5.204961396274388,0.0,,9.20583483471572,,,,
AR-LRX [linear],M01AE,A_lag1,pacf_train,1,1,210,45,46,2014-01-12,2018-01-14,2018-01-21,2018-11-25,2018-12-02,2019-10-13,"{""colsample_bytree"": 0.8, ""learning_rate"": 0.05, ""max_depth"": 3, ""n_estimators"": 100, ""subsample"": 0.8}",132,none,42,27.091623136706627,5.204961396274388,4.190880311656418,0.0643469541677793,0.1938000178443506,15.61569603591865,0.2054246613072353,84.74739500406541,9.20583483471572,7.176723383828601,0.1944527738278599,0.3459009680762603,26.96621469001342,0.6539028043333855,4.493,weekly,noise_a0.10_r2,noise,0.1,2,9.20728845996143,noise_a0.10_r2,weekly|M01AE|A_lag1,-0.0522140696906618,5,linear,0.0,5.204961396274388,0.0,-0.2913204816282999,9.20583483471572,5.0,,,
"LR-XGB (residual, tanpa gerbang)",M01AE,A_lag1,pacf_train,1,1,210,45,46,2014-01-12,2018-01-14,2018-01-21,2018-11-25,2018-12-02,2019-10-13,"{""colsample_bytree"": 0.8, ""learning_rate"": 0.05, ""max_depth"": 3, ""n_estimators"": 100, ""subsample"": 0.8}",12,none,42,34.67659651481342,5.888683767601502,4.648655442273848,-0.1976123757686496,0.2192575376366436,17.1658224230307,0.2071161327268402,88.64558548005584,9.415178462464525,7.206046066821384,0.1573994045192916,0.3537668666937151,26.798558236568937,0.6494297210417188,5.33,weekly,noise_a0.10_r2,noise,0.1,2,9.432402925303911,noise_a0.10_r2,weekly|M01AE|A_lag1,,5,,,,,,,5.0,,,
XGBoost,M01AE,A_lag1,pacf_train,1,1,210,45,46,2014-01-12,2018-01-14,2018-01-21,2018-11-25,2018-12-02,2019-10-13,"{""colsample_bytree"": 0.8, ""learning_rate"": 0.05, ""max_depth"": 3, ""n_estimators"": 100, ""subsample"": 0.8}",12,none,42,33.7591818250799,5.81026521125154,4.682187376870338,-0.1659279748595969,0.2163377239314298,17.314244077227453,0.2050879697368924,95.26490485606816,9.760374217009725,7.386885728862442,0.0944809589170589,0.3667372868475421,27.367615149572107,0.6486717834395176,5.091,weekly,noise_a0.10_r2,noise,0.1,2,9.768919595974529,noise_a0.10_r2,weekly|M01AE|A_lag1,,5,,,,,,,,,,
Naive,M01AE,A_lag1,pacf_train,1,1,210,45,46,2014-01-12,2018-01-14,2018-01-21,2018-11-25,2018-12-02,2019-10-13,{},0,none,42,50.73472984919152,7.122831589276243,5.610410529355421,-0.489512081536201,0.2651458357192195,20.698950258286864,0.2935344596121098,92.66964312585404,9.626507317083078,7.604666065718535,0.0190046845448561,0.3670644437397679,30.22115763228889,0.6023248528258373,0.0,weekly,noise_a0.25_r1,noise,0.25,1,9.815548686162018,noise_a0.25_r1,weekly|M01AE|A_lag1,,5,,,,,,,,,,
S1 [linear],M01AE,A_lag1,pacf_train,1,1,210,45,46,2014-01-12,2018-01-14,2018-01-21,2018-11-25,2018-12-02,2019-10-13,{},0,none,42,32.160683882511485,5.671039047873986,4.572013850029592,0.0558000932327661,0.2111031784057192,17.113710845440888,0.2364668819321259,79.46918894998042,8.914549284735624,7.15422729359434,0.1587439051958471,0.3399170609453958,27.228622901551443,0.5370014887220486,0.007,weekly,noise_a0.25_r1,noise,0.25,1,9.370708017223311,noise_a0.25_r1,weekly|M01AE|A_lag1,,5,linear,0.0,5.671039047873986,0.0,,8.914549284735624,,,,
AR-LRX [linear],M01AE,A_lag1,pacf_train,1,1,210,45,46,2014-01-12,2018-01-14,2018-01-21,2018-11-25,2018-12-02,2019-10-13,"{""colsample_bytree"": 0.8, ""learning_rate"": 0.1, ""max_depth"": 3, ""n_estimators"": 100, ""subsample"": 0.8}",132,none,42,29.77512177916634,5.456658481082203,4.492058398285751,0.1258373947962066,0.2031229090659884,16.820080481871006,0.2245110644166534,84.84201986170078,9.210972796708324,7.30309883172958,0.1018674375917567,0.3512198655815655,27.64194097406128,0.4906919167636319,5.154,weekly,noise_a0.25_r1,noise,0.25,1,9.670410940531417,noise_a0.25_r1,weekly|M01AE|A_lag1,-0.2328400529400327,5,linear,0.5,5.671039047873986,3.7803,-0.0143720500270896,8.914549284735624,5.0,,,
"LR-XGB (residual, tanpa gerbang)",M01AE,A_lag1,pacf_train,1,1,210,45,46,2014-01-12,2018-01-14,2018-01-21,2018-11-25,2018-12-02,2019-10-13,"{""colsample_bytree"": 0.8, ""learning_rate"": 0.05, ""max_depth"": 3, ""n_estimators"": 100, ""subsample"": 0.8}",12,none,42,30.67881799159241,5.538846268997942,4.607641870212471,0.0993059353709112,0.2061823313532766,17.168285806644672,0.2224398840925725,89.28545143282808,9.44909791635308,7.371414562153632,0.0548295359792354,0.3602997178793719,27.74546279484938,0.4707817449482253,5.522,weekly,noise_a0.25_r1,noise,0.25,1,9.906838618030156,noise_a0.25_r1,weekly|M01AE|A_lag1,,5,,,,,,,5.0,,,
XGBoost,M01AE,A_lag1,pacf_train,1,1,210,45,46,2014-01-12,2018-01-14,2018-01-21,2018-11-25,2018-12-02,2019-10-13,"{""colsample_bytree"": 0.8, ""learning_rate"": 0.05, ""max_depth"": 3, ""n_estimators"": 100, ""subsample"": 0.8}",12,none,42,30.742570366999608,5.5445983052877335,4.667337854399629,0.0974342405047334,0.2063964496361573,17.422606754581164,0.2221395009812851,93.66887282535914,9.67826806951322,7.560754347728656,0.0084268985384193,0.3690381119843871,28.3980513311341,0.4760125268779441,4.615,weekly,noise_a0.25_r1,noise,0.25,1,10.161280943530448,noise_a0.25_r1,weekly|M01AE|A_lag1,,5,,,,,,,,,,
Naive,M01AE,A_lag1,pacf_train,1,1,210,45,46,2014-01-12,2018-01-14,2018-01-21,2018-11-25,2018-12-02,2019-10-13,{},0,none,42,49.69277131361717,7.049309988475267,5.693343948923708,-0.434840656909381,0.263239337664726,20.951803086517845,0.2747449704584866,109.06282657202394,10.443314922572426,8.091840236666544,-0.0073499557947953,0.3929170691144725,31.847600927839416,0.5887493157933582,0.0,weekly,noise_a0.25_r2,noise,0.25,2,10.193736036665635,noise_a0.25_r2,weekly|M01AE|A_lag1,,5,,,,,,,,,,
S1 [linear],M01AE,A_lag1,pacf_train,1,1,210,45,46,2014-01-12,2018-01-14,2018-01-21,2018-11-25,2018-12-02,2019-10-13,{},0,none,42,32.263163970588586,5.680067250533974,4.575385885898154,0.0684258864659256,0.2121082976016314,17.258292160221224,0.235229107275729,89.47032862060409,9.458875653089224,7.430405673027391,0.1736145631491421,0.3558787345095774,28.06129939768364,0.5386768487951081,0.005,weekly,noise_a0.25_r2,noise,0.25,2,9.258512734319163,noise_a0.25_r2,weekly|M01AE|A_lag1,,5,linear,0.0,5.680067250533974,0.0,,9.458875653089224,,,,
AR-LRX [linear],M01AE,A_lag1,pacf_train,1,1,210,45,46,2014-01-12,2018-01-14,2018-01-21,2018-11-25,2018-12-02,2019-10-13,"{""colsample_bytree"": 0.8, ""learning_rate"": 0.05, ""max_depth"": 3, ""n_estimators"": 100, ""subsample"": 0.8}",132,none,42,32.05528619418535,5.6617387960047525,4.596019087491779,0.0744281978155755,0.2114238660418648,17.31340064698631,0.2327733324153904,87.76750667943803,9.368431388414926,7.412935585758475,0.1893425399591622,0.3524758786484343,28.029155752958072,0.5345775070686192,4.576,weekly,noise_a0.25_r2,noise,0.25,2,9.153221879162045,noise_a0.25_r2,weekly|M01AE|A_lag1,0.0440170747927888,5,linear,0.2,5.680067250533974,0.3227,-0.1359779985796583,9.458875653089224,5.0,,,
"LR-XGB (residual, tanpa gerbang)",M01AE,A_lag1,pacf_train,1,1,210,45,46,2014-01-12,2018-01-14,2018-01-21,2018-11-25,2018-12-02,2019-10-13,"{""colsample_bytree"": 0.8, ""learning_rate"": 0.05, ""max_depth"": 3, ""n_estimators"": 100, ""subsample"": 0.8}",12,none,42,36.12991656043147,6.010816630078767,4.84961304041769,-0.0432236287342029,0.2244593288013847,18.017677910509228,0.2358856722409229,84.91709007229534,9.21504693814933,7.475971422186856,0.2156701818647727,0.3467049745731555,28.30906706408974,0.5243417320967575,4.921,weekly,noise_a0.25_r2,noise,0.25,2,8.94360066309952,noise_a0.25_r2,weekly|M01AE|A_lag1,,5,,,,,,,5.0,,,
XGBoost,M01AE,A_lag1,pacf_train,1,1,210,45,46,2014-01-12,2018-01-14,2018-01-21,2018-11-25,2018-12-02,2019-10-13,"{""colsample_bytree"": 0.8, ""learning_rate"": 0.05, ""max_depth"": 3, ""n_estimators"": 100, ""subsample"": 0.8}",12,none,42,36.352076190605246,6.029268296452336,4.869939343324576,-0.0496383176571759,0.2251483614078284,18.149216224930925,0.2393461298232762,91.79448336562426,9.58094376173998,7.674095097808042,0.1521476962684255,0.3604713991796559,28.84784982804618,0.5265628223697266,4.644,weekly,noise_a0.25_r2,noise,0.25,2,9.340205521446515,noise_a0.25_r2,weekly|M01AE|A_lag1,,5,,,,,,,,,,
Naive,M01AE,A_lag1,pacf_train,1,1,210,45,46,2014-01-12,2018-01-14,2018-01-21,2018-11-25,2018-12-02,2019-10-13,{},0,none,42,62.27504825401789,7.891454127980336,6.675918434831005,-0.8697146466546877,0.2913398818557933,23.95933602051509,0.2792356935880301,110.3696887841762,10.505697919899289,8.307492984930594,-0.0382380462785565,0.3879061052120776,32.72037981759154,0.5844876554190851,0.0,weekly,noise_a0.50_r1,noise,0.5,1,10.259903339656953,noise_a0.50_r1,weekly|M01AE|A_lag1,,5,,,,,,,,,,
S1 [linear],M01AE,A_lag1,pacf_train,1,1,210,45,46,2014-01-12,2018-01-14,2018-01-21,2018-11-25,2018-12-02,2019-10-13,{},0,none,42,33.997794144447354,5.830762741224115,4.545342610736894,-0.0207326280429338,0.2152624472762605,16.661301101607748,0.2252260019193047,91.7408578743918,9.578144803373554,7.186907207584277,0.1370017430267213,0.3536576888239286,26.965123681276467,0.5314632875784839,0.005,weekly,noise_a0.50_r1,noise,0.5,1,9.497941721843064,noise_a0.50_r1,weekly|M01AE|A_lag1,,5,linear,0.0,5.830762741224115,0.0,,9.578144803373554,,,,
AR-LRX [linear],M01AE,A_lag1,pacf_train,1,1,210,45,46,2014-01-12,2018-01-14,2018-01-21,2018-11-25,2018-12-02,2019-10-13,"{""colsample_bytree"": 0.8, ""learning_rate"": 0.05, ""max_depth"": 3, ""n_estimators"": 100, ""subsample"": 0.8}",132,none,42,33.997794144447354,5.830762741224115,4.545342610736894,-0.0207326280429338,0.2152624472762605,16.661301101607748,0.2252260019193047,91.7408578743918,9.578144803373554,7.186907207584277,0.1370017430267213,0.3536576888239286,26.965123681276467,0.5314632875784839,4.411,weekly,noise_a0.50_r1,noise,0.5,1,9.497941721843064,noise_a0.50_r1,weekly|M01AE|A_lag1,0.1222882531461726,5,linear,0.0,5.830762741224115,0.0,-0.1158084090835254,9.578144803373554,5.0,,,
"LR-XGB (residual, tanpa gerbang)",M01AE,A_lag1,pacf_train,1,1,210,45,46,2014-01-12,2018-01-14,2018-01-21,2018-11-25,2018-12-02,2019-10-13,"{""colsample_bytree"": 0.8, ""learning_rate"": 0.05, ""max_depth"": 3, ""n_estimators"": 100, ""subsample"": 0.8}",12,none,42,37.80124012870383,6.14827131222296,4.772738730649849,-0.1349253723908352,0.2269843565800252,17.43219396802325,0.2234696977828981,80.39398742776184,8.966269426453895,6.827548316082085,0.243740764706141,0.3310651684463436,26.040294776591903,0.4906346596286763,4.676,weekly,noise_a0.50_r1,noise,0.5,1,8.928938106794162,noise_a0.50_r1,weekly|M01AE|A_lag1,,5,,,,,,,5.0,,,
XGBoost,M01AE,A_lag1,pacf_train,1,1,210,45,46,2014-01-12,2018-01-14,2018-01-21,2018-11-25,2018-12-02,2019-10-13,"{""colsample_bytree"": 0.8, ""learning_rate"": 0.05, ""max_depth"": 3, ""n_estimators"": 100, ""subsample"": 0.8}",12,none,42,37.820426035697096,6.149831382704496,4.780594440216459,-0.1355014003879286,0.2270419518903959,17.481613734291336,0.2232590084981457,82.95662521437707,9.10805276743482,6.963642628463391,0.2196342543208687,0.3363002917102337,26.404955692005625,0.4957915255140227,4.59,weekly,noise_a0.50_r1,noise,0.5,1,9.039039297696402,noise_a0.50_r1,weekly|M01AE|A_lag1,,5,,,,,,,,,,
Naive,M01AE,A_lag1,pacf_train,1,1,210,45,46,2014-01-12,2018-01-14,2018-01-21,2018-11-25,2018-12-02,2019-10-13,{},0,none,42,71.57693977444804,8.460315583620273,6.537865446106998,-0.6990153851953707,0.311593089036722,23.530246003425624,0.3514486027003135,113.90009401530116,10.672398700165823,8.49388509595964,-0.0750345850543421,0.4030874759898376,33.63988203811853,1.0185966868414496,0.0,weekly,noise_a0.50_r2,noise,0.5,2,10.527466759388131,noise_a0.50_r2,weekly|M01AE|A_lag1,,5,,,,,,,,,,
S1 [linear],M01AE,A_lag1,pacf_train,1,1,210,45,46,2014-01-12,2018-01-14,2018-01-21,2018-11-25,2018-12-02,2019-10-13,{},0,none,42,41.40979096414817,6.43504397530803,4.941682070624239,0.0170595143140215,0.2370024156351108,18.168104302134708,0.2576946080223975,92.3176844120392,9.608209219830677,7.431076672110214,0.1286688179402035,0.362893939030188,28.44238828323825,0.8759369648708747,0.005,weekly,noise_a0.50_r2,noise,0.5,2,9.527705802976362,noise_a0.50_r2,weekly|M01AE|A_lag1,,5,linear,0.0,6.43504397530803,0.0,,9.608209219830677,,,,
AR-LRX [linear],M01AE,A_lag1,pacf_train,1,1,210,45,46,2014-01-12,2018-01-14,2018-01-21,2018-11-25,2018-12-02,2019-10-13,"{""colsample_bytree"": 0.8, ""learning_rate"": 0.05, ""max_depth"": 3, ""n_estimators"": 100, ""subsample"": 0.8}",132,none,42,41.40979096414817,6.43504397530803,4.941682070624239,0.0170595143140215,0.2370024156351108,18.168104302134708,0.2576946080223975,92.3176844120392,9.608209219830677,7.431076672110214,0.1286688179402035,0.362893939030188,28.44238828323825,0.8759369648708747,4.482,weekly,noise_a0.50_r2,noise,0.5,2,9.527705802976362,noise_a0.50_r2,weekly|M01AE|A_lag1,-0.1218172435045166,5,linear,0.0,6.43504397530803,0.0,-0.2303547778971344,9.608209219830677,5.0,,,
"LR-XGB (residual, tanpa gerbang)",M01AE,A_lag1,pacf_train,1,1,210,45,46,2014-01-12,2018-01-14,2018-01-21,2018-11-25,2018-12-02,2019-10-13,"{""colsample_bytree"": 0.8, ""learning_rate"": 0.05, ""max_depth"": 3, ""n_estimators"": 100, ""subsample"": 0.8}",12,none,42,50.87670452006286,7.132790794637318,5.51791985021608,-0.2076557617581134,0.262700403452644,19.98125036888515,0.2738066887042933,102.87100671279322,10.142534531013103,7.810273714351673,0.0290623465090938,0.383074954291421,29.63314353327974,0.8504775000868796,4.79,weekly,noise_a0.50_r2,noise,0.5,2,10.035345990279335,noise_a0.50_r2,weekly|M01AE|A_lag1,,5,,,,,,,5.0,,,
XGBoost,M01AE,A_lag1,pacf_train,1,1,210,45,46,2014-01-12,2018-01-14,2018-01-21,2018-11-25,2018-12-02,2019-10-13,"{""colsample_bytree"": 0.8, ""learning_rate"": 0.05, ""max_depth"": 3, ""n_estimators"": 100, ""subsample"": 0.8}",12,none,42,48.13408881804413,6.937873508362928,5.411811281642712,-0.1425545393799014,0.255521607492068,19.68413022262051,0.2651450670958872,106.49219059369844,10.319505346367064,7.845199261316958,-0.0051158334517713,0.3897589923684263,29.703518090460403,0.8456865778363563,4.599,weekly,noise_a0.50_r2,noise,0.5,2,10.232852200270136,noise_a0.50_r2,weekly|M01AE|A_lag1,,5,,,,,,,,,,
Naive,M01AE,A_lag1,pacf_train,1,1,210,45,46,2014-01-12,2018-01-14,2018-01-21,2018-11-25,2018-12-02,2019-10-13,{},0,none,42,45.908203888888885,6.775559304506816,5.505622222222224,-0.5028531878042071,0.2521991261150493,20.14832613520521,0.2609274473557304,136.89195788043477,11.700083669804878,8.87921739130435,0.4369529244363477,0.4099137555935457,31.93709259552132,0.7389244371618452,0.0,weekly,spike,spike,1.5,0,13.301743923546592,spike,weekly|M01AE|A_lag1,,5,,,,,,,,16.656631761103444,11.113330193960763,4.0
S1 [linear],M01AE,A_lag1,pacf_train,1,1,210,45,46,2014-01-12,2018-01-14,2018-01-21,2018-11-25,2018-12-02,2019-10-13,{},0,none,42,28.86272463150085,5.372403989975144,4.376200802707008,0.0551484474071438,0.1999710327245609,16.335850128153716,0.2131124701590943,170.09805869155977,13.042164647464,9.015853679091236,0.3003736962474582,0.4569337145432993,30.073759627623502,0.6401997944821836,0.008,weekly,spike,spike,1.5,0,8.874872710227756,spike,weekly|M01AE|A_lag1,,5,linear,0.0,5.372403989975144,0.0,,13.042164647464,,34.505696952327746,8.538342388404468,4.0
AR-LRX [linear],M01AE,A_lag1,pacf_train,1,1,210,45,46,2014-01-12,2018-01-14,2018-01-21,2018-11-25,2018-12-02,2019-10-13,"{""colsample_bytree"": 0.8, ""learning_rate"": 0.05, ""max_depth"": 3, ""n_estimators"": 100, ""subsample"": 0.8}",132,none,42,28.726479177932983,5.3597088706321525,4.35870607338803,0.0596085851793352,0.199498496383229,16.257108545746128,0.2078128548254241,169.10607808896998,13.004079286476609,9.022479280676372,0.3044537882116032,0.4555993896105839,30.11656898493872,0.6395632313760696,4.558,weekly,spike,spike,1.5,0,8.880327394340902,spike,weekly|M01AE|A_lag1,0.0179044135313743,5,linear,0.2,5.372403989975144,0.2363,-0.1159922050104245,13.042164647464,5.0,34.2574248068205,8.569873831533311,4.0
"LR-XGB (residual, tanpa gerbang)",M01AE,A_lag1,pacf_train,1,1,210,45,46,2014-01-12,2018-01-14,2018-01-21,2018-11-25,2018-12-02,2019-10-13,"{""colsample_bytree"": 0.8, ""learning_rate"": 0.05, ""max_depth"": 3, ""n_estimators"": 100, ""subsample"": 0.8}",12,none,42,31.970726086854864,5.6542661846480895,4.442514033954427,-0.0465952388887467,0.2104624764543949,16.414808027404238,0.2015980726145726,166.54362192160906,12.90517810499371,9.050213496817038,0.314993366092086,0.4521343755236402,30.24849120051471,0.6395116834499502,4.611,weekly,spike,spike,1.5,0,8.98070582020495,spike,weekly|M01AE|A_lag1,,5,,,,,,,5.0,33.266513734275684,8.775456661924192,4.0
XGBoost,M01AE,A_lag1,pacf_train,1,1,210,45,46,2014-01-12,2018-01-14,2018-01-21,2018-11-25,2018-12-02,2019-10-13,"{""colsample_bytree"": 0.8, ""learning_rate"": 0.05, ""max_depth"": 3, ""n_estimators"": 100, ""subsample"": 0.8}",12,none,42,30.955241784446137,5.563743504552141,4.351468146091037,-0.0133522955417635,0.207093051173355,16.089591762024096,0.2001393852197442,213.53217944473352,14.612740312642716,9.678900417162025,0.121725841045379,0.5119590107314569,31.76134986107489,0.6419091203270182,4.556,weekly,spike,spike,1.5,0,9.702004742133225,spike,weekly|M01AE|A_lag1,,5,,,,,,,,40.79290172376076,8.682545339823937,4.0
Naive,M01AE,A_lag1,pacf_train,1,1,210,45,46,2014-01-12,2018-01-14,2018-01-21,2018-11-25,2018-12-02,2019-10-13,{},0,none,42,45.908203888888885,6.775559304506816,5.505622222222224,-0.5028531878042071,0.2521991261150493,20.14832613520521,0.2609274473557304,126.75588459326086,11.25859159012622,8.644141304347826,-0.2240021112611194,0.3770657267135781,29.701069594349683,0.7157771011639843,0.0,weekly,level,level,1.3,0,11.772312472529329,level,weekly|M01AE|A_lag1,,5,,,,,,,,11.904500092292468,10.573298763353396,23.0
S1 [linear],M01AE,A_lag1,pacf_train,1,1,210,45,46,2014-01-12,2018-01-14,2018-01-21,2018-11-25,2018-12-02,2019-10-13,{},0,none,42,28.86272463150085,5.372403989975144,4.376200802707008,0.0551484474071438,0.1999710327245609,16.335850128153716,0.2131124701590943,94.39009599010934,9.71545655078079,7.706069632412282,0.0885340184026765,0.3253840105441893,26.33287983533204,0.5132380320059906,0.005,weekly,level,level,1.3,0,9.72347263963242,level,weekly|M01AE|A_lag1,,5,linear,0.0,5.372403989975144,0.0,,9.71545655078079,,8.865082406765682,10.497166565386694,23.0
AR-LRX [linear],M01AE,A_lag1,pacf_train,1,1,210,45,46,2014-01-12,2018-01-14,2018-01-21,2018-11-25,2018-12-02,2019-10-13,"{""colsample_bytree"": 0.8, ""learning_rate"": 0.05, ""max_depth"": 3, ""n_estimators"": 100, ""subsample"": 0.8}",132,none,42,28.726479177932983,5.3597088706321525,4.35870607338803,0.0596085851793352,0.199498496383229,16.257108545746128,0.2078128548254241,94.61634206481123,9.727093197086743,7.681665858646425,0.0863493018982848,0.3257737378436245,26.254254357856137,0.5237611818973624,4.503,weekly,level,level,1.3,0,9.719649784619346,level,weekly|M01AE|A_lag1,-0.0897329768346881,5,linear,0.2,5.372403989975144,0.2363,-0.1159922050104245,9.71545655078079,5.0,8.98762802884305,10.414183911607156,23.0
"LR-XGB (residual, tanpa gerbang)",M01AE,A_lag1,pacf_train,1,1,210,45,46,2014-01-12,2018-01-14,2018-01-21,2018-11-25,2018-12-02,2019-10-13,"{""colsample_bytree"": 0.8, ""learning_rate"": 0.05, ""max_depth"": 3, ""n_estimators"": 100, ""subsample"": 0.8}",12,none,42,31.970726086854864,5.6542661846480895,4.442514033954427,-0.0465952388887467,0.2104624764543949,16.414808027404238,0.2015980726145726,99.72213669879513,9.986097170506358,7.986120334459526,0.037045844061076,0.3344481373613066,27.2159456632406,0.570437915718178,4.646,weekly,level,level,1.3,0,9.918421718279731,level,weekly|M01AE|A_lag1,,5,,,,,,,5.0,9.656209147637046,10.305430524470136,23.0
XGBoost,M01AE,A_lag1,pacf_train,1,1,210,45,46,2014-01-12,2018-01-14,2018-01-21,2018-11-25,2018-12-02,2019-10-13,"{""colsample_bytree"": 0.8, ""learning_rate"": 0.05, ""max_depth"": 3, ""n_estimators"": 100, ""subsample"": 0.8}",12,none,42,30.955241784446137,5.563743504552141,4.351468146091037,-0.0133522955417635,0.207093051173355,16.089591762024096,0.2001393852197442,106.51611706641388,10.32066456515344,8.089912121714717,-0.0285593650423605,0.3456532598481999,27.49140267586224,0.5716536023126795,4.581,weekly,level,level,1.3,0,10.23574218898674,level,weekly|M01AE|A_lag1,,5,,,,,,,,9.678213427294343,10.925402463459516,23.0
Naive,M01AE,B_rich,pacf_train,1,1,210,45,46,2014-01-12,2018-01-14,2018-01-21,2018-11-25,2018-12-02,2019-10-13,{},0,none,42,45.908203888888885,6.775559304506816,5.505622222222224,-0.5028531878042071,0.2521991261150493,20.14832613520521,0.2609274473557304,99.00320602173912,9.9500354784161,7.71463043478261,0.0553625698283433,0.3759201938377401,30.265748716527487,0.717837483642111,0.0,weekly,clean,clean,0.0,0,9.9500354784161,clean,weekly|M01AE|B_rich,,5,,,,,,,,,,
S1 [linear],M01AE,B_rich,pacf_train,1,1,210,45,46,2014-01-12,2018-01-14,2018-01-21,2018-11-25,2018-12-02,2019-10-13,{},0,none,42,28.86272463150085,5.372403989975144,4.376200802707008,0.0551484474071438,0.1999710327245609,16.335850128153716,0.2131124701590943,85.1469526480301,9.227510641989534,7.280131693320726,0.1875717790520701,0.3486226352359398,27.57759171854261,0.6299231042993104,0.006,weekly,clean,clean,0.0,0,9.227510641989534,clean,weekly|M01AE|B_rich,,5,linear,0.0,5.372403989975144,0.0,,9.227510641989534,,,,
AR-LRX [linear],M01AE,B_rich,pacf_train,1,1,210,45,46,2014-01-12,2018-01-14,2018-01-21,2018-11-25,2018-12-02,2019-10-13,"{""colsample_bytree"": 0.8, ""learning_rate"": 0.05, ""max_depth"": 3, ""n_estimators"": 100, ""subsample"": 0.8}",132,none,42,28.726479177932983,5.3597088706321525,4.35870607338803,0.0596085851793352,0.199498496383229,16.257108545746128,0.2078128548254241,84.61079026463172,9.198412377395988,7.237606522837052,0.1926875634429002,0.3475232798326272,27.4622195209679,0.6289359905696627,4.438,weekly,clean,clean,0.0,0,9.198412377395988,clean,weekly|M01AE|B_rich,-0.0128860402350439,5,linear,0.2,5.372403989975144,0.2363,-0.1159922050104245,9.227510641989534,5.0,,,
"LR-XGB (residual, tanpa gerbang)",M01AE,B_rich,pacf_train,1,1,210,45,46,2014-01-12,2018-01-14,2018-01-21,2018-11-25,2018-12-02,2019-10-13,"{""colsample_bytree"": 0.8, ""learning_rate"": 0.05, ""max_depth"": 3, ""n_estimators"": 100, ""subsample"": 0.8}",12,none,42,31.970726086854864,5.6542661846480895,4.442514033954427,-0.0465952388887467,0.2104624764543949,16.414808027404238,0.2015980726145726,85.59014188129738,9.251494035089545,7.326003496014311,0.1833430964142429,0.3495287467571096,27.67423434556565,0.6285565555120503,4.729,weekly,clean,clean,0.0,0,9.251494035089545,clean,weekly|M01AE|B_rich,,5,,,,,,,5.0,,,
XGBoost,M01AE,B_rich,pacf_train,1,1,210,45,46,2014-01-12,2018-01-14,2018-01-21,2018-11-25,2018-12-02,2019-10-13,"{""colsample_bytree"": 0.8, ""learning_rate"": 0.05, ""max_depth"": 3, ""n_estimators"": 100, ""subsample"": 0.8}",12,none,42,30.955241784446137,5.563743504552141,4.351468146091037,-0.0133522955417635,0.207093051173355,16.089591762024096,0.2001393852197442,92.9774933385195,9.642483774345669,7.492563684214715,0.1128568063561934,0.3643006477104847,28.16715782247377,0.6276418614819219,4.598,weekly,clean,clean,0.0,0,9.642483774345669,clean,weekly|M01AE|B_rich,,5,,,,,,,,,,
Naive,M01AE,B_rich,pacf_train,1,1,210,45,46,2014-01-12,2018-01-14,2018-01-21,2018-11-25,2018-12-02,2019-10-13,{},0,none,42,47.382611781615466,6.883502871475791,5.6189619682124885,-0.505896826483972,0.2557059470403665,20.557561616888865,0.2591039850952873,96.9794350624218,9.847813719928997,7.633084483469506,0.0635952380489698,0.3743350323919246,30.33056515529057,0.7170940980388522,0.0,weekly,noise_a0.10_r1,noise,0.1,1,9.982961567207882,noise_a0.10_r1,weekly|M01AE|B_rich,,5,,,,,,,,,,
S1 [linear],M01AE,B_rich,pacf_train,1,1,210,45,46,2014-01-12,2018-01-14,2018-01-21,2018-11-25,2018-12-02,2019-10-13,{},0,none,42,29.74461842810779,5.453862707119404,4.28253669162637,0.0546674230979455,0.2025981763341825,15.913143859959655,0.212530847530032,84.59422606028146,9.19751194945032,7.293821627252283,0.1831831556306518,0.3496157656348748,27.90078441519877,0.6372404922032413,0.006,weekly,noise_a0.10_r1,noise,0.1,1,9.27133808560608,noise_a0.10_r1,weekly|M01AE|B_rich,,5,linear,0.0,5.453862707119404,0.0,,9.19751194945032,,,,
AR-LRX [linear],M01AE,B_rich,pacf_train,1,1,210,45,46,2014-01-12,2018-01-14,2018-01-21,2018-11-25,2018-12-02,2019-10-13,"{""colsample_bytree"": 0.8, ""learning_rate"": 0.05, ""max_depth"": 3, ""n_estimators"": 300, ""subsample"": 0.8}",132,none,42,26.86389998541371,5.183039647293247,4.159994730094841,0.1462213623539923,0.1925377364264455,15.361700251154296,0.1984883609820365,89.34553213124788,9.452276558123334,7.436158300976315,0.1373059484941485,0.3592998763169172,28.36337699369687,0.6382119970965937,4.545,weekly,noise_a0.10_r1,noise,0.1,1,9.508771268063702,noise_a0.10_r1,weekly|M01AE|B_rich,-0.1914510269496081,5,linear,0.5,5.453862707119404,4.9657,-0.0174212587048812,9.19751194945032,5.0,,,
"LR-XGB (residual, tanpa gerbang)",M01AE,B_rich,pacf_train,1,1,210,45,46,2014-01-12,2018-01-14,2018-01-21,2018-11-25,2018-12-02,2019-10-13,"{""colsample_bytree"": 0.8, ""learning_rate"": 0.05, ""max_depth"": 3, ""n_estimators"": 100, ""subsample"": 0.8}",12,none,42,28.16614186205841,5.307178333357417,4.247897990298857,0.1048339876269056,0.1971491967362717,15.53705487572542,0.1974113662357883,87.4554669891656,9.351762774427376,7.49325981182976,0.1555558588829264,0.3554791470113335,28.616520720861622,0.6427933771066203,4.768,weekly,noise_a0.10_r1,noise,0.1,1,9.391480684566131,noise_a0.10_r1,weekly|M01AE|B_rich,,5,,,,,,,5.0,,,
XGBoost,M01AE,B_rich,pacf_train,1,1,210,45,46,2014-01-12,2018-01-14,2018-01-21,2018-11-25,2018-12-02,2019-10-13,"{""colsample_bytree"": 0.8, ""learning_rate"": 0.05, ""max_depth"": 3, ""n_estimators"": 100, ""subsample"": 0.8}",12,none,42,27.354823357263765,5.2301838741351885,4.102832818412493,0.1306190154187257,0.1942890336071381,15.069506076849356,0.1943086876999577,93.7699926852018,9.6834907283067,7.640149296906708,0.0945846650682323,0.3680887878811061,29.079419090845143,0.6384561580254622,4.494,weekly,noise_a0.10_r1,noise,0.1,1,9.72938768711895,noise_a0.10_r1,weekly|M01AE|B_rich,,5,,,,,,,,,,
Naive,M01AE,B_rich,pacf_train,1,1,210,45,46,2014-01-12,2018-01-14,2018-01-21,2018-11-25,2018-12-02,2019-10-13,{},0,none,42,42.41106578050614,6.5123778898729565,5.221415278832793,-0.4647347881034034,0.2424799830734421,19.0446478959823,0.2503935792710647,97.45602814775816,9.87198197667308,7.664526312516619,0.0736537312513899,0.3709308480840304,29.696566754894167,0.7466250337775658,0.0,weekly,noise_a0.10_r2,noise,0.1,2,9.89770800486298,noise_a0.10_r2,weekly|M01AE|B_rich,,5,,,,,,,,,,
S1 [linear],M01AE,B_rich,pacf_train,1,1,210,45,46,2014-01-12,2018-01-14,2018-01-21,2018-11-25,2018-12-02,2019-10-13,{},0,none,42,27.091623136706627,5.204961396274388,4.190880311656418,0.0643469541677793,0.1938000178443506,15.61569603591865,0.2054246613072353,84.74739500406541,9.20583483471572,7.176723383828601,0.1944527738278599,0.3459009680762603,26.96621469001342,0.6539028043333855,0.006,weekly,noise_a0.10_r2,noise,0.1,2,9.20728845996143,noise_a0.10_r2,weekly|M01AE|B_rich,,5,linear,0.0,5.204961396274388,0.0,,9.20583483471572,,,,
AR-LRX [linear],M01AE,B_rich,pacf_train,1,1,210,45,46,2014-01-12,2018-01-14,2018-01-21,2018-11-25,2018-12-02,2019-10-13,"{""colsample_bytree"": 0.8, ""learning_rate"": 0.05, ""max_depth"": 3, ""n_estimators"": 100, ""subsample"": 0.8}",132,none,42,27.091623136706627,5.204961396274388,4.190880311656418,0.0643469541677793,0.1938000178443506,15.61569603591865,0.2054246613072353,84.74739500406541,9.20583483471572,7.176723383828601,0.1944527738278599,0.3459009680762603,26.96621469001342,0.6539028043333855,4.575,weekly,noise_a0.10_r2,noise,0.1,2,9.20728845996143,noise_a0.10_r2,weekly|M01AE|B_rich,-0.0522140696906618,5,linear,0.0,5.204961396274388,0.0,-0.2913204816282999,9.20583483471572,5.0,,,
"LR-XGB (residual, tanpa gerbang)",M01AE,B_rich,pacf_train,1,1,210,45,46,2014-01-12,2018-01-14,2018-01-21,2018-11-25,2018-12-02,2019-10-13,"{""colsample_bytree"": 0.8, ""learning_rate"": 0.05, ""max_depth"": 3, ""n_estimators"": 100, ""subsample"": 0.8}",12,none,42,34.67659651481342,5.888683767601502,4.648655442273848,-0.1976123757686496,0.2192575376366436,17.1658224230307,0.2071161327268402,88.64558548005584,9.415178462464525,7.206046066821384,0.1573994045192916,0.3537668666937151,26.798558236568937,0.6494297210417188,4.942,weekly,noise_a0.10_r2,noise,0.1,2,9.432402925303911,noise_a0.10_r2,weekly|M01AE|B_rich,,5,,,,,,,5.0,,,
XGBoost,M01AE,B_rich,pacf_train,1,1,210,45,46,2014-01-12,2018-01-14,2018-01-21,2018-11-25,2018-12-02,2019-10-13,"{""colsample_bytree"": 0.8, ""learning_rate"": 0.05, ""max_depth"": 3, ""n_estimators"": 100, ""subsample"": 0.8}",12,none,42,33.7591818250799,5.81026521125154,4.682187376870338,-0.1659279748595969,0.2163377239314298,17.314244077227453,0.2050879697368924,95.26490485606816,9.760374217009725,7.386885728862442,0.0944809589170589,0.3667372868475421,27.367615149572107,0.6486717834395176,4.604,weekly,noise_a0.10_r2,noise,0.1,2,9.768919595974529,noise_a0.10_r2,weekly|M01AE|B_rich,,5,,,,,,,,,,
Naive,M01AE,B_rich,pacf_train,1,1,210,45,46,2014-01-12,2018-01-14,2018-01-21,2018-11-25,2018-12-02,2019-10-13,{},0,none,42,50.73472984919152,7.122831589276243,5.610410529355421,-0.489512081536201,0.2651458357192195,20.698950258286864,0.2935344596121098,92.66964312585404,9.626507317083078,7.604666065718535,0.0190046845448561,0.3670644437397679,30.22115763228889,0.6023248528258373,0.0,weekly,noise_a0.25_r1,noise,0.25,1,9.815548686162018,noise_a0.25_r1,weekly|M01AE|B_rich,,5,,,,,,,,,,
S1 [linear],M01AE,B_rich,pacf_train,1,1,210,45,46,2014-01-12,2018-01-14,2018-01-21,2018-11-25,2018-12-02,2019-10-13,{},0,none,42,32.160683882511485,5.671039047873986,4.572013850029592,0.0558000932327661,0.2111031784057192,17.113710845440888,0.2364668819321259,79.46918894998042,8.914549284735624,7.15422729359434,0.1587439051958471,0.3399170609453958,27.228622901551443,0.5370014887220486,0.005,weekly,noise_a0.25_r1,noise,0.25,1,9.370708017223311,noise_a0.25_r1,weekly|M01AE|B_rich,,5,linear,0.0,5.671039047873986,0.0,,8.914549284735624,,,,
AR-LRX [linear],M01AE,B_rich,pacf_train,1,1,210,45,46,2014-01-12,2018-01-14,2018-01-21,2018-11-25,2018-12-02,2019-10-13,"{""colsample_bytree"": 0.8, ""learning_rate"": 0.1, ""max_depth"": 3, ""n_estimators"": 100, ""subsample"": 0.8}",132,none,42,29.77512177916634,5.456658481082203,4.492058398285751,0.1258373947962066,0.2031229090659884,16.820080481871006,0.2245110644166534,84.84201986170078,9.210972796708324,7.30309883172958,0.1018674375917567,0.3512198655815655,27.64194097406128,0.4906919167636319,4.539,weekly,noise_a0.25_r1,noise,0.25,1,9.670410940531417,noise_a0.25_r1,weekly|M01AE|B_rich,-0.2328400529400327,5,linear,0.5,5.671039047873986,3.7803,-0.0143720500270896,8.914549284735624,5.0,,,
"LR-XGB (residual, tanpa gerbang)",M01AE,B_rich,pacf_train,1,1,210,45,46,2014-01-12,2018-01-14,2018-01-21,2018-11-25,2018-12-02,2019-10-13,"{""colsample_bytree"": 0.8, ""learning_rate"": 0.05, ""max_depth"": 3, ""n_estimators"": 100, ""subsample"": 0.8}",12,none,42,30.67881799159241,5.538846268997942,4.607641870212471,0.0993059353709112,0.2061823313532766,17.168285806644672,0.2224398840925725,89.28545143282808,9.44909791635308,7.371414562153632,0.0548295359792354,0.3602997178793719,27.74546279484938,0.4707817449482253,4.655,weekly,noise_a0.25_r1,noise,0.25,1,9.906838618030156,noise_a0.25_r1,weekly|M01AE|B_rich,,5,,,,,,,5.0,,,
XGBoost,M01AE,B_rich,pacf_train,1,1,210,45,46,2014-01-12,2018-01-14,2018-01-21,2018-11-25,2018-12-02,2019-10-13,"{""colsample_bytree"": 0.8, ""learning_rate"": 0.05, ""max_depth"": 3, ""n_estimators"": 100, ""subsample"": 0.8}",12,none,42,30.742570366999608,5.5445983052877335,4.667337854399629,0.0974342405047334,0.2063964496361573,17.422606754581164,0.2221395009812851,93.66887282535914,9.67826806951322,7.560754347728656,0.0084268985384193,0.3690381119843871,28.3980513311341,0.4760125268779441,4.653,weekly,noise_a0.25_r1,noise,0.25,1,10.161280943530448,noise_a0.25_r1,weekly|M01AE|B_rich,,5,,,,,,,,,,
Naive,M01AE,B_rich,pacf_train,1,1,210,45,46,2014-01-12,2018-01-14,2018-01-21,2018-11-25,2018-12-02,2019-10-13,{},0,none,42,49.69277131361717,7.049309988475267,5.693343948923708,-0.434840656909381,0.263239337664726,20.951803086517845,0.2747449704584866,109.06282657202394,10.443314922572426,8.091840236666544,-0.0073499557947953,0.3929170691144725,31.847600927839416,0.5887493157933582,0.0,weekly,noise_a0.25_r2,noise,0.25,2,10.193736036665635,noise_a0.25_r2,weekly|M01AE|B_rich,,5,,,,,,,,,,
S1 [linear],M01AE,B_rich,pacf_train,1,1,210,45,46,2014-01-12,2018-01-14,2018-01-21,2018-11-25,2018-12-02,2019-10-13,{},0,none,42,32.263163970588586,5.680067250533974,4.575385885898154,0.0684258864659256,0.2121082976016314,17.258292160221224,0.235229107275729,89.47032862060409,9.458875653089224,7.430405673027391,0.1736145631491421,0.3558787345095774,28.06129939768364,0.5386768487951081,0.006,weekly,noise_a0.25_r2,noise,0.25,2,9.258512734319163,noise_a0.25_r2,weekly|M01AE|B_rich,,5,linear,0.0,5.680067250533974,0.0,,9.458875653089224,,,,
AR-LRX [linear],M01AE,B_rich,pacf_train,1,1,210,45,46,2014-01-12,2018-01-14,2018-01-21,2018-11-25,2018-12-02,2019-10-13,"{""colsample_bytree"": 0.8, ""learning_rate"": 0.05, ""max_depth"": 3, ""n_estimators"": 100, ""subsample"": 0.8}",132,none,42,32.05528619418535,5.6617387960047525,4.596019087491779,0.0744281978155755,0.2114238660418648,17.31340064698631,0.2327733324153904,87.76750667943803,9.368431388414926,7.412935585758475,0.1893425399591622,0.3524758786484343,28.029155752958072,0.5345775070686192,4.575,weekly,noise_a0.25_r2,noise,0.25,2,9.153221879162045,noise_a0.25_r2,weekly|M01AE|B_rich,0.0440170747927888,5,linear,0.2,5.680067250533974,0.3227,-0.1359779985796583,9.458875653089224,5.0,,,
"LR-XGB (residual, tanpa gerbang)",M01AE,B_rich,pacf_train,1,1,210,45,46,2014-01-12,2018-01-14,2018-01-21,2018-11-25,2018-12-02,2019-10-13,"{""colsample_bytree"": 0.8, ""learning_rate"": 0.05, ""max_depth"": 3, ""n_estimators"": 100, ""subsample"": 0.8}",12,none,42,36.12991656043147,6.010816630078767,4.84961304041769,-0.0432236287342029,0.2244593288013847,18.017677910509228,0.2358856722409229,84.91709007229534,9.21504693814933,7.475971422186856,0.2156701818647727,0.3467049745731555,28.30906706408974,0.5243417320967575,4.835,weekly,noise_a0.25_r2,noise,0.25,2,8.94360066309952,noise_a0.25_r2,weekly|M01AE|B_rich,,5,,,,,,,5.0,,,
XGBoost,M01AE,B_rich,pacf_train,1,1,210,45,46,2014-01-12,2018-01-14,2018-01-21,2018-11-25,2018-12-02,2019-10-13,"{""colsample_bytree"": 0.8, ""learning_rate"": 0.05, ""max_depth"": 3, ""n_estimators"": 100, ""subsample"": 0.8}",12,none,42,36.352076190605246,6.029268296452336,4.869939343324576,-0.0496383176571759,0.2251483614078284,18.149216224930925,0.2393461298232762,91.79448336562426,9.58094376173998,7.674095097808042,0.1521476962684255,0.3604713991796559,28.84784982804618,0.5265628223697266,4.693,weekly,noise_a0.25_r2,noise,0.25,2,9.340205521446515,noise_a0.25_r2,weekly|M01AE|B_rich,,5,,,,,,,,,,
Naive,M01AE,B_rich,pacf_train,1,1,210,45,46,2014-01-12,2018-01-14,2018-01-21,2018-11-25,2018-12-02,2019-10-13,{},0,none,42,62.27504825401789,7.891454127980336,6.675918434831005,-0.8697146466546877,0.2913398818557933,23.95933602051509,0.2792356935880301,110.3696887841762,10.505697919899289,8.307492984930594,-0.0382380462785565,0.3879061052120776,32.72037981759154,0.5844876554190851,0.0,weekly,noise_a0.50_r1,noise,0.5,1,10.259903339656953,noise_a0.50_r1,weekly|M01AE|B_rich,,5,,,,,,,,,,
S1 [linear],M01AE,B_rich,pacf_train,1,1,210,45,46,2014-01-12,2018-01-14,2018-01-21,2018-11-25,2018-12-02,2019-10-13,{},0,none,42,33.997794144447354,5.830762741224115,4.545342610736894,-0.0207326280429338,0.2152624472762605,16.661301101607748,0.2252260019193047,91.7408578743918,9.578144803373554,7.186907207584277,0.1370017430267213,0.3536576888239286,26.965123681276467,0.5314632875784839,0.006,weekly,noise_a0.50_r1,noise,0.5,1,9.497941721843064,noise_a0.50_r1,weekly|M01AE|B_rich,,5,linear,0.0,5.830762741224115,0.0,,9.578144803373554,,,,
AR-LRX [linear],M01AE,B_rich,pacf_train,1,1,210,45,46,2014-01-12,2018-01-14,2018-01-21,2018-11-25,2018-12-02,2019-10-13,"{""colsample_bytree"": 0.8, ""learning_rate"": 0.05, ""max_depth"": 3, ""n_estimators"": 100, ""subsample"": 0.8}",132,none,42,33.997794144447354,5.830762741224115,4.545342610736894,-0.0207326280429338,0.2152624472762605,16.661301101607748,0.2252260019193047,91.7408578743918,9.578144803373554,7.186907207584277,0.1370017430267213,0.3536576888239286,26.965123681276467,0.5314632875784839,4.397,weekly,noise_a0.50_r1,noise,0.5,1,9.497941721843064,noise_a0.50_r1,weekly|M01AE|B_rich,0.1222882531461726,5,linear,0.0,5.830762741224115,0.0,-0.1158084090835254,9.578144803373554,5.0,,,
"LR-XGB (residual, tanpa gerbang)",M01AE,B_rich,pacf_train,1,1,210,45,46,2014-01-12,2018-01-14,2018-01-21,2018-11-25,2018-12-02,2019-10-13,"{""colsample_bytree"": 0.8, ""learning_rate"": 0.05, ""max_depth"": 3, ""n_estimators"": 100, ""subsample"": 0.8}",12,none,42,37.80124012870383,6.14827131222296,4.772738730649849,-0.1349253723908352,0.2269843565800252,17.43219396802325,0.2234696977828981,80.39398742776184,8.966269426453895,6.827548316082085,0.243740764706141,0.3310651684463436,26.040294776591903,0.4906346596286763,4.829,weekly,noise_a0.50_r1,noise,0.5,1,8.928938106794162,noise_a0.50_r1,weekly|M01AE|B_rich,,5,,,,,,,5.0,,,
XGBoost,M01AE,B_rich,pacf_train,1,1,210,45,46,2014-01-12,2018-01-14,2018-01-21,2018-11-25,2018-12-02,2019-10-13,"{""colsample_bytree"": 0.8, ""learning_rate"": 0.05, ""max_depth"": 3, ""n_estimators"": 100, ""subsample"": 0.8}",12,none,42,37.820426035697096,6.149831382704496,4.780594440216459,-0.1355014003879286,0.2270419518903959,17.481613734291336,0.2232590084981457,82.95662521437707,9.10805276743482,6.963642628463391,0.2196342543208687,0.3363002917102337,26.404955692005625,0.4957915255140227,4.525,weekly,noise_a0.50_r1,noise,0.5,1,9.039039297696402,noise_a0.50_r1,weekly|M01AE|B_rich,,5,,,,,,,,,,
Naive,M01AE,B_rich,pacf_train,1,1,210,45,46,2014-01-12,2018-01-14,2018-01-21,2018-11-25,2018-12-02,2019-10-13,{},0,none,42,71.57693977444804,8.460315583620273,6.537865446106998,-0.6990153851953707,0.311593089036722,23.530246003425624,0.3514486027003135,113.90009401530116,10.672398700165823,8.49388509595964,-0.0750345850543421,0.4030874759898376,33.63988203811853,1.0185966868414496,0.0,weekly,noise_a0.50_r2,noise,0.5,2,10.527466759388131,noise_a0.50_r2,weekly|M01AE|B_rich,,5,,,,,,,,,,
S1 [linear],M01AE,B_rich,pacf_train,1,1,210,45,46,2014-01-12,2018-01-14,2018-01-21,2018-11-25,2018-12-02,2019-10-13,{},0,none,42,41.40979096414817,6.43504397530803,4.941682070624239,0.0170595143140215,0.2370024156351108,18.168104302134708,0.2576946080223975,92.3176844120392,9.608209219830677,7.431076672110214,0.1286688179402035,0.362893939030188,28.44238828323825,0.8759369648708747,0.005,weekly,noise_a0.50_r2,noise,0.5,2,9.527705802976362,noise_a0.50_r2,weekly|M01AE|B_rich,,5,linear,0.0,6.43504397530803,0.0,,9.608209219830677,,,,
AR-LRX [linear],M01AE,B_rich,pacf_train,1,1,210,45,46,2014-01-12,2018-01-14,2018-01-21,2018-11-25,2018-12-02,2019-10-13,"{""colsample_bytree"": 0.8, ""learning_rate"": 0.05, ""max_depth"": 3, ""n_estimators"": 100, ""subsample"": 0.8}",132,none,42,41.40979096414817,6.43504397530803,4.941682070624239,0.0170595143140215,0.2370024156351108,18.168104302134708,0.2576946080223975,92.3176844120392,9.608209219830677,7.431076672110214,0.1286688179402035,0.362893939030188,28.44238828323825,0.8759369648708747,4.413,weekly,noise_a0.50_r2,noise,0.5,2,9.527705802976362,noise_a0.50_r2,weekly|M01AE|B_rich,-0.1218172435045166,5,linear,0.0,6.43504397530803,0.0,-0.2303547778971344,9.608209219830677,5.0,,,
"LR-XGB (residual, tanpa gerbang)",M01AE,B_rich,pacf_train,1,1,210,45,46,2014-01-12,2018-01-14,2018-01-21,2018-11-25,2018-12-02,2019-10-13,"{""colsample_bytree"": 0.8, ""learning_rate"": 0.05, ""max_depth"": 3, ""n_estimators"": 100, ""subsample"": 0.8}",12,none,42,50.87670452006286,7.132790794637318,5.51791985021608,-0.2076557617581134,0.262700403452644,19.98125036888515,0.2738066887042933,102.87100671279322,10.142534531013103,7.810273714351673,0.0290623465090938,0.383074954291421,29.63314353327974,0.8504775000868796,4.633,weekly,noise_a0.50_r2,noise,0.5,2,10.035345990279335,noise_a0.50_r2,weekly|M01AE|B_rich,,5,,,,,,,5.0,,,
XGBoost,M01AE,B_rich,pacf_train,1,1,210,45,46,2014-01-12,2018-01-14,2018-01-21,2018-11-25,2018-12-02,2019-10-13,"{""colsample_bytree"": 0.8, ""learning_rate"": 0.05, ""max_depth"": 3, ""n_estimators"": 100, ""subsample"": 0.8}",12,none,42,48.13408881804413,6.937873508362928,5.411811281642712,-0.1425545393799014,0.255521607492068,19.68413022262051,0.2651450670958872,106.49219059369844,10.319505346367064,7.845199261316958,-0.0051158334517713,0.3897589923684263,29.703518090460403,0.8456865778363563,4.56,weekly,noise_a0.50_r2,noise,0.5,2,10.232852200270136,noise_a0.50_r2,weekly|M01AE|B_rich,,5,,,,,,,,,,
Naive,M01AE,B_rich,pacf_train,1,1,210,45,46,2014-01-12,2018-01-14,2018-01-21,2018-11-25,2018-12-02,2019-10-13,{},0,none,42,45.908203888888885,6.775559304506816,5.505622222222224,-0.5028531878042071,0.2521991261150493,20.14832613520521,0.2609274473557304,136.89195788043477,11.700083669804878,8.87921739130435,0.4369529244363477,0.4099137555935457,31.93709259552132,0.7389244371618452,0.0,weekly,spike,spike,1.5,0,13.301743923546592,spike,weekly|M01AE|B_rich,,5,,,,,,,,16.656631761103444,11.113330193960763,4.0
S1 [linear],M01AE,B_rich,pacf_train,1,1,210,45,46,2014-01-12,2018-01-14,2018-01-21,2018-11-25,2018-12-02,2019-10-13,{},0,none,42,28.86272463150085,5.372403989975144,4.376200802707008,0.0551484474071438,0.1999710327245609,16.335850128153716,0.2131124701590943,170.09805869155977,13.042164647464,9.015853679091236,0.3003736962474582,0.4569337145432993,30.073759627623502,0.6401997944821836,0.01,weekly,spike,spike,1.5,0,8.874872710227756,spike,weekly|M01AE|B_rich,,5,linear,0.0,5.372403989975144,0.0,,13.042164647464,,34.505696952327746,8.538342388404468,4.0
AR-LRX [linear],M01AE,B_rich,pacf_train,1,1,210,45,46,2014-01-12,2018-01-14,2018-01-21,2018-11-25,2018-12-02,2019-10-13,"{""colsample_bytree"": 0.8, ""learning_rate"": 0.05, ""max_depth"": 3, ""n_estimators"": 100, ""subsample"": 0.8}",132,none,42,28.726479177932983,5.3597088706321525,4.35870607338803,0.0596085851793352,0.199498496383229,16.257108545746128,0.2078128548254241,169.10607808896998,13.004079286476609,9.022479280676372,0.3044537882116032,0.4555993896105839,30.11656898493872,0.6395632313760696,4.693,weekly,spike,spike,1.5,0,8.880327394340902,spike,weekly|M01AE|B_rich,0.0179044135313743,5,linear,0.2,5.372403989975144,0.2363,-0.1159922050104245,13.042164647464,5.0,34.2574248068205,8.569873831533311,4.0
"LR-XGB (residual, tanpa gerbang)",M01AE,B_rich,pacf_train,1,1,210,45,46,2014-01-12,2018-01-14,2018-01-21,2018-11-25,2018-12-02,2019-10-13,"{""colsample_bytree"": 0.8, ""learning_rate"": 0.05, ""max_depth"": 3, ""n_estimators"": 100, ""subsample"": 0.8}",12,none,42,31.970726086854864,5.6542661846480895,4.442514033954427,-0.0465952388887467,0.2104624764543949,16.414808027404238,0.2015980726145726,166.54362192160906,12.90517810499371,9.050213496817038,0.314993366092086,0.4521343755236402,30.24849120051471,0.6395116834499502,5.07,weekly,spike,spike,1.5,0,8.98070582020495,spike,weekly|M01AE|B_rich,,5,,,,,,,5.0,33.266513734275684,8.775456661924192,4.0
XGBoost,M01AE,B_rich,pacf_train,1,1,210,45,46,2014-01-12,2018-01-14,2018-01-21,2018-11-25,2018-12-02,2019-10-13,"{""colsample_bytree"": 0.8, ""learning_rate"": 0.05, ""max_depth"": 3, ""n_estimators"": 100, ""subsample"": 0.8}",12,none,42,30.955241784446137,5.563743504552141,4.351468146091037,-0.0133522955417635,0.207093051173355,16.089591762024096,0.2001393852197442,213.53217944473352,14.612740312642716,9.678900417162025,0.121725841045379,0.5119590107314569,31.76134986107489,0.6419091203270182,4.491,weekly,spike,spike,1.5,0,9.702004742133225,spike,weekly|M01AE|B_rich,,5,,,,,,,,40.79290172376076,8.682545339823937,4.0
Naive,M01AE,B_rich,pacf_train,1,1,210,45,46,2014-01-12,2018-01-14,2018-01-21,2018-11-25,2018-12-02,2019-10-13,{},0,none,42,45.908203888888885,6.775559304506816,5.505622222222224,-0.5028531878042071,0.2521991261150493,20.14832613520521,0.2609274473557304,126.75588459326086,11.25859159012622,8.644141304347826,-0.2240021112611194,0.3770657267135781,29.701069594349683,0.7157771011639843,0.0,weekly,level,level,1.3,0,11.772312472529329,level,weekly|M01AE|B_rich,,5,,,,,,,,11.904500092292468,10.573298763353396,23.0
S1 [linear],M01AE,B_rich,pacf_train,1,1,210,45,46,2014-01-12,2018-01-14,2018-01-21,2018-11-25,2018-12-02,2019-10-13,{},0,none,42,28.86272463150085,5.372403989975144,4.376200802707008,0.0551484474071438,0.1999710327245609,16.335850128153716,0.2131124701590943,94.39009599010934,9.71545655078079,7.706069632412282,0.0885340184026765,0.3253840105441893,26.33287983533204,0.5132380320059906,0.006,weekly,level,level,1.3,0,9.72347263963242,level,weekly|M01AE|B_rich,,5,linear,0.0,5.372403989975144,0.0,,9.71545655078079,,8.865082406765682,10.497166565386694,23.0
AR-LRX [linear],M01AE,B_rich,pacf_train,1,1,210,45,46,2014-01-12,2018-01-14,2018-01-21,2018-11-25,2018-12-02,2019-10-13,"{""colsample_bytree"": 0.8, ""learning_rate"": 0.05, ""max_depth"": 3, ""n_estimators"": 100, ""subsample"": 0.8}",132,none,42,28.726479177932983,5.3597088706321525,4.35870607338803,0.0596085851793352,0.199498496383229,16.257108545746128,0.2078128548254241,94.61634206481123,9.727093197086743,7.681665858646425,0.0863493018982848,0.3257737378436245,26.254254357856137,0.5237611818973624,4.452,weekly,level,level,1.3,0,9.719649784619346,level,weekly|M01AE|B_rich,-0.0897329768346881,5,linear,0.2,5.372403989975144,0.2363,-0.1159922050104245,9.71545655078079,5.0,8.98762802884305,10.414183911607156,23.0
"LR-XGB (residual, tanpa gerbang)",M01AE,B_rich,pacf_train,1,1,210,45,46,2014-01-12,2018-01-14,2018-01-21,2018-11-25,2018-12-02,2019-10-13,"{""colsample_bytree"": 0.8, ""learning_rate"": 0.05, ""max_depth"": 3, ""n_estimators"": 100, ""subsample"": 0.8}",12,none,42,31.970726086854864,5.6542661846480895,4.442514033954427,-0.0465952388887467,0.2104624764543949,16.414808027404238,0.2015980726145726,99.72213669879513,9.986097170506358,7.986120334459526,0.037045844061076,0.3344481373613066,27.2159456632406,0.570437915718178,4.779,weekly,level,level,1.3,0,9.918421718279731,level,weekly|M01AE|B_rich,,5,,,,,,,5.0,9.656209147637046,10.305430524470136,23.0
XGBoost,M01AE,B_rich,pacf_train,1,1,210,45,46,2014-01-12,2018-01-14,2018-01-21,2018-11-25,2018-12-02,2019-10-13,"{""colsample_bytree"": 0.8, ""learning_rate"": 0.05, ""max_depth"": 3, ""n_estimators"": 100, ""subsample"": 0.8}",12,none,42,30.955241784446137,5.563743504552141,4.351468146091037,-0.0133522955417635,0.207093051173355,16.089591762024096,0.2001393852197442,106.51611706641388,10.32066456515344,8.089912121714717,-0.0285593650423605,0.3456532598481999,27.49140267586224,0.5716536023126795,4.612,weekly,level,level,1.3,0,10.23574218898674,level,weekly|M01AE|B_rich,,5,,,,,,,,9.678213427294343,10.925402463459516,23.0
Naive,N02BA,A_lag1,pacf_train,1,1,210,45,46,2014-01-12,2018-01-14,2018-01-21,2018-11-25,2018-12-02,2019-10-13,{},0,none,42,49.19444444444444,7.01387513750027,5.391111111111111,-0.5938228589736254,0.3180094520780979,25.109810773395424,0.3725147465421816,38.93119565217392,6.2394868100007965,5.060869565217392,-0.3633468510784168,0.2954211242448012,25.279798597319925,0.73400085945753,0.0,weekly,clean,clean,0.0,0,6.2394868100007965,clean,weekly|N02BA|A_lag1,,5,,,,,,,,,,
S1 [linear],N02BA,A_lag1,pacf_train,1,1,210,45,46,2014-01-12,2018-01-14,2018-01-21,2018-11-25,2018-12-02,2019-10-13,{},0,none,42,55.76310318721868,7.467469664298522,6.280953746808672,-0.806637102030147,0.3385754507742403,27.31280964135922,0.4743527058695995,47.144018591692,6.866150201655364,5.402531053338721,-0.6509549274676998,0.325091770136531,25.549350364411723,0.9667978071238208,0.007,weekly,clean,clean,0.0,0,6.866150201655364,clean,weekly|N02BA|A_lag1,,5,linear,0.0,7.467469664298522,0.0,,6.866150201655364,,,,
AR-LRX [linear],N02BA,A_lag1,pacf_train,1,1,210,45,46,2014-01-12,2018-01-14,2018-01-21,2018-11-25,2018-12-02,2019-10-13,"{""colsample_bytree"": 0.8, ""learning_rate"": 0.05, ""max_depth"": 5, ""n_estimators"": 500, ""subsample"": 0.8}",132,none,42,55.10030062904451,7.422957673935944,6.278960623269953,-0.7851633384754599,0.3365572748887834,27.269060334078173,0.4654365256233672,46.917867695259496,6.849661867220855,5.389408070719584,-0.6430352602867975,0.324311096590149,25.499332113265368,0.9368348452887986,5.08,weekly,clean,clean,0.0,0,6.849661867220855,clean,weekly|N02BA|A_lag1,-1.6140889088063757,5,linear,0.1,7.467469664298522,0.5961,-2.446559640791663,6.866150201655364,5.0,,,
"LR-XGB (residual, tanpa gerbang)",N02BA,A_lag1,pacf_train,1,1,210,45,46,2014-01-12,2018-01-14,2018-01-21,2018-11-25,2018-12-02,2019-10-13,"{""colsample_bytree"": 0.8, ""learning_rate"": 0.05, ""max_depth"": 3, ""n_estimators"": 100, ""subsample"": 0.8}",12,none,42,64.36183421276668,8.022582764469725,6.489062788093434,-1.0852225037244598,0.3637443067013981,27.58012293811265,0.481006287210162,47.46338240339044,6.889367344204433,5.209826434419364,-0.6621388543862958,0.3261910327141206,24.50082784547761,0.8870672712293275,4.706,weekly,clean,clean,0.0,0,6.889367344204433,clean,weekly|N02BA|A_lag1,,5,,,,,,,5.0,,,
XGBoost,N02BA,A_lag1,pacf_train,1,1,210,45,46,2014-01-12,2018-01-14,2018-01-21,2018-11-25,2018-12-02,2019-10-13,"{""colsample_bytree"": 0.8, ""learning_rate"": 0.05, ""max_depth"": 3, ""n_estimators"": 100, ""subsample"": 0.8}",12,none,42,67.6721896799193,8.226310818338881,6.81726533677843,-1.1924728299444165,0.3729813469272037,28.900227202,0.5011228948549035,51.29036438218966,7.161729147502694,5.5211410356604524,-0.7961574413453227,0.3390865532243569,25.80424506409592,0.9476206007750516,4.535,weekly,clean,clean,0.0,0,7.161729147502694,clean,weekly|N02BA|A_lag1,,5,,,,,,,,,,
Naive,N02BA,A_lag1,pacf_train,1,1,210,45,46,2014-01-12,2018-01-14,2018-01-21,2018-11-25,2018-12-02,2019-10-13,{},0,none,42,45.838757808711925,6.770432616067597,5.284329390667332,-0.5479838353932067,0.3076412273762733,24.450785595961545,0.3422190612992652,44.261907708383895,6.652962325790211,5.464909820273177,-0.4288274444193616,0.3146706329911289,27.00698757762349,0.9422975076650504,0.0,weekly,noise_a0.10_r1,noise,0.1,1,6.471276568667369,noise_a0.10_r1,weekly|N02BA|A_lag1,,5,,,,,,,,,,
S1 [linear],N02BA,A_lag1,pacf_train,1,1,210,45,46,2014-01-12,2018-01-14,2018-01-21,2018-11-25,2018-12-02,2019-10-13,{},0,none,42,54.62313120597379,7.390746322664159,6.272622380062064,-0.844633846716923,0.3358276197203614,27.2600296814512,0.4510593656263467,50.15048532332533,7.081700736639846,5.697497353510056,-0.6189177893781748,0.3349490263628577,26.79146037831828,1.2145964347089877,0.005,weekly,noise_a0.10_r1,noise,0.1,1,6.923201866622772,noise_a0.10_r1,weekly|N02BA|A_lag1,,5,linear,0.0,7.390746322664159,0.0,,7.081700736639846,,,,
AR-LRX [linear],N02BA,A_lag1,pacf_train,1,1,210,45,46,2014-01-12,2018-01-14,2018-01-21,2018-11-25,2018-12-02,2019-10-13,"{""colsample_bytree"": 0.8, ""learning_rate"": 0.1, ""max_depth"": 5, ""n_estimators"": 500, ""subsample"": 0.8}",132,none,42,53.53301593184786,7.316625993711026,6.096560048693466,-0.8078204402519369,0.3324596711318827,26.491560925208613,0.4497532225209699,49.850101143630205,7.060460405924688,5.358028606496519,-0.6092210279406531,0.3339444049650827,25.31759578136917,1.2793322005685337,5.339,weekly,noise_a0.10_r1,noise,0.1,1,6.924598919453636,noise_a0.10_r1,weekly|N02BA|A_lag1,-1.750890953003808,5,linear,0.2,7.390746322664159,1.0029,-2.16244724737153,7.081700736639846,5.0,,,
"LR-XGB (residual, tanpa gerbang)",N02BA,A_lag1,pacf_train,1,1,210,45,46,2014-01-12,2018-01-14,2018-01-21,2018-11-25,2018-12-02,2019-10-13,"{""colsample_bytree"": 0.8, ""learning_rate"": 0.05, ""max_depth"": 3, ""n_estimators"": 100, ""subsample"": 0.8}",12,none,42,65.10909992692886,8.069021001765261,6.676550673432371,-1.198747065626887,0.3666476967538003,28.315628121097795,0.4801175702061704,53.359973555876834,7.304791137046756,5.292513437724885,-0.722523917234746,0.3455007165833413,24.65706063553747,1.2597533922283262,4.611,weekly,noise_a0.10_r1,noise,0.1,1,7.202246431047251,noise_a0.10_r1,weekly|N02BA|A_lag1,,5,,,,,,,5.0,,,
XGBoost,N02BA,A_lag1,pacf_train,1,1,210,45,46,2014-01-12,2018-01-14,2018-01-21,2018-11-25,2018-12-02,2019-10-13,"{""colsample_bytree"": 0.8, ""learning_rate"": 0.05, ""max_depth"": 3, ""n_estimators"": 100, ""subsample"": 0.8}",12,none,42,68.54073842277504,8.278933410939784,7.023908459723945,-1.3146341702175208,0.3761858924440883,29.57164769716534,0.4988784859021659,58.67473958649637,7.659943837032774,5.697731171833296,-0.8940909363349765,0.3622986660441231,26.27267744014005,1.3469530420783613,4.564,weekly,noise_a0.10_r1,noise,0.1,1,7.5592382766560515,noise_a0.10_r1,weekly|N02BA|A_lag1,,5,,,,,,,,,,
Naive,N02BA,A_lag1,pacf_train,1,1,210,45,46,2014-01-12,2018-01-14,2018-01-21,2018-11-25,2018-12-02,2019-10-13,{},0,none,42,49.99716650763513,7.0708674508602645,5.520435732105215,-0.5376504091986534,0.3214380803740229,25.843641579134225,0.3833288784446409,38.96987202683727,6.2425853640008215,4.989043341083447,-0.3115274765175604,0.2942019235261641,24.837932021664493,0.7256519082351516,0.0,weekly,noise_a0.10_r2,noise,0.1,2,6.291642981419444,noise_a0.10_r2,weekly|N02BA|A_lag1,,5,,,,,,,,,,
S1 [linear],N02BA,A_lag1,pacf_train,1,1,210,45,46,2014-01-12,2018-01-14,2018-01-21,2018-11-25,2018-12-02,2019-10-13,{},0,none,42,58.40817353998124,7.642524029401624,6.440450128643396,-0.7963288365668264,0.3474253011098833,28.10080994838912,0.4980414786882818,47.59558283527975,6.898955198816684,5.422631040012223,-0.601824984345557,0.3251354641487656,25.51834835229545,0.9231144545974392,0.006,weekly,noise_a0.10_r2,noise,0.1,2,6.925667607972023,noise_a0.10_r2,weekly|N02BA|A_lag1,,5,linear,0.0,7.642524029401624,0.0,,6.898955198816684,,,,
AR-LRX [linear],N02BA,A_lag1,pacf_train,1,1,210,45,46,2014-01-12,2018-01-14,2018-01-21,2018-11-25,2018-12-02,2019-10-13,"{""colsample_bytree"": 0.8, ""learning_rate"": 0.05, ""max_depth"": 3, ""n_estimators"": 100, ""subsample"": 0.8}",132,none,42,58.40817353998124,7.642524029401624,6.440450128643396,-0.7963288365668264,0.3474253011098833,28.10080994838912,0.4980414786882818,47.59558283527975,6.898955198816684,5.422631040012223,-0.601824984345557,0.3251354641487656,25.51834835229545,0.9231144545974392,4.721,weekly,noise_a0.10_r2,noise,0.1,2,6.925667607972023,noise_a0.10_r2,weekly|N02BA|A_lag1,-1.1484006490751049,5,linear,0.0,7.642524029401624,0.0,-1.6566980639994109,6.898955198816684,5.0,,,
"LR-XGB (residual, tanpa gerbang)",N02BA,A_lag1,pacf_train,1,1,210,45,46,2014-01-12,2018-01-14,2018-01-21,2018-11-25,2018-12-02,2019-10-13,"{""colsample_bytree"": 0.8, ""learning_rate"": 0.05, ""max_depth"": 3, ""n_estimators"": 100, ""subsample"": 0.8}",12,none,42,81.72586963783334,9.040236149450596,7.165065734933436,-1.51345877513958,0.4109645915726662,29.766445273936448,0.5653004044919141,59.56389881078426,7.717765143536324,5.536981863516027,-1.0046175631538317,0.3637245176726541,25.35363210607075,1.0687699271178928,4.607,weekly,noise_a0.10_r2,noise,0.1,2,7.727878964673453,noise_a0.10_r2,weekly|N02BA|A_lag1,,5,,,,,,,5.0,,,
XGBoost,N02BA,A_lag1,pacf_train,1,1,210,45,46,2014-01-12,2018-01-14,2018-01-21,2018-11-25,2018-12-02,2019-10-13,"{""colsample_bytree"": 0.8, ""learning_rate"": 0.05, ""max_depth"": 3, ""n_estimators"": 100, ""subsample"": 0.8}",12,none,42,81.74713587461822,9.041412272129737,7.348698163443014,-1.5141128129576908,0.41101805751852,30.617350421354693,0.569935821153173,63.40939684129192,7.96300174816582,5.916157907412208,-1.1340374474283217,0.3752820818218103,26.895338914201123,1.0929250040113834,5.048,weekly,noise_a0.10_r2,noise,0.1,2,7.9741602826308835,noise_a0.10_r2,weekly|N02BA|A_lag1,,5,,,,,,,,,,
Naive,N02BA,A_lag1,pacf_train,1,1,210,45,46,2014-01-12,2018-01-14,2018-01-21,2018-11-25,2018-12-02,2019-10-13,{},0,none,42,61.70808680710755,7.855449497457644,6.023807842238226,-0.6719585840101152,0.3677416246790889,29.158462513637826,0.5018175622149774,39.40770243395525,6.277555450488291,5.257531270521557,-0.2477196455596515,0.2984875839286367,26.55793481088369,0.5335536479685954,0.0,weekly,noise_a0.25_r1,noise,0.25,1,6.368085108848648,noise_a0.25_r1,weekly|N02BA|A_lag1,,5,,,,,,,,,,
S1 [linear],N02BA,A_lag1,pacf_train,1,1,210,45,46,2014-01-12,2018-01-14,2018-01-21,2018-11-25,2018-12-02,2019-10-13,{},0,none,42,69.31392704506332,8.325498606393692,6.956694143519471,-0.8780361101893095,0.3897463009302753,31.14857826381161,0.6101853923002649,48.0899333310088,6.934690572117028,5.4360302429973855,-0.5226148916271964,0.3297332935550416,26.01623433619753,0.7961246531682366,0.006,weekly,noise_a0.25_r1,noise,0.25,1,6.77685586788004,noise_a0.25_r1,weekly|N02BA|A_lag1,,5,linear,0.0,8.325498606393692,0.0,,6.934690572117028,,,,
AR-LRX [linear],N02BA,A_lag1,pacf_train,1,1,210,45,46,2014-01-12,2018-01-14,2018-01-21,2018-11-25,2018-12-02,2019-10-13,"{""colsample_bytree"": 0.8, ""learning_rate"": 0.05, ""max_depth"": 3, ""n_estimators"": 100, ""subsample"": 0.8}",132,none,42,69.31392704506332,8.325498606393692,6.956694143519471,-0.8780361101893095,0.3897463009302753,31.14857826381161,0.6101853923002649,48.0899333310088,6.934690572117028,5.4360302429973855,-0.5226148916271964,0.3297332935550416,26.01623433619753,0.7961246531682366,4.534,weekly,noise_a0.25_r1,noise,0.25,1,6.77685586788004,noise_a0.25_r1,weekly|N02BA|A_lag1,-0.6819223059082995,5,linear,0.0,8.325498606393692,0.0,-1.58025274326898,6.934690572117028,5.0,,,
"LR-XGB (residual, tanpa gerbang)",N02BA,A_lag1,pacf_train,1,1,210,45,46,2014-01-12,2018-01-14,2018-01-21,2018-11-25,2018-12-02,2019-10-13,"{""colsample_bytree"": 0.8, ""learning_rate"": 0.05, ""max_depth"": 3, ""n_estimators"": 100, ""subsample"": 0.8}",12,none,42,94.21073566550712,9.70622149270802,7.954998553458791,-1.5526062523090536,0.4543828666174663,34.22968567381152,0.6540926962196296,47.96708304981068,6.925827246604602,5.522770849720663,-0.518725227935934,0.3293118567969527,26.1396529185401,0.7439611264561441,4.717,weekly,noise_a0.25_r1,noise,0.25,1,6.886712915857294,noise_a0.25_r1,weekly|N02BA|A_lag1,,5,,,,,,,5.0,,,
XGBoost,N02BA,A_lag1,pacf_train,1,1,210,45,46,2014-01-12,2018-01-14,2018-01-21,2018-11-25,2018-12-02,2019-10-13,"{""colsample_bytree"": 0.8, ""learning_rate"": 0.05, ""max_depth"": 3, ""n_estimators"": 100, ""subsample"": 0.8}",12,none,42,98.91597554163178,9.945651086863634,8.305602592769908,-1.6800930471161024,0.4655914203710785,35.473543439898144,0.6837355510270949,52.948535782422816,7.276574453850027,5.8926128468427965,-0.6764470958454798,0.3459893178382981,27.630311797425023,0.7972959093023072,4.599,weekly,noise_a0.25_r1,noise,0.25,1,7.1633881686320535,noise_a0.25_r1,weekly|N02BA|A_lag1,,5,,,,,,,,,,
Naive,N02BA,A_lag1,pacf_train,1,1,210,45,46,2014-01-12,2018-01-14,2018-01-21,2018-11-25,2018-12-02,2019-10-13,{},0,none,42,44.23617347759045,6.6510280015641525,5.129763512578273,-0.3901211146210139,0.2908587823056739,23.47462759283733,0.3477709222830194,42.51028698940773,6.519991333537777,5.332465215621927,-0.4339171284196494,0.3035215040869123,26.0964277341207,0.4838892872040413,0.0,weekly,noise_a0.25_r2,noise,0.25,2,6.375549660409212,noise_a0.25_r2,weekly|N02BA|A_lag1,,5,,,,,,,,,,
S1 [linear],N02BA,A_lag1,pacf_train,1,1,210,45,46,2014-01-12,2018-01-14,2018-01-21,2018-11-25,2018-12-02,2019-10-13,{},0,none,42,53.43881741108736,7.310185867068453,6.0038185401049295,-0.6793140677315204,0.3196846802063743,25.58872735896164,0.4692060682413161,50.74164907142431,7.123317279991417,5.661820000976715,-0.7115697136061148,0.3316077988922929,26.1305092627128,0.6494688000561593,0.004,weekly,noise_a0.25_r2,noise,0.25,2,7.263830806953382,noise_a0.25_r2,weekly|N02BA|A_lag1,,5,linear,0.0,7.310185867068453,0.0,,7.123317279991417,,,,
AR-LRX [linear],N02BA,A_lag1,pacf_train,1,1,210,45,46,2014-01-12,2018-01-14,2018-01-21,2018-11-25,2018-12-02,2019-10-13,"{""colsample_bytree"": 0.8, ""learning_rate"": 0.05, ""max_depth"": 3, ""n_estimators"": 100, ""subsample"": 0.8}",132,none,42,53.43881741108736,7.310185867068453,6.0038185401049295,-0.6793140677315204,0.3196846802063743,25.58872735896164,0.4692060682413161,50.74164907142431,7.123317279991417,5.661820000976715,-0.7115697136061148,0.3316077988922929,26.1305092627128,0.6494688000561593,4.463,weekly,noise_a0.25_r2,noise,0.25,2,7.263830806953382,noise_a0.25_r2,weekly|N02BA|A_lag1,-0.6975054955051445,5,linear,0.0,7.310185867068453,0.0,-1.3805215219295497,7.123317279991417,5.0,,,
"LR-XGB (residual, tanpa gerbang)",N02BA,A_lag1,pacf_train,1,1,210,45,46,2014-01-12,2018-01-14,2018-01-21,2018-11-25,2018-12-02,2019-10-13,"{""colsample_bytree"": 0.8, ""learning_rate"": 0.05, ""max_depth"": 3, ""n_estimators"": 100, ""subsample"": 0.8}",12,none,42,68.31197019116661,8.265105576528748,6.87141769428137,-1.146702679701911,0.3614446583372724,28.672414359749705,0.5241730531053782,48.46378568926321,6.961593617072402,5.641065790248055,-0.6347349625094081,0.3240791678091302,26.022904721604696,0.6452453895590972,4.726,weekly,noise_a0.25_r2,noise,0.25,2,7.016761846674142,noise_a0.25_r2,weekly|N02BA|A_lag1,,5,,,,,,,5.0,,,
XGBoost,N02BA,A_lag1,pacf_train,1,1,210,45,46,2014-01-12,2018-01-14,2018-01-21,2018-11-25,2018-12-02,2019-10-13,"{""colsample_bytree"": 0.8, ""learning_rate"": 0.05, ""max_depth"": 3, ""n_estimators"": 100, ""subsample"": 0.8}",12,none,42,72.01281272636609,8.486036337794348,7.127526575761403,-1.2630016030858373,0.3711062703738576,29.422261205259737,0.537364386578531,54.3399912057133,7.371566401092328,6.012080978479115,-0.8329456154332826,0.3431644011591119,27.419351257850185,0.6779498850288581,4.42,weekly,noise_a0.25_r2,noise,0.25,2,7.45171686099022,noise_a0.25_r2,weekly|N02BA|A_lag1,,5,,,,,,,,,,
Naive,N02BA,A_lag1,pacf_train,1,1,210,45,46,2014-01-12,2018-01-14,2018-01-21,2018-11-25,2018-12-02,2019-10-13,{},0,none,42,72.07031267503564,8.48942357731287,6.770138510716612,-0.9045144354561836,0.381208272317985,33.26294768325868,0.5782907299630711,53.29143347312723,7.300098182430647,5.710939002228928,-0.541547834416229,0.3490553038546667,27.895559137321264,0.5517397876825151,0.0,weekly,noise_a0.50_r1,noise,0.5,1,6.841072139915178,noise_a0.50_r1,weekly|N02BA|A_lag1,,5,,,,,,,,,,
S1 [linear],N02BA,A_lag1,pacf_train,1,1,210,45,46,2014-01-12,2018-01-14,2018-01-21,2018-11-25,2018-12-02,2019-10-13,{},0,none,42,73.82440066349176,8.592112700814146,6.956132238544583,-0.950867583806436,0.3858194149944305,30.287596714851507,0.7599895704269559,65.17853232683454,8.073322260806547,6.710596125734476,-0.8854029402216395,0.3860271306548618,30.9344465469194,0.6943509730687537,0.005,weekly,noise_a0.50_r1,noise,0.5,1,7.536334898222939,noise_a0.50_r1,weekly|N02BA|A_lag1,,5,linear,0.0,8.592112700814146,0.0,,8.073322260806547,,,,
AR-LRX [linear],N02BA,A_lag1,pacf_train,1,1,210,45,46,2014-01-12,2018-01-14,2018-01-21,2018-11-25,2018-12-02,2019-10-13,"{""colsample_bytree"": 0.8, ""learning_rate"": 0.1, ""max_depth"": 5, ""n_estimators"": 500, ""subsample"": 0.8}",132,none,42,68.7432347222934,8.291154004256187,6.867168265400521,-0.8165937958239307,0.3723051941867267,29.99822063401409,0.6854207726745923,54.62803981678535,7.39107839335948,6.147216126322333,-0.5802115084863246,0.3534055364648193,28.759951533770696,0.5840485795288924,5.099,weekly,noise_a0.50_r1,noise,0.5,1,6.716954342517335,noise_a0.50_r1,weekly|N02BA|A_lag1,-0.9776501627391204,5,linear,0.3,8.592112700814146,3.5027,-1.9125909256260984,8.073322260806547,5.0,,,
"LR-XGB (residual, tanpa gerbang)",N02BA,A_lag1,pacf_train,1,1,210,45,46,2014-01-12,2018-01-14,2018-01-21,2018-11-25,2018-12-02,2019-10-13,"{""colsample_bytree"": 0.8, ""learning_rate"": 0.05, ""max_depth"": 3, ""n_estimators"": 100, ""subsample"": 0.8}",12,none,42,76.67257165401293,8.756287549756056,7.298318524391565,-1.0261327320312477,0.3931915068630072,31.419001653107014,0.7077398689130538,59.70247420377709,7.726737617117401,6.27606448646199,-0.7269983901733958,0.3694551332527672,29.097218932198032,0.5897259553367424,4.508,weekly,noise_a0.50_r1,noise,0.5,1,7.185316991494478,noise_a0.50_r1,weekly|N02BA|A_lag1,,5,,,,,,,5.0,,,
XGBoost,N02BA,A_lag1,pacf_train,1,1,210,45,46,2014-01-12,2018-01-14,2018-01-21,2018-11-25,2018-12-02,2019-10-13,"{""colsample_bytree"": 0.8, ""learning_rate"": 0.05, ""max_depth"": 3, ""n_estimators"": 100, ""subsample"": 0.8}",12,none,42,81.03402594646434,9.001890131881433,7.632924653019279,-1.1413875762416477,0.4042200219507755,32.41344271844028,0.7335710478947362,67.56338279808914,8.219694811736574,6.741424058872854,-0.9543889073794354,0.3930259564191273,30.830183017882675,0.6355201227936538,4.468,weekly,noise_a0.50_r1,noise,0.5,1,7.642831748535512,noise_a0.50_r1,weekly|N02BA|A_lag1,,5,,,,,,,,,,
Naive,N02BA,A_lag1,pacf_train,1,1,210,45,46,2014-01-12,2018-01-14,2018-01-21,2018-11-25,2018-12-02,2019-10-13,{},0,none,42,91.89739005062935,9.586312640980855,7.447372243856941,-0.8917723302465601,0.4429584549341514,35.20772043562017,0.6193378154712537,64.56212585324003,8.035056057877881,7.021841812330447,-0.4764073576703898,0.3770345837505555,36.14760703732801,1.4900661668717634,0.0,weekly,noise_a0.50_r2,noise,0.5,2,7.269203903895401,noise_a0.50_r2,weekly|N02BA|A_lag1,,5,,,,,,,,,,
S1 [linear],N02BA,A_lag1,pacf_train,1,1,210,45,46,2014-01-12,2018-01-14,2018-01-21,2018-11-25,2018-12-02,2019-10-13,{},0,none,42,87.54935039264548,9.356780984539794,7.885962524769944,-0.802264879477208,0.432352396932145,34.7913532563052,0.7054210751684038,67.53641739118632,8.218054355575067,6.461257009108655,-0.5444234871340126,0.3856215415144247,31.037921175364264,2.4751393867885114,0.006,weekly,noise_a0.50_r2,noise,0.5,2,7.432030916703215,noise_a0.50_r2,weekly|N02BA|A_lag1,,5,linear,0.0,9.356780984539794,0.0,,8.218054355575067,,,,
AR-LRX [linear],N02BA,A_lag1,pacf_train,1,1,210,45,46,2014-01-12,2018-01-14,2018-01-21,2018-11-25,2018-12-02,2019-10-13,"{""colsample_bytree"": 0.8, ""learning_rate"": 0.05, ""max_depth"": 3, ""n_estimators"": 100, ""subsample"": 0.8}",132,none,42,87.54935039264548,9.356780984539794,7.885962524769944,-0.802264879477208,0.432352396932145,34.7913532563052,0.7054210751684038,67.53641739118632,8.218054355575067,6.461257009108655,-0.5444234871340126,0.3856215415144247,31.037921175364264,2.4751393867885114,4.617,weekly,noise_a0.50_r2,noise,0.5,2,7.432030916703215,noise_a0.50_r2,weekly|N02BA|A_lag1,-0.8551619110342445,5,linear,0.0,9.356780984539794,0.0,-1.1343031274996331,8.218054355575067,5.0,,,
"LR-XGB (residual, tanpa gerbang)",N02BA,A_lag1,pacf_train,1,1,210,45,46,2014-01-12,2018-01-14,2018-01-21,2018-11-25,2018-12-02,2019-10-13,"{""colsample_bytree"": 0.8, ""learning_rate"": 0.05, ""max_depth"": 3, ""n_estimators"": 100, ""subsample"": 0.8}",12,none,42,106.1049369634661,10.3007250697932,8.7193908553003,-1.1842446639611168,0.4759695862736035,37.71945505938941,0.7302613052554829,78.63264236831726,8.86750485583838,7.074152623139456,-0.7981720739733338,0.4160961638779231,33.26238899778852,2.4317685755094223,4.672,weekly,noise_a0.50_r2,noise,0.5,2,8.086002799599024,noise_a0.50_r2,weekly|N02BA|A_lag1,,5,,,,,,,5.0,,,
XGBoost,N02BA,A_lag1,pacf_train,1,1,210,45,46,2014-01-12,2018-01-14,2018-01-21,2018-11-25,2018-12-02,2019-10-13,"{""colsample_bytree"": 0.8, ""learning_rate"": 0.05, ""max_depth"": 3, ""n_estimators"": 100, ""subsample"": 0.8}",12,none,42,107.88606264718396,10.38682158541216,8.900799318905838,-1.2209103873651497,0.4799478812616842,38.12594714521386,0.7390924001429117,80.25519027376318,8.95852612173248,7.090937325732527,-0.8352765161538542,0.42036721872205,33.22649542155943,2.569848591747024,4.65,weekly,noise_a0.50_r2,noise,0.5,2,8.142048175528565,noise_a0.50_r2,weekly|N02BA|A_lag1,,5,,,,,,,,,,
Naive,N02BA,A_lag1,pacf_train,1,1,210,45,46,2014-01-12,2018-01-14,2018-01-21,2018-11-25,2018-12-02,2019-10-13,{},0,none,42,49.19444444444444,7.01387513750027,5.391111111111111,-0.5938228589736254,0.3180094520780979,25.109810773395424,0.3725147465421816,57.3281793478261,7.571537449410529,5.557608695652174,0.104171575949867,0.3386806589744833,25.95272446051905,0.773395120678885,0.0,weekly,spike,spike,1.5,0,7.923723494780666,spike,weekly|N02BA|A_lag1,,5,,,,,,,,7.301861920085861,7.596721567322879,4.0
S1 [linear],N02BA,A_lag1,pacf_train,1,1,210,45,46,2014-01-12,2018-01-14,2018-01-21,2018-11-25,2018-12-02,2019-10-13,{},0,none,42,55.76310318721868,7.467469664298522,6.280953746808672,-0.806637102030147,0.3385754507742403,27.31280964135922,0.4743527058695995,61.58920054816478,7.847878729195857,6.162880795682419,0.0375874989711803,0.3510416156975903,27.25464198899081,0.9770813423073365,0.005,weekly,spike,spike,1.5,0,7.199853420160952,spike,weekly|N02BA|A_lag1,,5,linear,0.0,7.467469664298522,0.0,,7.847878729195857,,11.469748393124386,7.411192809992681,4.0
AR-LRX [linear],N02BA,A_lag1,pacf_train,1,1,210,45,46,2014-01-12,2018-01-14,2018-01-21,2018-11-25,2018-12-02,2019-10-13,"{""colsample_bytree"": 0.8, ""learning_rate"": 0.05, ""max_depth"": 5, ""n_estimators"": 500, ""subsample"": 0.8}",132,none,42,55.10030062904451,7.422957673935944,6.278960623269953,-0.7851633384754599,0.3365572748887834,27.269060334078173,0.4654365256233672,62.57338436526248,7.9103340236214095,6.190156599960528,0.0222083285897699,0.3538352887677985,27.3203922047088,0.948484904742928,5.076,weekly,spike,spike,1.5,0,7.206428946100255,spike,weekly|N02BA|A_lag1,-1.0655070677462395,5,linear,0.1,7.467469664298522,0.5961,-2.446559640791663,7.847878729195857,5.0,11.820149579396826,7.431451720775011,4.0
"LR-XGB (residual, tanpa gerbang)",N02BA,A_lag1,pacf_train,1,1,210,45,46,2014-01-12,2018-01-14,2018-01-21,2018-11-25,2018-12-02,2019-10-13,"{""colsample_bytree"": 0.8, ""learning_rate"": 0.05, ""max_depth"": 3, ""n_estimators"": 100, ""subsample"": 0.8}",12,none,42,64.36183421276668,8.022582764469725,6.489062788093434,-1.0852225037244598,0.3637443067013981,27.58012293811265,0.481006287210162,67.56079651022154,8.219537487609722,6.074864896325924,-0.0557265650826661,0.3676661961152762,26.438295362432427,0.906018462917696,4.694,weekly,spike,spike,1.5,0,7.4513626035438385,spike,weekly|N02BA|A_lag1,,5,,,,,,,5.0,12.605084742314991,7.672219511896433,4.0
XGBoost,N02BA,A_lag1,pacf_train,1,1,210,45,46,2014-01-12,2018-01-14,2018-01-21,2018-11-25,2018-12-02,2019-10-13,"{""colsample_bytree"": 0.8, ""learning_rate"": 0.05, ""max_depth"": 3, ""n_estimators"": 100, ""subsample"": 0.8}",12,none,42,67.6721896799193,8.226310818338881,6.81726533677843,-1.1924728299444165,0.3729813469272037,28.900227202,0.5011228948549035,72.96295612770878,8.541835641576627,6.428111300261126,-0.1401424351077513,0.3820828389571166,27.85049138485492,0.968016926853856,4.548,weekly,spike,spike,1.5,0,7.7935144947809585,spike,weekly|N02BA|A_lag1,,5,,,,,,,,12.657185615206068,8.040786787911642,4.0
Naive,N02BA,A_lag1,pacf_train,1,1,210,45,46,2014-01-12,2018-01-14,2018-01-21,2018-11-25,2018-12-02,2019-10-13,{},0,none,42,49.19444444444444,7.01387513750027,5.391111111111111,-0.5938228589736254,0.3180094520780979,25.109810773395424,0.3725147465421816,50.367958695652185,7.097038727219416,5.596739130434783,-0.0789972341074478,0.2926089284324578,24.75926209049682,0.7327899753032017,0.0,weekly,level,level,1.3,0,8.264685940533505,level,weekly|N02BA|A_lag1,,5,,,,,,,,7.76604538163184,6.358023004184488,23.0
S1 [linear],N02BA,A_lag1,pacf_train,1,1,210,45,46,2014-01-12,2018-01-14,2018-01-21,2018-11-25,2018-12-02,2019-10-13,{},0,none,42,55.76310318721868,7.467469664298522,6.280953746808672,-0.806637102030147,0.3385754507742403,27.31280964135922,0.4743527058695995,45.39954784856789,6.737918658500405,5.08933901989548,0.0274375252264887,0.2778025081034495,22.24749482761403,0.7959982000008388,0.005,weekly,level,level,1.3,0,7.890746664362197,level,weekly|N02BA|A_lag1,,5,linear,0.0,7.467469664298522,0.0,,6.737918658500405,,6.887009371420883,6.585453485910952,23.0
AR-LRX [linear],N02BA,A_lag1,pacf_train,1,1,210,45,46,2014-01-12,2018-01-14,2018-01-21,2018-11-25,2018-12-02,2019-10-13,"{""colsample_bytree"": 0.8, ""learning_rate"": 0.05, ""max_depth"": 5, ""n_estimators"": 500, ""subsample"": 0.8}",132,none,42,55.10030062904451,7.422957673935944,6.278960623269953,-0.7851633384754599,0.3365572748887834,27.269060334078173,0.4654365256233672,44.71443981208421,6.686885658666836,4.992389280760796,0.0421141112064262,0.2756984317456973,21.880662386314388,0.8093107975273528,5.081,weekly,level,level,1.3,0,7.856752008833825,level,weekly|N02BA|A_lag1,-0.6067964208167107,5,linear,0.1,7.467469664298522,0.5961,-2.446559640791663,6.737918658500405,5.0,6.853184471777654,6.516344237373748,23.0
"LR-XGB (residual, tanpa gerbang)",N02BA,A_lag1,pacf_train,1,1,210,45,46,2014-01-12,2018-01-14,2018-01-21,2018-11-25,2018-12-02,2019-10-13,"{""colsample_bytree"": 0.8, ""learning_rate"": 0.05, ""max_depth"": 3, ""n_estimators"": 100, ""subsample"": 0.8}",12,none,42,64.36183421276668,8.022582764469725,6.489062788093434,-1.0852225037244598,0.3637443067013981,27.58012293811265,0.481006287210162,41.86578327513892,6.470377367290019,4.660532558573854,0.1031388698800668,0.2667718552436505,20.49397852039704,0.7915881959150562,4.739,weekly,level,level,1.3,0,7.7134021599348435,level,weekly|N02BA|A_lag1,,5,,,,,,,5.0,6.707351807659924,6.224387381787784,23.0
XGBoost,N02BA,A_lag1,pacf_train,1,1,210,45,46,2014-01-12,2018-01-14,2018-01-21,2018-11-25,2018-12-02,2019-10-13,"{""colsample_bytree"": 0.8, ""learning_rate"": 0.05, ""max_depth"": 3, ""n_estimators"": 100, ""subsample"": 0.8}",12,none,42,67.6721896799193,8.226310818338881,6.81726533677843,-1.1924728299444165,0.3729813469272037,28.900227202,0.5011228948549035,44.52324601584747,6.672574167129764,4.868768133080524,0.0462099209763733,0.2751083729389344,21.39560229996035,0.8072642837151076,4.594,weekly,level,level,1.3,0,7.953951108060705,level,weekly|N02BA|A_lag1,,5,,,,,,,,6.672462255514764,6.672686076867831,23.0
Naive,N02BA,B_rich,pacf_train,1,1,210,45,46,2014-01-12,2018-01-14,2018-01-21,2018-11-25,2018-12-02,2019-10-13,{},0,none,42,49.19444444444444,7.01387513750027,5.391111111111111,-0.5938228589736254,0.3180094520780979,25.109810773395424,0.3725147465421816,38.93119565217392,6.2394868100007965,5.060869565217392,-0.3633468510784168,0.2954211242448012,25.279798597319925,0.73400085945753,0.0,weekly,clean,clean,0.0,0,6.2394868100007965,clean,weekly|N02BA|B_rich,,5,,,,,,,,,,
S1 [linear],N02BA,B_rich,pacf_train,1,1,210,45,46,2014-01-12,2018-01-14,2018-01-21,2018-11-25,2018-12-02,2019-10-13,{},0,none,42,55.76310318721868,7.467469664298522,6.280953746808672,-0.806637102030147,0.3385754507742403,27.31280964135922,0.4743527058695995,47.144018591692,6.866150201655364,5.402531053338721,-0.6509549274676998,0.325091770136531,25.549350364411723,0.9667978071238208,0.005,weekly,clean,clean,0.0,0,6.866150201655364,clean,weekly|N02BA|B_rich,,5,linear,0.0,7.467469664298522,0.0,,6.866150201655364,,,,
AR-LRX [linear],N02BA,B_rich,pacf_train,1,1,210,45,46,2014-01-12,2018-01-14,2018-01-21,2018-11-25,2018-12-02,2019-10-13,"{""colsample_bytree"": 0.8, ""learning_rate"": 0.05, ""max_depth"": 5, ""n_estimators"": 500, ""subsample"": 0.8}",132,none,42,55.10030062904451,7.422957673935944,6.278960623269953,-0.7851633384754599,0.3365572748887834,27.269060334078173,0.4654365256233672,46.917867695259496,6.849661867220855,5.389408070719584,-0.6430352602867975,0.324311096590149,25.499332113265368,0.9368348452887986,5.193,weekly,clean,clean,0.0,0,6.849661867220855,clean,weekly|N02BA|B_rich,-1.6140889088063757,5,linear,0.1,7.467469664298522,0.5961,-2.446559640791663,6.866150201655364,5.0,,,
"LR-XGB (residual, tanpa gerbang)",N02BA,B_rich,pacf_train,1,1,210,45,46,2014-01-12,2018-01-14,2018-01-21,2018-11-25,2018-12-02,2019-10-13,"{""colsample_bytree"": 0.8, ""learning_rate"": 0.05, ""max_depth"": 3, ""n_estimators"": 100, ""subsample"": 0.8}",12,none,42,64.36183421276668,8.022582764469725,6.489062788093434,-1.0852225037244598,0.3637443067013981,27.58012293811265,0.481006287210162,47.46338240339044,6.889367344204433,5.209826434419364,-0.6621388543862958,0.3261910327141206,24.50082784547761,0.8870672712293275,4.709,weekly,clean,clean,0.0,0,6.889367344204433,clean,weekly|N02BA|B_rich,,5,,,,,,,5.0,,,
XGBoost,N02BA,B_rich,pacf_train,1,1,210,45,46,2014-01-12,2018-01-14,2018-01-21,2018-11-25,2018-12-02,2019-10-13,"{""colsample_bytree"": 0.8, ""learning_rate"": 0.05, ""max_depth"": 3, ""n_estimators"": 100, ""subsample"": 0.8}",12,none,42,67.6721896799193,8.226310818338881,6.81726533677843,-1.1924728299444165,0.3729813469272037,28.900227202,0.5011228948549035,51.29036438218966,7.161729147502694,5.5211410356604524,-0.7961574413453227,0.3390865532243569,25.80424506409592,0.9476206007750516,4.583,weekly,clean,clean,0.0,0,7.161729147502694,clean,weekly|N02BA|B_rich,,5,,,,,,,,,,
Naive,N02BA,B_rich,pacf_train,1,1,210,45,46,2014-01-12,2018-01-14,2018-01-21,2018-11-25,2018-12-02,2019-10-13,{},0,none,42,45.838757808711925,6.770432616067597,5.284329390667332,-0.5479838353932067,0.3076412273762733,24.450785595961545,0.3422190612992652,44.261907708383895,6.652962325790211,5.464909820273177,-0.4288274444193616,0.3146706329911289,27.00698757762349,0.9422975076650504,0.0,weekly,noise_a0.10_r1,noise,0.1,1,6.471276568667369,noise_a0.10_r1,weekly|N02BA|B_rich,,5,,,,,,,,,,
S1 [linear],N02BA,B_rich,pacf_train,1,1,210,45,46,2014-01-12,2018-01-14,2018-01-21,2018-11-25,2018-12-02,2019-10-13,{},0,none,42,54.62313120597379,7.390746322664159,6.272622380062064,-0.844633846716923,0.3358276197203614,27.2600296814512,0.4510593656263467,50.15048532332533,7.081700736639846,5.697497353510056,-0.6189177893781748,0.3349490263628577,26.79146037831828,1.2145964347089877,0.008,weekly,noise_a0.10_r1,noise,0.1,1,6.923201866622772,noise_a0.10_r1,weekly|N02BA|B_rich,,5,linear,0.0,7.390746322664159,0.0,,7.081700736639846,,,,
AR-LRX [linear],N02BA,B_rich,pacf_train,1,1,210,45,46,2014-01-12,2018-01-14,2018-01-21,2018-11-25,2018-12-02,2019-10-13,"{""colsample_bytree"": 0.8, ""learning_rate"": 0.1, ""max_depth"": 5, ""n_estimators"": 500, ""subsample"": 0.8}",132,none,42,53.53301593184786,7.316625993711026,6.096560048693466,-0.8078204402519369,0.3324596711318827,26.491560925208613,0.4497532225209699,49.850101143630205,7.060460405924688,5.358028606496519,-0.6092210279406531,0.3339444049650827,25.31759578136917,1.2793322005685337,5.114,weekly,noise_a0.10_r1,noise,0.1,1,6.924598919453636,noise_a0.10_r1,weekly|N02BA|B_rich,-1.750890953003808,5,linear,0.2,7.390746322664159,1.0029,-2.16244724737153,7.081700736639846,5.0,,,
"LR-XGB (residual, tanpa gerbang)",N02BA,B_rich,pacf_train,1,1,210,45,46,2014-01-12,2018-01-14,2018-01-21,2018-11-25,2018-12-02,2019-10-13,"{""colsample_bytree"": 0.8, ""learning_rate"": 0.05, ""max_depth"": 3, ""n_estimators"": 100, ""subsample"": 0.8}",12,none,42,65.10909992692886,8.069021001765261,6.676550673432371,-1.198747065626887,0.3666476967538003,28.315628121097795,0.4801175702061704,53.359973555876834,7.304791137046756,5.292513437724885,-0.722523917234746,0.3455007165833413,24.65706063553747,1.2597533922283262,4.965,weekly,noise_a0.10_r1,noise,0.1,1,7.202246431047251,noise_a0.10_r1,weekly|N02BA|B_rich,,5,,,,,,,5.0,,,
XGBoost,N02BA,B_rich,pacf_train,1,1,210,45,46,2014-01-12,2018-01-14,2018-01-21,2018-11-25,2018-12-02,2019-10-13,"{""colsample_bytree"": 0.8, ""learning_rate"": 0.05, ""max_depth"": 3, ""n_estimators"": 100, ""subsample"": 0.8}",12,none,42,68.54073842277504,8.278933410939784,7.023908459723945,-1.3146341702175208,0.3761858924440883,29.57164769716534,0.4988784859021659,58.67473958649637,7.659943837032774,5.697731171833296,-0.8940909363349765,0.3622986660441231,26.27267744014005,1.3469530420783613,4.717,weekly,noise_a0.10_r1,noise,0.1,1,7.5592382766560515,noise_a0.10_r1,weekly|N02BA|B_rich,,5,,,,,,,,,,
Naive,N02BA,B_rich,pacf_train,1,1,210,45,46,2014-01-12,2018-01-14,2018-01-21,2018-11-25,2018-12-02,2019-10-13,{},0,none,42,49.99716650763513,7.0708674508602645,5.520435732105215,-0.5376504091986534,0.3214380803740229,25.843641579134225,0.3833288784446409,38.96987202683727,6.2425853640008215,4.989043341083447,-0.3115274765175604,0.2942019235261641,24.837932021664493,0.7256519082351516,0.0,weekly,noise_a0.10_r2,noise,0.1,2,6.291642981419444,noise_a0.10_r2,weekly|N02BA|B_rich,,5,,,,,,,,,,
S1 [linear],N02BA,B_rich,pacf_train,1,1,210,45,46,2014-01-12,2018-01-14,2018-01-21,2018-11-25,2018-12-02,2019-10-13,{},0,none,42,58.40817353998124,7.642524029401624,6.440450128643396,-0.7963288365668264,0.3474253011098833,28.10080994838912,0.4980414786882818,47.59558283527975,6.898955198816684,5.422631040012223,-0.601824984345557,0.3251354641487656,25.51834835229545,0.9231144545974392,0.004,weekly,noise_a0.10_r2,noise,0.1,2,6.925667607972023,noise_a0.10_r2,weekly|N02BA|B_rich,,5,linear,0.0,7.642524029401624,0.0,,6.898955198816684,,,,
AR-LRX [linear],N02BA,B_rich,pacf_train,1,1,210,45,46,2014-01-12,2018-01-14,2018-01-21,2018-11-25,2018-12-02,2019-10-13,"{""colsample_bytree"": 0.8, ""learning_rate"": 0.05, ""max_depth"": 3, ""n_estimators"": 100, ""subsample"": 0.8}",132,none,42,58.40817353998124,7.642524029401624,6.440450128643396,-0.7963288365668264,0.3474253011098833,28.10080994838912,0.4980414786882818,47.59558283527975,6.898955198816684,5.422631040012223,-0.601824984345557,0.3251354641487656,25.51834835229545,0.9231144545974392,4.814,weekly,noise_a0.10_r2,noise,0.1,2,6.925667607972023,noise_a0.10_r2,weekly|N02BA|B_rich,-1.1484006490751049,5,linear,0.0,7.642524029401624,0.0,-1.6566980639994109,6.898955198816684,5.0,,,
"LR-XGB (residual, tanpa gerbang)",N02BA,B_rich,pacf_train,1,1,210,45,46,2014-01-12,2018-01-14,2018-01-21,2018-11-25,2018-12-02,2019-10-13,"{""colsample_bytree"": 0.8, ""learning_rate"": 0.05, ""max_depth"": 3, ""n_estimators"": 100, ""subsample"": 0.8}",12,none,42,81.72586963783334,9.040236149450596,7.165065734933436,-1.51345877513958,0.4109645915726662,29.766445273936448,0.5653004044919141,59.56389881078426,7.717765143536324,5.536981863516027,-1.0046175631538317,0.3637245176726541,25.35363210607075,1.0687699271178928,4.73,weekly,noise_a0.10_r2,noise,0.1,2,7.727878964673453,noise_a0.10_r2,weekly|N02BA|B_rich,,5,,,,,,,5.0,,,
XGBoost,N02BA,B_rich,pacf_train,1,1,210,45,46,2014-01-12,2018-01-14,2018-01-21,2018-11-25,2018-12-02,2019-10-13,"{""colsample_bytree"": 0.8, ""learning_rate"": 0.05, ""max_depth"": 3, ""n_estimators"": 100, ""subsample"": 0.8}",12,none,42,81.74713587461822,9.041412272129737,7.348698163443014,-1.5141128129576908,0.41101805751852,30.617350421354693,0.569935821153173,63.40939684129192,7.96300174816582,5.916157907412208,-1.1340374474283217,0.3752820818218103,26.895338914201123,1.0929250040113834,4.367,weekly,noise_a0.10_r2,noise,0.1,2,7.9741602826308835,noise_a0.10_r2,weekly|N02BA|B_rich,,5,,,,,,,,,,
Naive,N02BA,B_rich,pacf_train,1,1,210,45,46,2014-01-12,2018-01-14,2018-01-21,2018-11-25,2018-12-02,2019-10-13,{},0,none,42,61.70808680710755,7.855449497457644,6.023807842238226,-0.6719585840101152,0.3677416246790889,29.158462513637826,0.5018175622149774,39.40770243395525,6.277555450488291,5.257531270521557,-0.2477196455596515,0.2984875839286367,26.55793481088369,0.5335536479685954,0.0,weekly,noise_a0.25_r1,noise,0.25,1,6.368085108848648,noise_a0.25_r1,weekly|N02BA|B_rich,,5,,,,,,,,,,
S1 [linear],N02BA,B_rich,pacf_train,1,1,210,45,46,2014-01-12,2018-01-14,2018-01-21,2018-11-25,2018-12-02,2019-10-13,{},0,none,42,69.31392704506332,8.325498606393692,6.956694143519471,-0.8780361101893095,0.3897463009302753,31.14857826381161,0.6101853923002649,48.0899333310088,6.934690572117028,5.4360302429973855,-0.5226148916271964,0.3297332935550416,26.01623433619753,0.7961246531682366,0.005,weekly,noise_a0.25_r1,noise,0.25,1,6.77685586788004,noise_a0.25_r1,weekly|N02BA|B_rich,,5,linear,0.0,8.325498606393692,0.0,,6.934690572117028,,,,
AR-LRX [linear],N02BA,B_rich,pacf_train,1,1,210,45,46,2014-01-12,2018-01-14,2018-01-21,2018-11-25,2018-12-02,2019-10-13,"{""colsample_bytree"": 0.8, ""learning_rate"": 0.05, ""max_depth"": 3, ""n_estimators"": 100, ""subsample"": 0.8}",132,none,42,69.31392704506332,8.325498606393692,6.956694143519471,-0.8780361101893095,0.3897463009302753,31.14857826381161,0.6101853923002649,48.0899333310088,6.934690572117028,5.4360302429973855,-0.5226148916271964,0.3297332935550416,26.01623433619753,0.7961246531682366,4.753,weekly,noise_a0.25_r1,noise,0.25,1,6.77685586788004,noise_a0.25_r1,weekly|N02BA|B_rich,-0.6819223059082995,5,linear,0.0,8.325498606393692,0.0,-1.58025274326898,6.934690572117028,5.0,,,
"LR-XGB (residual, tanpa gerbang)",N02BA,B_rich,pacf_train,1,1,210,45,46,2014-01-12,2018-01-14,2018-01-21,2018-11-25,2018-12-02,2019-10-13,"{""colsample_bytree"": 0.8, ""learning_rate"": 0.05, ""max_depth"": 3, ""n_estimators"": 100, ""subsample"": 0.8}",12,none,42,94.21073566550712,9.70622149270802,7.954998553458791,-1.5526062523090536,0.4543828666174663,34.22968567381152,0.6540926962196296,47.96708304981068,6.925827246604602,5.522770849720663,-0.518725227935934,0.3293118567969527,26.1396529185401,0.7439611264561441,4.543,weekly,noise_a0.25_r1,noise,0.25,1,6.886712915857294,noise_a0.25_r1,weekly|N02BA|B_rich,,5,,,,,,,5.0,,,
XGBoost,N02BA,B_rich,pacf_train,1,1,210,45,46,2014-01-12,2018-01-14,2018-01-21,2018-11-25,2018-12-02,2019-10-13,"{""colsample_bytree"": 0.8, ""learning_rate"": 0.05, ""max_depth"": 3, ""n_estimators"": 100, ""subsample"": 0.8}",12,none,42,98.91597554163178,9.945651086863634,8.305602592769908,-1.6800930471161024,0.4655914203710785,35.473543439898144,0.6837355510270949,52.948535782422816,7.276574453850027,5.8926128468427965,-0.6764470958454798,0.3459893178382981,27.630311797425023,0.7972959093023072,4.5,weekly,noise_a0.25_r1,noise,0.25,1,7.1633881686320535,noise_a0.25_r1,weekly|N02BA|B_rich,,5,,,,,,,,,,
Naive,N02BA,B_rich,pacf_train,1,1,210,45,46,2014-01-12,2018-01-14,2018-01-21,2018-11-25,2018-12-02,2019-10-13,{},0,none,42,44.23617347759045,6.6510280015641525,5.129763512578273,-0.3901211146210139,0.2908587823056739,23.47462759283733,0.3477709222830194,42.51028698940773,6.519991333537777,5.332465215621927,-0.4339171284196494,0.3035215040869123,26.0964277341207,0.4838892872040413,0.0,weekly,noise_a0.25_r2,noise,0.25,2,6.375549660409212,noise_a0.25_r2,weekly|N02BA|B_rich,,5,,,,,,,,,,
S1 [linear],N02BA,B_rich,pacf_train,1,1,210,45,46,2014-01-12,2018-01-14,2018-01-21,2018-11-25,2018-12-02,2019-10-13,{},0,none,42,53.43881741108736,7.310185867068453,6.0038185401049295,-0.6793140677315204,0.3196846802063743,25.58872735896164,0.4692060682413161,50.74164907142431,7.123317279991417,5.661820000976715,-0.7115697136061148,0.3316077988922929,26.1305092627128,0.6494688000561593,0.007,weekly,noise_a0.25_r2,noise,0.25,2,7.263830806953382,noise_a0.25_r2,weekly|N02BA|B_rich,,5,linear,0.0,7.310185867068453,0.0,,7.123317279991417,,,,
AR-LRX [linear],N02BA,B_rich,pacf_train,1,1,210,45,46,2014-01-12,2018-01-14,2018-01-21,2018-11-25,2018-12-02,2019-10-13,"{""colsample_bytree"": 0.8, ""learning_rate"": 0.05, ""max_depth"": 3, ""n_estimators"": 100, ""subsample"": 0.8}",132,none,42,53.43881741108736,7.310185867068453,6.0038185401049295,-0.6793140677315204,0.3196846802063743,25.58872735896164,0.4692060682413161,50.74164907142431,7.123317279991417,5.661820000976715,-0.7115697136061148,0.3316077988922929,26.1305092627128,0.6494688000561593,4.361,weekly,noise_a0.25_r2,noise,0.25,2,7.263830806953382,noise_a0.25_r2,weekly|N02BA|B_rich,-0.6975054955051445,5,linear,0.0,7.310185867068453,0.0,-1.3805215219295497,7.123317279991417,5.0,,,
"LR-XGB (residual, tanpa gerbang)",N02BA,B_rich,pacf_train,1,1,210,45,46,2014-01-12,2018-01-14,2018-01-21,2018-11-25,2018-12-02,2019-10-13,"{""colsample_bytree"": 0.8, ""learning_rate"": 0.05, ""max_depth"": 3, ""n_estimators"": 100, ""subsample"": 0.8}",12,none,42,68.31197019116661,8.265105576528748,6.87141769428137,-1.146702679701911,0.3614446583372724,28.672414359749705,0.5241730531053782,48.46378568926321,6.961593617072402,5.641065790248055,-0.6347349625094081,0.3240791678091302,26.022904721604696,0.6452453895590972,4.557,weekly,noise_a0.25_r2,noise,0.25,2,7.016761846674142,noise_a0.25_r2,weekly|N02BA|B_rich,,5,,,,,,,5.0,,,
XGBoost,N02BA,B_rich,pacf_train,1,1,210,45,46,2014-01-12,2018-01-14,2018-01-21,2018-11-25,2018-12-02,2019-10-13,"{""colsample_bytree"": 0.8, ""learning_rate"": 0.05, ""max_depth"": 3, ""n_estimators"": 100, ""subsample"": 0.8}",12,none,42,72.01281272636609,8.486036337794348,7.127526575761403,-1.2630016030858373,0.3711062703738576,29.422261205259737,0.537364386578531,54.3399912057133,7.371566401092328,6.012080978479115,-0.8329456154332826,0.3431644011591119,27.419351257850185,0.6779498850288581,4.592,weekly,noise_a0.25_r2,noise,0.25,2,7.45171686099022,noise_a0.25_r2,weekly|N02BA|B_rich,,5,,,,,,,,,,
Naive,N02BA,B_rich,pacf_train,1,1,210,45,46,2014-01-12,2018-01-14,2018-01-21,2018-11-25,2018-12-02,2019-10-13,{},0,none,42,72.07031267503564,8.48942357731287,6.770138510716612,-0.9045144354561836,0.381208272317985,33.26294768325868,0.5782907299630711,53.29143347312723,7.300098182430647,5.710939002228928,-0.541547834416229,0.3490553038546667,27.895559137321264,0.5517397876825151,0.0,weekly,noise_a0.50_r1,noise,0.5,1,6.841072139915178,noise_a0.50_r1,weekly|N02BA|B_rich,,5,,,,,,,,,,
S1 [linear],N02BA,B_rich,pacf_train,1,1,210,45,46,2014-01-12,2018-01-14,2018-01-21,2018-11-25,2018-12-02,2019-10-13,{},0,none,42,73.82440066349176,8.592112700814146,6.956132238544583,-0.950867583806436,0.3858194149944305,30.287596714851507,0.7599895704269559,65.17853232683454,8.073322260806547,6.710596125734476,-0.8854029402216395,0.3860271306548618,30.9344465469194,0.6943509730687537,0.005,weekly,noise_a0.50_r1,noise,0.5,1,7.536334898222939,noise_a0.50_r1,weekly|N02BA|B_rich,,5,linear,0.0,8.592112700814146,0.0,,8.073322260806547,,,,
AR-LRX [linear],N02BA,B_rich,pacf_train,1,1,210,45,46,2014-01-12,2018-01-14,2018-01-21,2018-11-25,2018-12-02,2019-10-13,"{""colsample_bytree"": 0.8, ""learning_rate"": 0.1, ""max_depth"": 5, ""n_estimators"": 500, ""subsample"": 0.8}",132,none,42,68.7432347222934,8.291154004256187,6.867168265400521,-0.8165937958239307,0.3723051941867267,29.99822063401409,0.6854207726745923,54.62803981678535,7.39107839335948,6.147216126322333,-0.5802115084863246,0.3534055364648193,28.759951533770696,0.5840485795288924,5.042,weekly,noise_a0.50_r1,noise,0.5,1,6.716954342517335,noise_a0.50_r1,weekly|N02BA|B_rich,-0.9776501627391204,5,linear,0.3,8.592112700814146,3.5027,-1.9125909256260984,8.073322260806547,5.0,,,
"LR-XGB (residual, tanpa gerbang)",N02BA,B_rich,pacf_train,1,1,210,45,46,2014-01-12,2018-01-14,2018-01-21,2018-11-25,2018-12-02,2019-10-13,"{""colsample_bytree"": 0.8, ""learning_rate"": 0.05, ""max_depth"": 3, ""n_estimators"": 100, ""subsample"": 0.8}",12,none,42,76.67257165401293,8.756287549756056,7.298318524391565,-1.0261327320312477,0.3931915068630072,31.419001653107014,0.7077398689130538,59.70247420377709,7.726737617117401,6.27606448646199,-0.7269983901733958,0.3694551332527672,29.097218932198032,0.5897259553367424,4.553,weekly,noise_a0.50_r1,noise,0.5,1,7.185316991494478,noise_a0.50_r1,weekly|N02BA|B_rich,,5,,,,,,,5.0,,,
XGBoost,N02BA,B_rich,pacf_train,1,1,210,45,46,2014-01-12,2018-01-14,2018-01-21,2018-11-25,2018-12-02,2019-10-13,"{""colsample_bytree"": 0.8, ""learning_rate"": 0.05, ""max_depth"": 3, ""n_estimators"": 100, ""subsample"": 0.8}",12,none,42,81.03402594646434,9.001890131881433,7.632924653019279,-1.1413875762416477,0.4042200219507755,32.41344271844028,0.7335710478947362,67.56338279808914,8.219694811736574,6.741424058872854,-0.9543889073794354,0.3930259564191273,30.830183017882675,0.6355201227936538,4.573,weekly,noise_a0.50_r1,noise,0.5,1,7.642831748535512,noise_a0.50_r1,weekly|N02BA|B_rich,,5,,,,,,,,,,
Naive,N02BA,B_rich,pacf_train,1,1,210,45,46,2014-01-12,2018-01-14,2018-01-21,2018-11-25,2018-12-02,2019-10-13,{},0,none,42,91.89739005062935,9.586312640980855,7.447372243856941,-0.8917723302465601,0.4429584549341514,35.20772043562017,0.6193378154712537,64.56212585324003,8.035056057877881,7.021841812330447,-0.4764073576703898,0.3770345837505555,36.14760703732801,1.4900661668717634,0.0,weekly,noise_a0.50_r2,noise,0.5,2,7.269203903895401,noise_a0.50_r2,weekly|N02BA|B_rich,,5,,,,,,,,,,
S1 [linear],N02BA,B_rich,pacf_train,1,1,210,45,46,2014-01-12,2018-01-14,2018-01-21,2018-11-25,2018-12-02,2019-10-13,{},0,none,42,87.54935039264548,9.356780984539794,7.885962524769944,-0.802264879477208,0.432352396932145,34.7913532563052,0.7054210751684038,67.53641739118632,8.218054355575067,6.461257009108655,-0.5444234871340126,0.3856215415144247,31.037921175364264,2.4751393867885114,0.006,weekly,noise_a0.50_r2,noise,0.5,2,7.432030916703215,noise_a0.50_r2,weekly|N02BA|B_rich,,5,linear,0.0,9.356780984539794,0.0,,8.218054355575067,,,,
AR-LRX [linear],N02BA,B_rich,pacf_train,1,1,210,45,46,2014-01-12,2018-01-14,2018-01-21,2018-11-25,2018-12-02,2019-10-13,"{""colsample_bytree"": 0.8, ""learning_rate"": 0.05, ""max_depth"": 3, ""n_estimators"": 100, ""subsample"": 0.8}",132,none,42,87.54935039264548,9.356780984539794,7.885962524769944,-0.802264879477208,0.432352396932145,34.7913532563052,0.7054210751684038,67.53641739118632,8.218054355575067,6.461257009108655,-0.5444234871340126,0.3856215415144247,31.037921175364264,2.4751393867885114,4.594,weekly,noise_a0.50_r2,noise,0.5,2,7.432030916703215,noise_a0.50_r2,weekly|N02BA|B_rich,-0.8551619110342445,5,linear,0.0,9.356780984539794,0.0,-1.1343031274996331,8.218054355575067,5.0,,,
"LR-XGB (residual, tanpa gerbang)",N02BA,B_rich,pacf_train,1,1,210,45,46,2014-01-12,2018-01-14,2018-01-21,2018-11-25,2018-12-02,2019-10-13,"{""colsample_bytree"": 0.8, ""learning_rate"": 0.05, ""max_depth"": 3, ""n_estimators"": 100, ""subsample"": 0.8}",12,none,42,106.1049369634661,10.3007250697932,8.7193908553003,-1.1842446639611168,0.4759695862736035,37.71945505938941,0.7302613052554829,78.63264236831726,8.86750485583838,7.074152623139456,-0.7981720739733338,0.4160961638779231,33.26238899778852,2.4317685755094223,4.895,weekly,noise_a0.50_r2,noise,0.5,2,8.086002799599024,noise_a0.50_r2,weekly|N02BA|B_rich,,5,,,,,,,5.0,,,
XGBoost,N02BA,B_rich,pacf_train,1,1,210,45,46,2014-01-12,2018-01-14,2018-01-21,2018-11-25,2018-12-02,2019-10-13,"{""colsample_bytree"": 0.8, ""learning_rate"": 0.05, ""max_depth"": 3, ""n_estimators"": 100, ""subsample"": 0.8}",12,none,42,107.88606264718396,10.38682158541216,8.900799318905838,-1.2209103873651497,0.4799478812616842,38.12594714521386,0.7390924001429117,80.25519027376318,8.95852612173248,7.090937325732527,-0.8352765161538542,0.42036721872205,33.22649542155943,2.569848591747024,4.601,weekly,noise_a0.50_r2,noise,0.5,2,8.142048175528565,noise_a0.50_r2,weekly|N02BA|B_rich,,5,,,,,,,,,,
Naive,N02BA,B_rich,pacf_train,1,1,210,45,46,2014-01-12,2018-01-14,2018-01-21,2018-11-25,2018-12-02,2019-10-13,{},0,none,42,49.19444444444444,7.01387513750027,5.391111111111111,-0.5938228589736254,0.3180094520780979,25.109810773395424,0.3725147465421816,57.3281793478261,7.571537449410529,5.557608695652174,0.104171575949867,0.3386806589744833,25.95272446051905,0.773395120678885,0.0,weekly,spike,spike,1.5,0,7.923723494780666,spike,weekly|N02BA|B_rich,,5,,,,,,,,7.301861920085861,7.596721567322879,4.0
S1 [linear],N02BA,B_rich,pacf_train,1,1,210,45,46,2014-01-12,2018-01-14,2018-01-21,2018-11-25,2018-12-02,2019-10-13,{},0,none,42,55.76310318721868,7.467469664298522,6.280953746808672,-0.806637102030147,0.3385754507742403,27.31280964135922,0.4743527058695995,61.58920054816478,7.847878729195857,6.162880795682419,0.0375874989711803,0.3510416156975903,27.25464198899081,0.9770813423073365,0.006,weekly,spike,spike,1.5,0,7.199853420160952,spike,weekly|N02BA|B_rich,,5,linear,0.0,7.467469664298522,0.0,,7.847878729195857,,11.469748393124386,7.411192809992681,4.0
AR-LRX [linear],N02BA,B_rich,pacf_train,1,1,210,45,46,2014-01-12,2018-01-14,2018-01-21,2018-11-25,2018-12-02,2019-10-13,"{""colsample_bytree"": 0.8, ""learning_rate"": 0.05, ""max_depth"": 5, ""n_estimators"": 500, ""subsample"": 0.8}",132,none,42,55.10030062904451,7.422957673935944,6.278960623269953,-0.7851633384754599,0.3365572748887834,27.269060334078173,0.4654365256233672,62.57338436526248,7.9103340236214095,6.190156599960528,0.0222083285897699,0.3538352887677985,27.3203922047088,0.948484904742928,5.443,weekly,spike,spike,1.5,0,7.206428946100255,spike,weekly|N02BA|B_rich,-1.0655070677462395,5,linear,0.1,7.467469664298522,0.5961,-2.446559640791663,7.847878729195857,5.0,11.820149579396826,7.431451720775011,4.0
"LR-XGB (residual, tanpa gerbang)",N02BA,B_rich,pacf_train,1,1,210,45,46,2014-01-12,2018-01-14,2018-01-21,2018-11-25,2018-12-02,2019-10-13,"{""colsample_bytree"": 0.8, ""learning_rate"": 0.05, ""max_depth"": 3, ""n_estimators"": 100, ""subsample"": 0.8}",12,none,42,64.36183421276668,8.022582764469725,6.489062788093434,-1.0852225037244598,0.3637443067013981,27.58012293811265,0.481006287210162,67.56079651022154,8.219537487609722,6.074864896325924,-0.0557265650826661,0.3676661961152762,26.438295362432427,0.906018462917696,4.747,weekly,spike,spike,1.5,0,7.4513626035438385,spike,weekly|N02BA|B_rich,,5,,,,,,,5.0,12.605084742314991,7.672219511896433,4.0
XGBoost,N02BA,B_rich,pacf_train,1,1,210,45,46,2014-01-12,2018-01-14,2018-01-21,2018-11-25,2018-12-02,2019-10-13,"{""colsample_bytree"": 0.8, ""learning_rate"": 0.05, ""max_depth"": 3, ""n_estimators"": 100, ""subsample"": 0.8}",12,none,42,67.6721896799193,8.226310818338881,6.81726533677843,-1.1924728299444165,0.3729813469272037,28.900227202,0.5011228948549035,72.96295612770878,8.541835641576627,6.428111300261126,-0.1401424351077513,0.3820828389571166,27.85049138485492,0.968016926853856,4.909,weekly,spike,spike,1.5,0,7.7935144947809585,spike,weekly|N02BA|B_rich,,5,,,,,,,,12.657185615206068,8.040786787911642,4.0
Naive,N02BA,B_rich,pacf_train,1,1,210,45,46,2014-01-12,2018-01-14,2018-01-21,2018-11-25,2018-12-02,2019-10-13,{},0,none,42,49.19444444444444,7.01387513750027,5.391111111111111,-0.5938228589736254,0.3180094520780979,25.109810773395424,0.3725147465421816,50.367958695652185,7.097038727219416,5.596739130434783,-0.0789972341074478,0.2926089284324578,24.75926209049682,0.7327899753032017,0.0,weekly,level,level,1.3,0,8.264685940533505,level,weekly|N02BA|B_rich,,5,,,,,,,,7.76604538163184,6.358023004184488,23.0
S1 [linear],N02BA,B_rich,pacf_train,1,1,210,45,46,2014-01-12,2018-01-14,2018-01-21,2018-11-25,2018-12-02,2019-10-13,{},0,none,42,55.76310318721868,7.467469664298522,6.280953746808672,-0.806637102030147,0.3385754507742403,27.31280964135922,0.4743527058695995,45.39954784856789,6.737918658500405,5.08933901989548,0.0274375252264887,0.2778025081034495,22.24749482761403,0.7959982000008388,0.004,weekly,level,level,1.3,0,7.890746664362197,level,weekly|N02BA|B_rich,,5,linear,0.0,7.467469664298522,0.0,,6.737918658500405,,6.887009371420883,6.585453485910952,23.0
AR-LRX [linear],N02BA,B_rich,pacf_train,1,1,210,45,46,2014-01-12,2018-01-14,2018-01-21,2018-11-25,2018-12-02,2019-10-13,"{""colsample_bytree"": 0.8, ""learning_rate"": 0.05, ""max_depth"": 5, ""n_estimators"": 500, ""subsample"": 0.8}",132,none,42,55.10030062904451,7.422957673935944,6.278960623269953,-0.7851633384754599,0.3365572748887834,27.269060334078173,0.4654365256233672,44.71443981208421,6.686885658666836,4.992389280760796,0.0421141112064262,0.2756984317456973,21.880662386314388,0.8093107975273528,5.354,weekly,level,level,1.3,0,7.856752008833825,level,weekly|N02BA|B_rich,-0.6067964208167107,5,linear,0.1,7.467469664298522,0.5961,-2.446559640791663,6.737918658500405,5.0,6.853184471777654,6.516344237373748,23.0
"LR-XGB (residual, tanpa gerbang)",N02BA,B_rich,pacf_train,1,1,210,45,46,2014-01-12,2018-01-14,2018-01-21,2018-11-25,2018-12-02,2019-10-13,"{""colsample_bytree"": 0.8, ""learning_rate"": 0.05, ""max_depth"": 3, ""n_estimators"": 100, ""subsample"": 0.8}",12,none,42,64.36183421276668,8.022582764469725,6.489062788093434,-1.0852225037244598,0.3637443067013981,27.58012293811265,0.481006287210162,41.86578327513892,6.470377367290019,4.660532558573854,0.1031388698800668,0.2667718552436505,20.49397852039704,0.7915881959150562,4.753,weekly,level,level,1.3,0,7.7134021599348435,level,weekly|N02BA|B_rich,,5,,,,,,,5.0,6.707351807659924,6.224387381787784,23.0
XGBoost,N02BA,B_rich,pacf_train,1,1,210,45,46,2014-01-12,2018-01-14,2018-01-21,2018-11-25,2018-12-02,2019-10-13,"{""colsample_bytree"": 0.8, ""learning_rate"": 0.05, ""max_depth"": 3, ""n_estimators"": 100, ""subsample"": 0.8}",12,none,42,67.6721896799193,8.226310818338881,6.81726533677843,-1.1924728299444165,0.3729813469272037,28.900227202,0.5011228948549035,44.52324601584747,6.672574167129764,4.868768133080524,0.0462099209763733,0.2751083729389344,21.39560229996035,0.8072642837151076,4.643,weekly,level,level,1.3,0,7.953951108060705,level,weekly|N02BA|B_rich,,5,,,,,,,,6.672462255514764,6.672686076867831,23.0
Naive,N02BE,A_lag1,pacf_train,1,1,210,45,46,2014-01-12,2018-01-14,2018-01-21,2018-11-25,2018-12-02,2019-10-13,{},0,none,42,1680.9681508666667,40.999611594095214,33.66975555555555,0.5778299809887086,0.1966083430644854,16.091032387206173,0.1901027589132943,2872.5362513913046,53.59604697541886,41.5418695652174,0.6070022317317492,0.2638605401116403,20.08585888444381,0.3344249193079274,0.0,weekly,clean,clean,0.0,0,53.59604697541886,clean,weekly|N02BE|A_lag1,,5,,,,,,,,,,
S1 [linear],N02BE,A_lag1,pacf_train,1,1,210,45,46,2014-01-12,2018-01-14,2018-01-21,2018-11-25,2018-12-02,2019-10-13,{},0,none,42,1499.4320458283644,38.72250051105125,31.647842601792338,0.6234222195303742,0.1856887509121654,15.244489991691704,0.1862344902896344,2636.4831549119726,51.34669565718882,39.33803413707109,0.6392971557955466,0.252786681362296,19.063345346674403,0.3279954691336632,0.007,weekly,clean,clean,0.0,0,51.34669565718882,clean,weekly|N02BE|A_lag1,,5,linear,0.0,38.72250051105125,0.0,,51.34669565718882,,,,
AR-LRX [linear],N02BE,A_lag1,pacf_train,1,1,210,45,46,2014-01-12,2018-01-14,2018-01-21,2018-11-25,2018-12-02,2019-10-13,"{""colsample_bytree"": 0.8, ""learning_rate"": 0.05, ""max_depth"": 3, ""n_estimators"": 100, ""subsample"": 0.8}",132,none,42,1499.4320458283644,38.72250051105125,31.647842601792338,0.6234222195303742,0.1856887509121654,15.244489991691704,0.1862344902896344,2636.4831549119726,51.34669565718882,39.33803413707109,0.6392971557955466,0.252786681362296,19.063345346674403,0.3279954691336632,4.51,weekly,clean,clean,0.0,0,51.34669565718882,clean,weekly|N02BE|A_lag1,0.0759586679121533,5,linear,0.0,38.72250051105125,0.0,-0.6747563632010964,51.34669565718882,5.0,,,
"LR-XGB (residual, tanpa gerbang)",N02BE,A_lag1,pacf_train,1,1,210,45,46,2014-01-12,2018-01-14,2018-01-21,2018-11-25,2018-12-02,2019-10-13,"{""colsample_bytree"": 0.8, ""learning_rate"": 0.05, ""max_depth"": 3, ""n_estimators"": 100, ""subsample"": 0.8}",12,none,42,2507.309518535992,50.07304183426439,36.4163365095594,0.3702968693596075,0.2401188061169641,16.393194213958687,0.2275884383789881,2426.904004445557,49.26361745188387,37.45574698453828,0.667970123236415,0.2425314074873657,18.55645141191123,0.3244237291576879,4.89,weekly,clean,clean,0.0,0,49.26361745188387,clean,weekly|N02BE|A_lag1,,5,,,,,,,5.0,,,
XGBoost,N02BE,A_lag1,pacf_train,1,1,210,45,46,2014-01-12,2018-01-14,2018-01-21,2018-11-25,2018-12-02,2019-10-13,"{""colsample_bytree"": 0.8, ""learning_rate"": 0.05, ""max_depth"": 3, ""n_estimators"": 100, ""subsample"": 0.8}",12,none,42,2335.638184007332,48.32844073635453,35.24635277370877,0.4134116009054086,0.231752796834624,16.020512042445954,0.2257822501096585,2374.291981880481,48.7267070699476,36.3201208190918,0.6751680854700124,0.2398881255409523,18.262068573842782,0.3231572837429486,4.51,weekly,clean,clean,0.0,0,48.7267070699476,clean,weekly|N02BE|A_lag1,,5,,,,,,,,,,
Naive,N02BE,A_lag1,pacf_train,1,1,210,45,46,2014-01-12,2018-01-14,2018-01-21,2018-11-25,2018-12-02,2019-10-13,{},0,none,42,1856.577257448709,43.08801756229577,34.561109235344766,0.5406003518976605,0.2055946741011906,16.217071330346137,0.2000227202330516,2913.6049248284967,53.97781882244314,42.42530227402643,0.599206899857857,0.2653338375829993,21.29057998781576,0.3568557029133867,0.0,weekly,noise_a0.10_r1,noise,0.1,1,55.69183235825109,noise_a0.10_r1,weekly|N02BE|A_lag1,,5,,,,,,,,,,
S1 [linear],N02BE,A_lag1,pacf_train,1,1,210,45,46,2014-01-12,2018-01-14,2018-01-21,2018-11-25,2018-12-02,2019-10-13,{},0,none,42,1643.4924487307433,40.54001046781739,32.548304293074054,0.5933269948360259,0.19343684652327,15.468127994996674,0.1930435538992498,2666.5968343354625,51.63910179636612,40.16420606213416,0.6331851298866662,0.2538376197459847,20.16171920419896,0.3545251945928542,0.005,weekly,noise_a0.10_r1,noise,0.1,1,53.15562810097436,noise_a0.10_r1,weekly|N02BE|A_lag1,,5,linear,0.0,40.54001046781739,0.0,,51.63910179636612,,,,
AR-LRX [linear],N02BE,A_lag1,pacf_train,1,1,210,45,46,2014-01-12,2018-01-14,2018-01-21,2018-11-25,2018-12-02,2019-10-13,"{""colsample_bytree"": 0.8, ""learning_rate"": 0.05, ""max_depth"": 3, ""n_estimators"": 300, ""subsample"": 0.8}",132,none,42,1456.814764875042,38.16824288430163,30.225981282398788,0.6395193425704364,0.1821199465830095,14.67925253431354,0.1965066328330858,2640.8547411853583,51.38924733040326,39.388396619198566,0.6367261910751132,0.2526094329511597,19.775586467552824,0.3472518293861811,4.65,weekly,noise_a0.10_r1,noise,0.1,1,52.94211059722437,noise_a0.10_r1,weekly|N02BE|A_lag1,-0.0502969885032882,5,linear,0.4,40.54001046781739,5.8504,-0.2654348438622558,51.63910179636612,5.0,,,
"LR-XGB (residual, tanpa gerbang)",N02BE,A_lag1,pacf_train,1,1,210,45,46,2014-01-12,2018-01-14,2018-01-21,2018-11-25,2018-12-02,2019-10-13,"{""colsample_bytree"": 0.8, ""learning_rate"": 0.05, ""max_depth"": 3, ""n_estimators"": 100, ""subsample"": 0.8}",12,none,42,1641.6229165338807,40.51694604155008,32.423632285425256,0.5937896001113565,0.1933267945071868,15.34212536663425,0.2116458537181206,2704.2047598934832,52.00196880785845,39.50678676524411,0.6280118145391157,0.2556213319965342,19.8923166366662,0.3487049622296257,4.629,weekly,noise_a0.10_r1,noise,0.1,1,53.66954722605662,noise_a0.10_r1,weekly|N02BE|A_lag1,,5,,,,,,,5.0,,,
XGBoost,N02BE,A_lag1,pacf_train,1,1,210,45,46,2014-01-12,2018-01-14,2018-01-21,2018-11-25,2018-12-02,2019-10-13,"{""colsample_bytree"": 0.8, ""learning_rate"": 0.05, ""max_depth"": 3, ""n_estimators"": 100, ""subsample"": 0.8}",12,none,42,1583.5384491810205,39.79369861147642,31.34156134416691,0.6081622763654999,0.1898758160660103,14.899916514318704,0.2108634672801129,2614.683288067174,51.13397391233322,38.150922886906606,0.6403263146680809,0.2513546087080339,18.989047648126395,0.3377070522221647,5.161,weekly,noise_a0.10_r1,noise,0.1,1,52.71154022268795,noise_a0.10_r1,weekly|N02BE|A_lag1,,5,,,,,,,,,,
Naive,N02BE,A_lag1,pacf_train,1,1,210,45,46,2014-01-12,2018-01-14,2018-01-21,2018-11-25,2018-12-02,2019-10-13,{},0,none,42,1898.861778830868,43.57593118719172,37.16787713424094,0.5298130908864547,0.2054810731736306,17.628068205450255,0.2023211524978014,3056.724054080457,55.28764829580344,44.13683245390155,0.5779388592085843,0.2701359800401745,21.39212057102171,0.2903424898834024,0.0,weekly,noise_a0.10_r2,noise,0.1,2,55.334490720929374,noise_a0.10_r2,weekly|N02BE|A_lag1,,5,,,,,,,,,,
S1 [linear],N02BE,A_lag1,pacf_train,1,1,210,45,46,2014-01-12,2018-01-14,2018-01-21,2018-11-25,2018-12-02,2019-10-13,{},0,none,42,1677.9812921885327,40.96316994799759,34.76106270954474,0.5845064416377659,0.1931606713199147,16.619203709351595,0.1967578835424793,2765.503852136169,52.58805807534795,41.88474785706998,0.6181494665383611,0.2569457563213449,20.408584774307045,0.288273569121748,0.005,weekly,noise_a0.10_r2,noise,0.1,2,52.79399723886725,noise_a0.10_r2,weekly|N02BE|A_lag1,,5,linear,0.0,40.96316994799759,0.0,,52.58805807534795,,,,
AR-LRX [linear],N02BE,A_lag1,pacf_train,1,1,210,45,46,2014-01-12,2018-01-14,2018-01-21,2018-11-25,2018-12-02,2019-10-13,"{""colsample_bytree"": 0.8, ""learning_rate"": 0.05, ""max_depth"": 3, ""n_estimators"": 100, ""subsample"": 0.8}",132,none,42,1677.9812921885327,40.96316994799759,34.76106270954474,0.5845064416377659,0.1931606713199147,16.619203709351595,0.1967578835424793,2765.503852136169,52.58805807534795,41.88474785706998,0.6181494665383611,0.2569457563213449,20.408584774307045,0.288273569121748,4.548,weekly,noise_a0.10_r2,noise,0.1,2,52.79399723886725,noise_a0.10_r2,weekly|N02BE|A_lag1,0.0466661405139045,5,linear,0.0,40.96316994799759,0.0,-0.0764385787978647,52.58805807534795,5.0,,,
"LR-XGB (residual, tanpa gerbang)",N02BE,A_lag1,pacf_train,1,1,210,45,46,2014-01-12,2018-01-14,2018-01-21,2018-11-25,2018-12-02,2019-10-13,"{""colsample_bytree"": 0.8, ""learning_rate"": 0.05, ""max_depth"": 3, ""n_estimators"": 100, ""subsample"": 0.8}",12,none,42,1805.198523180708,42.48762788366406,33.60757623548167,0.5530055302533556,0.2003492096734193,15.889286149393213,0.2016027222367478,2630.3798401942845,51.28722882155249,39.92249260138637,0.6368068898515233,0.2505898921062696,19.6063342906392,0.2851338491206254,4.59,weekly,noise_a0.10_r2,noise,0.1,2,51.40389567412476,noise_a0.10_r2,weekly|N02BE|A_lag1,,5,,,,,,,5.0,,,
XGBoost,N02BE,A_lag1,pacf_train,1,1,210,45,46,2014-01-12,2018-01-14,2018-01-21,2018-11-25,2018-12-02,2019-10-13,"{""colsample_bytree"": 0.8, ""learning_rate"": 0.05, ""max_depth"": 3, ""n_estimators"": 100, ""subsample"": 0.8}",12,none,42,1831.879847654853,42.80046550745509,34.00273685247264,0.5463988305844214,0.2018243866556283,16.208505798353862,0.2044352174555303,2686.778340609183,51.83414261477837,39.04239346769937,0.6290195937126188,0.25326211814743,19.16997244185573,0.2937846362841255,4.55,weekly,noise_a0.10_r2,noise,0.1,2,51.94160628189911,noise_a0.10_r2,weekly|N02BE|A_lag1,,5,,,,,,,,,,
Naive,N02BE,A_lag1,pacf_train,1,1,210,45,46,2014-01-12,2018-01-14,2018-01-21,2018-11-25,2018-12-02,2019-10-13,{},0,none,42,2036.0578142685824,45.12269732926637,36.99806148737221,0.43900670229896,0.2131728464257702,18.46945167205509,0.2198821542641685,3423.8803714948667,58.51393313985026,43.65310419276855,0.5182581252153367,0.2860042364208783,23.817361470511507,0.6483254532422468,0.0,weekly,noise_a0.25_r1,noise,0.25,1,56.11745391311687,noise_a0.25_r1,weekly|N02BE|A_lag1,,5,,,,,,,,,,
S1 [linear],N02BE,A_lag1,pacf_train,1,1,210,45,46,2014-01-12,2018-01-14,2018-01-21,2018-11-25,2018-12-02,2019-10-13,{},0,none,42,1754.8259288298905,41.89064249721996,34.16267568012335,0.516494287241438,0.1979036721713174,16.92142316606164,0.2169666771455317,3089.744416940192,55.58546947665543,40.74660407335574,0.5652712400777153,0.2716905000347676,21.39028568886673,0.67438316504594,0.006,weekly,noise_a0.25_r1,noise,0.25,1,54.12626768378188,noise_a0.25_r1,weekly|N02BE|A_lag1,,5,linear,0.0,41.89064249721996,0.0,,55.58546947665543,,,,
AR-LRX [linear],N02BE,A_lag1,pacf_train,1,1,210,45,46,2014-01-12,2018-01-14,2018-01-21,2018-11-25,2018-12-02,2019-10-13,"{""colsample_bytree"": 0.8, ""learning_rate"": 0.05, ""max_depth"": 3, ""n_estimators"": 100, ""subsample"": 0.8}",132,none,42,1754.8259288298905,41.89064249721996,34.16267568012335,0.516494287241438,0.1979036721713174,16.92142316606164,0.2169666771455317,3089.744416940192,55.58546947665543,40.74660407335574,0.5652712400777153,0.2716905000347676,21.39028568886673,0.67438316504594,4.432,weekly,noise_a0.25_r1,noise,0.25,1,54.12626768378188,noise_a0.25_r1,weekly|N02BE|A_lag1,0.0363931295238474,5,linear,0.0,41.89064249721996,0.0,-0.2089987780037596,55.58546947665543,5.0,,,
"LR-XGB (residual, tanpa gerbang)",N02BE,A_lag1,pacf_train,1,1,210,45,46,2014-01-12,2018-01-14,2018-01-21,2018-11-25,2018-12-02,2019-10-13,"{""colsample_bytree"": 0.8, ""learning_rate"": 0.05, ""max_depth"": 3, ""n_estimators"": 100, ""subsample"": 0.8}",12,none,42,2120.117041696608,46.04472870694981,36.841020005174265,0.4158459340405253,0.2175287928764087,17.82601622601199,0.2271693606824334,2963.275877847443,54.43597962604736,38.87848835291948,0.583065433949395,0.2660720268035977,20.583072742352044,0.6275388115916262,4.578,weekly,noise_a0.25_r1,noise,0.25,1,53.61161934627358,noise_a0.25_r1,weekly|N02BE|A_lag1,,5,,,,,,,5.0,,,
XGBoost,N02BE,A_lag1,pacf_train,1,1,210,45,46,2014-01-12,2018-01-14,2018-01-21,2018-11-25,2018-12-02,2019-10-13,"{""colsample_bytree"": 0.8, ""learning_rate"": 0.05, ""max_depth"": 3, ""n_estimators"": 100, ""subsample"": 0.8}",12,none,42,2195.98598831393,46.861348554154205,37.94735219568884,0.3949418269676887,0.2213867443637953,18.40652783747433,0.2317764052019261,2812.5270618688533,53.03326373012369,36.99943756644347,0.6042758762988709,0.259215836026433,19.45308972395851,0.6210154511112888,4.473,weekly,noise_a0.25_r1,noise,0.25,1,52.25576258745309,noise_a0.25_r1,weekly|N02BE|A_lag1,,5,,,,,,,,,,
Naive,N02BE,A_lag1,pacf_train,1,1,210,45,46,2014-01-12,2018-01-14,2018-01-21,2018-11-25,2018-12-02,2019-10-13,{},0,none,42,2376.279659569293,48.74709898618884,39.36701967059498,0.5185846532794656,0.2340640298534189,19.856812199542546,0.2461796700486681,3670.865465915514,60.58766760583802,43.45986073353274,0.5145012355552122,0.2967577758662472,21.67858738439693,0.4763901312259925,0.0,weekly,noise_a0.25_r2,noise,0.25,2,61.11174239226028,noise_a0.25_r2,weekly|N02BE|A_lag1,,5,,,,,,,,,,
S1 [linear],N02BE,A_lag1,pacf_train,1,1,210,45,46,2014-01-12,2018-01-14,2018-01-21,2018-11-25,2018-12-02,2019-10-13,{},0,none,42,2079.6763460569555,45.60346857484588,38.07666851008081,0.5786741239939025,0.2189695766910438,19.05945103754605,0.2524800113582037,3300.411222705312,57.44920558811333,40.781630436092165,0.5634965144701877,0.2813856210231232,20.442162380109576,0.4514838581769563,0.005,weekly,noise_a0.25_r2,noise,0.25,2,57.3211296863041,noise_a0.25_r2,weekly|N02BE|A_lag1,,5,linear,0.0,45.60346857484588,0.0,,57.44920558811333,,,,
AR-LRX [linear],N02BE,A_lag1,pacf_train,1,1,210,45,46,2014-01-12,2018-01-14,2018-01-21,2018-11-25,2018-12-02,2019-10-13,"{""colsample_bytree"": 0.8, ""learning_rate"": 0.05, ""max_depth"": 3, ""n_estimators"": 100, ""subsample"": 0.8}",132,none,42,1900.258727341601,43.59195714052767,35.676691603375964,0.615022705598679,0.2093111050649446,17.99258236880835,0.2449602652577211,3319.3243014873374,57.61357740574124,40.527712428647966,0.5609951216880825,0.2821907125036483,20.309395730646514,0.4576655661467762,4.803,weekly,noise_a0.25_r2,noise,0.25,2,57.32862770391496,noise_a0.25_r2,weekly|N02BE|A_lag1,-0.0363681182423509,5,linear,0.6,45.60346857484588,4.4109,0.0365484799708372,57.44920558811333,5.0,,,
"LR-XGB (residual, tanpa gerbang)",N02BE,A_lag1,pacf_train,1,1,210,45,46,2014-01-12,2018-01-14,2018-01-21,2018-11-25,2018-12-02,2019-10-13,"{""colsample_bytree"": 0.8, ""learning_rate"": 0.05, ""max_depth"": 3, ""n_estimators"": 100, ""subsample"": 0.8}",12,none,42,2000.3376052731328,44.72513393242252,36.17106073457671,0.5947475214364146,0.2147521658042191,18.015038875891364,0.2466526919273698,3407.42875230216,58.37318521634878,41.04472768130769,0.5493426646830926,0.2859112637860153,20.577783969551,0.4646258037144188,4.67,weekly,noise_a0.25_r2,noise,0.25,2,57.98827800779664,noise_a0.25_r2,weekly|N02BE|A_lag1,,5,,,,,,,5.0,,,
XGBoost,N02BE,A_lag1,pacf_train,1,1,210,45,46,2014-01-12,2018-01-14,2018-01-21,2018-11-25,2018-12-02,2019-10-13,"{""colsample_bytree"": 0.8, ""learning_rate"": 0.05, ""max_depth"": 3, ""n_estimators"": 100, ""subsample"": 0.8}",12,none,42,1968.670054527113,44.369697480680585,35.58482323571317,0.6011631151822066,0.2130455024338493,17.760058517752736,0.2448061275313582,3526.7010585559624,59.38603420465086,41.55254374287193,0.5335680311923335,0.2908721877650058,20.94969670813729,0.4811860025386846,4.524,weekly,noise_a0.25_r2,noise,0.25,2,58.79417779154974,noise_a0.25_r2,weekly|N02BE|A_lag1,,5,,,,,,,,,,
Naive,N02BE,A_lag1,pacf_train,1,1,210,45,46,2014-01-12,2018-01-14,2018-01-21,2018-11-25,2018-12-02,2019-10-13,{},0,none,42,4154.903880389364,64.45854388976967,52.14330597281692,0.3049914882254317,0.302118479550617,26.165814069933923,0.3987504516519646,5648.63478906063,75.15740009513787,61.48836226271131,0.3201920811107432,0.371863543488306,32.53881168219998,0.6811459167803204,0.0,weekly,noise_a0.50_r1,noise,0.5,1,67.38644837936057,noise_a0.50_r1,weekly|N02BE|A_lag1,,5,,,,,,,,,,
S1 [linear],N02BE,A_lag1,pacf_train,1,1,210,45,46,2014-01-12,2018-01-14,2018-01-21,2018-11-25,2018-12-02,2019-10-13,{},0,none,42,3354.536176459437,57.91835785361526,47.69800506439271,0.4388724112971439,0.2714644972856724,23.26286319794768,0.3815054127564397,4734.180008620787,68.80537775945123,53.62184188446313,0.4302458594879648,0.3404350277190636,29.02573380676711,0.6858127350757862,0.006,weekly,noise_a0.50_r1,noise,0.5,1,60.47328964853918,noise_a0.50_r1,weekly|N02BE|A_lag1,,5,linear,0.0,57.91835785361526,0.0,,68.80537775945123,,,,
AR-LRX [linear],N02BE,A_lag1,pacf_train,1,1,210,45,46,2014-01-12,2018-01-14,2018-01-21,2018-11-25,2018-12-02,2019-10-13,"{""colsample_bytree"": 0.8, ""learning_rate"": 0.05, ""max_depth"": 3, ""n_estimators"": 100, ""subsample"": 0.8}",132,none,42,3301.930023264849,57.46242270618991,47.33317643532284,0.4476720671482751,0.2693275201651623,23.06770591876345,0.373053297729812,4749.108870294695,68.91377852283746,52.46951737445374,0.4284491849347472,0.3409713726689769,28.51233923465137,0.6906270091639102,4.784,weekly,noise_a0.50_r1,noise,0.5,1,61.34461124989944,noise_a0.50_r1,weekly|N02BE|A_lag1,-0.0561093741114719,5,linear,0.4,57.91835785361526,0.7872,-0.0174169547430698,68.80537775945123,5.0,,,
"LR-XGB (residual, tanpa gerbang)",N02BE,A_lag1,pacf_train,1,1,210,45,46,2014-01-12,2018-01-14,2018-01-21,2018-11-25,2018-12-02,2019-10-13,"{""colsample_bytree"": 0.8, ""learning_rate"": 0.05, ""max_depth"": 3, ""n_estimators"": 100, ""subsample"": 0.8}",12,none,42,3411.318346356213,58.4064923305296,47.50132319992751,0.429374215302393,0.2737523933050705,23.347010256291632,0.3709980098797755,4980.394058549105,70.57190700660642,52.6627903905149,0.4006142286366985,0.3491754554705732,28.57517926946047,0.7038041402425297,4.738,weekly,noise_a0.50_r1,noise,0.5,1,64.2749335016961,noise_a0.50_r1,weekly|N02BE|A_lag1,,5,,,,,,,5.0,,,
XGBoost,N02BE,A_lag1,pacf_train,1,1,210,45,46,2014-01-12,2018-01-14,2018-01-21,2018-11-25,2018-12-02,2019-10-13,"{""colsample_bytree"": 0.8, ""learning_rate"": 0.05, ""max_depth"": 3, ""n_estimators"": 100, ""subsample"": 0.8}",12,none,42,3499.6753994380583,59.15805439192586,47.88247746093669,0.4145943537857303,0.2772749796617412,23.42900416733784,0.3792980100534306,5058.416799068993,71.12254775434435,52.4733163776853,0.391224264718057,0.3518999139987246,28.53677198095374,0.718088042523585,4.558,weekly,noise_a0.50_r1,noise,0.5,1,64.05215418609242,noise_a0.50_r1,weekly|N02BE|A_lag1,,5,,,,,,,,,,
Naive,N02BE,A_lag1,pacf_train,1,1,210,45,46,2014-01-12,2018-01-14,2018-01-21,2018-11-25,2018-12-02,2019-10-13,{},0,none,42,5349.670455783105,73.14144143905769,58.01994789156793,0.0599441841938892,0.3471254816809627,27.51143147136259,0.3719500245204178,5123.397126039092,71.57790948357665,57.792281955394216,0.4379099419441808,0.366034116960802,32.103549348864995,0.5830547829991471,0.0,weekly,noise_a0.50_r2,noise,0.5,2,62.13224250917482,noise_a0.50_r2,weekly|N02BE|A_lag1,,5,,,,,,,,,,
S1 [linear],N02BE,A_lag1,pacf_train,1,1,210,45,46,2014-01-12,2018-01-14,2018-01-21,2018-11-25,2018-12-02,2019-10-13,{},0,none,42,4213.577453212099,64.9120747874546,51.22840987207471,0.2595809362500801,0.3080693350332767,24.380178776962623,0.3566066096487275,4594.4434083112,67.78232371578301,52.758642998105486,0.4959416772542192,0.346624303306184,28.86149308849636,0.5973843283166951,0.006,weekly,noise_a0.50_r2,noise,0.5,2,55.320807445603656,noise_a0.50_r2,weekly|N02BE|A_lag1,,5,linear,0.0,64.9120747874546,0.0,,67.78232371578301,,,,
AR-LRX [linear],N02BE,A_lag1,pacf_train,1,1,210,45,46,2014-01-12,2018-01-14,2018-01-21,2018-11-25,2018-12-02,2019-10-13,"{""colsample_bytree"": 0.8, ""learning_rate"": 0.1, ""max_depth"": 5, ""n_estimators"": 500, ""subsample"": 0.8}",132,none,42,4084.330395800397,63.908766189001,50.73747539971516,0.2822925124116272,0.3033076845426579,24.37757295352994,0.3549555258291447,4680.035151903422,68.4107824242891,54.026952683479216,0.4865513709903664,0.3498381066999131,29.5348322446754,0.6221828699325926,5.055,weekly,noise_a0.50_r2,noise,0.5,2,54.14233525456611,noise_a0.50_r2,weekly|N02BE|A_lag1,-0.7528232196138813,5,linear,0.2,64.9120747874546,1.5456,-0.2665628383520551,67.78232371578301,5.0,,,
"LR-XGB (residual, tanpa gerbang)",N02BE,A_lag1,pacf_train,1,1,210,45,46,2014-01-12,2018-01-14,2018-01-21,2018-11-25,2018-12-02,2019-10-13,"{""colsample_bytree"": 0.8, ""learning_rate"": 0.05, ""max_depth"": 3, ""n_estimators"": 100, ""subsample"": 0.8}",12,none,42,4689.905750916157,68.48288655508146,54.53942677934177,0.1758794839474117,0.3250162221938519,25.82183197552468,0.4052006793247035,4805.196498188752,69.31952465351124,54.38759477444121,0.472819866937653,0.3544852200595823,29.852727860703627,0.641324101051002,4.725,weekly,noise_a0.50_r2,noise,0.5,2,55.95160023730506,noise_a0.50_r2,weekly|N02BE|A_lag1,,5,,,,,,,5.0,,,
XGBoost,N02BE,A_lag1,pacf_train,1,1,210,45,46,2014-01-12,2018-01-14,2018-01-21,2018-11-25,2018-12-02,2019-10-13,"{""colsample_bytree"": 0.8, ""learning_rate"": 0.05, ""max_depth"": 5, ""n_estimators"": 100, ""subsample"": 0.8}",12,none,42,4573.305881625472,67.6262218494089,55.13099048588448,0.196368668497172,0.3209505360008413,26.8992913739686,0.4054354055266807,5232.964526931268,72.33923228049402,56.07296920819692,0.4258892562129303,0.3699273588800245,30.45679568547549,0.6797116460019709,4.961,weekly,noise_a0.50_r2,noise,0.5,2,58.43732667980043,noise_a0.50_r2,weekly|N02BE|A_lag1,,5,,,,,,,,,,
Naive,N02BE,A_lag1,pacf_train,1,1,210,45,46,2014-01-12,2018-01-14,2018-01-21,2018-11-25,2018-12-02,2019-10-13,{},0,none,42,1680.9681508666667,40.999611594095214,33.66975555555555,0.5778299809887086,0.1966083430644854,16.091032387206173,0.1901027589132943,6274.509457260871,79.21180124994552,51.93969565217392,0.5713410920634333,0.3632571610025183,21.770261229948662,0.3603338324095254,0.0,weekly,spike,spike,1.5,0,88.82321337475578,spike,weekly|N02BE|A_lag1,,5,,,,,,,,199.99382173082248,55.34250930342787,4.0
S1 [linear],N02BE,A_lag1,pacf_train,1,1,210,45,46,2014-01-12,2018-01-14,2018-01-21,2018-11-25,2018-12-02,2019-10-13,{},0,none,42,1499.4320458283644,38.72250051105125,31.647842601792338,0.6234222195303742,0.1856887509121654,15.244489991691704,0.1862344902896344,5655.76448152506,75.20481687714597,46.85856998991415,0.6136122126023027,0.3448815434243784,20.35098164186167,0.3469505031031961,0.009,weekly,spike,spike,1.5,0,74.46111756055654,spike,weekly|N02BE|A_lag1,,5,linear,0.0,38.72250051105125,0.0,,75.20481687714597,,190.36548914740072,52.37435948394256,4.0
AR-LRX [linear],N02BE,A_lag1,pacf_train,1,1,210,45,46,2014-01-12,2018-01-14,2018-01-21,2018-11-25,2018-12-02,2019-10-13,"{""colsample_bytree"": 0.8, ""learning_rate"": 0.05, ""max_depth"": 3, ""n_estimators"": 100, ""subsample"": 0.8}",132,none,42,1499.4320458283644,38.72250051105125,31.647842601792338,0.6234222195303742,0.1856887509121654,15.244489991691704,0.1862344902896344,5655.76448152506,75.20481687714597,46.85856998991415,0.6136122126023027,0.3448815434243784,20.35098164186167,0.3469505031031961,4.49,weekly,spike,spike,1.5,0,74.46111756055654,spike,weekly|N02BE|A_lag1,0.0804675547338918,5,linear,0.0,38.72250051105125,0.0,-0.6747563632010964,75.20481687714597,5.0,190.36548914740072,52.37435948394256,4.0
"LR-XGB (residual, tanpa gerbang)",N02BE,A_lag1,pacf_train,1,1,210,45,46,2014-01-12,2018-01-14,2018-01-21,2018-11-25,2018-12-02,2019-10-13,"{""colsample_bytree"": 0.8, ""learning_rate"": 0.05, ""max_depth"": 3, ""n_estimators"": 100, ""subsample"": 0.8}",12,none,42,2507.309518535992,50.07304183426439,36.4163365095594,0.3702968693596075,0.2401188061169641,16.393194213958687,0.2275884383789881,5200.5773988387655,72.11502893876397,44.06015459043859,0.6447094639651714,0.3307120942149749,19.817229863516623,0.344240509768592,4.619,weekly,spike,spike,1.5,0,63.5649490222385,spike,weekly|N02BE|A_lag1,,5,,,,,,,5.0,176.09129945256464,52.37092463403808,4.0
XGBoost,N02BE,A_lag1,pacf_train,1,1,210,45,46,2014-01-12,2018-01-14,2018-01-21,2018-11-25,2018-12-02,2019-10-13,"{""colsample_bytree"": 0.8, ""learning_rate"": 0.05, ""max_depth"": 3, ""n_estimators"": 100, ""subsample"": 0.8}",12,none,42,2335.638184007332,48.32844073635453,35.24635277370877,0.4134116009054086,0.231752796834624,16.020512042445954,0.2257822501096585,6092.722020876998,78.05589036630738,49.53531588479748,0.5837603583802167,0.3579562727593969,21.14204045878058,0.3475620648183636,4.539,weekly,spike,spike,1.5,0,54.65114946844278,spike,weekly|N02BE|A_lag1,,5,,,,,,,,204.99076359239075,51.68134054163443,4.0
Naive,N02BE,A_lag1,pacf_train,1,1,210,45,46,2014-01-12,2018-01-14,2018-01-21,2018-11-25,2018-12-02,2019-10-13,{},0,none,42,1680.9681508666667,40.999611594095214,33.66975555555555,0.5778299809887086,0.1966083430644854,16.091032387206173,0.1901027589132943,3814.8860000808695,61.76476341799481,47.67660434782609,0.4337206459813941,0.2723828130270234,20.4135923539462,0.3354532612240456,0.0,weekly,level,level,1.3,0,67.74494517563814,level,weekly|N02BE|A_lag1,,5,,,,,,,,67.3879190655701,55.57553746185378,23.0
S1 [linear],N02BE,A_lag1,pacf_train,1,1,210,45,46,2014-01-12,2018-01-14,2018-01-21,2018-11-25,2018-12-02,2019-10-13,{},0,none,42,1499.4320458283644,38.72250051105125,31.647842601792338,0.6234222195303742,0.1856887509121654,15.244489991691704,0.1862344902896344,3365.4035075970924,58.012097941697405,44.5841838178157,0.5004415533639451,0.2558335457390429,19.283984580331392,0.3083144391716726,0.005,weekly,level,level,1.3,0,63.68373332838242,level,weekly|N02BE|A_lag1,,5,linear,0.0,38.72250051105125,0.0,,58.012097941697405,,62.33018778899538,53.34561561536951,23.0
AR-LRX [linear],N02BE,A_lag1,pacf_train,1,1,210,45,46,2014-01-12,2018-01-14,2018-01-21,2018-11-25,2018-12-02,2019-10-13,"{""colsample_bytree"": 0.8, ""learning_rate"": 0.05, ""max_depth"": 3, ""n_estimators"": 100, ""subsample"": 0.8}",132,none,42,1499.4320458283644,38.72250051105125,31.647842601792338,0.6234222195303742,0.1856887509121654,15.244489991691704,0.1862344902896344,3365.4035075970924,58.012097941697405,44.5841838178157,0.5004415533639451,0.2558335457390429,19.283984580331392,0.3083144391716726,4.506,weekly,level,level,1.3,0,63.68373332838242,level,weekly|N02BE|A_lag1,0.0935471671072081,5,linear,0.0,38.72250051105125,0.0,-0.6747563632010964,58.012097941697405,5.0,62.33018778899538,53.34561561536951,23.0
"LR-XGB (residual, tanpa gerbang)",N02BE,A_lag1,pacf_train,1,1,210,45,46,2014-01-12,2018-01-14,2018-01-21,2018-11-25,2018-12-02,2019-10-13,"{""colsample_bytree"": 0.8, ""learning_rate"": 0.05, ""max_depth"": 3, ""n_estimators"": 100, ""subsample"": 0.8}",12,none,42,2507.309518535992,50.07304183426439,36.4163365095594,0.3702968693596075,0.2401188061169641,16.393194213958687,0.2275884383789881,3047.3816125375324,55.20309422973981,41.71532988726981,0.5476485297439163,0.2434458299845379,18.50802948145714,0.308957602335678,4.73,weekly,level,level,1.3,0,60.36588073096525,level,weekly|N02BE|A_lag1,,5,,,,,,,5.0,61.75002769235631,47.767115310308334,23.0
XGBoost,N02BE,A_lag1,pacf_train,1,1,210,45,46,2014-01-12,2018-01-14,2018-01-21,2018-11-25,2018-12-02,2019-10-13,"{""colsample_bytree"": 0.8, ""learning_rate"": 0.05, ""max_depth"": 3, ""n_estimators"": 100, ""subsample"": 0.8}",12,none,42,2335.638184007332,48.32844073635453,35.24635277370877,0.4134116009054086,0.231752796834624,16.020512042445954,0.2257822501096585,3061.2668624164426,55.32871643564888,41.234206782598086,0.5455874117100749,0.2439998243322958,18.59252001321281,0.3102406381067139,4.611,weekly,level,level,1.3,0,59.21389246043513,level,weekly|N02BE|A_lag1,,5,,,,,,,,61.95833849782131,47.78805306164166,23.0
Naive,N02BE,B_rich,pacf_train,1,1,210,45,46,2014-01-12,2018-01-14,2018-01-21,2018-11-25,2018-12-02,2019-10-13,{},0,none,42,1680.9681508666667,40.999611594095214,33.66975555555555,0.5778299809887086,0.1966083430644854,16.091032387206173,0.1901027589132943,2872.5362513913046,53.59604697541886,41.5418695652174,0.6070022317317492,0.2638605401116403,20.08585888444381,0.3344249193079274,0.0,weekly,clean,clean,0.0,0,53.59604697541886,clean,weekly|N02BE|B_rich,,5,,,,,,,,,,
S1 [linear],N02BE,B_rich,pacf_train,1,1,210,45,46,2014-01-12,2018-01-14,2018-01-21,2018-11-25,2018-12-02,2019-10-13,{},0,none,42,1499.4320458283644,38.72250051105125,31.647842601792338,0.6234222195303742,0.1856887509121654,15.244489991691704,0.1862344902896344,2636.4831549119726,51.34669565718882,39.33803413707109,0.6392971557955466,0.252786681362296,19.063345346674403,0.3279954691336632,0.005,weekly,clean,clean,0.0,0,51.34669565718882,clean,weekly|N02BE|B_rich,,5,linear,0.0,38.72250051105125,0.0,,51.34669565718882,,,,
AR-LRX [linear],N02BE,B_rich,pacf_train,1,1,210,45,46,2014-01-12,2018-01-14,2018-01-21,2018-11-25,2018-12-02,2019-10-13,"{""colsample_bytree"": 0.8, ""learning_rate"": 0.05, ""max_depth"": 3, ""n_estimators"": 100, ""subsample"": 0.8}",132,none,42,1499.4320458283644,38.72250051105125,31.647842601792338,0.6234222195303742,0.1856887509121654,15.244489991691704,0.1862344902896344,2636.4831549119726,51.34669565718882,39.33803413707109,0.6392971557955466,0.252786681362296,19.063345346674403,0.3279954691336632,4.461,weekly,clean,clean,0.0,0,51.34669565718882,clean,weekly|N02BE|B_rich,0.0759586679121533,5,linear,0.0,38.72250051105125,0.0,-0.6747563632010964,51.34669565718882,5.0,,,
"LR-XGB (residual, tanpa gerbang)",N02BE,B_rich,pacf_train,1,1,210,45,46,2014-01-12,2018-01-14,2018-01-21,2018-11-25,2018-12-02,2019-10-13,"{""colsample_bytree"": 0.8, ""learning_rate"": 0.05, ""max_depth"": 3, ""n_estimators"": 100, ""subsample"": 0.8}",12,none,42,2507.309518535992,50.07304183426439,36.4163365095594,0.3702968693596075,0.2401188061169641,16.393194213958687,0.2275884383789881,2426.904004445557,49.26361745188387,37.45574698453828,0.667970123236415,0.2425314074873657,18.55645141191123,0.3244237291576879,4.767,weekly,clean,clean,0.0,0,49.26361745188387,clean,weekly|N02BE|B_rich,,5,,,,,,,5.0,,,
XGBoost,N02BE,B_rich,pacf_train,1,1,210,45,46,2014-01-12,2018-01-14,2018-01-21,2018-11-25,2018-12-02,2019-10-13,"{""colsample_bytree"": 0.8, ""learning_rate"": 0.05, ""max_depth"": 3, ""n_estimators"": 100, ""subsample"": 0.8}",12,none,42,2335.638184007332,48.32844073635453,35.24635277370877,0.4134116009054086,0.231752796834624,16.020512042445954,0.2257822501096585,2374.291981880481,48.7267070699476,36.3201208190918,0.6751680854700124,0.2398881255409523,18.262068573842782,0.3231572837429486,4.565,weekly,clean,clean,0.0,0,48.7267070699476,clean,weekly|N02BE|B_rich,,5,,,,,,,,,,
Naive,N02BE,B_rich,pacf_train,1,1,210,45,46,2014-01-12,2018-01-14,2018-01-21,2018-11-25,2018-12-02,2019-10-13,{},0,none,42,1856.577257448709,43.08801756229577,34.561109235344766,0.5406003518976605,0.2055946741011906,16.217071330346137,0.2000227202330516,2913.6049248284967,53.97781882244314,42.42530227402643,0.599206899857857,0.2653338375829993,21.29057998781576,0.3568557029133867,0.0,weekly,noise_a0.10_r1,noise,0.1,1,55.69183235825109,noise_a0.10_r1,weekly|N02BE|B_rich,,5,,,,,,,,,,
S1 [linear],N02BE,B_rich,pacf_train,1,1,210,45,46,2014-01-12,2018-01-14,2018-01-21,2018-11-25,2018-12-02,2019-10-13,{},0,none,42,1643.4924487307433,40.54001046781739,32.548304293074054,0.5933269948360259,0.19343684652327,15.468127994996674,0.1930435538992498,2666.5968343354625,51.63910179636612,40.16420606213416,0.6331851298866662,0.2538376197459847,20.16171920419896,0.3545251945928542,0.005,weekly,noise_a0.10_r1,noise,0.1,1,53.15562810097436,noise_a0.10_r1,weekly|N02BE|B_rich,,5,linear,0.0,40.54001046781739,0.0,,51.63910179636612,,,,
AR-LRX [linear],N02BE,B_rich,pacf_train,1,1,210,45,46,2014-01-12,2018-01-14,2018-01-21,2018-11-25,2018-12-02,2019-10-13,"{""colsample_bytree"": 0.8, ""learning_rate"": 0.05, ""max_depth"": 3, ""n_estimators"": 300, ""subsample"": 0.8}",132,none,42,1456.814764875042,38.16824288430163,30.225981282398788,0.6395193425704364,0.1821199465830095,14.67925253431354,0.1965066328330858,2640.8547411853583,51.38924733040326,39.388396619198566,0.6367261910751132,0.2526094329511597,19.775586467552824,0.3472518293861811,4.681,weekly,noise_a0.10_r1,noise,0.1,1,52.94211059722437,noise_a0.10_r1,weekly|N02BE|B_rich,-0.0502969885032882,5,linear,0.4,40.54001046781739,5.8504,-0.2654348438622558,51.63910179636612,5.0,,,
"LR-XGB (residual, tanpa gerbang)",N02BE,B_rich,pacf_train,1,1,210,45,46,2014-01-12,2018-01-14,2018-01-21,2018-11-25,2018-12-02,2019-10-13,"{""colsample_bytree"": 0.8, ""learning_rate"": 0.05, ""max_depth"": 3, ""n_estimators"": 100, ""subsample"": 0.8}",12,none,42,1641.6229165338807,40.51694604155008,32.423632285425256,0.5937896001113565,0.1933267945071868,15.34212536663425,0.2116458537181206,2704.2047598934832,52.00196880785845,39.50678676524411,0.6280118145391157,0.2556213319965342,19.8923166366662,0.3487049622296257,4.676,weekly,noise_a0.10_r1,noise,0.1,1,53.66954722605662,noise_a0.10_r1,weekly|N02BE|B_rich,,5,,,,,,,5.0,,,
XGBoost,N02BE,B_rich,pacf_train,1,1,210,45,46,2014-01-12,2018-01-14,2018-01-21,2018-11-25,2018-12-02,2019-10-13,"{""colsample_bytree"": 0.8, ""learning_rate"": 0.05, ""max_depth"": 3, ""n_estimators"": 100, ""subsample"": 0.8}",12,none,42,1583.5384491810205,39.79369861147642,31.34156134416691,0.6081622763654999,0.1898758160660103,14.899916514318704,0.2108634672801129,2614.683288067174,51.13397391233322,38.150922886906606,0.6403263146680809,0.2513546087080339,18.989047648126395,0.3377070522221647,4.648,weekly,noise_a0.10_r1,noise,0.1,1,52.71154022268795,noise_a0.10_r1,weekly|N02BE|B_rich,,5,,,,,,,,,,
Naive,N02BE,B_rich,pacf_train,1,1,210,45,46,2014-01-12,2018-01-14,2018-01-21,2018-11-25,2018-12-02,2019-10-13,{},0,none,42,1898.861778830868,43.57593118719172,37.16787713424094,0.5298130908864547,0.2054810731736306,17.628068205450255,0.2023211524978014,3056.724054080457,55.28764829580344,44.13683245390155,0.5779388592085843,0.2701359800401745,21.39212057102171,0.2903424898834024,0.0,weekly,noise_a0.10_r2,noise,0.1,2,55.334490720929374,noise_a0.10_r2,weekly|N02BE|B_rich,,5,,,,,,,,,,
S1 [linear],N02BE,B_rich,pacf_train,1,1,210,45,46,2014-01-12,2018-01-14,2018-01-21,2018-11-25,2018-12-02,2019-10-13,{},0,none,42,1677.9812921885327,40.96316994799759,34.76106270954474,0.5845064416377659,0.1931606713199147,16.619203709351595,0.1967578835424793,2765.503852136169,52.58805807534795,41.88474785706998,0.6181494665383611,0.2569457563213449,20.408584774307045,0.288273569121748,0.005,weekly,noise_a0.10_r2,noise,0.1,2,52.79399723886725,noise_a0.10_r2,weekly|N02BE|B_rich,,5,linear,0.0,40.96316994799759,0.0,,52.58805807534795,,,,
AR-LRX [linear],N02BE,B_rich,pacf_train,1,1,210,45,46,2014-01-12,2018-01-14,2018-01-21,2018-11-25,2018-12-02,2019-10-13,"{""colsample_bytree"": 0.8, ""learning_rate"": 0.05, ""max_depth"": 3, ""n_estimators"": 100, ""subsample"": 0.8}",132,none,42,1677.9812921885327,40.96316994799759,34.76106270954474,0.5845064416377659,0.1931606713199147,16.619203709351595,0.1967578835424793,2765.503852136169,52.58805807534795,41.88474785706998,0.6181494665383611,0.2569457563213449,20.408584774307045,0.288273569121748,4.706,weekly,noise_a0.10_r2,noise,0.1,2,52.79399723886725,noise_a0.10_r2,weekly|N02BE|B_rich,0.0466661405139045,5,linear,0.0,40.96316994799759,0.0,-0.0764385787978647,52.58805807534795,5.0,,,
"LR-XGB (residual, tanpa gerbang)",N02BE,B_rich,pacf_train,1,1,210,45,46,2014-01-12,2018-01-14,2018-01-21,2018-11-25,2018-12-02,2019-10-13,"{""colsample_bytree"": 0.8, ""learning_rate"": 0.05, ""max_depth"": 3, ""n_estimators"": 100, ""subsample"": 0.8}",12,none,42,1805.198523180708,42.48762788366406,33.60757623548167,0.5530055302533556,0.2003492096734193,15.889286149393213,0.2016027222367478,2630.3798401942845,51.28722882155249,39.92249260138637,0.6368068898515233,0.2505898921062696,19.6063342906392,0.2851338491206254,4.908,weekly,noise_a0.10_r2,noise,0.1,2,51.40389567412476,noise_a0.10_r2,weekly|N02BE|B_rich,,5,,,,,,,5.0,,,
XGBoost,N02BE,B_rich,pacf_train,1,1,210,45,46,2014-01-12,2018-01-14,2018-01-21,2018-11-25,2018-12-02,2019-10-13,"{""colsample_bytree"": 0.8, ""learning_rate"": 0.05, ""max_depth"": 3, ""n_estimators"": 100, ""subsample"": 0.8}",12,none,42,1831.879847654853,42.80046550745509,34.00273685247264,0.5463988305844214,0.2018243866556283,16.208505798353862,0.2044352174555303,2686.778340609183,51.83414261477837,39.04239346769937,0.6290195937126188,0.25326211814743,19.16997244185573,0.2937846362841255,4.626,weekly,noise_a0.10_r2,noise,0.1,2,51.94160628189911,noise_a0.10_r2,weekly|N02BE|B_rich,,5,,,,,,,,,,
Naive,N02BE,B_rich,pacf_train,1,1,210,45,46,2014-01-12,2018-01-14,2018-01-21,2018-11-25,2018-12-02,2019-10-13,{},0,none,42,2036.0578142685824,45.12269732926637,36.99806148737221,0.43900670229896,0.2131728464257702,18.46945167205509,0.2198821542641685,3423.8803714948667,58.51393313985026,43.65310419276855,0.5182581252153367,0.2860042364208783,23.817361470511507,0.6483254532422468,0.0,weekly,noise_a0.25_r1,noise,0.25,1,56.11745391311687,noise_a0.25_r1,weekly|N02BE|B_rich,,5,,,,,,,,,,
S1 [linear],N02BE,B_rich,pacf_train,1,1,210,45,46,2014-01-12,2018-01-14,2018-01-21,2018-11-25,2018-12-02,2019-10-13,{},0,none,42,1754.8259288298905,41.89064249721996,34.16267568012335,0.516494287241438,0.1979036721713174,16.92142316606164,0.2169666771455317,3089.744416940192,55.58546947665543,40.74660407335574,0.5652712400777153,0.2716905000347676,21.39028568886673,0.67438316504594,0.006,weekly,noise_a0.25_r1,noise,0.25,1,54.12626768378188,noise_a0.25_r1,weekly|N02BE|B_rich,,5,linear,0.0,41.89064249721996,0.0,,55.58546947665543,,,,
AR-LRX [linear],N02BE,B_rich,pacf_train,1,1,210,45,46,2014-01-12,2018-01-14,2018-01-21,2018-11-25,2018-12-02,2019-10-13,"{""colsample_bytree"": 0.8, ""learning_rate"": 0.05, ""max_depth"": 3, ""n_estimators"": 100, ""subsample"": 0.8}",132,none,42,1754.8259288298905,41.89064249721996,34.16267568012335,0.516494287241438,0.1979036721713174,16.92142316606164,0.2169666771455317,3089.744416940192,55.58546947665543,40.74660407335574,0.5652712400777153,0.2716905000347676,21.39028568886673,0.67438316504594,4.437,weekly,noise_a0.25_r1,noise,0.25,1,54.12626768378188,noise_a0.25_r1,weekly|N02BE|B_rich,0.0363931295238474,5,linear,0.0,41.89064249721996,0.0,-0.2089987780037596,55.58546947665543,5.0,,,
"LR-XGB (residual, tanpa gerbang)",N02BE,B_rich,pacf_train,1,1,210,45,46,2014-01-12,2018-01-14,2018-01-21,2018-11-25,2018-12-02,2019-10-13,"{""colsample_bytree"": 0.8, ""learning_rate"": 0.05, ""max_depth"": 3, ""n_estimators"": 100, ""subsample"": 0.8}",12,none,42,2120.117041696608,46.04472870694981,36.841020005174265,0.4158459340405253,0.2175287928764087,17.82601622601199,0.2271693606824334,2963.275877847443,54.43597962604736,38.87848835291948,0.583065433949395,0.2660720268035977,20.583072742352044,0.6275388115916262,4.548,weekly,noise_a0.25_r1,noise,0.25,1,53.61161934627358,noise_a0.25_r1,weekly|N02BE|B_rich,,5,,,,,,,5.0,,,
XGBoost,N02BE,B_rich,pacf_train,1,1,210,45,46,2014-01-12,2018-01-14,2018-01-21,2018-11-25,2018-12-02,2019-10-13,"{""colsample_bytree"": 0.8, ""learning_rate"": 0.05, ""max_depth"": 3, ""n_estimators"": 100, ""subsample"": 0.8}",12,none,42,2195.98598831393,46.861348554154205,37.94735219568884,0.3949418269676887,0.2213867443637953,18.40652783747433,0.2317764052019261,2812.5270618688533,53.03326373012369,36.99943756644347,0.6042758762988709,0.259215836026433,19.45308972395851,0.6210154511112888,4.519,weekly,noise_a0.25_r1,noise,0.25,1,52.25576258745309,noise_a0.25_r1,weekly|N02BE|B_rich,,5,,,,,,,,,,
Naive,N02BE,B_rich,pacf_train,1,1,210,45,46,2014-01-12,2018-01-14,2018-01-21,2018-11-25,2018-12-02,2019-10-13,{},0,none,42,2376.279659569293,48.74709898618884,39.36701967059498,0.5185846532794656,0.2340640298534189,19.856812199542546,0.2461796700486681,3670.865465915514,60.58766760583802,43.45986073353274,0.5145012355552122,0.2967577758662472,21.67858738439693,0.4763901312259925,0.0,weekly,noise_a0.25_r2,noise,0.25,2,61.11174239226028,noise_a0.25_r2,weekly|N02BE|B_rich,,5,,,,,,,,,,
S1 [linear],N02BE,B_rich,pacf_train,1,1,210,45,46,2014-01-12,2018-01-14,2018-01-21,2018-11-25,2018-12-02,2019-10-13,{},0,none,42,2079.6763460569555,45.60346857484588,38.07666851008081,0.5786741239939025,0.2189695766910438,19.05945103754605,0.2524800113582037,3300.411222705312,57.44920558811333,40.781630436092165,0.5634965144701877,0.2813856210231232,20.442162380109576,0.4514838581769563,0.005,weekly,noise_a0.25_r2,noise,0.25,2,57.3211296863041,noise_a0.25_r2,weekly|N02BE|B_rich,,5,linear,0.0,45.60346857484588,0.0,,57.44920558811333,,,,
AR-LRX [linear],N02BE,B_rich,pacf_train,1,1,210,45,46,2014-01-12,2018-01-14,2018-01-21,2018-11-25,2018-12-02,2019-10-13,"{""colsample_bytree"": 0.8, ""learning_rate"": 0.05, ""max_depth"": 3, ""n_estimators"": 100, ""subsample"": 0.8}",132,none,42,1900.258727341601,43.59195714052767,35.676691603375964,0.615022705598679,0.2093111050649446,17.99258236880835,0.2449602652577211,3319.3243014873374,57.61357740574124,40.527712428647966,0.5609951216880825,0.2821907125036483,20.309395730646514,0.4576655661467762,4.375,weekly,noise_a0.25_r2,noise,0.25,2,57.32862770391496,noise_a0.25_r2,weekly|N02BE|B_rich,-0.0363681182423509,5,linear,0.6,45.60346857484588,4.4109,0.0365484799708372,57.44920558811333,5.0,,,
"LR-XGB (residual, tanpa gerbang)",N02BE,B_rich,pacf_train,1,1,210,45,46,2014-01-12,2018-01-14,2018-01-21,2018-11-25,2018-12-02,2019-10-13,"{""colsample_bytree"": 0.8, ""learning_rate"": 0.05, ""max_depth"": 3, ""n_estimators"": 100, ""subsample"": 0.8}",12,none,42,2000.3376052731328,44.72513393242252,36.17106073457671,0.5947475214364146,0.2147521658042191,18.015038875891364,0.2466526919273698,3407.42875230216,58.37318521634878,41.04472768130769,0.5493426646830926,0.2859112637860153,20.577783969551,0.4646258037144188,4.593,weekly,noise_a0.25_r2,noise,0.25,2,57.98827800779664,noise_a0.25_r2,weekly|N02BE|B_rich,,5,,,,,,,5.0,,,
XGBoost,N02BE,B_rich,pacf_train,1,1,210,45,46,2014-01-12,2018-01-14,2018-01-21,2018-11-25,2018-12-02,2019-10-13,"{""colsample_bytree"": 0.8, ""learning_rate"": 0.05, ""max_depth"": 3, ""n_estimators"": 100, ""subsample"": 0.8}",12,none,42,1968.670054527113,44.369697480680585,35.58482323571317,0.6011631151822066,0.2130455024338493,17.760058517752736,0.2448061275313582,3526.7010585559624,59.38603420465086,41.55254374287193,0.5335680311923335,0.2908721877650058,20.94969670813729,0.4811860025386846,4.458,weekly,noise_a0.25_r2,noise,0.25,2,58.79417779154974,noise_a0.25_r2,weekly|N02BE|B_rich,,5,,,,,,,,,,
Naive,N02BE,B_rich,pacf_train,1,1,210,45,46,2014-01-12,2018-01-14,2018-01-21,2018-11-25,2018-12-02,2019-10-13,{},0,none,42,4154.903880389364,64.45854388976967,52.14330597281692,0.3049914882254317,0.302118479550617,26.165814069933923,0.3987504516519646,5648.63478906063,75.15740009513787,61.48836226271131,0.3201920811107432,0.371863543488306,32.53881168219998,0.6811459167803204,0.0,weekly,noise_a0.50_r1,noise,0.5,1,67.38644837936057,noise_a0.50_r1,weekly|N02BE|B_rich,,5,,,,,,,,,,
S1 [linear],N02BE,B_rich,pacf_train,1,1,210,45,46,2014-01-12,2018-01-14,2018-01-21,2018-11-25,2018-12-02,2019-10-13,{},0,none,42,3354.536176459437,57.91835785361526,47.69800506439271,0.4388724112971439,0.2714644972856724,23.26286319794768,0.3815054127564397,4734.180008620787,68.80537775945123,53.62184188446313,0.4302458594879648,0.3404350277190636,29.02573380676711,0.6858127350757862,0.004,weekly,noise_a0.50_r1,noise,0.5,1,60.47328964853918,noise_a0.50_r1,weekly|N02BE|B_rich,,5,linear,0.0,57.91835785361526,0.0,,68.80537775945123,,,,
AR-LRX [linear],N02BE,B_rich,pacf_train,1,1,210,45,46,2014-01-12,2018-01-14,2018-01-21,2018-11-25,2018-12-02,2019-10-13,"{""colsample_bytree"": 0.8, ""learning_rate"": 0.05, ""max_depth"": 3, ""n_estimators"": 100, ""subsample"": 0.8}",132,none,42,3301.930023264849,57.46242270618991,47.33317643532284,0.4476720671482751,0.2693275201651623,23.06770591876345,0.373053297729812,4749.108870294695,68.91377852283746,52.46951737445374,0.4284491849347472,0.3409713726689769,28.51233923465137,0.6906270091639102,4.964,weekly,noise_a0.50_r1,noise,0.5,1,61.34461124989944,noise_a0.50_r1,weekly|N02BE|B_rich,-0.0561093741114719,5,linear,0.4,57.91835785361526,0.7872,-0.0174169547430698,68.80537775945123,5.0,,,
"LR-XGB (residual, tanpa gerbang)",N02BE,B_rich,pacf_train,1,1,210,45,46,2014-01-12,2018-01-14,2018-01-21,2018-11-25,2018-12-02,2019-10-13,"{""colsample_bytree"": 0.8, ""learning_rate"": 0.05, ""max_depth"": 3, ""n_estimators"": 100, ""subsample"": 0.8}",12,none,42,3411.318346356213,58.4064923305296,47.50132319992751,0.429374215302393,0.2737523933050705,23.347010256291632,0.3709980098797755,4980.394058549105,70.57190700660642,52.6627903905149,0.4006142286366985,0.3491754554705732,28.57517926946047,0.7038041402425297,4.59,weekly,noise_a0.50_r1,noise,0.5,1,64.2749335016961,noise_a0.50_r1,weekly|N02BE|B_rich,,5,,,,,,,5.0,,,
XGBoost,N02BE,B_rich,pacf_train,1,1,210,45,46,2014-01-12,2018-01-14,2018-01-21,2018-11-25,2018-12-02,2019-10-13,"{""colsample_bytree"": 0.8, ""learning_rate"": 0.05, ""max_depth"": 3, ""n_estimators"": 100, ""subsample"": 0.8}",12,none,42,3499.6753994380583,59.15805439192586,47.88247746093669,0.4145943537857303,0.2772749796617412,23.42900416733784,0.3792980100534306,5058.416799068993,71.12254775434435,52.4733163776853,0.391224264718057,0.3518999139987246,28.53677198095374,0.718088042523585,4.512,weekly,noise_a0.50_r1,noise,0.5,1,64.05215418609242,noise_a0.50_r1,weekly|N02BE|B_rich,,5,,,,,,,,,,
Naive,N02BE,B_rich,pacf_train,1,1,210,45,46,2014-01-12,2018-01-14,2018-01-21,2018-11-25,2018-12-02,2019-10-13,{},0,none,42,5349.670455783105,73.14144143905769,58.01994789156793,0.0599441841938892,0.3471254816809627,27.51143147136259,0.3719500245204178,5123.397126039092,71.57790948357665,57.792281955394216,0.4379099419441808,0.366034116960802,32.103549348864995,0.5830547829991471,0.0,weekly,noise_a0.50_r2,noise,0.5,2,62.13224250917482,noise_a0.50_r2,weekly|N02BE|B_rich,,5,,,,,,,,,,
S1 [linear],N02BE,B_rich,pacf_train,1,1,210,45,46,2014-01-12,2018-01-14,2018-01-21,2018-11-25,2018-12-02,2019-10-13,{},0,none,42,4213.577453212099,64.9120747874546,51.22840987207471,0.2595809362500801,0.3080693350332767,24.380178776962623,0.3566066096487275,4594.4434083112,67.78232371578301,52.758642998105486,0.4959416772542192,0.346624303306184,28.86149308849636,0.5973843283166951,0.005,weekly,noise_a0.50_r2,noise,0.5,2,55.320807445603656,noise_a0.50_r2,weekly|N02BE|B_rich,,5,linear,0.0,64.9120747874546,0.0,,67.78232371578301,,,,
AR-LRX [linear],N02BE,B_rich,pacf_train,1,1,210,45,46,2014-01-12,2018-01-14,2018-01-21,2018-11-25,2018-12-02,2019-10-13,"{""colsample_bytree"": 0.8, ""learning_rate"": 0.1, ""max_depth"": 5, ""n_estimators"": 500, ""subsample"": 0.8}",132,none,42,4084.330395800397,63.908766189001,50.73747539971516,0.2822925124116272,0.3033076845426579,24.37757295352994,0.3549555258291447,4680.035151903422,68.4107824242891,54.026952683479216,0.4865513709903664,0.3498381066999131,29.5348322446754,0.6221828699325926,4.949,weekly,noise_a0.50_r2,noise,0.5,2,54.14233525456611,noise_a0.50_r2,weekly|N02BE|B_rich,-0.7528232196138813,5,linear,0.2,64.9120747874546,1.5456,-0.2665628383520551,67.78232371578301,5.0,,,
"LR-XGB (residual, tanpa gerbang)",N02BE,B_rich,pacf_train,1,1,210,45,46,2014-01-12,2018-01-14,2018-01-21,2018-11-25,2018-12-02,2019-10-13,"{""colsample_bytree"": 0.8, ""learning_rate"": 0.05, ""max_depth"": 3, ""n_estimators"": 100, ""subsample"": 0.8}",12,none,42,4689.905750916157,68.48288655508146,54.53942677934177,0.1758794839474117,0.3250162221938519,25.82183197552468,0.4052006793247035,4805.196498188752,69.31952465351124,54.38759477444121,0.472819866937653,0.3544852200595823,29.852727860703627,0.641324101051002,4.469,weekly,noise_a0.50_r2,noise,0.5,2,55.95160023730506,noise_a0.50_r2,weekly|N02BE|B_rich,,5,,,,,,,5.0,,,
XGBoost,N02BE,B_rich,pacf_train,1,1,210,45,46,2014-01-12,2018-01-14,2018-01-21,2018-11-25,2018-12-02,2019-10-13,"{""colsample_bytree"": 0.8, ""learning_rate"": 0.05, ""max_depth"": 5, ""n_estimators"": 100, ""subsample"": 0.8}",12,none,42,4573.305881625472,67.6262218494089,55.13099048588448,0.196368668497172,0.3209505360008413,26.8992913739686,0.4054354055266807,5232.964526931268,72.33923228049402,56.07296920819692,0.4258892562129303,0.3699273588800245,30.45679568547549,0.6797116460019709,4.546,weekly,noise_a0.50_r2,noise,0.5,2,58.43732667980043,noise_a0.50_r2,weekly|N02BE|B_rich,,5,,,,,,,,,,
Naive,N02BE,B_rich,pacf_train,1,1,210,45,46,2014-01-12,2018-01-14,2018-01-21,2018-11-25,2018-12-02,2019-10-13,{},0,none,42,1680.9681508666667,40.999611594095214,33.66975555555555,0.5778299809887086,0.1966083430644854,16.091032387206173,0.1901027589132943,6274.509457260871,79.21180124994552,51.93969565217392,0.5713410920634333,0.3632571610025183,21.770261229948662,0.3603338324095254,0.0,weekly,spike,spike,1.5,0,88.82321337475578,spike,weekly|N02BE|B_rich,,5,,,,,,,,199.99382173082248,55.34250930342787,4.0
S1 [linear],N02BE,B_rich,pacf_train,1,1,210,45,46,2014-01-12,2018-01-14,2018-01-21,2018-11-25,2018-12-02,2019-10-13,{},0,none,42,1499.4320458283644,38.72250051105125,31.647842601792338,0.6234222195303742,0.1856887509121654,15.244489991691704,0.1862344902896344,5655.76448152506,75.20481687714597,46.85856998991415,0.6136122126023027,0.3448815434243784,20.35098164186167,0.3469505031031961,0.006,weekly,spike,spike,1.5,0,74.46111756055654,spike,weekly|N02BE|B_rich,,5,linear,0.0,38.72250051105125,0.0,,75.20481687714597,,190.36548914740072,52.37435948394256,4.0
AR-LRX [linear],N02BE,B_rich,pacf_train,1,1,210,45,46,2014-01-12,2018-01-14,2018-01-21,2018-11-25,2018-12-02,2019-10-13,"{""colsample_bytree"": 0.8, ""learning_rate"": 0.05, ""max_depth"": 3, ""n_estimators"": 100, ""subsample"": 0.8}",132,none,42,1499.4320458283644,38.72250051105125,31.647842601792338,0.6234222195303742,0.1856887509121654,15.244489991691704,0.1862344902896344,5655.76448152506,75.20481687714597,46.85856998991415,0.6136122126023027,0.3448815434243784,20.35098164186167,0.3469505031031961,4.473,weekly,spike,spike,1.5,0,74.46111756055654,spike,weekly|N02BE|B_rich,0.0804675547338918,5,linear,0.0,38.72250051105125,0.0,-0.6747563632010964,75.20481687714597,5.0,190.36548914740072,52.37435948394256,4.0
"LR-XGB (residual, tanpa gerbang)",N02BE,B_rich,pacf_train,1,1,210,45,46,2014-01-12,2018-01-14,2018-01-21,2018-11-25,2018-12-02,2019-10-13,"{""colsample_bytree"": 0.8, ""learning_rate"": 0.05, ""max_depth"": 3, ""n_estimators"": 100, ""subsample"": 0.8}",12,none,42,2507.309518535992,50.07304183426439,36.4163365095594,0.3702968693596075,0.2401188061169641,16.393194213958687,0.2275884383789881,5200.5773988387655,72.11502893876397,44.06015459043859,0.6447094639651714,0.3307120942149749,19.817229863516623,0.344240509768592,4.667,weekly,spike,spike,1.5,0,63.5649490222385,spike,weekly|N02BE|B_rich,,5,,,,,,,5.0,176.09129945256464,52.37092463403808,4.0
XGBoost,N02BE,B_rich,pacf_train,1,1,210,45,46,2014-01-12,2018-01-14,2018-01-21,2018-11-25,2018-12-02,2019-10-13,"{""colsample_bytree"": 0.8, ""learning_rate"": 0.05, ""max_depth"": 3, ""n_estimators"": 100, ""subsample"": 0.8}",12,none,42,2335.638184007332,48.32844073635453,35.24635277370877,0.4134116009054086,0.231752796834624,16.020512042445954,0.2257822501096585,6092.722020876998,78.05589036630738,49.53531588479748,0.5837603583802167,0.3579562727593969,21.14204045878058,0.3475620648183636,4.375,weekly,spike,spike,1.5,0,54.65114946844278,spike,weekly|N02BE|B_rich,,5,,,,,,,,204.99076359239075,51.68134054163443,4.0
Naive,N02BE,B_rich,pacf_train,1,1,210,45,46,2014-01-12,2018-01-14,2018-01-21,2018-11-25,2018-12-02,2019-10-13,{},0,none,42,1680.9681508666667,40.999611594095214,33.66975555555555,0.5778299809887086,0.1966083430644854,16.091032387206173,0.1901027589132943,3814.8860000808695,61.76476341799481,47.67660434782609,0.4337206459813941,0.2723828130270234,20.4135923539462,0.3354532612240456,0.0,weekly,level,level,1.3,0,67.74494517563814,level,weekly|N02BE|B_rich,,5,,,,,,,,67.3879190655701,55.57553746185378,23.0
S1 [linear],N02BE,B_rich,pacf_train,1,1,210,45,46,2014-01-12,2018-01-14,2018-01-21,2018-11-25,2018-12-02,2019-10-13,{},0,none,42,1499.4320458283644,38.72250051105125,31.647842601792338,0.6234222195303742,0.1856887509121654,15.244489991691704,0.1862344902896344,3365.4035075970924,58.012097941697405,44.5841838178157,0.5004415533639451,0.2558335457390429,19.283984580331392,0.3083144391716726,0.005,weekly,level,level,1.3,0,63.68373332838242,level,weekly|N02BE|B_rich,,5,linear,0.0,38.72250051105125,0.0,,58.012097941697405,,62.33018778899538,53.34561561536951,23.0
AR-LRX [linear],N02BE,B_rich,pacf_train,1,1,210,45,46,2014-01-12,2018-01-14,2018-01-21,2018-11-25,2018-12-02,2019-10-13,"{""colsample_bytree"": 0.8, ""learning_rate"": 0.05, ""max_depth"": 3, ""n_estimators"": 100, ""subsample"": 0.8}",132,none,42,1499.4320458283644,38.72250051105125,31.647842601792338,0.6234222195303742,0.1856887509121654,15.244489991691704,0.1862344902896344,3365.4035075970924,58.012097941697405,44.5841838178157,0.5004415533639451,0.2558335457390429,19.283984580331392,0.3083144391716726,4.42,weekly,level,level,1.3,0,63.68373332838242,level,weekly|N02BE|B_rich,0.0935471671072081,5,linear,0.0,38.72250051105125,0.0,-0.6747563632010964,58.012097941697405,5.0,62.33018778899538,53.34561561536951,23.0
"LR-XGB (residual, tanpa gerbang)",N02BE,B_rich,pacf_train,1,1,210,45,46,2014-01-12,2018-01-14,2018-01-21,2018-11-25,2018-12-02,2019-10-13,"{""colsample_bytree"": 0.8, ""learning_rate"": 0.05, ""max_depth"": 3, ""n_estimators"": 100, ""subsample"": 0.8}",12,none,42,2507.309518535992,50.07304183426439,36.4163365095594,0.3702968693596075,0.2401188061169641,16.393194213958687,0.2275884383789881,3047.3816125375324,55.20309422973981,41.71532988726981,0.5476485297439163,0.2434458299845379,18.50802948145714,0.308957602335678,4.706,weekly,level,level,1.3,0,60.36588073096525,level,weekly|N02BE|B_rich,,5,,,,,,,5.0,61.75002769235631,47.767115310308334,23.0
XGBoost,N02BE,B_rich,pacf_train,1,1,210,45,46,2014-01-12,2018-01-14,2018-01-21,2018-11-25,2018-12-02,2019-10-13,"{""colsample_bytree"": 0.8, ""learning_rate"": 0.05, ""max_depth"": 3, ""n_estimators"": 100, ""subsample"": 0.8}",12,none,42,2335.638184007332,48.32844073635453,35.24635277370877,0.4134116009054086,0.231752796834624,16.020512042445954,0.2257822501096585,3061.2668624164426,55.32871643564888,41.234206782598086,0.5455874117100749,0.2439998243322958,18.59252001321281,0.3102406381067139,4.582,weekly,level,level,1.3,0,59.21389246043513,level,weekly|N02BE|B_rich,,5,,,,,,,,61.95833849782131,47.78805306164166,23.0
Naive,N05B,A_lag1,pacf_train,1,1,210,45,46,2014-01-12,2018-01-14,2018-01-21,2018-11-25,2018-12-02,2019-10-13,{},0,none,42,426.96177777777774,20.663053447585565,15.013333333333332,-0.801173853632781,0.3220550724374308,22.340031684847204,0.2828881884247876,240.0434782608696,15.493336576117798,12.104347826086956,-0.5862350330555679,0.2638042206475491,21.2661248034866,0.3667312182996869,0.0,weekly,clean,clean,0.0,0,15.493336576117798,clean,weekly|N05B|A_lag1,,5,,,,,,,,,,
S1 [linear],N05B,A_lag1,pacf_train,1,1,210,45,46,2014-01-12,2018-01-14,2018-01-21,2018-11-25,2018-12-02,2019-10-13,{},0,none,42,280.1724738223089,16.738353378463156,11.053311405027056,-0.1819309376658278,0.2608845601381415,16.80006438157009,0.223534293627507,168.22555190185386,12.970179331908016,9.770105004562676,-0.1116538796018928,0.2208425559919191,17.156348590497235,0.3310900704837283,0.005,weekly,clean,clean,0.0,0,12.970179331908016,clean,weekly|N05B|A_lag1,,5,linear,0.0,16.738353378463156,0.0,,12.970179331908016,,,,
AR-LRX [linear],N05B,A_lag1,pacf_train,1,1,210,45,46,2014-01-12,2018-01-14,2018-01-21,2018-11-25,2018-12-02,2019-10-13,"{""colsample_bytree"": 0.8, ""learning_rate"": 0.05, ""max_depth"": 3, ""n_estimators"": 100, ""subsample"": 0.8}",132,none,42,280.1724738223089,16.738353378463156,11.053311405027056,-0.1819309376658278,0.2608845601381415,16.80006438157009,0.223534293627507,168.22555190185386,12.970179331908016,9.770105004562676,-0.1116538796018928,0.2208425559919191,17.156348590497235,0.3310900704837283,4.376,weekly,clean,clean,0.0,0,12.970179331908016,clean,weekly|N05B|A_lag1,-0.1261116597586833,5,linear,0.0,16.738353378463156,0.0,-0.341410336835678,12.970179331908016,5.0,,,
"LR-XGB (residual, tanpa gerbang)",N05B,A_lag1,pacf_train,1,1,210,45,46,2014-01-12,2018-01-14,2018-01-21,2018-11-25,2018-12-02,2019-10-13,"{""colsample_bytree"": 0.8, ""learning_rate"": 0.05, ""max_depth"": 3, ""n_estimators"": 100, ""subsample"": 0.8}",12,none,42,374.45200065169263,19.35076227572683,13.49358200623078,-0.5796569812985668,0.3016016564171888,19.96848209616325,0.2474501353498088,184.2776203265933,13.574889330178472,10.68910096331487,-0.2177278020129627,0.231138921079438,18.63573647421044,0.3362690154550159,4.548,weekly,clean,clean,0.0,0,13.574889330178472,clean,weekly|N05B|A_lag1,,5,,,,,,,5.0,,,
XGBoost,N05B,A_lag1,pacf_train,1,1,210,45,46,2014-01-12,2018-01-14,2018-01-21,2018-11-25,2018-12-02,2019-10-13,"{""colsample_bytree"": 0.8, ""learning_rate"": 0.05, ""max_depth"": 3, ""n_estimators"": 100, ""subsample"": 0.8}",12,none,42,372.768508581751,19.3072139000362,13.666486460367835,-0.5725550296555906,0.3009229099132824,20.249201460947283,0.2476714024689588,186.54184600753484,13.65803228900616,10.656571512636932,-0.2326900668654588,0.2325545918323525,18.54658861937829,0.3359197602013467,4.519,weekly,clean,clean,0.0,0,13.65803228900616,clean,weekly|N05B|A_lag1,,5,,,,,,,,,,
Naive,N05B,A_lag1,pacf_train,1,1,210,45,46,2014-01-12,2018-01-14,2018-01-21,2018-11-25,2018-12-02,2019-10-13,{},0,none,42,463.1846906523076,21.521726014711447,16.204056207557016,-0.8312506321040634,0.3384226526296361,24.530007283227,0.2926181926099491,238.2649224771729,15.435832419314902,11.900367437164276,-0.5809999460115913,0.2628318228551017,21.10536209170917,0.3804766226796103,0.0,weekly,noise_a0.10_r1,noise,0.1,1,15.351538993161425,noise_a0.10_r1,weekly|N05B|A_lag1,,5,,,,,,,,,,
S1 [linear],N05B,A_lag1,pacf_train,1,1,210,45,46,2014-01-12,2018-01-14,2018-01-21,2018-11-25,2018-12-02,2019-10-13,{},0,none,42,302.1138422387958,17.381422330718387,11.928344884119044,-0.1944396603178748,0.2733176255295143,18.42694004203989,0.2346686610231287,167.48124301066747,12.941454439539148,9.749644770676024,-0.1113169047499536,0.2203590948865257,17.242336640489857,0.3484892042618261,0.005,weekly,noise_a0.10_r1,noise,0.1,1,12.903364848063124,noise_a0.10_r1,weekly|N05B|A_lag1,,5,linear,0.0,17.381422330718387,0.0,,12.941454439539148,,,,
AR-LRX [linear],N05B,A_lag1,pacf_train,1,1,210,45,46,2014-01-12,2018-01-14,2018-01-21,2018-11-25,2018-12-02,2019-10-13,"{""colsample_bytree"": 0.8, ""learning_rate"": 0.05, ""max_depth"": 5, ""n_estimators"": 500, ""subsample"": 0.8}",132,none,42,291.52396310386086,17.07407283292012,11.196470809506812,-0.1525714309676249,0.2684846473446709,17.146358915347175,0.2235956764935767,184.6941702204331,13.59022333225003,10.18239292031308,-0.2255327813733711,0.2314059309787289,17.90579510199536,0.36387188090364,5.129,weekly,noise_a0.10_r1,noise,0.1,1,13.585898777043871,noise_a0.10_r1,weekly|N05B|A_lag1,-1.3043586553398518,5,linear,0.2,17.381422330718387,1.7683,-0.8386196866018483,12.941454439539148,5.0,,,
"LR-XGB (residual, tanpa gerbang)",N05B,A_lag1,pacf_train,1,1,210,45,46,2014-01-12,2018-01-14,2018-01-21,2018-11-25,2018-12-02,2019-10-13,"{""colsample_bytree"": 0.8, ""learning_rate"": 0.05, ""max_depth"": 3, ""n_estimators"": 100, ""subsample"": 0.8}",12,none,42,351.9206739376237,18.75954887351036,12.602589924143324,-0.391356341443775,0.2949882499000765,18.93077844708934,0.2387401323512958,179.5730981932586,13.400488729641864,10.440862890323238,-0.1915520572520517,0.2281752473260745,18.363315599207912,0.3433128707236675,4.558,weekly,noise_a0.10_r1,noise,0.1,1,13.344255399742114,noise_a0.10_r1,weekly|N05B|A_lag1,,5,,,,,,,5.0,,,
XGBoost,N05B,A_lag1,pacf_train,1,1,210,45,46,2014-01-12,2018-01-14,2018-01-21,2018-11-25,2018-12-02,2019-10-13,"{""colsample_bytree"": 0.8, ""learning_rate"": 0.05, ""max_depth"": 3, ""n_estimators"": 100, ""subsample"": 0.8}",12,none,42,339.38520564530387,18.42241041897894,12.33311945453546,-0.3417960155148187,0.2896868493521842,18.609997010870504,0.2324949893102846,183.71920315974063,13.554305705558685,10.60705059908781,-0.2190634158692419,0.2307943478104572,18.60159066009304,0.3431689521515796,4.471,weekly,noise_a0.10_r1,noise,0.1,1,13.54426947385468,noise_a0.10_r1,weekly|N05B|A_lag1,,5,,,,,,,,,,
Naive,N05B,A_lag1,pacf_train,1,1,210,45,46,2014-01-12,2018-01-14,2018-01-21,2018-11-25,2018-12-02,2019-10-13,{},0,none,42,437.1841646191326,20.908949390611014,15.33213120068333,-0.6789997654827906,0.3274355556427342,22.802136142957888,0.2817575266860509,241.2077881865518,15.530865661209996,11.903438270310811,-0.5760910459380126,0.2656949342476103,20.741844240759395,0.3893866772796373,0.0,weekly,noise_a0.10_r2,noise,0.1,2,15.532305478054871,noise_a0.10_r2,weekly|N05B|A_lag1,,5,,,,,,,,,,
S1 [linear],N05B,A_lag1,pacf_train,1,1,210,45,46,2014-01-12,2018-01-14,2018-01-21,2018-11-25,2018-12-02,2019-10-13,{},0,none,42,289.9211419102168,17.02707085526506,11.358435639822924,-0.1134381541468436,0.2666450763406336,17.269875922499445,0.2250145823522901,169.98256564650637,13.037736216326298,9.84918122720729,-0.1106938200263552,0.2230436179347276,17.318830143242074,0.3509379691719945,0.007,weekly,noise_a0.10_r2,noise,0.1,2,12.966807427469291,noise_a0.10_r2,weekly|N05B|A_lag1,,5,linear,0.0,17.02707085526506,0.0,,13.037736216326298,,,,
AR-LRX [linear],N05B,A_lag1,pacf_train,1,1,210,45,46,2014-01-12,2018-01-14,2018-01-21,2018-11-25,2018-12-02,2019-10-13,"{""colsample_bytree"": 0.8, ""learning_rate"": 0.05, ""max_depth"": 3, ""n_estimators"": 100, ""subsample"": 0.8}",132,none,42,289.9211419102168,17.02707085526506,11.358435639822924,-0.1134381541468436,0.2666450763406336,17.269875922499445,0.2250145823522901,169.98256564650637,13.037736216326298,9.84918122720729,-0.1106938200263552,0.2230436179347276,17.318830143242074,0.3509379691719945,4.466,weekly,noise_a0.10_r2,noise,0.1,2,12.966807427469291,noise_a0.10_r2,weekly|N05B|A_lag1,-0.3267928278424969,5,linear,0.0,17.02707085526506,0.0,-0.1812961095837788,13.037736216326298,5.0,,,
"LR-XGB (residual, tanpa gerbang)",N05B,A_lag1,pacf_train,1,1,210,45,46,2014-01-12,2018-01-14,2018-01-21,2018-11-25,2018-12-02,2019-10-13,"{""colsample_bytree"": 0.8, ""learning_rate"": 0.05, ""max_depth"": 3, ""n_estimators"": 100, ""subsample"": 0.8}",12,none,42,341.4699446211603,18.478905395643984,12.328383357827173,-0.3114106212831915,0.2893809030218037,18.60507568040302,0.2293600948676156,219.086760716184,14.801579669622562,11.615571852221372,-0.4315486429537816,0.2532186436267674,19.676313597455284,0.3339008310424339,4.72,weekly,noise_a0.10_r2,noise,0.1,2,14.755619686057733,noise_a0.10_r2,weekly|N05B|A_lag1,,5,,,,,,,5.0,,,
XGBoost,N05B,A_lag1,pacf_train,1,1,210,45,46,2014-01-12,2018-01-14,2018-01-21,2018-11-25,2018-12-02,2019-10-13,"{""colsample_bytree"": 0.8, ""learning_rate"": 0.05, ""max_depth"": 3, ""n_estimators"": 100, ""subsample"": 0.8}",12,none,42,353.855087931281,18.811036333261413,12.441308256075692,-0.3589755936588017,0.2945820958734033,18.66711842177928,0.2331382968570447,206.72575803915527,14.377960844262835,11.51640284885935,-0.3507798345145902,0.2459715668439762,19.820984099713584,0.3275429435495147,4.626,weekly,noise_a0.10_r2,noise,0.1,2,14.301230585969654,noise_a0.10_r2,weekly|N05B|A_lag1,,5,,,,,,,,,,
Naive,N05B,A_lag1,pacf_train,1,1,210,45,46,2014-01-12,2018-01-14,2018-01-21,2018-11-25,2018-12-02,2019-10-13,{},0,none,42,524.4776663153166,22.90147738280909,16.008669108528835,-0.7433800071689733,0.3528925356427961,23.873496578139868,0.3267568178020827,233.11888886521007,15.268231360089164,12.62539333376001,-0.6656636102003981,0.2580216690242949,21.619553302240323,0.29632614261427,0.0,weekly,noise_a0.25_r1,noise,0.25,1,15.494198279772167,noise_a0.25_r1,weekly|N05B|A_lag1,,5,,,,,,,,,,
S1 [linear],N05B,A_lag1,pacf_train,1,1,210,45,46,2014-01-12,2018-01-14,2018-01-21,2018-11-25,2018-12-02,2019-10-13,{},0,none,42,345.56968102808685,18.58950459340127,12.14894522358298,-0.1486843228629044,0.2864486558073799,18.18244512855212,0.2603413640920301,157.00983749574198,12.530356638808888,9.926974878423891,-0.1218549214660595,0.2117536378094445,16.86467581079017,0.2565304998486223,0.007,weekly,noise_a0.25_r1,noise,0.25,1,12.958393812385683,noise_a0.25_r1,weekly|N05B|A_lag1,,5,linear,0.0,18.58950459340127,0.0,,12.530356638808888,,,,
AR-LRX [linear],N05B,A_lag1,pacf_train,1,1,210,45,46,2014-01-12,2018-01-14,2018-01-21,2018-11-25,2018-12-02,2019-10-13,"{""colsample_bytree"": 0.8, ""learning_rate"": 0.05, ""max_depth"": 3, ""n_estimators"": 100, ""subsample"": 0.8}",132,none,42,345.56968102808685,18.58950459340127,12.14894522358298,-0.1486843228629044,0.2864486558073799,18.18244512855212,0.2603413640920301,157.00983749574198,12.530356638808888,9.926974878423891,-0.1218549214660595,0.2117536378094445,16.86467581079017,0.2565304998486223,4.365,weekly,noise_a0.25_r1,noise,0.25,1,12.958393812385683,noise_a0.25_r1,weekly|N05B|A_lag1,-0.0554784621682842,5,linear,0.0,18.58950459340127,0.0,-0.2459154974989188,12.530356638808888,5.0,,,
"LR-XGB (residual, tanpa gerbang)",N05B,A_lag1,pacf_train,1,1,210,45,46,2014-01-12,2018-01-14,2018-01-21,2018-11-25,2018-12-02,2019-10-13,"{""colsample_bytree"": 0.8, ""learning_rate"": 0.05, ""max_depth"": 3, ""n_estimators"": 100, ""subsample"": 0.8}",12,none,42,428.7971481669843,20.70741770880629,15.193531729977916,-0.4253350013877628,0.3190839184619823,22.73813419137044,0.2775940745291687,161.63154794483395,12.71343965828422,10.046526188976047,-0.1548776205249358,0.2148476036487699,17.141176020687624,0.2354814386677174,4.6,weekly,noise_a0.25_r1,noise,0.25,1,13.30371318162778,noise_a0.25_r1,weekly|N05B|A_lag1,,5,,,,,,,5.0,,,
XGBoost,N05B,A_lag1,pacf_train,1,1,210,45,46,2014-01-12,2018-01-14,2018-01-21,2018-11-25,2018-12-02,2019-10-13,"{""colsample_bytree"": 0.8, ""learning_rate"": 0.05, ""max_depth"": 3, ""n_estimators"": 100, ""subsample"": 0.8}",12,none,42,408.72576536052,20.216967264169966,14.962819710256476,-0.3586171032799954,0.3115264889511348,22.66094463003086,0.2630695896017981,151.2581271925673,12.298704289174829,9.763034711721945,-0.0807582321542286,0.2078388866849481,16.70605440038402,0.2266783926269665,4.497,weekly,noise_a0.25_r1,noise,0.25,1,12.958686725051365,noise_a0.25_r1,weekly|N05B|A_lag1,,5,,,,,,,,,,
Naive,N05B,A_lag1,pacf_train,1,1,210,45,46,2014-01-12,2018-01-14,2018-01-21,2018-11-25,2018-12-02,2019-10-13,{},0,none,42,393.0380818375999,19.825188065630044,14.128660017656564,-0.6968525690442686,0.3099129332757353,21.512960238278144,0.3005167322118797,378.2594978809268,19.448894515651187,15.614514331286966,-0.5145438482664764,0.337922720283846,28.77289132257019,0.6336531200174976,0.0,weekly,noise_a0.25_r2,noise,0.25,2,17.97192708676199,noise_a0.25_r2,weekly|N05B|A_lag1,,5,,,,,,,,,,
S1 [linear],N05B,A_lag1,pacf_train,1,1,210,45,46,2014-01-12,2018-01-14,2018-01-21,2018-11-25,2018-12-02,2019-10-13,{},0,none,42,261.66452634725835,16.176047921147436,11.091530166265247,-0.1296771083458439,0.2528685449770206,17.294119881017,0.2437975135467504,267.7729590054726,16.363769706442113,12.8126100160245,-0.0721578441938162,0.2843189657308996,23.43788912777326,0.5973821993017318,0.006,weekly,noise_a0.25_r2,noise,0.25,2,13.654193282567348,noise_a0.25_r2,weekly|N05B|A_lag1,,5,linear,0.0,16.176047921147436,0.0,,16.363769706442113,,,,
AR-LRX [linear],N05B,A_lag1,pacf_train,1,1,210,45,46,2014-01-12,2018-01-14,2018-01-21,2018-11-25,2018-12-02,2019-10-13,"{""colsample_bytree"": 0.8, ""learning_rate"": 0.1, ""max_depth"": 3, ""n_estimators"": 100, ""subsample"": 0.8}",132,none,42,261.4909854373209,16.170682899535223,11.125431932544732,-0.1289278849182187,0.2527846774455033,17.388202508133414,0.2425279081834656,270.06139433308243,16.433544789030833,12.954059427788591,-0.0813206957996686,0.2855313012545169,23.635568006479136,0.5952694431874448,4.602,weekly,noise_a0.25_r2,noise,0.25,2,13.784383455874105,noise_a0.25_r2,weekly|N05B|A_lag1,-0.3349064246195974,5,linear,0.1,16.176047921147436,0.0332,-0.3244283342469218,16.363769706442113,5.0,,,
"LR-XGB (residual, tanpa gerbang)",N05B,A_lag1,pacf_train,1,1,210,45,46,2014-01-12,2018-01-14,2018-01-21,2018-11-25,2018-12-02,2019-10-13,"{""colsample_bytree"": 0.8, ""learning_rate"": 0.05, ""max_depth"": 3, ""n_estimators"": 100, ""subsample"": 0.8}",12,none,42,316.2353785960262,17.783008142494513,13.444938765254925,-0.3652743573460513,0.2779890005412473,21.170469461749235,0.2625594562012504,297.76268595149656,17.255801515765548,14.111979841837297,-0.1922361415313496,0.2998179348545029,25.30866774031648,0.5795521328320664,4.61,weekly,noise_a0.25_r2,noise,0.25,2,14.951524267710534,noise_a0.25_r2,weekly|N05B|A_lag1,,5,,,,,,,5.0,,,
XGBoost,N05B,A_lag1,pacf_train,1,1,210,45,46,2014-01-12,2018-01-14,2018-01-21,2018-11-25,2018-12-02,2019-10-13,"{""colsample_bytree"": 0.8, ""learning_rate"": 0.05, ""max_depth"": 3, ""n_estimators"": 100, ""subsample"": 0.8}",12,none,42,298.34557610514145,17.272682944613482,12.957846385019293,-0.2880392019778361,0.2700114530659717,20.44975564630509,0.2536457126759553,304.98205865337366,17.463735529759195,14.665742434201093,-0.2211423727700237,0.303430768868885,26.20896777781688,0.5747004187573269,4.712,weekly,noise_a0.25_r2,noise,0.25,2,14.810664924212682,noise_a0.25_r2,weekly|N05B|A_lag1,,5,,,,,,,,,,
Naive,N05B,A_lag1,pacf_train,1,1,210,45,46,2014-01-12,2018-01-14,2018-01-21,2018-11-25,2018-12-02,2019-10-13,{},0,none,42,615.9112076608834,24.81755845486988,19.253997194884786,-0.6944221092478615,0.3808598334994283,28.51304722108244,0.4018679359605063,699.3638864281728,26.445488961790304,20.79510476851033,-1.2187035552596046,0.443674888661207,37.70031621253328,0.9449174032584808,0.0,weekly,noise_a0.50_r1,noise,0.5,1,20.71033202312198,noise_a0.50_r1,weekly|N05B|A_lag1,,5,,,,,,,,,,
S1 [linear],N05B,A_lag1,pacf_train,1,1,210,45,46,2014-01-12,2018-01-14,2018-01-21,2018-11-25,2018-12-02,2019-10-13,{},0,none,42,381.4774878077735,19.5314486868684,13.88211432387476,-0.049475770990869,0.2997371521622685,20.85006005851868,0.2958554568723521,398.65536832892457,19.96635591010349,15.564001600731933,-0.2647179818678746,0.3349747379670114,27.74423154053716,0.8343017714857273,0.007,weekly,noise_a0.50_r1,noise,0.5,1,14.006477895224316,noise_a0.50_r1,weekly|N05B|A_lag1,,5,linear,0.0,19.5314486868684,0.0,,19.96635591010349,,,,
AR-LRX [linear],N05B,A_lag1,pacf_train,1,1,210,45,46,2014-01-12,2018-01-14,2018-01-21,2018-11-25,2018-12-02,2019-10-13,"{""colsample_bytree"": 0.8, ""learning_rate"": 0.05, ""max_depth"": 3, ""n_estimators"": 100, ""subsample"": 0.8}",132,none,42,381.4774878077735,19.5314486868684,13.88211432387476,-0.049475770990869,0.2997371521622685,20.85006005851868,0.2958554568723521,398.65536832892457,19.96635591010349,15.564001600731933,-0.2647179818678746,0.3349747379670114,27.74423154053716,0.8343017714857273,4.642,weekly,noise_a0.50_r1,noise,0.5,1,14.006477895224316,noise_a0.50_r1,weekly|N05B|A_lag1,-0.2020054857384969,5,linear,0.0,19.5314486868684,0.0,-0.7814032893192782,19.96635591010349,5.0,,,
"LR-XGB (residual, tanpa gerbang)",N05B,A_lag1,pacf_train,1,1,210,45,46,2014-01-12,2018-01-14,2018-01-21,2018-11-25,2018-12-02,2019-10-13,"{""colsample_bytree"": 0.8, ""learning_rate"": 0.05, ""max_depth"": 3, ""n_estimators"": 100, ""subsample"": 0.8}",12,none,42,666.7772435537833,25.8220301981425,18.34992099655792,-0.8343587344540382,0.3962748446736086,27.19869089490045,0.3958823376785362,475.5579353299683,21.80729087552987,17.662786457536154,-0.5086882556050922,0.3658600287248487,31.10408032359066,0.8124312100642139,4.725,weekly,noise_a0.50_r1,noise,0.5,1,15.565315754990326,noise_a0.50_r1,weekly|N05B|A_lag1,,5,,,,,,,5.0,,,
XGBoost,N05B,A_lag1,pacf_train,1,1,210,45,46,2014-01-12,2018-01-14,2018-01-21,2018-11-25,2018-12-02,2019-10-13,"{""colsample_bytree"": 0.8, ""learning_rate"": 0.05, ""max_depth"": 3, ""n_estimators"": 100, ""subsample"": 0.8}",12,none,42,640.5843426267091,25.309767731583573,18.02486959710044,-0.7622999216184558,0.3884134670898134,26.950541352074183,0.3807932191318626,475.29557867604734,21.801274703008705,17.791842371260902,-0.5078559397648028,0.3657590956440745,31.55145425479196,0.7993557294723007,4.544,weekly,noise_a0.50_r1,noise,0.5,1,15.52951630484521,noise_a0.50_r1,weekly|N05B|A_lag1,,5,,,,,,,,,,
Naive,N05B,A_lag1,pacf_train,1,1,210,45,46,2014-01-12,2018-01-14,2018-01-21,2018-11-25,2018-12-02,2019-10-13,{},0,none,42,910.997100078926,30.182728506199137,22.439254845483767,-0.9533437840620372,0.4777185715836698,35.85569548183513,0.6574952999538705,594.3673533882903,24.37965039512032,18.17802799219205,-0.8830362602113557,0.4079948257755825,32.94085591220867,1.2690986696251316,0.0,weekly,noise_a0.50_r2,noise,0.5,2,20.346704655114344,noise_a0.50_r2,weekly|N05B|A_lag1,,5,,,,,,,,,,
S1 [linear],N05B,A_lag1,pacf_train,1,1,210,45,46,2014-01-12,2018-01-14,2018-01-21,2018-11-25,2018-12-02,2019-10-13,{},0,none,42,531.4723705594685,23.05368453326861,15.93321194836655,-0.1395736071422308,0.3648832888885994,25.55416158048962,0.5066657300442992,360.7059234154348,18.992259565818777,14.830986335994032,-0.1427652094151263,0.3178365360887953,26.6570225514242,1.0980362923701206,0.005,weekly,noise_a0.50_r2,noise,0.5,2,13.963212393712055,noise_a0.50_r2,weekly|N05B|A_lag1,,5,linear,0.0,23.05368453326861,0.0,,18.992259565818777,,,,
AR-LRX [linear],N05B,A_lag1,pacf_train,1,1,210,45,46,2014-01-12,2018-01-14,2018-01-21,2018-11-25,2018-12-02,2019-10-13,"{""colsample_bytree"": 0.8, ""learning_rate"": 0.1, ""max_depth"": 5, ""n_estimators"": 500, ""subsample"": 0.8}",132,none,42,527.7028635086383,22.971784073263407,15.899933764858192,-0.1314910971473259,0.3635870054608868,25.380469787998244,0.5145811708022623,372.7330217156567,19.306294872803964,14.802941330301463,-0.1808686854478163,0.3230919346808296,26.72942513598945,1.1131197178130945,5.513,weekly,noise_a0.50_r2,noise,0.5,2,14.655236067129495,noise_a0.50_r2,weekly|N05B|A_lag1,-2.4008748481833115,5,linear,0.1,23.05368453326861,0.3553,-1.0908641470563634,18.992259565818777,5.0,,,
"LR-XGB (residual, tanpa gerbang)",N05B,A_lag1,pacf_train,1,1,210,45,46,2014-01-12,2018-01-14,2018-01-21,2018-11-25,2018-12-02,2019-10-13,"{""colsample_bytree"": 0.8, ""learning_rate"": 0.05, ""max_depth"": 3, ""n_estimators"": 100, ""subsample"": 0.8}",12,none,42,642.9875903288761,25.35719997020325,18.42967386573348,-0.3786825585823754,0.4013422890723415,28.728521397013125,0.5544366042052875,429.4053734231667,20.72209867323208,15.445463162320284,-0.3604143697932627,0.3467854912136867,27.55882418873733,1.2224707666688728,5.02,weekly,noise_a0.50_r2,noise,0.5,2,16.25357897266244,noise_a0.50_r2,weekly|N05B|A_lag1,,5,,,,,,,5.0,,,
XGBoost,N05B,A_lag1,pacf_train,1,1,210,45,46,2014-01-12,2018-01-14,2018-01-21,2018-11-25,2018-12-02,2019-10-13,"{""colsample_bytree"": 0.8, ""learning_rate"": 0.05, ""max_depth"": 3, ""n_estimators"": 100, ""subsample"": 0.8}",12,none,42,620.1635933599662,24.90308401302871,18.457908872914,-0.329743750102295,0.3941547471524577,28.90490147830959,0.5373452140224397,446.0222121160283,21.11923796248407,16.0952450942222,-0.413058764897346,0.3534316396407961,28.424132463522383,1.188352703081628,4.745,weekly,noise_a0.50_r2,noise,0.5,2,16.632998784114598,noise_a0.50_r2,weekly|N05B|A_lag1,,5,,,,,,,,,,
Naive,N05B,A_lag1,pacf_train,1,1,210,45,46,2014-01-12,2018-01-14,2018-01-21,2018-11-25,2018-12-02,2019-10-13,{},0,none,42,426.96177777777774,20.663053447585565,15.013333333333332,-0.801173853632781,0.3220550724374308,22.340031684847204,0.2828881884247876,339.85869565217394,18.435256864285183,14.22173913043478,-0.1918417967368799,0.2994110142841926,22.99461313398905,0.3821463972884587,0.0,weekly,spike,spike,1.5,0,18.54433582807289,spike,weekly|N05B|A_lag1,,5,,,,,,,,29.58994761739196,16.995265447148736,4.0
S1 [linear],N05B,A_lag1,pacf_train,1,1,210,45,46,2014-01-12,2018-01-14,2018-01-21,2018-11-25,2018-12-02,2019-10-13,{},0,none,42,280.1724738223089,16.738353378463156,11.053311405027056,-0.1819309376658278,0.2608845601381415,16.80006438157009,0.223534293627507,248.3287500948156,15.758450117153512,11.552963885392488,0.1291422362270947,0.2559364140059534,18.81254769916632,0.3390931651954607,0.005,weekly,spike,spike,1.5,0,13.788480999694182,spike,weekly|N05B|A_lag1,,5,linear,0.0,16.738353378463156,0.0,,15.758450117153512,,31.62807038983848,13.293198366460809,4.0
AR-LRX [linear],N05B,A_lag1,pacf_train,1,1,210,45,46,2014-01-12,2018-01-14,2018-01-21,2018-11-25,2018-12-02,2019-10-13,"{""colsample_bytree"": 0.8, ""learning_rate"": 0.05, ""max_depth"": 3, ""n_estimators"": 100, ""subsample"": 0.8}",132,none,42,280.1724738223089,16.738353378463156,11.053311405027056,-0.1819309376658278,0.2608845601381415,16.80006438157009,0.223534293627507,248.3287500948156,15.758450117153512,11.552963885392488,0.1291422362270947,0.2559364140059534,18.81254769916632,0.3390931651954607,4.48,weekly,spike,spike,1.5,0,13.788480999694182,spike,weekly|N05B|A_lag1,-0.1530390727146304,5,linear,0.0,16.738353378463156,0.0,-0.341410336835678,15.758450117153512,5.0,31.62807038983848,13.293198366460809,4.0
"LR-XGB (residual, tanpa gerbang)",N05B,A_lag1,pacf_train,1,1,210,45,46,2014-01-12,2018-01-14,2018-01-21,2018-11-25,2018-12-02,2019-10-13,"{""colsample_bytree"": 0.8, ""learning_rate"": 0.05, ""max_depth"": 3, ""n_estimators"": 100, ""subsample"": 0.8}",12,none,42,374.45200065169263,19.35076227572683,13.49358200623078,-0.5796569812985668,0.3016016564171888,19.96848209616325,0.2474501353498088,285.7244747822468,16.903386488578164,12.76546909445704,-0.0019998774570004,0.274531574506442,20.6322195461598,0.349116646026913,4.625,weekly,spike,spike,1.5,0,15.90727788728967,spike,weekly|N05B|A_lag1,,5,,,,,,,5.0,33.7739815438071,14.29335386905868,4.0
XGBoost,N05B,A_lag1,pacf_train,1,1,210,45,46,2014-01-12,2018-01-14,2018-01-21,2018-11-25,2018-12-02,2019-10-13,"{""colsample_bytree"": 0.8, ""learning_rate"": 0.05, ""max_depth"": 3, ""n_estimators"": 100, ""subsample"": 0.8}",12,none,42,372.768508581751,19.3072139000362,13.666486460367835,-0.5725550296555906,0.3009229099132824,20.249201460947283,0.2476714024689588,290.33627861058443,17.03925698528502,12.847373448247495,-0.0181728947470725,0.2767382767796883,20.680114430328867,0.3485624692684921,4.526,weekly,spike,spike,1.5,0,15.406476552728554,spike,weekly|N05B|A_lag1,,5,,,,,,,,34.163656810682845,14.38157471126098,4.0
Naive,N05B,A_lag1,pacf_train,1,1,210,45,46,2014-01-12,2018-01-14,2018-01-21,2018-11-25,2018-12-02,2019-10-13,{},0,none,42,426.96177777777774,20.663053447585565,15.013333333333332,-0.801173853632781,0.3220550724374308,22.340031684847204,0.2828881884247876,371.6412695652175,19.27799962561514,14.462608695652174,-1.0530433070918723,0.2889068379383658,21.79492576960819,0.3704734021381017,0.0,weekly,level,level,1.3,0,21.202848660129323,level,weekly|N05B|A_lag1,,5,,,,,,,,23.67061873513973,13.527170725103124,23.0
S1 [linear],N05B,A_lag1,pacf_train,1,1,210,45,46,2014-01-12,2018-01-14,2018-01-21,2018-11-25,2018-12-02,2019-10-13,{},0,none,42,280.1724738223089,16.738353378463156,11.053311405027056,-0.1819309376658278,0.2608845601381415,16.80006438157009,0.223534293627507,240.13450743862472,15.496273985659414,11.486355349300458,-0.326565652612907,0.2322325761991793,17.581673710658734,0.2849125563644125,0.005,weekly,level,level,1.3,0,16.185759126745076,level,weekly|N05B|A_lag1,,5,linear,0.0,16.738353378463156,0.0,,15.496273985659414,,19.08952515291921,10.763783921712395,23.0
AR-LRX [linear],N05B,A_lag1,pacf_train,1,1,210,45,46,2014-01-12,2018-01-14,2018-01-21,2018-11-25,2018-12-02,2019-10-13,"{""colsample_bytree"": 0.8, ""learning_rate"": 0.05, ""max_depth"": 3, ""n_estimators"": 100, ""subsample"": 0.8}",132,none,42,280.1724738223089,16.738353378463156,11.053311405027056,-0.1819309376658278,0.2608845601381415,16.80006438157009,0.223534293627507,240.13450743862472,15.496273985659414,11.486355349300458,-0.326565652612907,0.2322325761991793,17.581673710658734,0.2849125563644125,4.479,weekly,level,level,1.3,0,16.185759126745076,level,weekly|N05B|A_lag1,-0.1663016726340516,5,linear,0.0,16.738353378463156,0.0,-0.341410336835678,15.496273985659414,5.0,19.08952515291921,10.763783921712395,23.0
"LR-XGB (residual, tanpa gerbang)",N05B,A_lag1,pacf_train,1,1,210,45,46,2014-01-12,2018-01-14,2018-01-21,2018-11-25,2018-12-02,2019-10-13,"{""colsample_bytree"": 0.8, ""learning_rate"": 0.05, ""max_depth"": 3, ""n_estimators"": 100, ""subsample"": 0.8}",12,none,42,374.45200065169263,19.35076227572683,13.49358200623078,-0.5796569812985668,0.3016016564171888,19.96848209616325,0.2474501353498088,275.74186603743146,16.605476989157268,12.51824503357474,-0.5232699888671233,0.2488554799545308,19.2192436517098,0.2893872447894594,4.808,weekly,level,level,1.3,0,16.413979511465197,level,weekly|N05B|A_lag1,,5,,,,,,,5.0,20.96034910230943,10.589971557288491,23.0
XGBoost,N05B,A_lag1,pacf_train,1,1,210,45,46,2014-01-12,2018-01-14,2018-01-21,2018-11-25,2018-12-02,2019-10-13,"{""colsample_bytree"": 0.8, ""learning_rate"": 0.05, ""max_depth"": 3, ""n_estimators"": 100, ""subsample"": 0.8}",12,none,42,372.768508581751,19.3072139000362,13.666486460367835,-0.5725550296555906,0.3009229099132824,20.249201460947283,0.2476714024689588,269.91161817666807,16.428987131794464,12.6127125847858,-0.4910621789992084,0.2462105412882218,19.51779224791058,0.2678868796497075,4.816,weekly,level,level,1.3,0,15.34159737817167,level,weekly|N05B|A_lag1,,5,,,,,,,,20.519479877307592,10.898356844869088,23.0
Naive,N05B,B_rich,pacf_train,1,1,210,45,46,2014-01-12,2018-01-14,2018-01-21,2018-11-25,2018-12-02,2019-10-13,{},0,none,42,426.96177777777774,20.663053447585565,15.013333333333332,-0.801173853632781,0.3220550724374308,22.340031684847204,0.2828881884247876,240.0434782608696,15.493336576117798,12.104347826086956,-0.5862350330555679,0.2638042206475491,21.2661248034866,0.3667312182996869,0.0,weekly,clean,clean,0.0,0,15.493336576117798,clean,weekly|N05B|B_rich,,5,,,,,,,,,,
S1 [linear],N05B,B_rich,pacf_train,1,1,210,45,46,2014-01-12,2018-01-14,2018-01-21,2018-11-25,2018-12-02,2019-10-13,{},0,none,42,280.1724738223089,16.738353378463156,11.053311405027056,-0.1819309376658278,0.2608845601381415,16.80006438157009,0.223534293627507,168.22555190185386,12.970179331908016,9.770105004562676,-0.1116538796018928,0.2208425559919191,17.156348590497235,0.3310900704837283,0.005,weekly,clean,clean,0.0,0,12.970179331908016,clean,weekly|N05B|B_rich,,5,linear,0.0,16.738353378463156,0.0,,12.970179331908016,,,,
AR-LRX [linear],N05B,B_rich,pacf_train,1,1,210,45,46,2014-01-12,2018-01-14,2018-01-21,2018-11-25,2018-12-02,2019-10-13,"{""colsample_bytree"": 0.8, ""learning_rate"": 0.05, ""max_depth"": 3, ""n_estimators"": 100, ""subsample"": 0.8}",132,none,42,280.1724738223089,16.738353378463156,11.053311405027056,-0.1819309376658278,0.2608845601381415,16.80006438157009,0.223534293627507,168.22555190185386,12.970179331908016,9.770105004562676,-0.1116538796018928,0.2208425559919191,17.156348590497235,0.3310900704837283,4.582,weekly,clean,clean,0.0,0,12.970179331908016,clean,weekly|N05B|B_rich,-0.1261116597586833,5,linear,0.0,16.738353378463156,0.0,-0.341410336835678,12.970179331908016,5.0,,,
"LR-XGB (residual, tanpa gerbang)",N05B,B_rich,pacf_train,1,1,210,45,46,2014-01-12,2018-01-14,2018-01-21,2018-11-25,2018-12-02,2019-10-13,"{""colsample_bytree"": 0.8, ""learning_rate"": 0.05, ""max_depth"": 3, ""n_estimators"": 100, ""subsample"": 0.8}",12,none,42,374.45200065169263,19.35076227572683,13.49358200623078,-0.5796569812985668,0.3016016564171888,19.96848209616325,0.2474501353498088,184.2776203265933,13.574889330178472,10.68910096331487,-0.2177278020129627,0.231138921079438,18.63573647421044,0.3362690154550159,4.563,weekly,clean,clean,0.0,0,13.574889330178472,clean,weekly|N05B|B_rich,,5,,,,,,,5.0,,,
XGBoost,N05B,B_rich,pacf_train,1,1,210,45,46,2014-01-12,2018-01-14,2018-01-21,2018-11-25,2018-12-02,2019-10-13,"{""colsample_bytree"": 0.8, ""learning_rate"": 0.05, ""max_depth"": 3, ""n_estimators"": 100, ""subsample"": 0.8}",12,none,42,372.768508581751,19.3072139000362,13.666486460367835,-0.5725550296555906,0.3009229099132824,20.249201460947283,0.2476714024689588,186.54184600753484,13.65803228900616,10.656571512636932,-0.2326900668654588,0.2325545918323525,18.54658861937829,0.3359197602013467,4.662,weekly,clean,clean,0.0,0,13.65803228900616,clean,weekly|N05B|B_rich,,5,,,,,,,,,,
Naive,N05B,B_rich,pacf_train,1,1,210,45,46,2014-01-12,2018-01-14,2018-01-21,2018-11-25,2018-12-02,2019-10-13,{},0,none,42,463.1846906523076,21.521726014711447,16.204056207557016,-0.8312506321040634,0.3384226526296361,24.530007283227,0.2926181926099491,238.2649224771729,15.435832419314902,11.900367437164276,-0.5809999460115913,0.2628318228551017,21.10536209170917,0.3804766226796103,0.0,weekly,noise_a0.10_r1,noise,0.1,1,15.351538993161425,noise_a0.10_r1,weekly|N05B|B_rich,,5,,,,,,,,,,
S1 [linear],N05B,B_rich,pacf_train,1,1,210,45,46,2014-01-12,2018-01-14,2018-01-21,2018-11-25,2018-12-02,2019-10-13,{},0,none,42,302.1138422387958,17.381422330718387,11.928344884119044,-0.1944396603178748,0.2733176255295143,18.42694004203989,0.2346686610231287,167.48124301066747,12.941454439539148,9.749644770676024,-0.1113169047499536,0.2203590948865257,17.242336640489857,0.3484892042618261,0.008,weekly,noise_a0.10_r1,noise,0.1,1,12.903364848063124,noise_a0.10_r1,weekly|N05B|B_rich,,5,linear,0.0,17.381422330718387,0.0,,12.941454439539148,,,,
AR-LRX [linear],N05B,B_rich,pacf_train,1,1,210,45,46,2014-01-12,2018-01-14,2018-01-21,2018-11-25,2018-12-02,2019-10-13,"{""colsample_bytree"": 0.8, ""learning_rate"": 0.05, ""max_depth"": 5, ""n_estimators"": 500, ""subsample"": 0.8}",132,none,42,291.52396310386086,17.07407283292012,11.196470809506812,-0.1525714309676249,0.2684846473446709,17.146358915347175,0.2235956764935767,184.6941702204331,13.59022333225003,10.18239292031308,-0.2255327813733711,0.2314059309787289,17.90579510199536,0.36387188090364,5.12,weekly,noise_a0.10_r1,noise,0.1,1,13.585898777043871,noise_a0.10_r1,weekly|N05B|B_rich,-1.3043586553398518,5,linear,0.2,17.381422330718387,1.7683,-0.8386196866018483,12.941454439539148,5.0,,,
"LR-XGB (residual, tanpa gerbang)",N05B,B_rich,pacf_train,1,1,210,45,46,2014-01-12,2018-01-14,2018-01-21,2018-11-25,2018-12-02,2019-10-13,"{""colsample_bytree"": 0.8, ""learning_rate"": 0.05, ""max_depth"": 3, ""n_estimators"": 100, ""subsample"": 0.8}",12,none,42,351.9206739376237,18.75954887351036,12.602589924143324,-0.391356341443775,0.2949882499000765,18.93077844708934,0.2387401323512958,179.5730981932586,13.400488729641864,10.440862890323238,-0.1915520572520517,0.2281752473260745,18.363315599207912,0.3433128707236675,4.896,weekly,noise_a0.10_r1,noise,0.1,1,13.344255399742114,noise_a0.10_r1,weekly|N05B|B_rich,,5,,,,,,,5.0,,,
XGBoost,N05B,B_rich,pacf_train,1,1,210,45,46,2014-01-12,2018-01-14,2018-01-21,2018-11-25,2018-12-02,2019-10-13,"{""colsample_bytree"": 0.8, ""learning_rate"": 0.05, ""max_depth"": 3, ""n_estimators"": 100, ""subsample"": 0.8}",12,none,42,339.38520564530387,18.42241041897894,12.33311945453546,-0.3417960155148187,0.2896868493521842,18.609997010870504,0.2324949893102846,183.71920315974063,13.554305705558685,10.60705059908781,-0.2190634158692419,0.2307943478104572,18.60159066009304,0.3431689521515796,4.596,weekly,noise_a0.10_r1,noise,0.1,1,13.54426947385468,noise_a0.10_r1,weekly|N05B|B_rich,,5,,,,,,,,,,
Naive,N05B,B_rich,pacf_train,1,1,210,45,46,2014-01-12,2018-01-14,2018-01-21,2018-11-25,2018-12-02,2019-10-13,{},0,none,42,437.1841646191326,20.908949390611014,15.33213120068333,-0.6789997654827906,0.3274355556427342,22.802136142957888,0.2817575266860509,241.2077881865518,15.530865661209996,11.903438270310811,-0.5760910459380126,0.2656949342476103,20.741844240759395,0.3893866772796373,0.0,weekly,noise_a0.10_r2,noise,0.1,2,15.532305478054871,noise_a0.10_r2,weekly|N05B|B_rich,,5,,,,,,,,,,
S1 [linear],N05B,B_rich,pacf_train,1,1,210,45,46,2014-01-12,2018-01-14,2018-01-21,2018-11-25,2018-12-02,2019-10-13,{},0,none,42,289.9211419102168,17.02707085526506,11.358435639822924,-0.1134381541468436,0.2666450763406336,17.269875922499445,0.2250145823522901,169.98256564650637,13.037736216326298,9.84918122720729,-0.1106938200263552,0.2230436179347276,17.318830143242074,0.3509379691719945,0.005,weekly,noise_a0.10_r2,noise,0.1,2,12.966807427469291,noise_a0.10_r2,weekly|N05B|B_rich,,5,linear,0.0,17.02707085526506,0.0,,13.037736216326298,,,,
AR-LRX [linear],N05B,B_rich,pacf_train,1,1,210,45,46,2014-01-12,2018-01-14,2018-01-21,2018-11-25,2018-12-02,2019-10-13,"{""colsample_bytree"": 0.8, ""learning_rate"": 0.05, ""max_depth"": 3, ""n_estimators"": 100, ""subsample"": 0.8}",132,none,42,289.9211419102168,17.02707085526506,11.358435639822924,-0.1134381541468436,0.2666450763406336,17.269875922499445,0.2250145823522901,169.98256564650637,13.037736216326298,9.84918122720729,-0.1106938200263552,0.2230436179347276,17.318830143242074,0.3509379691719945,4.455,weekly,noise_a0.10_r2,noise,0.1,2,12.966807427469291,noise_a0.10_r2,weekly|N05B|B_rich,-0.3267928278424969,5,linear,0.0,17.02707085526506,0.0,-0.1812961095837788,13.037736216326298,5.0,,,
"LR-XGB (residual, tanpa gerbang)",N05B,B_rich,pacf_train,1,1,210,45,46,2014-01-12,2018-01-14,2018-01-21,2018-11-25,2018-12-02,2019-10-13,"{""colsample_bytree"": 0.8, ""learning_rate"": 0.05, ""max_depth"": 3, ""n_estimators"": 100, ""subsample"": 0.8}",12,none,42,341.4699446211603,18.478905395643984,12.328383357827173,-0.3114106212831915,0.2893809030218037,18.60507568040302,0.2293600948676156,219.086760716184,14.801579669622562,11.615571852221372,-0.4315486429537816,0.2532186436267674,19.676313597455284,0.3339008310424339,4.955,weekly,noise_a0.10_r2,noise,0.1,2,14.755619686057733,noise_a0.10_r2,weekly|N05B|B_rich,,5,,,,,,,5.0,,,
XGBoost,N05B,B_rich,pacf_train,1,1,210,45,46,2014-01-12,2018-01-14,2018-01-21,2018-11-25,2018-12-02,2019-10-13,"{""colsample_bytree"": 0.8, ""learning_rate"": 0.05, ""max_depth"": 3, ""n_estimators"": 100, ""subsample"": 0.8}",12,none,42,353.855087931281,18.811036333261413,12.441308256075692,-0.3589755936588017,0.2945820958734033,18.66711842177928,0.2331382968570447,206.72575803915527,14.377960844262835,11.51640284885935,-0.3507798345145902,0.2459715668439762,19.820984099713584,0.3275429435495147,4.529,weekly,noise_a0.10_r2,noise,0.1,2,14.301230585969654,noise_a0.10_r2,weekly|N05B|B_rich,,5,,,,,,,,,,
Naive,N05B,B_rich,pacf_train,1,1,210,45,46,2014-01-12,2018-01-14,2018-01-21,2018-11-25,2018-12-02,2019-10-13,{},0,none,42,524.4776663153166,22.90147738280909,16.008669108528835,-0.7433800071689733,0.3528925356427961,23.873496578139868,0.3267568178020827,233.11888886521007,15.268231360089164,12.62539333376001,-0.6656636102003981,0.2580216690242949,21.619553302240323,0.29632614261427,0.0,weekly,noise_a0.25_r1,noise,0.25,1,15.494198279772167,noise_a0.25_r1,weekly|N05B|B_rich,,5,,,,,,,,,,
S1 [linear],N05B,B_rich,pacf_train,1,1,210,45,46,2014-01-12,2018-01-14,2018-01-21,2018-11-25,2018-12-02,2019-10-13,{},0,none,42,345.56968102808685,18.58950459340127,12.14894522358298,-0.1486843228629044,0.2864486558073799,18.18244512855212,0.2603413640920301,157.00983749574198,12.530356638808888,9.926974878423891,-0.1218549214660595,0.2117536378094445,16.86467581079017,0.2565304998486223,0.005,weekly,noise_a0.25_r1,noise,0.25,1,12.958393812385683,noise_a0.25_r1,weekly|N05B|B_rich,,5,linear,0.0,18.58950459340127,0.0,,12.530356638808888,,,,
AR-LRX [linear],N05B,B_rich,pacf_train,1,1,210,45,46,2014-01-12,2018-01-14,2018-01-21,2018-11-25,2018-12-02,2019-10-13,"{""colsample_bytree"": 0.8, ""learning_rate"": 0.05, ""max_depth"": 3, ""n_estimators"": 100, ""subsample"": 0.8}",132,none,42,345.56968102808685,18.58950459340127,12.14894522358298,-0.1486843228629044,0.2864486558073799,18.18244512855212,0.2603413640920301,157.00983749574198,12.530356638808888,9.926974878423891,-0.1218549214660595,0.2117536378094445,16.86467581079017,0.2565304998486223,4.452,weekly,noise_a0.25_r1,noise,0.25,1,12.958393812385683,noise_a0.25_r1,weekly|N05B|B_rich,-0.0554784621682842,5,linear,0.0,18.58950459340127,0.0,-0.2459154974989188,12.530356638808888,5.0,,,
"LR-XGB (residual, tanpa gerbang)",N05B,B_rich,pacf_train,1,1,210,45,46,2014-01-12,2018-01-14,2018-01-21,2018-11-25,2018-12-02,2019-10-13,"{""colsample_bytree"": 0.8, ""learning_rate"": 0.05, ""max_depth"": 3, ""n_estimators"": 100, ""subsample"": 0.8}",12,none,42,428.7971481669843,20.70741770880629,15.193531729977916,-0.4253350013877628,0.3190839184619823,22.73813419137044,0.2775940745291687,161.63154794483395,12.71343965828422,10.046526188976047,-0.1548776205249358,0.2148476036487699,17.141176020687624,0.2354814386677174,4.614,weekly,noise_a0.25_r1,noise,0.25,1,13.30371318162778,noise_a0.25_r1,weekly|N05B|B_rich,,5,,,,,,,5.0,,,
XGBoost,N05B,B_rich,pacf_train,1,1,210,45,46,2014-01-12,2018-01-14,2018-01-21,2018-11-25,2018-12-02,2019-10-13,"{""colsample_bytree"": 0.8, ""learning_rate"": 0.05, ""max_depth"": 3, ""n_estimators"": 100, ""subsample"": 0.8}",12,none,42,408.72576536052,20.216967264169966,14.962819710256476,-0.3586171032799954,0.3115264889511348,22.66094463003086,0.2630695896017981,151.2581271925673,12.298704289174829,9.763034711721945,-0.0807582321542286,0.2078388866849481,16.70605440038402,0.2266783926269665,4.593,weekly,noise_a0.25_r1,noise,0.25,1,12.958686725051365,noise_a0.25_r1,weekly|N05B|B_rich,,5,,,,,,,,,,
Naive,N05B,B_rich,pacf_train,1,1,210,45,46,2014-01-12,2018-01-14,2018-01-21,2018-11-25,2018-12-02,2019-10-13,{},0,none,42,393.0380818375999,19.825188065630044,14.128660017656564,-0.6968525690442686,0.3099129332757353,21.512960238278144,0.3005167322118797,378.2594978809268,19.448894515651187,15.614514331286966,-0.5145438482664764,0.337922720283846,28.77289132257019,0.6336531200174976,0.0,weekly,noise_a0.25_r2,noise,0.25,2,17.97192708676199,noise_a0.25_r2,weekly|N05B|B_rich,,5,,,,,,,,,,
S1 [linear],N05B,B_rich,pacf_train,1,1,210,45,46,2014-01-12,2018-01-14,2018-01-21,2018-11-25,2018-12-02,2019-10-13,{},0,none,42,261.66452634725835,16.176047921147436,11.091530166265247,-0.1296771083458439,0.2528685449770206,17.294119881017,0.2437975135467504,267.7729590054726,16.363769706442113,12.8126100160245,-0.0721578441938162,0.2843189657308996,23.43788912777326,0.5973821993017318,0.005,weekly,noise_a0.25_r2,noise,0.25,2,13.654193282567348,noise_a0.25_r2,weekly|N05B|B_rich,,5,linear,0.0,16.176047921147436,0.0,,16.363769706442113,,,,
AR-LRX [linear],N05B,B_rich,pacf_train,1,1,210,45,46,2014-01-12,2018-01-14,2018-01-21,2018-11-25,2018-12-02,2019-10-13,"{""colsample_bytree"": 0.8, ""learning_rate"": 0.1, ""max_depth"": 3, ""n_estimators"": 100, ""subsample"": 0.8}",132,none,42,261.4909854373209,16.170682899535223,11.125431932544732,-0.1289278849182187,0.2527846774455033,17.388202508133414,0.2425279081834656,270.06139433308243,16.433544789030833,12.954059427788591,-0.0813206957996686,0.2855313012545169,23.635568006479136,0.5952694431874448,4.712,weekly,noise_a0.25_r2,noise,0.25,2,13.784383455874105,noise_a0.25_r2,weekly|N05B|B_rich,-0.3349064246195974,5,linear,0.1,16.176047921147436,0.0332,-0.3244283342469218,16.363769706442113,5.0,,,
"LR-XGB (residual, tanpa gerbang)",N05B,B_rich,pacf_train,1,1,210,45,46,2014-01-12,2018-01-14,2018-01-21,2018-11-25,2018-12-02,2019-10-13,"{""colsample_bytree"": 0.8, ""learning_rate"": 0.05, ""max_depth"": 3, ""n_estimators"": 100, ""subsample"": 0.8}",12,none,42,316.2353785960262,17.783008142494513,13.444938765254925,-0.3652743573460513,0.2779890005412473,21.170469461749235,0.2625594562012504,297.76268595149656,17.255801515765548,14.111979841837297,-0.1922361415313496,0.2998179348545029,25.30866774031648,0.5795521328320664,4.717,weekly,noise_a0.25_r2,noise,0.25,2,14.951524267710534,noise_a0.25_r2,weekly|N05B|B_rich,,5,,,,,,,5.0,,,
XGBoost,N05B,B_rich,pacf_train,1,1,210,45,46,2014-01-12,2018-01-14,2018-01-21,2018-11-25,2018-12-02,2019-10-13,"{""colsample_bytree"": 0.8, ""learning_rate"": 0.05, ""max_depth"": 3, ""n_estimators"": 100, ""subsample"": 0.8}",12,none,42,298.34557610514145,17.272682944613482,12.957846385019293,-0.2880392019778361,0.2700114530659717,20.44975564630509,0.2536457126759553,304.98205865337366,17.463735529759195,14.665742434201093,-0.2211423727700237,0.303430768868885,26.20896777781688,0.5747004187573269,4.54,weekly,noise_a0.25_r2,noise,0.25,2,14.810664924212682,noise_a0.25_r2,weekly|N05B|B_rich,,5,,,,,,,,,,
Naive,N05B,B_rich,pacf_train,1,1,210,45,46,2014-01-12,2018-01-14,2018-01-21,2018-11-25,2018-12-02,2019-10-13,{},0,none,42,615.9112076608834,24.81755845486988,19.253997194884786,-0.6944221092478615,0.3808598334994283,28.51304722108244,0.4018679359605063,699.3638864281728,26.445488961790304,20.79510476851033,-1.2187035552596046,0.443674888661207,37.70031621253328,0.9449174032584808,0.0,weekly,noise_a0.50_r1,noise,0.5,1,20.71033202312198,noise_a0.50_r1,weekly|N05B|B_rich,,5,,,,,,,,,,
S1 [linear],N05B,B_rich,pacf_train,1,1,210,45,46,2014-01-12,2018-01-14,2018-01-21,2018-11-25,2018-12-02,2019-10-13,{},0,none,42,381.4774878077735,19.5314486868684,13.88211432387476,-0.049475770990869,0.2997371521622685,20.85006005851868,0.2958554568723521,398.65536832892457,19.96635591010349,15.564001600731933,-0.2647179818678746,0.3349747379670114,27.74423154053716,0.8343017714857273,0.005,weekly,noise_a0.50_r1,noise,0.5,1,14.006477895224316,noise_a0.50_r1,weekly|N05B|B_rich,,5,linear,0.0,19.5314486868684,0.0,,19.96635591010349,,,,
AR-LRX [linear],N05B,B_rich,pacf_train,1,1,210,45,46,2014-01-12,2018-01-14,2018-01-21,2018-11-25,2018-12-02,2019-10-13,"{""colsample_bytree"": 0.8, ""learning_rate"": 0.05, ""max_depth"": 3, ""n_estimators"": 100, ""subsample"": 0.8}",132,none,42,381.4774878077735,19.5314486868684,13.88211432387476,-0.049475770990869,0.2997371521622685,20.85006005851868,0.2958554568723521,398.65536832892457,19.96635591010349,15.564001600731933,-0.2647179818678746,0.3349747379670114,27.74423154053716,0.8343017714857273,4.983,weekly,noise_a0.50_r1,noise,0.5,1,14.006477895224316,noise_a0.50_r1,weekly|N05B|B_rich,-0.2020054857384969,5,linear,0.0,19.5314486868684,0.0,-0.7814032893192782,19.96635591010349,5.0,,,
"LR-XGB (residual, tanpa gerbang)",N05B,B_rich,pacf_train,1,1,210,45,46,2014-01-12,2018-01-14,2018-01-21,2018-11-25,2018-12-02,2019-10-13,"{""colsample_bytree"": 0.8, ""learning_rate"": 0.05, ""max_depth"": 3, ""n_estimators"": 100, ""subsample"": 0.8}",12,none,42,666.7772435537833,25.8220301981425,18.34992099655792,-0.8343587344540382,0.3962748446736086,27.19869089490045,0.3958823376785362,475.5579353299683,21.80729087552987,17.662786457536154,-0.5086882556050922,0.3658600287248487,31.10408032359066,0.8124312100642139,4.719,weekly,noise_a0.50_r1,noise,0.5,1,15.565315754990326,noise_a0.50_r1,weekly|N05B|B_rich,,5,,,,,,,5.0,,,
XGBoost,N05B,B_rich,pacf_train,1,1,210,45,46,2014-01-12,2018-01-14,2018-01-21,2018-11-25,2018-12-02,2019-10-13,"{""colsample_bytree"": 0.8, ""learning_rate"": 0.05, ""max_depth"": 3, ""n_estimators"": 100, ""subsample"": 0.8}",12,none,42,640.5843426267091,25.309767731583573,18.02486959710044,-0.7622999216184558,0.3884134670898134,26.950541352074183,0.3807932191318626,475.29557867604734,21.801274703008705,17.791842371260902,-0.5078559397648028,0.3657590956440745,31.55145425479196,0.7993557294723007,4.614,weekly,noise_a0.50_r1,noise,0.5,1,15.52951630484521,noise_a0.50_r1,weekly|N05B|B_rich,,5,,,,,,,,,,
Naive,N05B,B_rich,pacf_train,1,1,210,45,46,2014-01-12,2018-01-14,2018-01-21,2018-11-25,2018-12-02,2019-10-13,{},0,none,42,910.997100078926,30.182728506199137,22.439254845483767,-0.9533437840620372,0.4777185715836698,35.85569548183513,0.6574952999538705,594.3673533882903,24.37965039512032,18.17802799219205,-0.8830362602113557,0.4079948257755825,32.94085591220867,1.2690986696251316,0.0,weekly,noise_a0.50_r2,noise,0.5,2,20.346704655114344,noise_a0.50_r2,weekly|N05B|B_rich,,5,,,,,,,,,,
S1 [linear],N05B,B_rich,pacf_train,1,1,210,45,46,2014-01-12,2018-01-14,2018-01-21,2018-11-25,2018-12-02,2019-10-13,{},0,none,42,531.4723705594685,23.05368453326861,15.93321194836655,-0.1395736071422308,0.3648832888885994,25.55416158048962,0.5066657300442992,360.7059234154348,18.992259565818777,14.830986335994032,-0.1427652094151263,0.3178365360887953,26.6570225514242,1.0980362923701206,0.006,weekly,noise_a0.50_r2,noise,0.5,2,13.963212393712055,noise_a0.50_r2,weekly|N05B|B_rich,,5,linear,0.0,23.05368453326861,0.0,,18.992259565818777,,,,
AR-LRX [linear],N05B,B_rich,pacf_train,1,1,210,45,46,2014-01-12,2018-01-14,2018-01-21,2018-11-25,2018-12-02,2019-10-13,"{""colsample_bytree"": 0.8, ""learning_rate"": 0.1, ""max_depth"": 5, ""n_estimators"": 500, ""subsample"": 0.8}",132,none,42,527.7028635086383,22.971784073263407,15.899933764858192,-0.1314910971473259,0.3635870054608868,25.380469787998244,0.5145811708022623,372.7330217156567,19.306294872803964,14.802941330301463,-0.1808686854478163,0.3230919346808296,26.72942513598945,1.1131197178130945,5.361,weekly,noise_a0.50_r2,noise,0.5,2,14.655236067129495,noise_a0.50_r2,weekly|N05B|B_rich,-2.4008748481833115,5,linear,0.1,23.05368453326861,0.3553,-1.0908641470563634,18.992259565818777,5.0,,,
"LR-XGB (residual, tanpa gerbang)",N05B,B_rich,pacf_train,1,1,210,45,46,2014-01-12,2018-01-14,2018-01-21,2018-11-25,2018-12-02,2019-10-13,"{""colsample_bytree"": 0.8, ""learning_rate"": 0.05, ""max_depth"": 3, ""n_estimators"": 100, ""subsample"": 0.8}",12,none,42,642.9875903288761,25.35719997020325,18.42967386573348,-0.3786825585823754,0.4013422890723415,28.728521397013125,0.5544366042052875,429.4053734231667,20.72209867323208,15.445463162320284,-0.3604143697932627,0.3467854912136867,27.55882418873733,1.2224707666688728,4.675,weekly,noise_a0.50_r2,noise,0.5,2,16.25357897266244,noise_a0.50_r2,weekly|N05B|B_rich,,5,,,,,,,5.0,,,
XGBoost,N05B,B_rich,pacf_train,1,1,210,45,46,2014-01-12,2018-01-14,2018-01-21,2018-11-25,2018-12-02,2019-10-13,"{""colsample_bytree"": 0.8, ""learning_rate"": 0.05, ""max_depth"": 3, ""n_estimators"": 100, ""subsample"": 0.8}",12,none,42,620.1635933599662,24.90308401302871,18.457908872914,-0.329743750102295,0.3941547471524577,28.90490147830959,0.5373452140224397,446.0222121160283,21.11923796248407,16.0952450942222,-0.413058764897346,0.3534316396407961,28.424132463522383,1.188352703081628,4.442,weekly,noise_a0.50_r2,noise,0.5,2,16.632998784114598,noise_a0.50_r2,weekly|N05B|B_rich,,5,,,,,,,,,,
Naive,N05B,B_rich,pacf_train,1,1,210,45,46,2014-01-12,2018-01-14,2018-01-21,2018-11-25,2018-12-02,2019-10-13,{},0,none,42,426.96177777777774,20.663053447585565,15.013333333333332,-0.801173853632781,0.3220550724374308,22.340031684847204,0.2828881884247876,339.85869565217394,18.435256864285183,14.22173913043478,-0.1918417967368799,0.2994110142841926,22.99461313398905,0.3821463972884587,0.0,weekly,spike,spike,1.5,0,18.54433582807289,spike,weekly|N05B|B_rich,,5,,,,,,,,29.58994761739196,16.995265447148736,4.0
S1 [linear],N05B,B_rich,pacf_train,1,1,210,45,46,2014-01-12,2018-01-14,2018-01-21,2018-11-25,2018-12-02,2019-10-13,{},0,none,42,280.1724738223089,16.738353378463156,11.053311405027056,-0.1819309376658278,0.2608845601381415,16.80006438157009,0.223534293627507,248.3287500948156,15.758450117153512,11.552963885392488,0.1291422362270947,0.2559364140059534,18.81254769916632,0.3390931651954607,0.005,weekly,spike,spike,1.5,0,13.788480999694182,spike,weekly|N05B|B_rich,,5,linear,0.0,16.738353378463156,0.0,,15.758450117153512,,31.62807038983848,13.293198366460809,4.0
AR-LRX [linear],N05B,B_rich,pacf_train,1,1,210,45,46,2014-01-12,2018-01-14,2018-01-21,2018-11-25,2018-12-02,2019-10-13,"{""colsample_bytree"": 0.8, ""learning_rate"": 0.05, ""max_depth"": 3, ""n_estimators"": 100, ""subsample"": 0.8}",132,none,42,280.1724738223089,16.738353378463156,11.053311405027056,-0.1819309376658278,0.2608845601381415,16.80006438157009,0.223534293627507,248.3287500948156,15.758450117153512,11.552963885392488,0.1291422362270947,0.2559364140059534,18.81254769916632,0.3390931651954607,5.156,weekly,spike,spike,1.5,0,13.788480999694182,spike,weekly|N05B|B_rich,-0.1530390727146304,5,linear,0.0,16.738353378463156,0.0,-0.341410336835678,15.758450117153512,5.0,31.62807038983848,13.293198366460809,4.0
"LR-XGB (residual, tanpa gerbang)",N05B,B_rich,pacf_train,1,1,210,45,46,2014-01-12,2018-01-14,2018-01-21,2018-11-25,2018-12-02,2019-10-13,"{""colsample_bytree"": 0.8, ""learning_rate"": 0.05, ""max_depth"": 3, ""n_estimators"": 100, ""subsample"": 0.8}",12,none,42,374.45200065169263,19.35076227572683,13.49358200623078,-0.5796569812985668,0.3016016564171888,19.96848209616325,0.2474501353498088,285.7244747822468,16.903386488578164,12.76546909445704,-0.0019998774570004,0.274531574506442,20.6322195461598,0.349116646026913,4.692,weekly,spike,spike,1.5,0,15.90727788728967,spike,weekly|N05B|B_rich,,5,,,,,,,5.0,33.7739815438071,14.29335386905868,4.0
XGBoost,N05B,B_rich,pacf_train,1,1,210,45,46,2014-01-12,2018-01-14,2018-01-21,2018-11-25,2018-12-02,2019-10-13,"{""colsample_bytree"": 0.8, ""learning_rate"": 0.05, ""max_depth"": 3, ""n_estimators"": 100, ""subsample"": 0.8}",12,none,42,372.768508581751,19.3072139000362,13.666486460367835,-0.5725550296555906,0.3009229099132824,20.249201460947283,0.2476714024689588,290.33627861058443,17.03925698528502,12.847373448247495,-0.0181728947470725,0.2767382767796883,20.680114430328867,0.3485624692684921,4.546,weekly,spike,spike,1.5,0,15.406476552728554,spike,weekly|N05B|B_rich,,5,,,,,,,,34.163656810682845,14.38157471126098,4.0
Naive,N05B,B_rich,pacf_train,1,1,210,45,46,2014-01-12,2018-01-14,2018-01-21,2018-11-25,2018-12-02,2019-10-13,{},0,none,42,426.96177777777774,20.663053447585565,15.013333333333332,-0.801173853632781,0.3220550724374308,22.340031684847204,0.2828881884247876,371.6412695652175,19.27799962561514,14.462608695652174,-1.0530433070918723,0.2889068379383658,21.79492576960819,0.3704734021381017,0.0,weekly,level,level,1.3,0,21.202848660129323,level,weekly|N05B|B_rich,,5,,,,,,,,23.67061873513973,13.527170725103124,23.0
S1 [linear],N05B,B_rich,pacf_train,1,1,210,45,46,2014-01-12,2018-01-14,2018-01-21,2018-11-25,2018-12-02,2019-10-13,{},0,none,42,280.1724738223089,16.738353378463156,11.053311405027056,-0.1819309376658278,0.2608845601381415,16.80006438157009,0.223534293627507,240.13450743862472,15.496273985659414,11.486355349300458,-0.326565652612907,0.2322325761991793,17.581673710658734,0.2849125563644125,0.006,weekly,level,level,1.3,0,16.185759126745076,level,weekly|N05B|B_rich,,5,linear,0.0,16.738353378463156,0.0,,15.496273985659414,,19.08952515291921,10.763783921712395,23.0
AR-LRX [linear],N05B,B_rich,pacf_train,1,1,210,45,46,2014-01-12,2018-01-14,2018-01-21,2018-11-25,2018-12-02,2019-10-13,"{""colsample_bytree"": 0.8, ""learning_rate"": 0.05, ""max_depth"": 3, ""n_estimators"": 100, ""subsample"": 0.8}",132,none,42,280.1724738223089,16.738353378463156,11.053311405027056,-0.1819309376658278,0.2608845601381415,16.80006438157009,0.223534293627507,240.13450743862472,15.496273985659414,11.486355349300458,-0.326565652612907,0.2322325761991793,17.581673710658734,0.2849125563644125,4.472,weekly,level,level,1.3,0,16.185759126745076,level,weekly|N05B|B_rich,-0.1663016726340516,5,linear,0.0,16.738353378463156,0.0,-0.341410336835678,15.496273985659414,5.0,19.08952515291921,10.763783921712395,23.0
"LR-XGB (residual, tanpa gerbang)",N05B,B_rich,pacf_train,1,1,210,45,46,2014-01-12,2018-01-14,2018-01-21,2018-11-25,2018-12-02,2019-10-13,"{""colsample_bytree"": 0.8, ""learning_rate"": 0.05, ""max_depth"": 3, ""n_estimators"": 100, ""subsample"": 0.8}",12,none,42,374.45200065169263,19.35076227572683,13.49358200623078,-0.5796569812985668,0.3016016564171888,19.96848209616325,0.2474501353498088,275.74186603743146,16.605476989157268,12.51824503357474,-0.5232699888671233,0.2488554799545308,19.2192436517098,0.2893872447894594,4.891,weekly,level,level,1.3,0,16.413979511465197,level,weekly|N05B|B_rich,,5,,,,,,,5.0,20.96034910230943,10.589971557288491,23.0
XGBoost,N05B,B_rich,pacf_train,1,1,210,45,46,2014-01-12,2018-01-14,2018-01-21,2018-11-25,2018-12-02,2019-10-13,"{""colsample_bytree"": 0.8, ""learning_rate"": 0.05, ""max_depth"": 3, ""n_estimators"": 100, ""subsample"": 0.8}",12,none,42,372.768508581751,19.3072139000362,13.666486460367835,-0.5725550296555906,0.3009229099132824,20.249201460947283,0.2476714024689588,269.91161817666807,16.428987131794464,12.6127125847858,-0.4910621789992084,0.2462105412882218,19.51779224791058,0.2678868796497075,4.537,weekly,level,level,1.3,0,15.34159737817167,level,weekly|N05B|B_rich,,5,,,,,,,,20.519479877307592,10.898356844869088,23.0
Naive,N05C,A_lag1,pacf_train,1,10,204,43,45,2014-03-16,2018-02-04,2018-02-11,2018-12-02,2018-12-09,2019-10-13,{},0,none,42,28.023255813953487,5.293699633900046,3.930232558139535,-0.7170930540827152,1.1381454212885098,103.83645136372506,1.694474186562659,16.266666666666666,4.033195589934446,3.466666666666667,-1.0887761572606216,0.8249718252138639,83.43106601001338,1.7005504134034763,0.0,weekly,clean,clean,0.0,0,4.033195589934446,clean,weekly|N05C|A_lag1,,5,,,,,,,,,,
S1 [linear],N05C,A_lag1,pacf_train,1,10,204,43,45,2014-03-16,2018-02-04,2018-02-11,2018-12-02,2018-12-09,2019-10-13,{},0,none,42,16.6747895027876,4.083477623642329,2.880965845650394,-0.0217287178769312,0.8779476890831007,71.7752895751267,0.703521993405679,8.7326038490643,2.95509794238098,2.392135351294518,-0.121339428938187,0.6044518518506549,57.40333488628655,1.0633393387073906,0.005,weekly,clean,clean,0.0,0,2.95509794238098,clean,weekly|N05C|A_lag1,,5,linear,0.0,4.083477623642329,0.0,,2.95509794238098,,,,
AR-LRX [linear],N05C,A_lag1,pacf_train,1,10,204,43,45,2014-03-16,2018-02-04,2018-02-11,2018-12-02,2018-12-09,2019-10-13,"{""colsample_bytree"": 0.8, ""learning_rate"": 0.05, ""max_depth"": 3, ""n_estimators"": 100, ""subsample"": 0.8}",132,none,42,16.6747895027876,4.083477623642329,2.880965845650394,-0.0217287178769312,0.8779476890831007,71.7752895751267,0.703521993405679,8.7326038490643,2.95509794238098,2.392135351294518,-0.121339428938187,0.6044518518506549,57.40333488628655,1.0633393387073906,4.171,weekly,clean,clean,0.0,0,2.95509794238098,clean,weekly|N05C|A_lag1,-0.2159959576851888,5,linear,0.0,4.083477623642329,0.0,-0.097776491126557,2.95509794238098,5.0,,,
"LR-XGB (residual, tanpa gerbang)",N05C,A_lag1,pacf_train,1,10,204,43,45,2014-03-16,2018-02-04,2018-02-11,2018-12-02,2018-12-09,2019-10-13,"{""colsample_bytree"": 0.8, ""learning_rate"": 0.05, ""max_depth"": 3, ""n_estimators"": 100, ""subsample"": 0.8}",12,none,42,17.577963358298877,4.192608180870098,3.0144495488054805,-0.0770696662743448,0.9014107588870712,74.47815791594716,0.8388667579681696,9.75011721185978,3.1225177680615013,2.543767670759966,-0.2519966616370359,0.6386968161943979,61.99814684263328,1.0878707533056278,4.316,weekly,clean,clean,0.0,0,3.1225177680615013,clean,weekly|N05C|A_lag1,,5,,,,,,,5.0,,,
XGBoost,N05C,A_lag1,pacf_train,1,10,204,43,45,2014-03-16,2018-02-04,2018-02-11,2018-12-02,2018-12-09,2019-10-13,"{""colsample_bytree"": 0.8, ""learning_rate"": 0.05, ""max_depth"": 3, ""n_estimators"": 100, ""subsample"": 0.8}",12,none,42,17.383456093265103,4.169347202292597,2.996813807376596,-0.0651514553435572,0.8964096484929083,74.04287959313741,0.8375383315519628,9.685774340979863,3.1121976706147483,2.53204705980089,-0.2437344984454172,0.6365858871711985,61.70836472780648,1.076935337108564,4.161,weekly,clean,clean,0.0,0,3.1121976706147483,clean,weekly|N05C|A_lag1,,5,,,,,,,,,,
Naive,N05C,A_lag1,pacf_train,1,10,204,43,45,2014-03-16,2018-02-04,2018-02-11,2018-12-02,2018-12-09,2019-10-13,{},0,none,42,27.9830019723296,5.289896215648242,3.915695464473649,-0.732154131495296,1.1069239038722911,97.27797385169708,8.259891883727455,16.187797268628817,4.023406177435833,3.4796738097797446,-1.0623905550823394,0.8048850369223336,82.80267425678485,10.135092957196733,0.0,weekly,noise_a0.10_r1,noise,0.1,1,4.006960503829486,noise_a0.10_r1,weekly|N05C|A_lag1,,5,,,,,,,,,,
S1 [linear],N05C,A_lag1,pacf_train,1,10,204,43,45,2014-03-16,2018-02-04,2018-02-11,2018-12-02,2018-12-09,2019-10-13,{},0,none,42,16.69386213067977,4.085812297533964,2.8342476098773908,-0.0333538299022795,0.8549663574678441,66.9727267319275,8.941309054186638,8.879404159009244,2.9798329079009185,2.453884224867759,-0.1312718443656844,0.5961175219019921,58.130742843661466,9.078615903745687,0.004,weekly,noise_a0.10_r1,noise,0.1,1,2.9357317275281765,noise_a0.10_r1,weekly|N05C|A_lag1,,5,linear,0.0,4.085812297533964,0.0,,2.9798329079009185,,,,
AR-LRX [linear],N05C,A_lag1,pacf_train,1,10,204,43,45,2014-03-16,2018-02-04,2018-02-11,2018-12-02,2018-12-09,2019-10-13,"{""colsample_bytree"": 0.8, ""learning_rate"": 0.05, ""max_depth"": 3, ""n_estimators"": 100, ""subsample"": 0.8}",132,none,42,16.69386213067977,4.085812297533964,2.8342476098773908,-0.0333538299022795,0.8549663574678441,66.9727267319275,8.941309054186638,8.879404159009244,2.9798329079009185,2.453884224867759,-0.1312718443656844,0.5961175219019921,58.130742843661466,9.078615903745687,4.512,weekly,noise_a0.10_r1,noise,0.1,1,2.9357317275281765,noise_a0.10_r1,weekly|N05C|A_lag1,-0.2464828490379194,5,linear,0.0,4.085812297533964,0.0,-0.2281021347062979,2.9798329079009185,5.0,,,
"LR-XGB (residual, tanpa gerbang)",N05C,A_lag1,pacf_train,1,10,204,43,45,2014-03-16,2018-02-04,2018-02-11,2018-12-02,2018-12-09,2019-10-13,"{""colsample_bytree"": 0.8, ""learning_rate"": 0.05, ""max_depth"": 3, ""n_estimators"": 100, ""subsample"": 0.8}",12,none,42,19.491478872107987,4.414915499996346,3.0561828336023944,-0.2065269369833948,0.9238320188713528,70.75407176563847,8.760718783731212,10.058096012551225,3.171450143475572,2.5967856926231625,-0.2814419327203543,0.6344506751877369,60.757853313571786,8.545707085982952,4.39,weekly,noise_a0.10_r1,noise,0.1,1,3.1265758676810465,noise_a0.10_r1,weekly|N05C|A_lag1,,5,,,,,,,5.0,,,
XGBoost,N05C,A_lag1,pacf_train,1,10,204,43,45,2014-03-16,2018-02-04,2018-02-11,2018-12-02,2018-12-09,2019-10-13,"{""colsample_bytree"": 0.8, ""learning_rate"": 0.05, ""max_depth"": 3, ""n_estimators"": 100, ""subsample"": 0.8}",12,none,42,19.50223798952404,4.416133828307746,3.059421848882588,-0.2071929287773373,0.9240869570923832,70.89285720449404,8.756032215651535,9.907797457946062,3.1476653980285234,2.573347122149221,-0.262293291659663,0.6296925213069035,60.17164798892157,8.583358663517666,4.281,weekly,noise_a0.10_r1,noise,0.1,1,3.102489012162725,noise_a0.10_r1,weekly|N05C|A_lag1,,5,,,,,,,,,,
Naive,N05C,A_lag1,pacf_train,1,10,204,43,45,2014-03-16,2018-02-04,2018-02-11,2018-12-02,2018-12-09,2019-10-13,{},0,none,42,27.86607142378755,5.278832392090845,3.8250637654667647,-0.7055530698045254,1.133470456389556,100.32463261408527,12.89906528969267,16.66301522961996,4.082035672262059,3.531281423661121,-1.0987010467947034,0.8464476806850165,86.83957471672957,1.960395096643469,0.0,weekly,noise_a0.10_r2,noise,0.1,2,4.082878688672547,noise_a0.10_r2,weekly|N05C|A_lag1,,5,,,,,,,,,,
S1 [linear],N05C,A_lag1,pacf_train,1,10,204,43,45,2014-03-16,2018-02-04,2018-02-11,2018-12-02,2018-12-09,2019-10-13,{},0,none,42,16.714985481329613,4.088396443757579,2.839738835416989,-0.0230467856722718,0.8778601476247802,70.69078288808363,12.339742463250692,8.813703904444367,2.9687882889226653,2.40273927683278,-0.1100829805109548,0.6156055858793837,59.0113187079867,1.375542284083056,0.005,weekly,noise_a0.10_r2,noise,0.1,2,2.965197284885293,noise_a0.10_r2,weekly|N05C|A_lag1,,5,linear,0.0,4.088396443757579,0.0,,2.9687882889226653,,,,
AR-LRX [linear],N05C,A_lag1,pacf_train,1,10,204,43,45,2014-03-16,2018-02-04,2018-02-11,2018-12-02,2018-12-09,2019-10-13,"{""colsample_bytree"": 0.8, ""learning_rate"": 0.05, ""max_depth"": 3, ""n_estimators"": 100, ""subsample"": 0.8}",132,none,42,16.714985481329613,4.088396443757579,2.839738835416989,-0.0230467856722718,0.8778601476247802,70.69078288808363,12.339742463250692,8.813703904444367,2.9687882889226653,2.40273927683278,-0.1100829805109548,0.6156055858793837,59.0113187079867,1.375542284083056,4.338,weekly,noise_a0.10_r2,noise,0.1,2,2.965197284885293,noise_a0.10_r2,weekly|N05C|A_lag1,-0.2592836660947772,5,linear,0.0,4.088396443757579,0.0,-0.1575659692546316,2.9687882889226653,5.0,,,
"LR-XGB (residual, tanpa gerbang)",N05C,A_lag1,pacf_train,1,10,204,43,45,2014-03-16,2018-02-04,2018-02-11,2018-12-02,2018-12-09,2019-10-13,"{""colsample_bytree"": 0.8, ""learning_rate"": 0.05, ""max_depth"": 3, ""n_estimators"": 100, ""subsample"": 0.8}",12,none,42,18.543297312051195,4.3061929023269725,3.120155353590441,-0.1349492784214017,0.9246253852679668,77.48717872823488,12.724218632484146,10.302423563632724,3.209738862218035,2.5889459096531344,-0.2975867104222502,0.6655689057277305,63.8657216595285,1.4315972800457035,4.686,weekly,noise_a0.10_r2,noise,0.1,2,3.2002178479574046,noise_a0.10_r2,weekly|N05C|A_lag1,,5,,,,,,,5.0,,,
XGBoost,N05C,A_lag1,pacf_train,1,10,204,43,45,2014-03-16,2018-02-04,2018-02-11,2018-12-02,2018-12-09,2019-10-13,"{""colsample_bytree"": 0.8, ""learning_rate"": 0.05, ""max_depth"": 3, ""n_estimators"": 100, ""subsample"": 0.8}",12,none,42,18.506092171853645,4.301870775819939,3.1228800685801392,-0.1326721242394788,0.9236973386204088,77.66848237440931,12.719171867658012,10.05294618699647,3.1706381356118944,2.550131980431761,-0.266165120494912,0.6574610100584783,63.05844194747108,1.4054572312797378,4.347,weekly,noise_a0.10_r2,noise,0.1,2,3.1635169513466623,noise_a0.10_r2,weekly|N05C|A_lag1,,5,,,,,,,,,,
Naive,N05C,A_lag1,pacf_train,1,10,204,43,45,2014-03-16,2018-02-04,2018-02-11,2018-12-02,2018-12-09,2019-10-13,{},0,none,42,27.26876981564989,5.221950767256418,4.025806827487792,-0.7173239683225505,1.122595024839486,101.1303688425632,2.286923022245679,14.576879545237906,3.8179679864082026,3.2773565430137115,-1.0825654379436074,0.7760751241886351,74.82066122968243,4.314569151111049,0.0,weekly,noise_a0.25_r1,noise,0.25,1,3.8719597102847017,noise_a0.25_r1,weekly|N05C|A_lag1,,5,,,,,,,,,,
S1 [linear],N05C,A_lag1,pacf_train,1,10,204,43,45,2014-03-16,2018-02-04,2018-02-11,2018-12-02,2018-12-09,2019-10-13,{},0,none,42,16.13712023662863,4.017103463520529,2.9240250024545675,-0.0162784588163036,0.8635815547496861,70.76089451023012,1.4619597245195337,7.797224092146346,2.792350997304305,2.2497022790485266,-0.1139715709258253,0.5675988260577055,51.40650498498052,3.1146047244422044,0.006,weekly,noise_a0.25_r1,noise,0.25,1,2.915052957219493,noise_a0.25_r1,weekly|N05C|A_lag1,,5,linear,0.0,4.017103463520529,0.0,,2.792350997304305,,,,
AR-LRX [linear],N05C,A_lag1,pacf_train,1,10,204,43,45,2014-03-16,2018-02-04,2018-02-11,2018-12-02,2018-12-09,2019-10-13,"{""colsample_bytree"": 0.8, ""learning_rate"": 0.05, ""max_depth"": 3, ""n_estimators"": 100, ""subsample"": 0.8}",132,none,42,16.13712023662863,4.017103463520529,2.9240250024545675,-0.0162784588163036,0.8635815547496861,70.76089451023012,1.4619597245195337,7.797224092146346,2.792350997304305,2.2497022790485266,-0.1139715709258253,0.5675988260577055,51.40650498498052,3.1146047244422044,4.375,weekly,noise_a0.25_r1,noise,0.25,1,2.915052957219493,noise_a0.25_r1,weekly|N05C|A_lag1,-0.1578980414278814,5,linear,0.0,4.017103463520529,0.0,-0.2052578521816039,2.792350997304305,5.0,,,
"LR-XGB (residual, tanpa gerbang)",N05C,A_lag1,pacf_train,1,10,204,43,45,2014-03-16,2018-02-04,2018-02-11,2018-12-02,2018-12-09,2019-10-13,"{""colsample_bytree"": 0.8, ""learning_rate"": 0.05, ""max_depth"": 3, ""n_estimators"": 100, ""subsample"": 0.8}",12,none,42,18.824931144074,4.338770695032638,3.320986240319225,-0.1855505647778137,0.9327323472109303,80.04671459684135,1.7661814451609672,8.28061042454803,2.8776049806302515,2.31786941525874,-0.1830318705537343,0.5849283311590576,54.27494749457629,2.779107435092312,4.389,weekly,noise_a0.25_r1,noise,0.25,1,3.015513796919606,noise_a0.25_r1,weekly|N05C|A_lag1,,5,,,,,,,5.0,,,
XGBoost,N05C,A_lag1,pacf_train,1,10,204,43,45,2014-03-16,2018-02-04,2018-02-11,2018-12-02,2018-12-09,2019-10-13,"{""colsample_bytree"": 0.8, ""learning_rate"": 0.05, ""max_depth"": 3, ""n_estimators"": 100, ""subsample"": 0.8}",12,none,42,18.2557053798813,4.2726695846837135,3.2576185117603416,-0.1497020444799226,0.9185221830555425,78.46942069477258,1.7320309398572271,8.199878117574483,2.863542930981564,2.3093543302281136,-0.1714978305209009,0.582069950217598,54.002572563817054,2.7585318334660327,4.361,weekly,noise_a0.25_r1,noise,0.25,1,2.997912461758761,noise_a0.25_r1,weekly|N05C|A_lag1,,5,,,,,,,,,,
Naive,N05C,A_lag1,pacf_train,1,10,204,43,45,2014-03-16,2018-02-04,2018-02-11,2018-12-02,2018-12-09,2019-10-13,{},0,none,42,29.01198311833855,5.386277296829281,3.796247547544397,-0.7334948082196802,1.172505405845608,91.46325666510884,3.125413254918906,14.748376206690809,3.840361468233272,3.132455478770652,-1.1547883280641464,0.7960062006143485,76.28060970353165,2.150670312276792,0.0,weekly,noise_a0.25_r2,noise,0.25,2,3.878940867433,noise_a0.25_r2,weekly|N05C|A_lag1,,5,,,,,,,,,,
S1 [linear],N05C,A_lag1,pacf_train,1,10,204,43,45,2014-03-16,2018-02-04,2018-02-11,2018-12-02,2018-12-09,2019-10-13,{},0,none,42,16.88349929809391,4.108953552681498,2.966906053580091,-0.0088058530313417,0.8944526966191716,71.65824385668532,2.866429144493524,7.611929828420677,2.75897260378219,2.148605320135727,-0.1121290451543508,0.5718626535814254,52.59735058749813,1.742989185608965,0.005,weekly,noise_a0.25_r2,noise,0.25,2,2.9277842663843683,noise_a0.25_r2,weekly|N05C|A_lag1,,5,linear,0.0,4.108953552681498,0.0,,2.75897260378219,,,,
AR-LRX [linear],N05C,A_lag1,pacf_train,1,10,204,43,45,2014-03-16,2018-02-04,2018-02-11,2018-12-02,2018-12-09,2019-10-13,"{""colsample_bytree"": 0.8, ""learning_rate"": 0.05, ""max_depth"": 3, ""n_estimators"": 100, ""subsample"": 0.8}",132,none,42,16.88349929809391,4.108953552681498,2.966906053580091,-0.0088058530313417,0.8944526966191716,71.65824385668532,2.866429144493524,7.611929828420677,2.75897260378219,2.148605320135727,-0.1121290451543508,0.5718626535814254,52.59735058749813,1.742989185608965,4.369,weekly,noise_a0.25_r2,noise,0.25,2,2.9277842663843683,noise_a0.25_r2,weekly|N05C|A_lag1,-0.0959518639896734,5,linear,0.0,4.108953552681498,0.0,-0.2095328560283738,2.75897260378219,5.0,,,
"LR-XGB (residual, tanpa gerbang)",N05C,A_lag1,pacf_train,1,10,204,43,45,2014-03-16,2018-02-04,2018-02-11,2018-12-02,2018-12-09,2019-10-13,"{""colsample_bytree"": 0.8, ""learning_rate"": 0.05, ""max_depth"": 3, ""n_estimators"": 100, ""subsample"": 0.8}",12,none,42,19.89947595072415,4.460882866734359,3.193756740649999,-0.1890134537224348,0.971062013307234,77.03589820445087,2.4530664069098185,7.775561915412611,2.7884694575004065,2.217014305809456,-0.136036254070478,0.5779765776618886,54.503167405434574,1.6669310910914743,4.39,weekly,noise_a0.25_r2,noise,0.25,2,2.910667973890555,noise_a0.25_r2,weekly|N05C|A_lag1,,5,,,,,,,5.0,,,
XGBoost,N05C,A_lag1,pacf_train,1,10,204,43,45,2014-03-16,2018-02-04,2018-02-11,2018-12-02,2018-12-09,2019-10-13,"{""colsample_bytree"": 0.8, ""learning_rate"": 0.05, ""max_depth"": 3, ""n_estimators"": 100, ""subsample"": 0.8}",12,none,42,19.67182241808881,4.43529282213574,3.1669264188829365,-0.1754109290247429,0.965491474700658,76.25005893903068,2.442994836356538,7.93739457799958,2.8173382079543767,2.2315572667975934,-0.1596805609117793,0.58396031241067,54.63236493493528,1.6665804374171622,4.338,weekly,noise_a0.25_r2,noise,0.25,2,2.930940029124616,noise_a0.25_r2,weekly|N05C|A_lag1,,5,,,,,,,,,,
Naive,N05C,A_lag1,pacf_train,1,10,204,43,45,2014-03-16,2018-02-04,2018-02-11,2018-12-02,2018-12-09,2019-10-13,{},0,none,42,35.555830858481,5.962871024806843,4.577396169840382,-0.8195072965919672,1.1810618261672057,105.8495292365646,6.417308635217196,15.52287261608632,3.9399076913154096,3.1431750913384136,-0.9591360840634002,0.7750074753106354,72.0695621689352,4.944335553680876,0.0,weekly,noise_a0.50_r1,noise,0.5,1,4.0302807007993895,noise_a0.50_r1,weekly|N05C|A_lag1,,5,,,,,,,,,,
S1 [linear],N05C,A_lag1,pacf_train,1,10,204,43,45,2014-03-16,2018-02-04,2018-02-11,2018-12-02,2018-12-09,2019-10-13,{},0,none,42,20.57825220212756,4.536325848319051,3.358896284985123,-0.0530559722231842,0.898506989035328,77.97433189213012,3.993437667861349,8.732274158771213,2.9550421585438023,2.2718576929692653,-0.1020971326308746,0.5812775176884676,50.81061844701693,3.633505221974201,0.006,weekly,noise_a0.50_r1,noise,0.5,1,2.889850146608034,noise_a0.50_r1,weekly|N05C|A_lag1,,5,linear,0.0,4.536325848319051,0.0,,2.9550421585438023,,,,
AR-LRX [linear],N05C,A_lag1,pacf_train,1,10,204,43,45,2014-03-16,2018-02-04,2018-02-11,2018-12-02,2018-12-09,2019-10-13,"{""colsample_bytree"": 0.8, ""learning_rate"": 0.05, ""max_depth"": 3, ""n_estimators"": 100, ""subsample"": 0.8}",132,none,42,20.57825220212756,4.536325848319051,3.358896284985123,-0.0530559722231842,0.898506989035328,77.97433189213012,3.993437667861349,8.732274158771213,2.9550421585438023,2.2718576929692653,-0.1020971326308746,0.5812775176884676,50.81061844701693,3.633505221974201,4.283,weekly,noise_a0.50_r1,noise,0.5,1,2.889850146608034,noise_a0.50_r1,weekly|N05C|A_lag1,-0.173667359476956,5,linear,0.0,4.536325848319051,0.0,-0.1390151777510329,2.9550421585438023,5.0,,,
"LR-XGB (residual, tanpa gerbang)",N05C,A_lag1,pacf_train,1,10,204,43,45,2014-03-16,2018-02-04,2018-02-11,2018-12-02,2018-12-09,2019-10-13,"{""colsample_bytree"": 0.8, ""learning_rate"": 0.05, ""max_depth"": 3, ""n_estimators"": 100, ""subsample"": 0.8}",12,none,42,22.1070231722335,4.701810627006739,3.4746954389988938,-0.1312881458994816,0.9312844470931412,81.2787379397375,3.668543371065388,9.328157036459915,3.054203175373229,2.39989253838343,-0.1773032930129217,0.6007831851617458,53.40027397687036,3.560080870285692,4.835,weekly,noise_a0.50_r1,noise,0.5,1,3.006758854285104,noise_a0.50_r1,weekly|N05C|A_lag1,,5,,,,,,,5.0,,,
XGBoost,N05C,A_lag1,pacf_train,1,10,204,43,45,2014-03-16,2018-02-04,2018-02-11,2018-12-02,2018-12-09,2019-10-13,"{""colsample_bytree"": 0.8, ""learning_rate"": 0.05, ""max_depth"": 3, ""n_estimators"": 100, ""subsample"": 0.8}",12,none,42,21.830858321652222,4.672350406556879,3.446881042400261,-0.1171558939294785,0.9254492811774192,80.63074185640589,3.6635522100744176,9.128276688277255,3.021303806021045,2.37299591403278,-0.1520764672632855,0.5943116484713937,52.964990512638025,3.4595795993457696,4.643,weekly,noise_a0.50_r1,noise,0.5,1,2.971949486626698,noise_a0.50_r1,weekly|N05C|A_lag1,,5,,,,,,,,,,
Naive,N05C,A_lag1,pacf_train,1,10,204,43,45,2014-03-16,2018-02-04,2018-02-11,2018-12-02,2018-12-09,2019-10-13,{},0,none,42,34.73573892299083,5.893703328382829,4.4557034991417925,-0.7726713877016376,1.2274434074725027,109.68594201330292,4.879203864022732,21.05380315231264,4.588442344882698,3.792290395973164,-1.0629480210098947,0.9402956024545672,92.99698823606306,2.5196215909808,0.0,weekly,noise_a0.50_r2,noise,0.5,2,4.152478253264166,noise_a0.50_r2,weekly|N05C|A_lag1,,5,,,,,,,,,,
S1 [linear],N05C,A_lag1,pacf_train,1,10,204,43,45,2014-03-16,2018-02-04,2018-02-11,2018-12-02,2018-12-09,2019-10-13,{},0,none,42,20.245460880943384,4.499495625172157,3.1400873485758045,-0.0331880175068701,0.9370808020607224,76.18081944236921,11.320702142102071,11.029841959035055,3.321120587849086,2.6204437416718305,-0.0807544117721021,0.6805871904348091,63.64723207382522,2.283076497614741,0.005,weekly,noise_a0.50_r2,noise,0.5,2,2.9133187976571744,noise_a0.50_r2,weekly|N05C|A_lag1,,5,linear,0.0,4.499495625172157,0.0,,3.321120587849086,,,,
AR-LRX [linear],N05C,A_lag1,pacf_train,1,10,204,43,45,2014-03-16,2018-02-04,2018-02-11,2018-12-02,2018-12-09,2019-10-13,"{""colsample_bytree"": 0.8, ""learning_rate"": 0.1, ""max_depth"": 5, ""n_estimators"": 500, ""subsample"": 0.8}",132,none,42,19.775398001418186,4.446953788990637,3.000480690094869,-0.0091992657833983,0.9261382542526362,73.95686252612788,11.130690164077889,11.206779292139696,3.3476528034041544,2.609348506950976,-0.098091541721039,0.6860243570666686,63.68944903414625,2.8366272648414657,4.805,weekly,noise_a0.50_r2,noise,0.5,2,2.962053759191265,noise_a0.50_r2,weekly|N05C|A_lag1,-0.5173457904788143,5,linear,0.3,4.499495625172157,1.1677,-0.174406530520228,3.321120587849086,5.0,,,
"LR-XGB (residual, tanpa gerbang)",N05C,A_lag1,pacf_train,1,10,204,43,45,2014-03-16,2018-02-04,2018-02-11,2018-12-02,2018-12-09,2019-10-13,"{""colsample_bytree"": 0.8, ""learning_rate"": 0.05, ""max_depth"": 3, ""n_estimators"": 100, ""subsample"": 0.8}",12,none,42,20.911968681435056,4.5729606035297365,3.15094917159724,-0.0672019565864714,0.9523808771308166,78.52175611566739,10.985092537645231,11.016454014215716,3.319104399414956,2.6034989608353043,-0.0794425996462526,0.6801740190411559,64.4437117473452,2.0548828764313454,4.397,weekly,noise_a0.50_r2,noise,0.5,2,2.9410150416412697,noise_a0.50_r2,weekly|N05C|A_lag1,,5,,,,,,,5.0,,,
XGBoost,N05C,A_lag1,pacf_train,1,10,204,43,45,2014-03-16,2018-02-04,2018-02-11,2018-12-02,2018-12-09,2019-10-13,"{""colsample_bytree"": 0.8, ""learning_rate"": 0.05, ""max_depth"": 3, ""n_estimators"": 100, ""subsample"": 0.8}",12,none,42,20.690136303223262,4.548641149093129,3.137880737410964,-0.0558811693536542,0.9473160219186808,78.11774078288227,11.027632289960316,10.891524796264196,3.300231021650484,2.579216271754029,-0.0672014629226438,0.6763063548576473,63.61034584691637,2.099411954158369,4.242,weekly,noise_a0.50_r2,noise,0.5,2,2.9156481607394404,noise_a0.50_r2,weekly|N05C|A_lag1,,5,,,,,,,,,,
Naive,N05C,A_lag1,pacf_train,1,10,204,43,45,2014-03-16,2018-02-04,2018-02-11,2018-12-02,2018-12-09,2019-10-13,{},0,none,42,28.023255813953487,5.293699633900046,3.930232558139535,-0.7170930540827152,1.1381454212885098,103.83645136372506,1.694474186562659,16.533333333333335,4.066120181860509,3.466666666666667,-1.1047999245591424,0.8096256999279774,81.71870429765166,1.695157147593804,0.0,weekly,spike,spike,1.5,0,4.100135499115988,spike,weekly|N05C|A_lag1,,5,,,,,,,,3.897114317029974,4.082233965164352,4.0
S1 [linear],N05C,A_lag1,pacf_train,1,10,204,43,45,2014-03-16,2018-02-04,2018-02-11,2018-12-02,2018-12-09,2019-10-13,{},0,none,42,16.6747895027876,4.083477623642329,2.880965845650394,-0.0217287178769312,0.8779476890831007,71.7752895751267,0.703521993405679,9.030794553055715,3.005128042705621,2.4994537912358266,-0.1496783685875475,0.5983662031935971,59.1799183738613,1.065936896058179,0.006,weekly,spike,spike,1.5,0,2.9602829494807983,spike,weekly|N05C|A_lag1,,5,linear,0.0,4.083477623642329,0.0,,3.005128042705621,,2.7366267906761084,3.03004970627233,4.0
AR-LRX [linear],N05C,A_lag1,pacf_train,1,10,204,43,45,2014-03-16,2018-02-04,2018-02-11,2018-12-02,2018-12-09,2019-10-13,"{""colsample_bytree"": 0.8, ""learning_rate"": 0.05, ""max_depth"": 3, ""n_estimators"": 100, ""subsample"": 0.8}",132,none,42,16.6747895027876,4.083477623642329,2.880965845650394,-0.0217287178769312,0.8779476890831007,71.7752895751267,0.703521993405679,9.030794553055715,3.005128042705621,2.4994537912358266,-0.1496783685875475,0.5983662031935971,59.1799183738613,1.065936896058179,4.25,weekly,spike,spike,1.5,0,2.9602829494807983,spike,weekly|N05C|A_lag1,-0.2372604265892215,5,linear,0.0,4.083477623642329,0.0,-0.097776491126557,3.005128042705621,5.0,2.7366267906761084,3.03004970627233,4.0
"LR-XGB (residual, tanpa gerbang)",N05C,A_lag1,pacf_train,1,10,204,43,45,2014-03-16,2018-02-04,2018-02-11,2018-12-02,2018-12-09,2019-10-13,"{""colsample_bytree"": 0.8, ""learning_rate"": 0.05, ""max_depth"": 3, ""n_estimators"": 100, ""subsample"": 0.8}",12,none,42,17.577963358298877,4.192608180870098,3.0144495488054805,-0.0770696662743448,0.9014107588870712,74.47815791594716,0.8388667579681696,10.029317832590754,3.1669098238804896,2.608322141608074,-0.2767968196018155,0.6305793897107169,62.51243949475016,1.08777511198714,4.347,weekly,spike,spike,1.5,0,3.153005250516294,spike,weekly|N05C|A_lag1,,5,,,,,,,5.0,2.4811320559983736,3.226019359979156,4.0
XGBoost,N05C,A_lag1,pacf_train,1,10,204,43,45,2014-03-16,2018-02-04,2018-02-11,2018-12-02,2018-12-09,2019-10-13,"{""colsample_bytree"": 0.8, ""learning_rate"": 0.05, ""max_depth"": 3, ""n_estimators"": 100, ""subsample"": 0.8}",12,none,42,17.383456093265103,4.169347202292597,2.996813807376596,-0.0651514553435572,0.8964096484929083,74.04287959313741,0.8375383315519628,9.946073934004442,3.153739674418997,2.5912635644276936,-0.266199334634206,0.6279570148179419,62.15558080392639,1.0766898724365894,4.223,weekly,spike,spike,1.5,0,3.139668410692862,spike,weekly|N05C|A_lag1,,5,,,,,,,,2.446857525682381,3.214391722703007,4.0
Naive,N05C,A_lag1,pacf_train,1,10,204,43,45,2014-03-16,2018-02-04,2018-02-11,2018-12-02,2018-12-09,2019-10-13,{},0,none,42,28.023255813953487,5.293699633900046,3.930232558139535,-0.7170930540827152,1.1381454212885098,103.83645136372506,1.694474186562659,22.788,4.773677827419861,4.066666666666666,-1.0312127227829544,0.8440687710565569,84.00322437527518,1.7011742672504837,0.0,weekly,level,level,1.3,0,4.570995515202351,level,weekly|N05C|A_lag1,,5,,,,,,,,5.534319800316378,3.819804849846271,23.0
S1 [linear],N05C,A_lag1,pacf_train,1,10,204,43,45,2014-03-16,2018-02-04,2018-02-11,2018-12-02,2018-12-09,2019-10-13,{},0,none,42,16.6747895027876,4.083477623642329,2.880965845650394,-0.0217287178769312,0.8779476890831007,71.7752895751267,0.703521993405679,13.7657498500267,3.7102223450929057,2.964492072503184,-0.2270127362656564,0.656031455910337,61.72604311844256,0.901948323041384,0.006,weekly,level,level,1.3,0,2.9501040169848114,level,weekly|N05C|A_lag1,,5,linear,0.0,4.083477623642329,0.0,,3.7102223450929057,,4.339250473462218,2.910713484916413,23.0
AR-LRX [linear],N05C,A_lag1,pacf_train,1,10,204,43,45,2014-03-16,2018-02-04,2018-02-11,2018-12-02,2018-12-09,2019-10-13,"{""colsample_bytree"": 0.8, ""learning_rate"": 0.05, ""max_depth"": 3, ""n_estimators"": 100, ""subsample"": 0.8}",132,none,42,16.6747895027876,4.083477623642329,2.880965845650394,-0.0217287178769312,0.8779476890831007,71.7752895751267,0.703521993405679,13.7657498500267,3.7102223450929057,2.964492072503184,-0.2270127362656564,0.656031455910337,61.72604311844256,0.901948323041384,4.062,weekly,level,level,1.3,0,2.9501040169848114,level,weekly|N05C|A_lag1,-0.3470034589601714,5,linear,0.0,4.083477623642329,0.0,-0.097776491126557,3.7102223450929057,5.0,4.339250473462218,2.910713484916413,23.0
"LR-XGB (residual, tanpa gerbang)",N05C,A_lag1,pacf_train,1,10,204,43,45,2014-03-16,2018-02-04,2018-02-11,2018-12-02,2018-12-09,2019-10-13,"{""colsample_bytree"": 0.8, ""learning_rate"": 0.05, ""max_depth"": 3, ""n_estimators"": 100, ""subsample"": 0.8}",12,none,42,17.577963358298877,4.192608180870098,3.0144495488054805,-0.0770696662743448,0.9014107588870712,74.47815791594716,0.8388667579681696,15.445635220127562,3.930093538343274,3.12784638599891,-0.3767496388707918,0.6949084841864336,66.09772331549286,0.9497053437977436,4.316,weekly,level,level,1.3,0,3.120656945957481,level,weekly|N05C|A_lag1,,5,,,,,,,5.0,4.735459404403801,2.85472767510591,23.0
XGBoost,N05C,A_lag1,pacf_train,1,10,204,43,45,2014-03-16,2018-02-04,2018-02-11,2018-12-02,2018-12-09,2019-10-13,"{""colsample_bytree"": 0.8, ""learning_rate"": 0.05, ""max_depth"": 3, ""n_estimators"": 100, ""subsample"": 0.8}",12,none,42,17.383456093265103,4.169347202292597,2.996813807376596,-0.0651514553435572,0.8964096484929083,74.04287959313741,0.8375383315519628,15.566756819762844,3.945472952608197,3.1421476745605466,-0.387545835736818,0.6976278305201133,66.43926477496784,0.942432275519798,4.121,weekly,level,level,1.3,0,3.1239457018280974,level,weekly|N05C|A_lag1,,5,,,,,,,,4.762689280468088,2.850759433879446,23.0
Naive,N05C,B_rich,pacf_train,11,10,204,43,45,2014-03-16,2018-02-04,2018-02-11,2018-12-02,2018-12-09,2019-10-13,{},0,none,42,28.023255813953487,5.293699633900046,3.930232558139535,-0.7170930540827152,1.1381454212885098,103.83645136372506,1.694474186562659,16.266666666666666,4.033195589934446,3.466666666666667,-1.0887761572606216,0.8249718252138639,83.43106601001338,1.7005504134034763,0.0,weekly,clean,clean,0.0,0,4.033195589934446,clean,weekly|N05C|B_rich,,5,,,,,,,,,,
S1 [linear],N05C,B_rich,pacf_train,11,10,204,43,45,2014-03-16,2018-02-04,2018-02-11,2018-12-02,2018-12-09,2019-10-13,{},0,none,42,17.659626898755008,4.202335885999001,2.787213246262259,-0.0820735066210902,0.9035022154897852,68.904493375253,0.6035741439547535,8.649548295964209,2.941011440978122,2.4123457709263696,-0.1106744007182958,0.6015705220182522,58.05904326021262,1.1261556910723465,0.006,weekly,clean,clean,0.0,0,2.941011440978122,clean,weekly|N05C|B_rich,,5,linear,0.0,4.202335885999001,0.0,,2.941011440978122,,,,
AR-LRX [linear],N05C,B_rich,pacf_train,11,10,204,43,45,2014-03-16,2018-02-04,2018-02-11,2018-12-02,2018-12-09,2019-10-13,"{""colsample_bytree"": 0.8, ""learning_rate"": 0.1, ""max_depth"": 5, ""n_estimators"": 500, ""subsample"": 0.8}",132,none,42,16.69953942938998,4.086506996126396,2.9185691490324035,-0.0232452414151007,0.878599004167175,73.35589536559037,0.679266655960522,9.44221344587378,3.072818485669757,2.439674868486974,-0.2124592408303363,0.6285310538869957,57.94931733661548,1.380380697460741,5.303,weekly,clean,clean,0.0,0,3.072818485669757,clean,weekly|N05C|B_rich,-0.2378418884442807,5,linear,0.7,4.202335885999001,2.7563,0.0145344687226824,2.941011440978122,5.0,,,
"LR-XGB (residual, tanpa gerbang)",N05C,B_rich,pacf_train,11,10,204,43,45,2014-03-16,2018-02-04,2018-02-11,2018-12-02,2018-12-09,2019-10-13,"{""colsample_bytree"": 0.8, ""learning_rate"": 0.1, ""max_depth"": 5, ""n_estimators"": 300, ""subsample"": 0.8}",12,none,42,16.896784924330976,4.110569902620679,3.026067077258559,-0.0353312342619294,0.8837725290634458,77.39155074057088,0.7533465049150211,10.265279897099273,3.2039475490555818,2.5210654455981003,-0.3181478625000651,0.6553529077613689,59.44280649469119,1.5015397776053503,5.217,weekly,clean,clean,0.0,0,3.2039475490555818,clean,weekly|N05C|B_rich,,5,,,,,,,5.0,,,
XGBoost,N05C,B_rich,pacf_train,11,10,204,43,45,2014-03-16,2018-02-04,2018-02-11,2018-12-02,2018-12-09,2019-10-13,"{""colsample_bytree"": 0.8, ""learning_rate"": 0.05, ""max_depth"": 3, ""n_estimators"": 100, ""subsample"": 0.8}",12,none,42,17.904215512946774,4.231337319683551,2.941939195921255,-0.0970603951298578,0.9097375237319634,74.4820015412116,0.8525164697540536,8.464757457839992,2.9094256233559213,2.3176879564921062,-0.0869457103440702,0.5951097865955293,55.36468320926411,1.214974046854736,4.721,weekly,clean,clean,0.0,0,2.9094256233559213,clean,weekly|N05C|B_rich,,5,,,,,,,,,,
Naive,N05C,B_rich,pacf_train,11,10,204,43,45,2014-03-16,2018-02-04,2018-02-11,2018-12-02,2018-12-09,2019-10-13,{},0,none,42,27.9830019723296,5.289896215648242,3.915695464473649,-0.732154131495296,1.1069239038722911,97.27797385169708,8.259891883727455,16.187797268628817,4.023406177435833,3.4796738097797446,-1.0623905550823394,0.8048850369223336,82.80267425678485,10.135092957196733,0.0,weekly,noise_a0.10_r1,noise,0.1,1,4.006960503829486,noise_a0.10_r1,weekly|N05C|B_rich,,5,,,,,,,,,,
S1 [linear],N05C,B_rich,pacf_train,11,10,204,43,45,2014-03-16,2018-02-04,2018-02-11,2018-12-02,2018-12-09,2019-10-13,{},0,none,42,17.308726101022025,4.160375716329239,2.739854046551015,-0.0714140483016163,0.8705689377934803,64.56761608645901,8.935005420770496,8.699792108212968,2.9495409995816244,2.466114312541543,-0.108388545854213,0.5900576058331746,58.6359220888397,8.04002347429685,0.006,weekly,noise_a0.10_r1,noise,0.1,1,2.920691950228636,noise_a0.10_r1,weekly|N05C|B_rich,,5,linear,0.0,4.160375716329239,0.0,,2.9495409995816244,,,,
AR-LRX [linear],N05C,B_rich,pacf_train,11,10,204,43,45,2014-03-16,2018-02-04,2018-02-11,2018-12-02,2018-12-09,2019-10-13,"{""colsample_bytree"": 0.8, ""learning_rate"": 0.05, ""max_depth"": 3, ""n_estimators"": 100, ""subsample"": 0.8}",132,none,42,17.308726101022025,4.160375716329239,2.739854046551015,-0.0714140483016163,0.8705689377934803,64.56761608645901,8.935005420770496,8.699792108212968,2.9495409995816244,2.466114312541543,-0.108388545854213,0.5900576058331746,58.6359220888397,8.04002347429685,5.548,weekly,noise_a0.10_r1,noise,0.1,1,2.920691950228636,noise_a0.10_r1,weekly|N05C|B_rich,-0.047052281209603,5,linear,0.0,4.160375716329239,0.0,-0.1199514162881461,2.9495409995816244,5.0,,,
"LR-XGB (residual, tanpa gerbang)",N05C,B_rich,pacf_train,11,10,204,43,45,2014-03-16,2018-02-04,2018-02-11,2018-12-02,2018-12-09,2019-10-13,"{""colsample_bytree"": 0.8, ""learning_rate"": 0.05, ""max_depth"": 3, ""n_estimators"": 100, ""subsample"": 0.8}",12,none,42,18.72616940676208,4.327374424147058,2.930442087008616,-0.1591541085219527,0.905513831618146,69.04433344777694,8.886344189351279,8.6970599268931,2.949077809569137,2.4533141206162954,-0.1080404549524456,0.5899649443682711,58.27099829964243,6.758413103954385,5.535,weekly,noise_a0.10_r1,noise,0.1,1,2.905026208286877,noise_a0.10_r1,weekly|N05C|B_rich,,5,,,,,,,5.0,,,
XGBoost,N05C,B_rich,pacf_train,11,10,204,43,45,2014-03-16,2018-02-04,2018-02-11,2018-12-02,2018-12-09,2019-10-13,"{""colsample_bytree"": 0.8, ""learning_rate"": 0.05, ""max_depth"": 3, ""n_estimators"": 100, ""subsample"": 0.8}",12,none,42,18.5133607500645,4.30271550884607,2.960656366884664,-0.1459812046897914,0.900353892428889,69.94277052540004,8.770016149023723,8.77859851395462,2.962869979252316,2.4077891814319874,-0.1184287992737778,0.5927240769328485,57.42012708744271,6.852944390454787,5.725,weekly,noise_a0.10_r1,noise,0.1,1,2.9153990851460803,noise_a0.10_r1,weekly|N05C|B_rich,,5,,,,,,,,,,
Naive,N05C,B_rich,pacf_train,11,10,204,43,45,2014-03-16,2018-02-04,2018-02-11,2018-12-02,2018-12-09,2019-10-13,{},0,none,42,27.86607142378755,5.278832392090845,3.8250637654667647,-0.7055530698045254,1.133470456389556,100.32463261408527,12.89906528969267,16.66301522961996,4.082035672262059,3.531281423661121,-1.0987010467947034,0.8464476806850165,86.83957471672957,1.960395096643469,0.0,weekly,noise_a0.10_r2,noise,0.1,2,4.082878688672547,noise_a0.10_r2,weekly|N05C|B_rich,,5,,,,,,,,,,
S1 [linear],N05C,B_rich,pacf_train,11,10,204,43,45,2014-03-16,2018-02-04,2018-02-11,2018-12-02,2018-12-09,2019-10-13,{},0,none,42,17.71149935153049,4.20850321985507,2.752065996577623,-0.0840387807251892,0.9036494646947204,67.79198268084002,13.05201983180724,8.7456234792358,2.957300031994691,2.42953266916821,-0.1015082743318793,0.6132233900309068,59.64073783014027,1.5226464187589472,0.006,weekly,noise_a0.10_r2,noise,0.1,2,2.9365979112791813,noise_a0.10_r2,weekly|N05C|B_rich,,5,linear,0.0,4.20850321985507,0.0,,2.957300031994691,,,,
AR-LRX [linear],N05C,B_rich,pacf_train,11,10,204,43,45,2014-03-16,2018-02-04,2018-02-11,2018-12-02,2018-12-09,2019-10-13,"{""colsample_bytree"": 0.8, ""learning_rate"": 0.1, ""max_depth"": 3, ""n_estimators"": 500, ""subsample"": 0.8}",132,none,42,17.684427096838405,4.205285614181087,2.787493791858867,-0.0823818134981115,0.9029585806694508,68.89570201164166,12.962555794672646,8.840677582456829,2.9733276951013705,2.412360468590101,-0.113480305995002,0.6165468735456728,59.1774042278353,1.5293093614039146,6.243,weekly,noise_a0.10_r2,noise,0.1,2,2.951341946097687,noise_a0.10_r2,weekly|N05C|B_rich,-0.3715043137714962,5,linear,0.1,4.20850321985507,0.0765,-0.106903644006262,2.957300031994691,5.0,,,
"LR-XGB (residual, tanpa gerbang)",N05C,B_rich,pacf_train,11,10,204,43,45,2014-03-16,2018-02-04,2018-02-11,2018-12-02,2018-12-09,2019-10-13,"{""colsample_bytree"": 0.8, ""learning_rate"": 0.05, ""max_depth"": 3, ""n_estimators"": 100, ""subsample"": 0.8}",12,none,42,18.89504945570048,4.346843619881037,2.931806248561133,-0.156478396727588,0.9333539039926008,72.80832386623642,12.63526304412351,9.055072140608008,3.009164691506267,2.3643699925565773,-0.1404832269801035,0.6239780047079422,57.54222931277583,1.5066619307374287,5.646,weekly,noise_a0.10_r2,noise,0.1,2,2.991572783312649,noise_a0.10_r2,weekly|N05C|B_rich,,5,,,,,,,5.0,,,
XGBoost,N05C,B_rich,pacf_train,11,10,204,43,45,2014-03-16,2018-02-04,2018-02-11,2018-12-02,2018-12-09,2019-10-13,"{""colsample_bytree"": 0.8, ""learning_rate"": 0.1, ""max_depth"": 3, ""n_estimators"": 100, ""subsample"": 0.8}",12,none,42,17.732421685201434,4.210988207677794,2.9698119431830903,-0.0853193397920655,0.9041830410753164,75.26516631311061,12.314975077712356,10.579431534301705,3.2526038083820943,2.5183999251515794,-0.3324757692151656,0.6744573469801682,60.39769250279093,1.6371642836135836,5.543,weekly,noise_a0.10_r2,noise,0.1,2,3.239659867116824,noise_a0.10_r2,weekly|N05C|B_rich,,5,,,,,,,,,,
Naive,N05C,B_rich,pacf_train,11,10,204,43,45,2014-03-16,2018-02-04,2018-02-11,2018-12-02,2018-12-09,2019-10-13,{},0,none,42,27.26876981564989,5.221950767256418,4.025806827487792,-0.7173239683225505,1.122595024839486,101.1303688425632,2.286923022245679,14.576879545237906,3.8179679864082026,3.2773565430137115,-1.0825654379436074,0.7760751241886351,74.82066122968243,4.314569151111049,0.0,weekly,noise_a0.25_r1,noise,0.25,1,3.8719597102847017,noise_a0.25_r1,weekly|N05C|B_rich,,5,,,,,,,,,,
S1 [linear],N05C,B_rich,pacf_train,11,10,204,43,45,2014-03-16,2018-02-04,2018-02-11,2018-12-02,2018-12-09,2019-10-13,{},0,none,42,17.283736700957103,4.157371369141456,2.843317536985769,-0.08848970816773,0.8937358131892841,69.14785251520135,1.5242103753540068,7.798332694076532,2.792549497157845,2.293237522886445,-0.1141299543478107,0.5676391749550865,52.29012248072724,2.6923356080525243,0.005,weekly,noise_a0.25_r1,noise,0.25,1,2.8953035668685474,noise_a0.25_r1,weekly|N05C|B_rich,,5,linear,0.0,4.157371369141456,0.0,,2.792549497157845,,,,
AR-LRX [linear],N05C,B_rich,pacf_train,11,10,204,43,45,2014-03-16,2018-02-04,2018-02-11,2018-12-02,2018-12-09,2019-10-13,"{""colsample_bytree"": 0.8, ""learning_rate"": 0.05, ""max_depth"": 3, ""n_estimators"": 500, ""subsample"": 0.8}",132,none,42,17.094314612275856,4.134527132850365,2.9039553066473944,-0.0765603437255053,0.8888248465506403,70.96415556816454,1.5714882152580387,7.888946898355728,2.808726917725489,2.2586897026603645,-0.1270757984451687,0.570927545554521,51.29964660007191,2.826332715941517,5.981,weekly,noise_a0.25_r1,noise,0.25,1,2.9358098456777806,noise_a0.25_r1,weekly|N05C|B_rich,-0.2865804796998152,5,linear,0.3,4.157371369141456,0.5495,-0.0675573972201932,2.792549497157845,5.0,,,
"LR-XGB (residual, tanpa gerbang)",N05C,B_rich,pacf_train,11,10,204,43,45,2014-03-16,2018-02-04,2018-02-11,2018-12-02,2018-12-09,2019-10-13,"{""colsample_bytree"": 0.8, ""learning_rate"": 0.05, ""max_depth"": 3, ""n_estimators"": 100, ""subsample"": 0.8}",12,none,42,17.827137673144307,4.222219519772072,2.9941245745109075,-0.1227118428755191,0.9076766208515172,73.19016682553602,1.696588754988728,7.759851260755604,2.7856509581703888,2.2556390346567934,-0.1086321999904402,0.5662369147683931,50.685060430953854,3.2986209446512844,5.843,weekly,noise_a0.25_r1,noise,0.25,1,2.9194477234313743,noise_a0.25_r1,weekly|N05C|B_rich,,5,,,,,,,5.0,,,
XGBoost,N05C,B_rich,pacf_train,11,10,204,43,45,2014-03-16,2018-02-04,2018-02-11,2018-12-02,2018-12-09,2019-10-13,"{""colsample_bytree"": 0.8, ""learning_rate"": 0.1, ""max_depth"": 3, ""n_estimators"": 100, ""subsample"": 0.8}",12,none,42,18.260299615036715,4.273207181384576,3.0390565227541706,-0.1499913787697291,0.9186377535403396,75.54841963323304,1.775547735583463,8.867529884310732,2.977839801653328,2.345419086543105,-0.2668837112693727,0.6053029784715647,51.76713749665572,3.1181716308187024,5.574,weekly,noise_a0.25_r1,noise,0.25,1,3.1118486846183995,noise_a0.25_r1,weekly|N05C|B_rich,,5,,,,,,,,,,
Naive,N05C,B_rich,pacf_train,11,10,204,43,45,2014-03-16,2018-02-04,2018-02-11,2018-12-02,2018-12-09,2019-10-13,{},0,none,42,29.01198311833855,5.386277296829281,3.796247547544397,-0.7334948082196802,1.172505405845608,91.46325666510884,3.125413254918906,14.748376206690809,3.840361468233272,3.132455478770652,-1.1547883280641464,0.7960062006143485,76.28060970353165,2.150670312276792,0.0,weekly,noise_a0.25_r2,noise,0.25,2,3.878940867433,noise_a0.25_r2,weekly|N05C|B_rich,,5,,,,,,,,,,
S1 [linear],N05C,B_rich,pacf_train,11,10,204,43,45,2014-03-16,2018-02-04,2018-02-11,2018-12-02,2018-12-09,2019-10-13,{},0,none,42,17.386440294459472,4.169705060847766,2.905496709994261,-0.0388570771232736,0.9076773168555182,70.33426724429209,2.6276508751036864,7.822595901414756,2.7968903985345506,2.22322757544675,-0.1429080806796865,0.5797220178590247,54.10032176736117,2.089007966928748,0.006,weekly,noise_a0.25_r2,noise,0.25,2,2.9464212076903245,noise_a0.25_r2,weekly|N05C|B_rich,,5,linear,0.0,4.169705060847766,0.0,,2.7968903985345506,,,,
AR-LRX [linear],N05C,B_rich,pacf_train,11,10,204,43,45,2014-03-16,2018-02-04,2018-02-11,2018-12-02,2018-12-09,2019-10-13,"{""colsample_bytree"": 0.8, ""learning_rate"": 0.1, ""max_depth"": 3, ""n_estimators"": 100, ""subsample"": 0.8}",132,none,42,16.971230029880644,4.119615276925825,2.997281907091545,-0.0140478513964066,0.8967735814572891,73.53402782198091,2.3105694295857715,7.894013384350093,2.809628691544506,2.213313089583706,-0.1533424197887587,0.5823623318776505,53.0035875196751,2.444232941618585,5.783,weekly,noise_a0.25_r2,noise,0.25,2,2.932395582309587,noise_a0.25_r2,weekly|N05C|B_rich,-0.1039163607291948,5,linear,0.6,4.169705060847766,1.2013,-0.0074548570220622,2.7968903985345506,5.0,,,
"LR-XGB (residual, tanpa gerbang)",N05C,B_rich,pacf_train,11,10,204,43,45,2014-03-16,2018-02-04,2018-02-11,2018-12-02,2018-12-09,2019-10-13,"{""colsample_bytree"": 0.8, ""learning_rate"": 0.1, ""max_depth"": 5, ""n_estimators"": 100, ""subsample"": 0.8}",12,none,42,17.11770829613321,4.137355229628368,2.912071710403567,-0.0228000732983053,0.900635282089639,72.29826455068279,1.865316776880129,9.391080963724358,3.064487063722795,2.462304864904403,-0.3720691257765982,0.6351877875568851,57.04586898327365,2.45512205105477,5.646,weekly,noise_a0.25_r2,noise,0.25,2,3.1705177335747208,noise_a0.25_r2,weekly|N05C|B_rich,,5,,,,,,,5.0,,,
XGBoost,N05C,B_rich,pacf_train,11,10,204,43,45,2014-03-16,2018-02-04,2018-02-11,2018-12-02,2018-12-09,2019-10-13,"{""colsample_bytree"": 0.8, ""learning_rate"": 0.1, ""max_depth"": 5, ""n_estimators"": 300, ""subsample"": 0.8}",12,none,42,16.60613318243866,4.07506235319641,2.983900564567009,0.0077670478800926,0.8870751309245405,73.18163541983556,1.897720403375655,7.900198053310512,2.810729096393054,2.157564913683154,-0.1542460211277865,0.5825904169394021,52.05180779943193,2.380973026095892,6.161,weekly,noise_a0.25_r2,noise,0.25,2,2.931259761277731,noise_a0.25_r2,weekly|N05C|B_rich,,5,,,,,,,,,,
Naive,N05C,B_rich,pacf_train,11,10,204,43,45,2014-03-16,2018-02-04,2018-02-11,2018-12-02,2018-12-09,2019-10-13,{},0,none,42,35.555830858481,5.962871024806843,4.577396169840382,-0.8195072965919672,1.1810618261672057,105.8495292365646,6.417308635217196,15.52287261608632,3.9399076913154096,3.1431750913384136,-0.9591360840634002,0.7750074753106354,72.0695621689352,4.944335553680876,0.0,weekly,noise_a0.50_r1,noise,0.5,1,4.0302807007993895,noise_a0.50_r1,weekly|N05C|B_rich,,5,,,,,,,,,,
S1 [linear],N05C,B_rich,pacf_train,11,10,204,43,45,2014-03-16,2018-02-04,2018-02-11,2018-12-02,2018-12-09,2019-10-13,{},0,none,42,21.07025755632425,4.590235021905115,3.377916957677056,-0.0782334834867035,0.909184742543301,78.05754474607421,3.914291950430232,9.167380005364413,3.0277681558145124,2.428279323748181,-0.1570116826326775,0.5955832314132994,53.90249903800025,3.4732048540777547,0.006,weekly,noise_a0.50_r1,noise,0.5,1,2.945923370345414,noise_a0.50_r1,weekly|N05C|B_rich,,5,linear,0.0,4.590235021905115,0.0,,3.0277681558145124,,,,
AR-LRX [linear],N05C,B_rich,pacf_train,11,10,204,43,45,2014-03-16,2018-02-04,2018-02-11,2018-12-02,2018-12-09,2019-10-13,"{""colsample_bytree"": 0.8, ""learning_rate"": 0.1, ""max_depth"": 5, ""n_estimators"": 100, ""subsample"": 0.8}",132,none,42,19.73690952417057,4.4426241709344,3.214434884595475,-0.0100017359835655,0.8799475612451838,77.14410611542033,4.236629217823146,9.93509534467054,3.1519986270096214,2.507747283170332,-0.2539047552437969,0.620020236384202,56.61529467100441,2.738675416404407,5.468,weekly,noise_a0.50_r1,noise,0.5,1,3.01743080650595,noise_a0.50_r1,weekly|N05C|B_rich,-0.1615821219931426,5,linear,0.9,4.590235021905115,3.2158,0.0195294761453957,3.0277681558145124,5.0,,,
"LR-XGB (residual, tanpa gerbang)",N05C,B_rich,pacf_train,11,10,204,43,45,2014-03-16,2018-02-04,2018-02-11,2018-12-02,2018-12-09,2019-10-13,"{""colsample_bytree"": 0.8, ""learning_rate"": 0.1, ""max_depth"": 5, ""n_estimators"": 100, ""subsample"": 0.8}",12,none,42,19.767585666476432,4.446075310481867,3.218762010113603,-0.0115715337750716,0.8806311261184356,77.94657953325571,4.280537558347887,10.131557881004523,3.1830108201205545,2.53449786656083,-0.2787002202081656,0.626120552272244,57.41549957846628,2.65912957497226,5.832,weekly,noise_a0.50_r1,noise,0.5,1,3.0435883346105506,noise_a0.50_r1,weekly|N05C|B_rich,,5,,,,,,,5.0,,,
XGBoost,N05C,B_rich,pacf_train,11,10,204,43,45,2014-03-16,2018-02-04,2018-02-11,2018-12-02,2018-12-09,2019-10-13,"{""colsample_bytree"": 0.8, ""learning_rate"": 0.1, ""max_depth"": 3, ""n_estimators"": 100, ""subsample"": 0.8}",12,none,42,19.60389736043812,4.427628864351451,3.0961216578046065,-0.0031950717430375,0.8769774510242657,75.19784323928025,3.151879957142366,8.862866003336972,2.977056600627031,2.389304780430903,-0.1185790816425569,0.5856079128438929,54.25283955499578,3.060692770755284,5.367,weekly,noise_a0.50_r1,noise,0.5,1,2.831260502492324,noise_a0.50_r1,weekly|N05C|B_rich,,5,,,,,,,,,,
Naive,N05C,B_rich,pacf_train,11,10,204,43,45,2014-03-16,2018-02-04,2018-02-11,2018-12-02,2018-12-09,2019-10-13,{},0,none,42,34.73573892299083,5.893703328382829,4.4557034991417925,-0.7726713877016376,1.2274434074725027,109.68594201330292,4.879203864022732,21.05380315231264,4.588442344882698,3.792290395973164,-1.0629480210098947,0.9402956024545672,92.99698823606306,2.5196215909808,0.0,weekly,noise_a0.50_r2,noise,0.5,2,4.152478253264166,noise_a0.50_r2,weekly|N05C|B_rich,,5,,,,,,,,,,
S1 [linear],N05C,B_rich,pacf_train,11,10,204,43,45,2014-03-16,2018-02-04,2018-02-11,2018-12-02,2018-12-09,2019-10-13,{},0,none,42,20.401157295101545,4.516764029158657,3.0014120541403178,-0.0411336834723419,0.9406771806786834,74.53368690973373,9.582341914090186,10.243330566739465,3.200520358744725,2.6536090282868305,-0.0036884247625432,0.655872950490547,64.75978634959131,2.8762350455732912,0.005,weekly,noise_a0.50_r2,noise,0.5,2,2.8969781292325005,noise_a0.50_r2,weekly|N05C|B_rich,,5,linear,0.0,4.516764029158657,0.0,,3.200520358744725,,,,
AR-LRX [linear],N05C,B_rich,pacf_train,11,10,204,43,45,2014-03-16,2018-02-04,2018-02-11,2018-12-02,2018-12-09,2019-10-13,"{""colsample_bytree"": 0.8, ""learning_rate"": 0.1, ""max_depth"": 5, ""n_estimators"": 500, ""subsample"": 0.8}",132,none,42,20.39767704775556,4.516378753797733,3.0077298743865097,-0.0409560757667442,0.9405969418754254,74.49562749802813,9.53884448345521,10.173799614197668,3.189639417582757,2.614030000105927,0.0031245362928692,0.6536431521502505,63.99059564928571,2.817583405301725,6.254,weekly,noise_a0.50_r2,noise,0.5,2,2.868214763526937,noise_a0.50_r2,weekly|N05C|B_rich,-0.1469030832804565,5,linear,0.1,4.516764029158657,0.0085,-0.064712787333516,3.200520358744725,5.0,,,
"LR-XGB (residual, tanpa gerbang)",N05C,B_rich,pacf_train,11,10,204,43,45,2014-03-16,2018-02-04,2018-02-11,2018-12-02,2018-12-09,2019-10-13,"{""colsample_bytree"": 0.8, ""learning_rate"": 0.1, ""max_depth"": 5, ""n_estimators"": 500, ""subsample"": 0.8}",12,none,42,21.00629599817896,4.583262593194826,3.096812444586928,-0.0720157691223524,0.9545264057727774,74.83042093823023,9.151758580857177,11.25769136425384,3.35524833123479,2.516382884771083,-0.1030801396315239,0.6875808855965374,63.08881473727532,2.3299959199263567,6.314,weekly,noise_a0.50_r2,noise,0.5,2,2.9058370730504013,noise_a0.50_r2,weekly|N05C|B_rich,,5,,,,,,,5.0,,,
XGBoost,N05C,B_rich,pacf_train,11,10,204,43,45,2014-03-16,2018-02-04,2018-02-11,2018-12-02,2018-12-09,2019-10-13,"{""colsample_bytree"": 0.8, ""learning_rate"": 0.05, ""max_depth"": 5, ""n_estimators"": 100, ""subsample"": 0.8}",12,none,42,21.006517638425525,4.583286772440224,3.191803411328817,-0.0720270801045175,0.9545314414275612,76.5209281465515,9.211299689557222,12.266016051687028,3.5022872600183765,2.737867904486844,-0.201880408800338,0.7177131282472557,67.81753403526558,2.93238361680241,5.661,weekly,noise_a0.50_r2,noise,0.5,2,3.119676289442833,noise_a0.50_r2,weekly|N05C|B_rich,,5,,,,,,,,,,
Naive,N05C,B_rich,pacf_train,11,10,204,43,45,2014-03-16,2018-02-04,2018-02-11,2018-12-02,2018-12-09,2019-10-13,{},0,none,42,28.023255813953487,5.293699633900046,3.930232558139535,-0.7170930540827152,1.1381454212885098,103.83645136372506,1.694474186562659,16.533333333333335,4.066120181860509,3.466666666666667,-1.1047999245591424,0.8096256999279774,81.71870429765166,1.695157147593804,0.0,weekly,spike,spike,1.5,0,4.100135499115988,spike,weekly|N05C|B_rich,,5,,,,,,,,3.897114317029974,4.082233965164352,4.0
S1 [linear],N05C,B_rich,pacf_train,11,10,204,43,45,2014-03-16,2018-02-04,2018-02-11,2018-12-02,2018-12-09,2019-10-13,{},0,none,42,17.659626898755008,4.202335885999001,2.787213246262259,-0.0820735066210902,0.9035022154897852,68.904493375253,0.6035741439547535,8.733076456878159,2.955177906129876,2.471183194057585,-0.1117769355407081,0.5884203795391346,58.90434313313817,1.109768174715262,0.005,weekly,spike,spike,1.5,0,2.9220096230013164,spike,weekly|N05C|B_rich,,5,linear,0.0,4.202335885999001,0.0,,2.955177906129876,,2.412372271157779,3.002885931659553,4.0
AR-LRX [linear],N05C,B_rich,pacf_train,11,10,204,43,45,2014-03-16,2018-02-04,2018-02-11,2018-12-02,2018-12-09,2019-10-13,"{""colsample_bytree"": 0.8, ""learning_rate"": 0.1, ""max_depth"": 5, ""n_estimators"": 500, ""subsample"": 0.8}",132,none,42,16.69953942938998,4.086506996126396,2.9185691490324035,-0.0232452414151007,0.878599004167175,73.35589536559037,0.679266655960522,9.495988566163186,3.0815561922774,2.4805496691974533,-0.2089005655851665,0.6135841975773584,58.73326979199428,1.324296314966379,5.338,weekly,spike,spike,1.5,0,3.0419232613566805,spike,weekly|N05C|B_rich,-0.2520340442942939,5,linear,0.7,4.202335885999001,2.7563,0.0145344687226824,2.955177906129876,5.0,2.6252295137637023,3.1225074566006747,4.0
"LR-XGB (residual, tanpa gerbang)",N05C,B_rich,pacf_train,11,10,204,43,45,2014-03-16,2018-02-04,2018-02-11,2018-12-02,2018-12-09,2019-10-13,"{""colsample_bytree"": 0.8, ""learning_rate"": 0.1, ""max_depth"": 5, ""n_estimators"": 300, ""subsample"": 0.8}",12,none,42,16.896784924330976,4.110569902620679,3.026067077258559,-0.0353312342619294,0.8837725290634458,77.39155074057088,0.7533465049150211,10.35437369024755,3.2178212644967634,2.573444334460439,-0.318178525932876,0.640716623461745,60.70083970012331,1.4313228060191474,5.071,weekly,spike,spike,1.5,0,3.176741127904766,spike,weekly|N05C|B_rich,,5,,,,,,,5.0,2.739151628235905,3.2607608325518367,4.0
XGBoost,N05C,B_rich,pacf_train,11,10,204,43,45,2014-03-16,2018-02-04,2018-02-11,2018-12-02,2018-12-09,2019-10-13,"{""colsample_bytree"": 0.8, ""learning_rate"": 0.05, ""max_depth"": 3, ""n_estimators"": 100, ""subsample"": 0.8}",12,none,42,17.904215512946774,4.231337319683551,2.941939195921255,-0.0970603951298578,0.9097375237319634,74.4820015412116,0.8525164697540536,8.726100891650983,2.953997442729256,2.43814721637302,-0.1108889011154712,0.5881853315168872,58.03589108548341,1.1958614587328675,4.632,weekly,spike,spike,1.5,0,2.8883373827404992,spike,weekly|N05C|B_rich,,5,,,,,,,,2.6667688640674787,2.980538154987776,4.0
Naive,N05C,B_rich,pacf_train,11,10,204,43,45,2014-03-16,2018-02-04,2018-02-11,2018-12-02,2018-12-09,2019-10-13,{},0,none,42,28.023255813953487,5.293699633900046,3.930232558139535,-0.7170930540827152,1.1381454212885098,103.83645136372506,1.694474186562659,22.788,4.773677827419861,4.066666666666666,-1.0312127227829544,0.8440687710565569,84.00322437527518,1.7011742672504837,0.0,weekly,level,level,1.3,0,4.570995515202351,level,weekly|N05C|B_rich,,5,,,,,,,,5.534319800316378,3.819804849846271,23.0
S1 [linear],N05C,B_rich,pacf_train,11,10,204,43,45,2014-03-16,2018-02-04,2018-02-11,2018-12-02,2018-12-09,2019-10-13,{},0,none,42,17.659626898755008,4.202335885999001,2.787213246262259,-0.0820735066210902,0.9035022154897852,68.904493375253,0.6035741439547535,13.09779653397293,3.619087804125914,2.9351295385519487,-0.1674745901451773,0.6399172934603777,61.12902972487429,1.0123591213277905,0.006,weekly,level,level,1.3,0,2.9874197987179856,level,weekly|N05C|B_rich,,5,linear,0.0,4.202335885999001,0.0,,3.619087804125914,,4.2265590450893376,2.848711133696113,23.0
AR-LRX [linear],N05C,B_rich,pacf_train,11,10,204,43,45,2014-03-16,2018-02-04,2018-02-11,2018-12-02,2018-12-09,2019-10-13,"{""colsample_bytree"": 0.8, ""learning_rate"": 0.1, ""max_depth"": 5, ""n_estimators"": 500, ""subsample"": 0.8}",132,none,42,16.69953942938998,4.086506996126396,2.9185691490324035,-0.0232452414151007,0.878599004167175,73.35589536559037,0.679266655960522,15.10966412705424,3.8871151419856655,3.1542626404579988,-0.3468027914626019,0.6873091606654418,65.13858066899991,1.1961172166385188,5.193,weekly,level,level,1.3,0,3.196262933665745,level,weekly|N05C|B_rich,-0.3934351107429201,5,linear,0.7,4.202335885999001,2.7563,0.0145344687226824,3.619087804125914,5.0,4.665718970134391,2.8544177485178897,23.0
"LR-XGB (residual, tanpa gerbang)",N05C,B_rich,pacf_train,11,10,204,43,45,2014-03-16,2018-02-04,2018-02-11,2018-12-02,2018-12-09,2019-10-13,"{""colsample_bytree"": 0.8, ""learning_rate"": 0.1, ""max_depth"": 5, ""n_estimators"": 300, ""subsample"": 0.8}",12,none,42,16.896784924330976,4.110569902620679,3.026067077258559,-0.0353312342619294,0.8837725290634458,77.39155074057088,0.7533465049150211,16.491052401785105,4.060917679759725,3.2693976173416672,-0.4699330985863743,0.7180404541814838,67.66972295813935,1.285168280044405,5.132,weekly,level,level,1.3,0,3.360082709652958,level,weekly|N05C|B_rich,,5,,,,,,,5.0,4.893855302395366,2.948431821265448,23.0
XGBoost,N05C,B_rich,pacf_train,11,10,204,43,45,2014-03-16,2018-02-04,2018-02-11,2018-12-02,2018-12-09,2019-10-13,"{""colsample_bytree"": 0.8, ""learning_rate"": 0.05, ""max_depth"": 3, ""n_estimators"": 100, ""subsample"": 0.8}",12,none,42,17.904215512946774,4.231337319683551,2.941939195921255,-0.0970603951298578,0.9097375237319634,74.4820015412116,0.8525164697540536,14.46988019066808,3.803929572253945,3.007991121080187,-0.2897755283671248,0.6726005137580648,62.88391348961977,1.025939638107038,4.67,weekly,level,level,1.3,0,3.044108526819863,level,weekly|N05C|B_rich,,5,,,,,,,,4.606093992730902,2.723419187620709,23.0
Naive,R03,A_lag1,pacf_train,1,1,210,45,46,2014-01-12,2018-01-14,2018-01-21,2018-11-25,2018-12-02,2019-10-13,{},0,none,42,605.225,24.60132110273756,18.655555555555555,-0.0380099004638978,0.5059108646741414,43.15658808353479,1.0011745992904533,851.7612469747946,29.184948980164325,21.98369565217392,0.034613661979338,0.5760084322364312,40.98350136138161,0.5872130475279131,0.0,weekly,clean,clean,0.0,0,29.184948980164325,clean,weekly|R03|A_lag1,,5,,,,,,,,,,
S1 [linear],R03,A_lag1,pacf_train,1,1,210,45,46,2014-01-12,2018-01-14,2018-01-21,2018-11-25,2018-12-02,2019-10-13,{},0,none,42,552.0732474890453,23.49623900731871,17.94200808918741,0.053149660580966,0.4831855388229598,40.92385320485504,1.1251795150117032,713.517209522314,26.71174291434975,18.83879141520894,0.1912994768640235,0.5271960272692094,38.48032058277108,0.5320799290362752,0.007,weekly,clean,clean,0.0,0,26.71174291434975,clean,weekly|R03|A_lag1,,5,linear,0.0,23.49623900731871,0.0,,26.71174291434975,,,,
AR-LRX [linear],R03,A_lag1,pacf_train,1,1,210,45,46,2014-01-12,2018-01-14,2018-01-21,2018-11-25,2018-12-02,2019-10-13,"{""colsample_bytree"": 0.8, ""learning_rate"": 0.05, ""max_depth"": 3, ""n_estimators"": 100, ""subsample"": 0.8}",132,none,42,552.0732474890453,23.49623900731871,17.94200808918741,0.053149660580966,0.4831855388229598,40.92385320485504,1.1251795150117032,713.517209522314,26.71174291434975,18.83879141520894,0.1912994768640235,0.5271960272692094,38.48032058277108,0.5320799290362752,4.376,weekly,clean,clean,0.0,0,26.71174291434975,clean,weekly|R03|A_lag1,-0.0198274487570113,5,linear,0.0,23.49623900731871,0.0,-0.367194176751151,26.71174291434975,5.0,,,
"LR-XGB (residual, tanpa gerbang)",R03,A_lag1,pacf_train,1,1,210,45,46,2014-01-12,2018-01-14,2018-01-21,2018-11-25,2018-12-02,2019-10-13,"{""colsample_bytree"": 0.8, ""learning_rate"": 0.05, ""max_depth"": 3, ""n_estimators"": 100, ""subsample"": 0.8}",12,none,42,625.779099415911,25.01557713537529,19.306571222485147,-0.0732618459202734,0.5144297822880786,44.22247425326077,1.0202870437515597,670.7233765780423,25.898327679177324,18.59380280752189,0.2398020141920229,0.5111420662125244,38.091412947079554,0.5752158127203292,4.435,weekly,clean,clean,0.0,0,25.898327679177324,clean,weekly|R03|A_lag1,,5,,,,,,,5.0,,,
XGBoost,R03,A_lag1,pacf_train,1,1,210,45,46,2014-01-12,2018-01-14,2018-01-21,2018-11-25,2018-12-02,2019-10-13,"{""colsample_bytree"": 0.8, ""learning_rate"": 0.05, ""max_depth"": 3, ""n_estimators"": 100, ""subsample"": 0.8}",12,none,42,648.2538803485262,25.46083031537908,19.67457258436415,-0.1118079157601044,0.5235861369551278,45.20342497785391,0.987747537463881,714.5175225888711,26.73046057569661,19.19639772623153,0.1901657218691494,0.5275654481914412,39.12655313862049,0.5867907546062242,4.271,weekly,clean,clean,0.0,0,26.73046057569661,clean,weekly|R03|A_lag1,,5,,,,,,,,,,
Naive,R03,A_lag1,pacf_train,1,1,210,45,46,2014-01-12,2018-01-14,2018-01-21,2018-11-25,2018-12-02,2019-10-13,{},0,none,42,600.871307958897,24.512676474813944,18.20000605281893,-0.0477795669921785,0.5075974967133478,42.03306539584258,0.7963358494831629,833.0725472869553,28.862996159216653,22.10169233672742,0.0612737812102337,0.5700186061379556,42.49532288542375,0.5848585708786939,0.0,weekly,noise_a0.10_r1,noise,0.1,1,29.09398213393812,noise_a0.10_r1,weekly|R03|A_lag1,,5,,,,,,,,,,
S1 [linear],R03,A_lag1,pacf_train,1,1,210,45,46,2014-01-12,2018-01-14,2018-01-21,2018-11-25,2018-12-02,2019-10-13,{},0,none,42,546.393165369405,23.37505433938935,17.94105786020263,0.047217621086006,0.4840401283965695,41.11406242585932,0.8269618940213393,710.3749902846833,26.652860827398687,18.993601485430897,0.1995323447826216,0.5263703911616031,39.08489621831989,0.524525367740976,0.006,weekly,noise_a0.10_r1,noise,0.1,1,26.71476588200364,noise_a0.10_r1,weekly|R03|A_lag1,,5,linear,0.0,23.37505433938935,0.0,,26.652860827398687,,,,
AR-LRX [linear],R03,A_lag1,pacf_train,1,1,210,45,46,2014-01-12,2018-01-14,2018-01-21,2018-11-25,2018-12-02,2019-10-13,"{""colsample_bytree"": 0.8, ""learning_rate"": 0.05, ""max_depth"": 3, ""n_estimators"": 500, ""subsample"": 0.8}",132,none,42,534.6884892687367,23.12333214025904,18.178384246435023,0.067627849189926,0.4788275781360132,41.66093364260054,0.8222137830466842,694.0988722891765,26.345756248192544,19.242987139628337,0.2178726667056718,0.5203053477679092,39.75390945277489,0.5588161189955545,5.009,weekly,noise_a0.10_r1,noise,0.1,1,26.383636684573496,noise_a0.10_r1,weekly|R03|A_lag1,-0.2383564147855885,5,linear,0.2,23.37505433938935,1.0769,-0.4319988135723287,26.652860827398687,5.0,,,
"LR-XGB (residual, tanpa gerbang)",R03,A_lag1,pacf_train,1,1,210,45,46,2014-01-12,2018-01-14,2018-01-21,2018-11-25,2018-12-02,2019-10-13,"{""colsample_bytree"": 0.8, ""learning_rate"": 0.05, ""max_depth"": 3, ""n_estimators"": 100, ""subsample"": 0.8}",12,none,42,571.4659043261026,23.905353047510147,18.61177979952544,0.0034966059212185,0.4950213159069995,43.25031655240787,0.8444326202607048,656.7321971803883,25.626786711961927,19.232380223978826,0.2599783365514169,0.5061063363195789,40.15327308880593,0.5834043545806221,4.465,weekly,noise_a0.10_r1,noise,0.1,1,25.607222739166257,noise_a0.10_r1,weekly|R03|A_lag1,,5,,,,,,,5.0,,,
XGBoost,R03,A_lag1,pacf_train,1,1,210,45,46,2014-01-12,2018-01-14,2018-01-21,2018-11-25,2018-12-02,2019-10-13,"{""colsample_bytree"": 0.8, ""learning_rate"": 0.1, ""max_depth"": 3, ""n_estimators"": 100, ""subsample"": 0.8}",12,none,42,589.5785476044633,24.281238592882023,19.416046461594963,-0.028087623979442,0.5028049849844067,46.05739740264204,0.8412418206786694,719.7849657058728,26.828808503283792,20.190100650932308,0.1889289577489169,0.5298452018987834,42.08153957472066,0.6734631870245542,4.4,weekly,noise_a0.10_r1,noise,0.1,1,26.77936021847329,noise_a0.10_r1,weekly|R03|A_lag1,,5,,,,,,,,,,
Naive,R03,A_lag1,pacf_train,1,1,210,45,46,2014-01-12,2018-01-14,2018-01-21,2018-11-25,2018-12-02,2019-10-13,{},0,none,42,637.9675985327218,25.25802047929968,19.131829440982244,-0.0742291046000893,0.5182598373691901,44.88004350004072,1.4066572950185132,838.972019487187,28.965013714603813,22.03510703997924,0.0388359099331158,0.5734153819573544,41.92063355627501,0.6212296355097563,0.0,weekly,noise_a0.10_r2,noise,0.1,2,28.862751079032,noise_a0.10_r2,weekly|R03|A_lag1,,5,,,,,,,,,,
S1 [linear],R03,A_lag1,pacf_train,1,1,210,45,46,2014-01-12,2018-01-14,2018-01-21,2018-11-25,2018-12-02,2019-10-13,{},0,none,42,569.2257885495864,23.85845318853648,18.12591393623104,0.0415204305747531,0.4895426416929641,41.21733802206237,1.666440431123721,706.0325235465851,26.5712725240359,19.23232475164896,0.1911373773024339,0.5260269003698419,39.99669314721943,0.5674240243703366,0.006,weekly,noise_a0.10_r2,noise,0.1,2,26.669045811794284,noise_a0.10_r2,weekly|R03|A_lag1,,5,linear,0.0,23.85845318853648,0.0,,26.5712725240359,,,,
AR-LRX [linear],R03,A_lag1,pacf_train,1,1,210,45,46,2014-01-12,2018-01-14,2018-01-21,2018-11-25,2018-12-02,2019-10-13,"{""colsample_bytree"": 0.8, ""learning_rate"": 0.1, ""max_depth"": 5, ""n_estimators"": 500, ""subsample"": 0.8}",132,none,42,565.748387412864,23.78546588597465,18.12170464157725,0.0473757836021295,0.4880450426397561,41.24720766176159,1.5762622407336309,724.2864087740256,26.912569717030472,19.452036033494064,0.170224905161179,0.5327835020483449,40.20886977761949,0.5780006751944795,5.068,weekly,noise_a0.10_r2,noise,0.1,2,27.00325047702491,noise_a0.10_r2,weekly|R03|A_lag1,-0.8938133398282553,5,linear,0.1,23.85845318853648,0.3059,-0.6800232124615337,26.5712725240359,5.0,,,
"LR-XGB (residual, tanpa gerbang)",R03,A_lag1,pacf_train,1,1,210,45,46,2014-01-12,2018-01-14,2018-01-21,2018-11-25,2018-12-02,2019-10-13,"{""colsample_bytree"": 0.8, ""learning_rate"": 0.05, ""max_depth"": 3, ""n_estimators"": 100, ""subsample"": 0.8}",12,none,42,638.9491230628888,25.277442969234222,18.605596733945127,-0.0758818252392083,0.5186583601466593,42.27791507075299,1.525245165775886,812.5652801506185,28.505530694070902,21.0273739580852,0.0690886585308344,0.5643190758303197,43.23994728272758,0.6203083120455548,4.624,weekly,noise_a0.10_r2,noise,0.1,2,28.621652175978287,noise_a0.10_r2,weekly|R03|A_lag1,,5,,,,,,,5.0,,,
XGBoost,R03,A_lag1,pacf_train,1,1,210,45,46,2014-01-12,2018-01-14,2018-01-21,2018-11-25,2018-12-02,2019-10-13,"{""colsample_bytree"": 0.8, ""learning_rate"": 0.05, ""max_depth"": 3, ""n_estimators"": 100, ""subsample"": 0.8}",12,none,42,655.3948851127774,25.60068134079204,18.93908452319797,-0.1035736959266064,0.5252907669107731,43.336876510198,1.5660825185441123,828.5269146701766,28.784143459032727,20.89044028188077,0.0508022919266792,0.5698347246959796,43.09612568191413,0.6135004117404784,4.324,weekly,noise_a0.10_r2,noise,0.1,2,28.94733089726479,noise_a0.10_r2,weekly|R03|A_lag1,,5,,,,,,,,,,
Naive,R03,A_lag1,pacf_train,1,1,210,45,46,2014-01-12,2018-01-14,2018-01-21,2018-11-25,2018-12-02,2019-10-13,{},0,none,42,619.2304439328714,24.88434134014544,19.044190636536765,-0.049089526400351,0.510752540111232,43.46195463396603,1.0626011517957092,894.9031245274601,29.914931464528884,22.785537756201386,-0.0011944855019712,0.5857868155220463,44.18286171787802,0.6524310851074935,0.0,weekly,noise_a0.25_r1,noise,0.25,1,29.347713990469423,noise_a0.25_r1,weekly|R03|A_lag1,,5,,,,,,,,,,
S1 [linear],R03,A_lag1,pacf_train,1,1,210,45,46,2014-01-12,2018-01-14,2018-01-21,2018-11-25,2018-12-02,2019-10-13,{},0,none,42,568.6497887921308,23.846378945075305,18.58473026886544,0.0366033462071389,0.4894483021338038,42.25165646660442,0.9005989003512459,744.7353090522673,27.28983893415766,18.71882288025104,0.1668093851214878,0.5343829005359724,37.25370271068682,0.6578732687383921,0.005,weekly,noise_a0.25_r1,noise,0.25,1,26.7780901961348,noise_a0.25_r1,weekly|R03|A_lag1,,5,linear,0.0,23.846378945075305,0.0,,27.28983893415766,,,,
AR-LRX [linear],R03,A_lag1,pacf_train,1,1,210,45,46,2014-01-12,2018-01-14,2018-01-21,2018-11-25,2018-12-02,2019-10-13,"{""colsample_bytree"": 0.8, ""learning_rate"": 0.05, ""max_depth"": 3, ""n_estimators"": 100, ""subsample"": 0.8}",132,none,42,568.6497887921308,23.846378945075305,18.58473026886544,0.0366033462071389,0.4894483021338038,42.25165646660442,0.9005989003512459,744.7353090522673,27.28983893415766,18.71882288025104,0.1668093851214878,0.5343829005359724,37.25370271068682,0.6578732687383921,4.442,weekly,noise_a0.25_r1,noise,0.25,1,26.7780901961348,noise_a0.25_r1,weekly|R03|A_lag1,-0.0526681651588938,5,linear,0.0,23.846378945075305,0.0,-0.3917806284482439,27.28983893415766,5.0,,,
"LR-XGB (residual, tanpa gerbang)",R03,A_lag1,pacf_train,1,1,210,45,46,2014-01-12,2018-01-14,2018-01-21,2018-11-25,2018-12-02,2019-10-13,"{""colsample_bytree"": 0.8, ""learning_rate"": 0.05, ""max_depth"": 3, ""n_estimators"": 100, ""subsample"": 0.8}",12,none,42,651.2288476511587,25.51918587359633,18.634930059945624,-0.1033006694914107,0.5237827607469162,41.60820058278034,1.0490311599749345,715.8960740067116,26.756234301685872,18.45335987379361,0.1990739758937592,0.5239339861276577,36.948958613007854,0.6756965084108808,5.031,weekly,noise_a0.25_r1,noise,0.25,1,26.229712960428937,noise_a0.25_r1,weekly|R03|A_lag1,,5,,,,,,,5.0,,,
XGBoost,R03,A_lag1,pacf_train,1,1,210,45,46,2014-01-12,2018-01-14,2018-01-21,2018-11-25,2018-12-02,2019-10-13,"{""colsample_bytree"": 0.8, ""learning_rate"": 0.05, ""max_depth"": 3, ""n_estimators"": 100, ""subsample"": 0.8}",12,none,42,648.4458668906357,25.46460026960242,18.73812471541761,-0.0985857915382284,0.5226623880791286,41.84427735788071,1.0461937481732058,752.6043548410092,27.43363546526433,18.644268352994388,0.1580057000812651,0.5371986887700179,37.20083097150611,0.6707416126818789,4.983,weekly,noise_a0.25_r1,noise,0.25,1,26.980981807306406,noise_a0.25_r1,weekly|R03|A_lag1,,5,,,,,,,,,,
Naive,R03,A_lag1,pacf_train,1,1,210,45,46,2014-01-12,2018-01-14,2018-01-21,2018-11-25,2018-12-02,2019-10-13,{},0,none,42,642.148094908747,25.34064117004041,19.627642986610194,-0.0930905767338836,0.5153990978477765,49.50276239868288,1.784376419985103,903.3347998928188,30.055528607775624,23.28355005489016,0.0166872365371342,0.5958752279329508,47.1265632657365,0.7574791311757845,0.0,weekly,noise_a0.25_r2,noise,0.25,2,29.853608209141058,noise_a0.25_r2,weekly|R03|A_lag1,,5,,,,,,,,,,
S1 [linear],R03,A_lag1,pacf_train,1,1,210,45,46,2014-01-12,2018-01-14,2018-01-21,2018-11-25,2018-12-02,2019-10-13,{},0,none,42,578.9582293433219,24.06155085075195,18.77936920321085,0.014473779747564,0.489383891989193,44.43060786644432,2.277182051954328,749.8262748639215,27.382955919036963,19.642366912623007,0.1837868456512562,0.5428893070778597,42.036690403201945,0.7509668921365075,0.005,weekly,noise_a0.25_r2,noise,0.25,2,26.97116442330135,noise_a0.25_r2,weekly|R03|A_lag1,,5,linear,0.0,24.06155085075195,0.0,,27.382955919036963,,,,
AR-LRX [linear],R03,A_lag1,pacf_train,1,1,210,45,46,2014-01-12,2018-01-14,2018-01-21,2018-11-25,2018-12-02,2019-10-13,"{""colsample_bytree"": 0.8, ""learning_rate"": 0.1, ""max_depth"": 3, ""n_estimators"": 300, ""subsample"": 0.8}",132,none,42,564.4632091338254,23.75843448406956,18.21986417472118,0.0391477920605949,0.483218858481055,43.20188115044145,2.456929183578387,714.0780648723755,26.722239144060804,18.90812933185093,0.22270007157791,0.5297900612111212,40.49640927036906,0.7335178593844136,4.911,weekly,noise_a0.25_r2,noise,0.25,2,26.17261987146563,noise_a0.25_r2,weekly|R03|A_lag1,-0.0782244061490999,5,linear,0.3,24.06155085075195,1.2598,-0.4178158551680038,27.382955919036963,5.0,,,
"LR-XGB (residual, tanpa gerbang)",R03,A_lag1,pacf_train,1,1,210,45,46,2014-01-12,2018-01-14,2018-01-21,2018-11-25,2018-12-02,2019-10-13,"{""colsample_bytree"": 0.8, ""learning_rate"": 0.05, ""max_depth"": 3, ""n_estimators"": 100, ""subsample"": 0.8}",12,none,42,590.3579913748373,24.297283621319423,18.69916978651457,-0.0049313583388908,0.4941784217119562,44.56649538889377,2.675967737968682,714.8785727531867,26.737213257054048,19.28434345853847,0.2218286896533482,0.530086935144346,41.03108845213108,0.7764794758722455,4.6,weekly,noise_a0.25_r2,noise,0.25,2,26.110462071105736,noise_a0.25_r2,weekly|R03|A_lag1,,5,,,,,,,5.0,,,
XGBoost,R03,A_lag1,pacf_train,1,1,210,45,46,2014-01-12,2018-01-14,2018-01-21,2018-11-25,2018-12-02,2019-10-13,"{""colsample_bytree"": 0.8, ""learning_rate"": 0.05, ""max_depth"": 3, ""n_estimators"": 100, ""subsample"": 0.8}",12,none,42,585.9003262475773,24.205378043888867,18.367628130568644,0.0026566603494393,0.4923091694157321,43.72578730294937,2.6686610391149856,760.8874952057547,27.58418922509333,19.94443281431112,0.1717463052636941,0.546878920558922,42.44343580141319,0.7749953245648441,4.495,weekly,noise_a0.25_r2,noise,0.25,2,26.94129993833799,noise_a0.25_r2,weekly|R03|A_lag1,,5,,,,,,,,,,
Naive,R03,A_lag1,pacf_train,1,1,210,45,46,2014-01-12,2018-01-14,2018-01-21,2018-11-25,2018-12-02,2019-10-13,{},0,none,42,704.5502531545961,26.54336552049488,21.640685065092136,-0.0806138295718159,0.5479751395231659,52.0719152750725,0.7102704468975619,1406.043750797352,37.49724990979141,30.31373738710048,-0.3478001881755677,0.7511530009391071,67.73813044902182,4.997649833662384,0.0,weekly,noise_a0.50_r1,noise,0.5,1,32.98322463496615,noise_a0.50_r1,weekly|R03|A_lag1,,5,,,,,,,,,,
S1 [linear],R03,A_lag1,pacf_train,1,1,210,45,46,2014-01-12,2018-01-14,2018-01-21,2018-11-25,2018-12-02,2019-10-13,{},0,none,42,693.8469260732697,26.34097428101834,20.484384387842105,-0.0641974515849728,0.543796868775819,48.31187478884217,0.6291384654354099,1010.7232027986876,31.79187321940448,22.788488078102485,0.031144712137894,0.636861664033541,50.822032586866165,4.973390537968255,0.005,weekly,noise_a0.50_r1,noise,0.5,1,28.40229817115677,noise_a0.50_r1,weekly|R03|A_lag1,,5,linear,0.0,26.34097428101834,0.0,,31.79187321940448,,,,
AR-LRX [linear],R03,A_lag1,pacf_train,1,1,210,45,46,2014-01-12,2018-01-14,2018-01-21,2018-11-25,2018-12-02,2019-10-13,"{""colsample_bytree"": 0.8, ""learning_rate"": 0.05, ""max_depth"": 3, ""n_estimators"": 100, ""subsample"": 0.8}",132,none,42,693.8469260732697,26.34097428101834,20.484384387842105,-0.0641974515849728,0.543796868775819,48.31187478884217,0.6291384654354099,1010.7232027986876,31.79187321940448,22.788488078102485,0.031144712137894,0.636861664033541,50.822032586866165,4.973390537968255,4.434,weekly,noise_a0.50_r1,noise,0.5,1,28.40229817115677,noise_a0.50_r1,weekly|R03|A_lag1,-0.0468175262412884,5,linear,0.0,26.34097428101834,0.0,-0.5296172269216433,31.79187321940448,5.0,,,
"LR-XGB (residual, tanpa gerbang)",R03,A_lag1,pacf_train,1,1,210,45,46,2014-01-12,2018-01-14,2018-01-21,2018-11-25,2018-12-02,2019-10-13,"{""colsample_bytree"": 0.8, ""learning_rate"": 0.05, ""max_depth"": 3, ""n_estimators"": 100, ""subsample"": 0.8}",12,none,42,832.7716462775832,28.85778311439711,21.731172478071706,-0.2772751891203751,0.5957551884756698,51.221021054656,0.5422315240326103,974.5718964768864,31.21813409665745,22.49032415052837,0.065798496869475,0.6253683981315245,51.47954075346707,4.88383056473128,4.642,weekly,noise_a0.50_r1,noise,0.5,1,27.68746763560316,noise_a0.50_r1,weekly|R03|A_lag1,,5,,,,,,,5.0,,,
XGBoost,R03,A_lag1,pacf_train,1,1,210,45,46,2014-01-12,2018-01-14,2018-01-21,2018-11-25,2018-12-02,2019-10-13,"{""colsample_bytree"": 0.8, ""learning_rate"": 0.05, ""max_depth"": 3, ""n_estimators"": 100, ""subsample"": 0.8}",12,none,42,840.5946090421506,28.99300965822884,21.78449344408701,-0.2892737679495876,0.5985468760695513,51.31394313823435,0.5244101816034092,974.2557698953271,31.21307049771501,22.35990330418183,0.0661015283120395,0.6252669630249416,51.215980638763305,4.629824692855874,4.444,weekly,noise_a0.50_r1,noise,0.5,1,28.195295938049384,noise_a0.50_r1,weekly|R03|A_lag1,,5,,,,,,,,,,
Naive,R03,A_lag1,pacf_train,1,1,210,45,46,2014-01-12,2018-01-14,2018-01-21,2018-11-25,2018-12-02,2019-10-13,{},0,none,42,669.1654035539656,25.868231550571167,20.283756363226622,0.0374518166311235,0.5282693177289177,57.15187128498334,1.492515974394634,1126.9901466433132,33.57067390808998,26.811267642557866,-0.0715798063295938,0.6629109480019914,63.59771780321901,1.5983985334008268,0.0,weekly,noise_a0.50_r2,noise,0.5,2,30.79530847908237,noise_a0.50_r2,weekly|R03|A_lag1,,5,,,,,,,,,,
S1 [linear],R03,A_lag1,pacf_train,1,1,210,45,46,2014-01-12,2018-01-14,2018-01-21,2018-11-25,2018-12-02,2019-10-13,{},0,none,42,700.1642444910757,26.46061685772037,21.543574774320483,-0.0071378735592029,0.5403667423800218,53.120188750276384,3.1080975618148314,913.6227146923536,30.22619252721642,22.11516834556028,0.1312970618382835,0.59686838570968,50.974677470774,1.9794095594941927,0.006,weekly,noise_a0.50_r2,noise,0.5,2,27.229084522300965,noise_a0.50_r2,weekly|R03|A_lag1,,5,linear,0.0,26.46061685772037,0.0,,30.22619252721642,,,,
AR-LRX [linear],R03,A_lag1,pacf_train,1,1,210,45,46,2014-01-12,2018-01-14,2018-01-21,2018-11-25,2018-12-02,2019-10-13,"{""colsample_bytree"": 0.8, ""learning_rate"": 0.1, ""max_depth"": 5, ""n_estimators"": 500, ""subsample"": 0.8}",132,none,42,682.1656831063392,26.11830168878404,21.07733725673332,0.0187518130147296,0.5333761369190828,52.4311513403644,2.8215493109080128,940.6403244341516,30.66986019586903,22.333012750992378,0.1056078177035098,0.6056293702412852,51.563758846371286,2.2159889797050605,5.039,weekly,noise_a0.50_r2,noise,0.5,2,27.429236820514685,noise_a0.50_r2,weekly|R03|A_lag1,-0.6434761888748035,5,linear,0.2,26.46061685772037,1.2937,-0.5932599383102588,30.22619252721642,5.0,,,
"LR-XGB (residual, tanpa gerbang)",R03,A_lag1,pacf_train,1,1,210,45,46,2014-01-12,2018-01-14,2018-01-21,2018-11-25,2018-12-02,2019-10-13,"{""colsample_bytree"": 0.8, ""learning_rate"": 0.05, ""max_depth"": 3, ""n_estimators"": 100, ""subsample"": 0.8}",12,none,42,779.3863940595688,27.917492617704205,21.84717871885115,-0.121093460241862,0.5701183998227767,54.87728354925048,3.0331181661138484,892.7953476828369,29.879681184424257,21.631051471009133,0.151100416794746,0.5900259206649602,50.22892615371902,2.174179480645512,4.664,weekly,noise_a0.50_r2,noise,0.5,2,26.44004846120033,noise_a0.50_r2,weekly|R03|A_lag1,,5,,,,,,,5.0,,,
XGBoost,R03,A_lag1,pacf_train,1,1,210,45,46,2014-01-12,2018-01-14,2018-01-21,2018-11-25,2018-12-02,2019-10-13,"{""colsample_bytree"": 0.8, ""learning_rate"": 0.05, ""max_depth"": 3, ""n_estimators"": 100, ""subsample"": 0.8}",12,none,42,791.004095021267,28.12479502185335,22.15525796054778,-0.1378047201130601,0.5743518357029737,55.26771101964702,3.005266603152105,932.152503242029,30.531172647673213,22.203853101987228,0.1136783210848438,0.6028907450262457,51.38852119133126,2.108383619232547,4.535,weekly,noise_a0.50_r2,noise,0.5,2,27.27403799278882,noise_a0.50_r2,weekly|R03|A_lag1,,5,,,,,,,,,,
Naive,R03,A_lag1,pacf_train,1,1,210,45,46,2014-01-12,2018-01-14,2018-01-21,2018-11-25,2018-12-02,2019-10-13,{},0,none,42,605.225,24.60132110273756,18.655555555555555,-0.0380099004638978,0.5059108646741414,43.15658808353479,1.0011745992904533,1040.2829861052294,32.253418208078806,23.61413043478261,0.2326364594338303,0.5955572714315963,41.57939319751597,0.5944120654511188,0.0,weekly,spike,spike,1.5,0,34.332063654853044,spike,weekly|R03|A_lag1,,5,,,,,,,,63.13428149587195,27.56346242714065,4.0
S1 [linear],R03,A_lag1,pacf_train,1,1,210,45,46,2014-01-12,2018-01-14,2018-01-21,2018-11-25,2018-12-02,2019-10-13,{},0,none,42,552.0732474890453,23.49623900731871,17.94200808918741,0.053149660580966,0.4831855388229598,40.92385320485504,1.1251795150117032,979.7287289245604,31.30061866680211,20.865806150345165,0.2773042371512025,0.5779638898134616,39.42837668584477,0.5367221646818424,0.005,weekly,spike,spike,1.5,0,26.707775761953243,spike,weekly|R03|A_lag1,,5,linear,0.0,23.49623900731871,0.0,,31.30061866680211,,66.63400747097971,25.498439599297736,4.0
AR-LRX [linear],R03,A_lag1,pacf_train,1,1,210,45,46,2014-01-12,2018-01-14,2018-01-21,2018-11-25,2018-12-02,2019-10-13,"{""colsample_bytree"": 0.8, ""learning_rate"": 0.05, ""max_depth"": 3, ""n_estimators"": 100, ""subsample"": 0.8}",132,none,42,552.0732474890453,23.49623900731871,17.94200808918741,0.053149660580966,0.4831855388229598,40.92385320485504,1.1251795150117032,979.7287289245604,31.30061866680211,20.865806150345165,0.2773042371512025,0.5779638898134616,39.42837668584477,0.5367221646818424,4.525,weekly,spike,spike,1.5,0,26.707775761953243,spike,weekly|R03|A_lag1,-0.1613385867828523,5,linear,0.0,23.49623900731871,0.0,-0.367194176751151,31.30061866680211,5.0,66.63400747097971,25.498439599297736,4.0
"LR-XGB (residual, tanpa gerbang)",R03,A_lag1,pacf_train,1,1,210,45,46,2014-01-12,2018-01-14,2018-01-21,2018-11-25,2018-12-02,2019-10-13,"{""colsample_bytree"": 0.8, ""learning_rate"": 0.05, ""max_depth"": 3, ""n_estimators"": 100, ""subsample"": 0.8}",12,none,42,625.779099415911,25.01557713537529,19.306571222485147,-0.0732618459202734,0.5144297822880786,44.22247425326077,1.0202870437515597,1034.6579193814196,32.16609891456251,21.272574873656243,0.2367857833915971,0.5939449263506996,39.88061985009027,0.5855593493523071,4.338,weekly,spike,spike,1.5,0,26.982997897656364,spike,weekly|R03|A_lag1,,5,,,,,,,5.0,72.32562003273082,25.199340051387534,4.0
XGBoost,R03,A_lag1,pacf_train,1,1,210,45,46,2014-01-12,2018-01-14,2018-01-21,2018-11-25,2018-12-02,2019-10-13,"{""colsample_bytree"": 0.8, ""learning_rate"": 0.05, ""max_depth"": 3, ""n_estimators"": 100, ""subsample"": 0.8}",12,none,42,648.2538803485262,25.46083031537908,19.67457258436415,-0.1118079157601044,0.5235861369551278,45.20342497785391,0.987747537463881,1286.938904683251,35.87393071135711,23.12373844105936,0.05069100660059,0.6624097995489515,42.47173014030879,0.6042772494714083,4.433,weekly,spike,spike,1.5,0,28.518053908992574,spike,weekly|R03|A_lag1,,5,,,,,,,,89.07968576451862,25.56896740368424,4.0
Naive,R03,A_lag1,pacf_train,1,1,210,45,46,2014-01-12,2018-01-14,2018-01-21,2018-11-25,2018-12-02,2019-10-13,{},0,none,42,605.225,24.60132110273756,18.655555555555555,-0.0380099004638978,0.5059108646741414,43.15658808353479,1.0011745992904533,1114.213246517838,33.37983293124515,24.95923913043479,-0.1668651782988377,0.595716742605875,41.47397175792307,0.5896073393245752,0.0,weekly,level,level,1.3,0,33.06710185378781,level,weekly|R03|A_lag1,,5,,,,,,,,32.81490206268337,33.93536054990685,23.0
S1 [linear],R03,A_lag1,pacf_train,1,1,210,45,46,2014-01-12,2018-01-14,2018-01-21,2018-11-25,2018-12-02,2019-10-13,{},0,none,42,552.0732474890453,23.49623900731871,17.94200808918741,0.053149660580966,0.4831855388229598,40.92385320485504,1.1251795150117032,908.0225895870344,30.13341317519531,20.64650274235216,0.0490689783045182,0.5377791667591397,37.454297023008,0.4455239573323215,0.006,weekly,level,level,1.3,0,27.50142171913061,level,weekly|R03|A_lag1,,5,linear,0.0,23.49623900731871,0.0,,30.13341317519531,,28.55162048426177,31.636215748675628,23.0
AR-LRX [linear],R03,A_lag1,pacf_train,1,1,210,45,46,2014-01-12,2018-01-14,2018-01-21,2018-11-25,2018-12-02,2019-10-13,"{""colsample_bytree"": 0.8, ""learning_rate"": 0.05, ""max_depth"": 3, ""n_estimators"": 100, ""subsample"": 0.8}",132,none,42,552.0732474890453,23.49623900731871,17.94200808918741,0.053149660580966,0.4831855388229598,40.92385320485504,1.1251795150117032,908.0225895870344,30.13341317519531,20.64650274235216,0.0490689783045182,0.5377791667591397,37.454297023008,0.4455239573323215,4.297,weekly,level,level,1.3,0,27.50142171913061,level,weekly|R03|A_lag1,-0.0854436339593525,5,linear,0.0,23.49623900731871,0.0,-0.367194176751151,30.13341317519531,5.0,28.55162048426177,31.636215748675628,23.0
"LR-XGB (residual, tanpa gerbang)",R03,A_lag1,pacf_train,1,1,210,45,46,2014-01-12,2018-01-14,2018-01-21,2018-11-25,2018-12-02,2019-10-13,"{""colsample_bytree"": 0.8, ""learning_rate"": 0.05, ""max_depth"": 3, ""n_estimators"": 100, ""subsample"": 0.8}",12,none,42,625.779099415911,25.01557713537529,19.306571222485147,-0.0732618459202734,0.5144297822880786,44.22247425326077,1.0202870437515597,865.7551691945337,29.423717800348303,20.06320005800499,0.0933337374847419,0.5251135126854019,36.50281511167624,0.4431333675084003,4.462,weekly,level,level,1.3,0,26.23220307157284,level,weekly|R03|A_lag1,,5,,,,,,,5.0,28.52278204073905,30.29787522328193,23.0
XGBoost,R03,A_lag1,pacf_train,1,1,210,45,46,2014-01-12,2018-01-14,2018-01-21,2018-11-25,2018-12-02,2019-10-13,"{""colsample_bytree"": 0.8, ""learning_rate"": 0.05, ""max_depth"": 3, ""n_estimators"": 100, ""subsample"": 0.8}",12,none,42,648.2538803485262,25.46083031537908,19.67457258436415,-0.1118079157601044,0.5235861369551278,45.20342497785391,0.987747537463881,942.8955849036372,30.706604906821543,21.42957425620081,0.0125480663291007,0.5480086940295827,38.990100766970855,0.4505117023740277,4.401,weekly,level,level,1.3,0,26.95309469907683,level,weekly|R03|A_lag1,,5,,,,,,,,30.149436746694903,31.25384190246564,23.0
Naive,R03,B_rich,pacf_train,1,1,210,45,46,2014-01-12,2018-01-14,2018-01-21,2018-11-25,2018-12-02,2019-10-13,{},0,none,42,605.225,24.60132110273756,18.655555555555555,-0.0380099004638978,0.5059108646741414,43.15658808353479,1.0011745992904533,851.7612469747946,29.184948980164325,21.98369565217392,0.034613661979338,0.5760084322364312,40.98350136138161,0.5872130475279131,0.0,weekly,clean,clean,0.0,0,29.184948980164325,clean,weekly|R03|B_rich,,5,,,,,,,,,,
S1 [linear],R03,B_rich,pacf_train,1,1,210,45,46,2014-01-12,2018-01-14,2018-01-21,2018-11-25,2018-12-02,2019-10-13,{},0,none,42,552.0732474890453,23.49623900731871,17.94200808918741,0.053149660580966,0.4831855388229598,40.92385320485504,1.1251795150117032,713.517209522314,26.71174291434975,18.83879141520894,0.1912994768640235,0.5271960272692094,38.48032058277108,0.5320799290362752,0.005,weekly,clean,clean,0.0,0,26.71174291434975,clean,weekly|R03|B_rich,,5,linear,0.0,23.49623900731871,0.0,,26.71174291434975,,,,
AR-LRX [linear],R03,B_rich,pacf_train,1,1,210,45,46,2014-01-12,2018-01-14,2018-01-21,2018-11-25,2018-12-02,2019-10-13,"{""colsample_bytree"": 0.8, ""learning_rate"": 0.05, ""max_depth"": 3, ""n_estimators"": 100, ""subsample"": 0.8}",132,none,42,552.0732474890453,23.49623900731871,17.94200808918741,0.053149660580966,0.4831855388229598,40.92385320485504,1.1251795150117032,713.517209522314,26.71174291434975,18.83879141520894,0.1912994768640235,0.5271960272692094,38.48032058277108,0.5320799290362752,4.332,weekly,clean,clean,0.0,0,26.71174291434975,clean,weekly|R03|B_rich,-0.0198274487570113,5,linear,0.0,23.49623900731871,0.0,-0.367194176751151,26.71174291434975,5.0,,,
"LR-XGB (residual, tanpa gerbang)",R03,B_rich,pacf_train,1,1,210,45,46,2014-01-12,2018-01-14,2018-01-21,2018-11-25,2018-12-02,2019-10-13,"{""colsample_bytree"": 0.8, ""learning_rate"": 0.05, ""max_depth"": 3, ""n_estimators"": 100, ""subsample"": 0.8}",12,none,42,625.779099415911,25.01557713537529,19.306571222485147,-0.0732618459202734,0.5144297822880786,44.22247425326077,1.0202870437515597,670.7233765780423,25.898327679177324,18.59380280752189,0.2398020141920229,0.5111420662125244,38.091412947079554,0.5752158127203292,4.675,weekly,clean,clean,0.0,0,25.898327679177324,clean,weekly|R03|B_rich,,5,,,,,,,5.0,,,
XGBoost,R03,B_rich,pacf_train,1,1,210,45,46,2014-01-12,2018-01-14,2018-01-21,2018-11-25,2018-12-02,2019-10-13,"{""colsample_bytree"": 0.8, ""learning_rate"": 0.05, ""max_depth"": 3, ""n_estimators"": 100, ""subsample"": 0.8}",12,none,42,648.2538803485262,25.46083031537908,19.67457258436415,-0.1118079157601044,0.5235861369551278,45.20342497785391,0.987747537463881,714.5175225888711,26.73046057569661,19.19639772623153,0.1901657218691494,0.5275654481914412,39.12655313862049,0.5867907546062242,4.463,weekly,clean,clean,0.0,0,26.73046057569661,clean,weekly|R03|B_rich,,5,,,,,,,,,,
Naive,R03,B_rich,pacf_train,1,1,210,45,46,2014-01-12,2018-01-14,2018-01-21,2018-11-25,2018-12-02,2019-10-13,{},0,none,42,600.871307958897,24.512676474813944,18.20000605281893,-0.0477795669921785,0.5075974967133478,42.03306539584258,0.7963358494831629,833.0725472869553,28.862996159216653,22.10169233672742,0.0612737812102337,0.5700186061379556,42.49532288542375,0.5848585708786939,0.0,weekly,noise_a0.10_r1,noise,0.1,1,29.09398213393812,noise_a0.10_r1,weekly|R03|B_rich,,5,,,,,,,,,,
S1 [linear],R03,B_rich,pacf_train,1,1,210,45,46,2014-01-12,2018-01-14,2018-01-21,2018-11-25,2018-12-02,2019-10-13,{},0,none,42,546.393165369405,23.37505433938935,17.94105786020263,0.047217621086006,0.4840401283965695,41.11406242585932,0.8269618940213393,710.3749902846833,26.652860827398687,18.993601485430897,0.1995323447826216,0.5263703911616031,39.08489621831989,0.524525367740976,0.005,weekly,noise_a0.10_r1,noise,0.1,1,26.71476588200364,noise_a0.10_r1,weekly|R03|B_rich,,5,linear,0.0,23.37505433938935,0.0,,26.652860827398687,,,,
AR-LRX [linear],R03,B_rich,pacf_train,1,1,210,45,46,2014-01-12,2018-01-14,2018-01-21,2018-11-25,2018-12-02,2019-10-13,"{""colsample_bytree"": 0.8, ""learning_rate"": 0.05, ""max_depth"": 3, ""n_estimators"": 500, ""subsample"": 0.8}",132,none,42,534.6884892687367,23.12333214025904,18.178384246435023,0.067627849189926,0.4788275781360132,41.66093364260054,0.8222137830466842,694.0988722891765,26.345756248192544,19.242987139628337,0.2178726667056718,0.5203053477679092,39.75390945277489,0.5588161189955545,5.206,weekly,noise_a0.10_r1,noise,0.1,1,26.383636684573496,noise_a0.10_r1,weekly|R03|B_rich,-0.2383564147855885,5,linear,0.2,23.37505433938935,1.0769,-0.4319988135723287,26.652860827398687,5.0,,,
"LR-XGB (residual, tanpa gerbang)",R03,B_rich,pacf_train,1,1,210,45,46,2014-01-12,2018-01-14,2018-01-21,2018-11-25,2018-12-02,2019-10-13,"{""colsample_bytree"": 0.8, ""learning_rate"": 0.05, ""max_depth"": 3, ""n_estimators"": 100, ""subsample"": 0.8}",12,none,42,571.4659043261026,23.905353047510147,18.61177979952544,0.0034966059212185,0.4950213159069995,43.25031655240787,0.8444326202607048,656.7321971803883,25.626786711961927,19.232380223978826,0.2599783365514169,0.5061063363195789,40.15327308880593,0.5834043545806221,4.327,weekly,noise_a0.10_r1,noise,0.1,1,25.607222739166257,noise_a0.10_r1,weekly|R03|B_rich,,5,,,,,,,5.0,,,
XGBoost,R03,B_rich,pacf_train,1,1,210,45,46,2014-01-12,2018-01-14,2018-01-21,2018-11-25,2018-12-02,2019-10-13,"{""colsample_bytree"": 0.8, ""learning_rate"": 0.1, ""max_depth"": 3, ""n_estimators"": 100, ""subsample"": 0.8}",12,none,42,589.5785476044633,24.281238592882023,19.416046461594963,-0.028087623979442,0.5028049849844067,46.05739740264204,0.8412418206786694,719.7849657058728,26.828808503283792,20.190100650932308,0.1889289577489169,0.5298452018987834,42.08153957472066,0.6734631870245542,4.473,weekly,noise_a0.10_r1,noise,0.1,1,26.77936021847329,noise_a0.10_r1,weekly|R03|B_rich,,5,,,,,,,,,,
Naive,R03,B_rich,pacf_train,1,1,210,45,46,2014-01-12,2018-01-14,2018-01-21,2018-11-25,2018-12-02,2019-10-13,{},0,none,42,637.9675985327218,25.25802047929968,19.131829440982244,-0.0742291046000893,0.5182598373691901,44.88004350004072,1.4066572950185132,838.972019487187,28.965013714603813,22.03510703997924,0.0388359099331158,0.5734153819573544,41.92063355627501,0.6212296355097563,0.0,weekly,noise_a0.10_r2,noise,0.1,2,28.862751079032,noise_a0.10_r2,weekly|R03|B_rich,,5,,,,,,,,,,
S1 [linear],R03,B_rich,pacf_train,1,1,210,45,46,2014-01-12,2018-01-14,2018-01-21,2018-11-25,2018-12-02,2019-10-13,{},0,none,42,569.2257885495864,23.85845318853648,18.12591393623104,0.0415204305747531,0.4895426416929641,41.21733802206237,1.666440431123721,706.0325235465851,26.5712725240359,19.23232475164896,0.1911373773024339,0.5260269003698419,39.99669314721943,0.5674240243703366,0.005,weekly,noise_a0.10_r2,noise,0.1,2,26.669045811794284,noise_a0.10_r2,weekly|R03|B_rich,,5,linear,0.0,23.85845318853648,0.0,,26.5712725240359,,,,
AR-LRX [linear],R03,B_rich,pacf_train,1,1,210,45,46,2014-01-12,2018-01-14,2018-01-21,2018-11-25,2018-12-02,2019-10-13,"{""colsample_bytree"": 0.8, ""learning_rate"": 0.1, ""max_depth"": 5, ""n_estimators"": 500, ""subsample"": 0.8}",132,none,42,565.748387412864,23.78546588597465,18.12170464157725,0.0473757836021295,0.4880450426397561,41.24720766176159,1.5762622407336309,724.2864087740256,26.912569717030472,19.452036033494064,0.170224905161179,0.5327835020483449,40.20886977761949,0.5780006751944795,5.132,weekly,noise_a0.10_r2,noise,0.1,2,27.00325047702491,noise_a0.10_r2,weekly|R03|B_rich,-0.8938133398282553,5,linear,0.1,23.85845318853648,0.3059,-0.6800232124615337,26.5712725240359,5.0,,,
"LR-XGB (residual, tanpa gerbang)",R03,B_rich,pacf_train,1,1,210,45,46,2014-01-12,2018-01-14,2018-01-21,2018-11-25,2018-12-02,2019-10-13,"{""colsample_bytree"": 0.8, ""learning_rate"": 0.05, ""max_depth"": 3, ""n_estimators"": 100, ""subsample"": 0.8}",12,none,42,638.9491230628888,25.277442969234222,18.605596733945127,-0.0758818252392083,0.5186583601466593,42.27791507075299,1.525245165775886,812.5652801506185,28.505530694070902,21.0273739580852,0.0690886585308344,0.5643190758303197,43.23994728272758,0.6203083120455548,4.526,weekly,noise_a0.10_r2,noise,0.1,2,28.621652175978287,noise_a0.10_r2,weekly|R03|B_rich,,5,,,,,,,5.0,,,
XGBoost,R03,B_rich,pacf_train,1,1,210,45,46,2014-01-12,2018-01-14,2018-01-21,2018-11-25,2018-12-02,2019-10-13,"{""colsample_bytree"": 0.8, ""learning_rate"": 0.05, ""max_depth"": 3, ""n_estimators"": 100, ""subsample"": 0.8}",12,none,42,655.3948851127774,25.60068134079204,18.93908452319797,-0.1035736959266064,0.5252907669107731,43.336876510198,1.5660825185441123,828.5269146701766,28.784143459032727,20.89044028188077,0.0508022919266792,0.5698347246959796,43.09612568191413,0.6135004117404784,4.563,weekly,noise_a0.10_r2,noise,0.1,2,28.94733089726479,noise_a0.10_r2,weekly|R03|B_rich,,5,,,,,,,,,,
Naive,R03,B_rich,pacf_train,1,1,210,45,46,2014-01-12,2018-01-14,2018-01-21,2018-11-25,2018-12-02,2019-10-13,{},0,none,42,619.2304439328714,24.88434134014544,19.044190636536765,-0.049089526400351,0.510752540111232,43.46195463396603,1.0626011517957092,894.9031245274601,29.914931464528884,22.785537756201386,-0.0011944855019712,0.5857868155220463,44.18286171787802,0.6524310851074935,0.0,weekly,noise_a0.25_r1,noise,0.25,1,29.347713990469423,noise_a0.25_r1,weekly|R03|B_rich,,5,,,,,,,,,,
S1 [linear],R03,B_rich,pacf_train,1,1,210,45,46,2014-01-12,2018-01-14,2018-01-21,2018-11-25,2018-12-02,2019-10-13,{},0,none,42,568.6497887921308,23.846378945075305,18.58473026886544,0.0366033462071389,0.4894483021338038,42.25165646660442,0.9005989003512459,744.7353090522673,27.28983893415766,18.71882288025104,0.1668093851214878,0.5343829005359724,37.25370271068682,0.6578732687383921,0.006,weekly,noise_a0.25_r1,noise,0.25,1,26.7780901961348,noise_a0.25_r1,weekly|R03|B_rich,,5,linear,0.0,23.846378945075305,0.0,,27.28983893415766,,,,
AR-LRX [linear],R03,B_rich,pacf_train,1,1,210,45,46,2014-01-12,2018-01-14,2018-01-21,2018-11-25,2018-12-02,2019-10-13,"{""colsample_bytree"": 0.8, ""learning_rate"": 0.05, ""max_depth"": 3, ""n_estimators"": 100, ""subsample"": 0.8}",132,none,42,568.6497887921308,23.846378945075305,18.58473026886544,0.0366033462071389,0.4894483021338038,42.25165646660442,0.9005989003512459,744.7353090522673,27.28983893415766,18.71882288025104,0.1668093851214878,0.5343829005359724,37.25370271068682,0.6578732687383921,4.111,weekly,noise_a0.25_r1,noise,0.25,1,26.7780901961348,noise_a0.25_r1,weekly|R03|B_rich,-0.0526681651588938,5,linear,0.0,23.846378945075305,0.0,-0.3917806284482439,27.28983893415766,5.0,,,
"LR-XGB (residual, tanpa gerbang)",R03,B_rich,pacf_train,1,1,210,45,46,2014-01-12,2018-01-14,2018-01-21,2018-11-25,2018-12-02,2019-10-13,"{""colsample_bytree"": 0.8, ""learning_rate"": 0.05, ""max_depth"": 3, ""n_estimators"": 100, ""subsample"": 0.8}",12,none,42,651.2288476511587,25.51918587359633,18.634930059945624,-0.1033006694914107,0.5237827607469162,41.60820058278034,1.0490311599749345,715.8960740067116,26.756234301685872,18.45335987379361,0.1990739758937592,0.5239339861276577,36.948958613007854,0.6756965084108808,4.519,weekly,noise_a0.25_r1,noise,0.25,1,26.229712960428937,noise_a0.25_r1,weekly|R03|B_rich,,5,,,,,,,5.0,,,
XGBoost,R03,B_rich,pacf_train,1,1,210,45,46,2014-01-12,2018-01-14,2018-01-21,2018-11-25,2018-12-02,2019-10-13,"{""colsample_bytree"": 0.8, ""learning_rate"": 0.05, ""max_depth"": 3, ""n_estimators"": 100, ""subsample"": 0.8}",12,none,42,648.4458668906357,25.46460026960242,18.73812471541761,-0.0985857915382284,0.5226623880791286,41.84427735788071,1.0461937481732058,752.6043548410092,27.43363546526433,18.644268352994388,0.1580057000812651,0.5371986887700179,37.20083097150611,0.6707416126818789,4.394,weekly,noise_a0.25_r1,noise,0.25,1,26.980981807306406,noise_a0.25_r1,weekly|R03|B_rich,,5,,,,,,,,,,
Naive,R03,B_rich,pacf_train,1,1,210,45,46,2014-01-12,2018-01-14,2018-01-21,2018-11-25,2018-12-02,2019-10-13,{},0,none,42,642.148094908747,25.34064117004041,19.627642986610194,-0.0930905767338836,0.5153990978477765,49.50276239868288,1.784376419985103,903.3347998928188,30.055528607775624,23.28355005489016,0.0166872365371342,0.5958752279329508,47.1265632657365,0.7574791311757845,0.0,weekly,noise_a0.25_r2,noise,0.25,2,29.853608209141058,noise_a0.25_r2,weekly|R03|B_rich,,5,,,,,,,,,,
S1 [linear],R03,B_rich,pacf_train,1,1,210,45,46,2014-01-12,2018-01-14,2018-01-21,2018-11-25,2018-12-02,2019-10-13,{},0,none,42,578.9582293433219,24.06155085075195,18.77936920321085,0.014473779747564,0.489383891989193,44.43060786644432,2.277182051954328,749.8262748639215,27.382955919036963,19.642366912623007,0.1837868456512562,0.5428893070778597,42.036690403201945,0.7509668921365075,0.006,weekly,noise_a0.25_r2,noise,0.25,2,26.97116442330135,noise_a0.25_r2,weekly|R03|B_rich,,5,linear,0.0,24.06155085075195,0.0,,27.382955919036963,,,,
AR-LRX [linear],R03,B_rich,pacf_train,1,1,210,45,46,2014-01-12,2018-01-14,2018-01-21,2018-11-25,2018-12-02,2019-10-13,"{""colsample_bytree"": 0.8, ""learning_rate"": 0.1, ""max_depth"": 3, ""n_estimators"": 300, ""subsample"": 0.8}",132,none,42,564.4632091338254,23.75843448406956,18.21986417472118,0.0391477920605949,0.483218858481055,43.20188115044145,2.456929183578387,714.0780648723755,26.722239144060804,18.90812933185093,0.22270007157791,0.5297900612111212,40.49640927036906,0.7335178593844136,4.566,weekly,noise_a0.25_r2,noise,0.25,2,26.17261987146563,noise_a0.25_r2,weekly|R03|B_rich,-0.0782244061490999,5,linear,0.3,24.06155085075195,1.2598,-0.4178158551680038,27.382955919036963,5.0,,,
"LR-XGB (residual, tanpa gerbang)",R03,B_rich,pacf_train,1,1,210,45,46,2014-01-12,2018-01-14,2018-01-21,2018-11-25,2018-12-02,2019-10-13,"{""colsample_bytree"": 0.8, ""learning_rate"": 0.05, ""max_depth"": 3, ""n_estimators"": 100, ""subsample"": 0.8}",12,none,42,590.3579913748373,24.297283621319423,18.69916978651457,-0.0049313583388908,0.4941784217119562,44.56649538889377,2.675967737968682,714.8785727531867,26.737213257054048,19.28434345853847,0.2218286896533482,0.530086935144346,41.03108845213108,0.7764794758722455,4.5,weekly,noise_a0.25_r2,noise,0.25,2,26.110462071105736,noise_a0.25_r2,weekly|R03|B_rich,,5,,,,,,,5.0,,,
XGBoost,R03,B_rich,pacf_train,1,1,210,45,46,2014-01-12,2018-01-14,2018-01-21,2018-11-25,2018-12-02,2019-10-13,"{""colsample_bytree"": 0.8, ""learning_rate"": 0.05, ""max_depth"": 3, ""n_estimators"": 100, ""subsample"": 0.8}",12,none,42,585.9003262475773,24.205378043888867,18.367628130568644,0.0026566603494393,0.4923091694157321,43.72578730294937,2.6686610391149856,760.8874952057547,27.58418922509333,19.94443281431112,0.1717463052636941,0.546878920558922,42.44343580141319,0.7749953245648441,4.539,weekly,noise_a0.25_r2,noise,0.25,2,26.94129993833799,noise_a0.25_r2,weekly|R03|B_rich,,5,,,,,,,,,,
Naive,R03,B_rich,pacf_train,1,1,210,45,46,2014-01-12,2018-01-14,2018-01-21,2018-11-25,2018-12-02,2019-10-13,{},0,none,42,704.5502531545961,26.54336552049488,21.640685065092136,-0.0806138295718159,0.5479751395231659,52.0719152750725,0.7102704468975619,1406.043750797352,37.49724990979141,30.31373738710048,-0.3478001881755677,0.7511530009391071,67.73813044902182,4.997649833662384,0.0,weekly,noise_a0.50_r1,noise,0.5,1,32.98322463496615,noise_a0.50_r1,weekly|R03|B_rich,,5,,,,,,,,,,
S1 [linear],R03,B_rich,pacf_train,1,1,210,45,46,2014-01-12,2018-01-14,2018-01-21,2018-11-25,2018-12-02,2019-10-13,{},0,none,42,693.8469260732697,26.34097428101834,20.484384387842105,-0.0641974515849728,0.543796868775819,48.31187478884217,0.6291384654354099,1010.7232027986876,31.79187321940448,22.788488078102485,0.031144712137894,0.636861664033541,50.822032586866165,4.973390537968255,0.005,weekly,noise_a0.50_r1,noise,0.5,1,28.40229817115677,noise_a0.50_r1,weekly|R03|B_rich,,5,linear,0.0,26.34097428101834,0.0,,31.79187321940448,,,,
AR-LRX [linear],R03,B_rich,pacf_train,1,1,210,45,46,2014-01-12,2018-01-14,2018-01-21,2018-11-25,2018-12-02,2019-10-13,"{""colsample_bytree"": 0.8, ""learning_rate"": 0.05, ""max_depth"": 3, ""n_estimators"": 100, ""subsample"": 0.8}",132,none,42,693.8469260732697,26.34097428101834,20.484384387842105,-0.0641974515849728,0.543796868775819,48.31187478884217,0.6291384654354099,1010.7232027986876,31.79187321940448,22.788488078102485,0.031144712137894,0.636861664033541,50.822032586866165,4.973390537968255,4.716,weekly,noise_a0.50_r1,noise,0.5,1,28.40229817115677,noise_a0.50_r1,weekly|R03|B_rich,-0.0468175262412884,5,linear,0.0,26.34097428101834,0.0,-0.5296172269216433,31.79187321940448,5.0,,,
"LR-XGB (residual, tanpa gerbang)",R03,B_rich,pacf_train,1,1,210,45,46,2014-01-12,2018-01-14,2018-01-21,2018-11-25,2018-12-02,2019-10-13,"{""colsample_bytree"": 0.8, ""learning_rate"": 0.05, ""max_depth"": 3, ""n_estimators"": 100, ""subsample"": 0.8}",12,none,42,832.7716462775832,28.85778311439711,21.731172478071706,-0.2772751891203751,0.5957551884756698,51.221021054656,0.5422315240326103,974.5718964768864,31.21813409665745,22.49032415052837,0.065798496869475,0.6253683981315245,51.47954075346707,4.88383056473128,4.714,weekly,noise_a0.50_r1,noise,0.5,1,27.68746763560316,noise_a0.50_r1,weekly|R03|B_rich,,5,,,,,,,5.0,,,
XGBoost,R03,B_rich,pacf_train,1,1,210,45,46,2014-01-12,2018-01-14,2018-01-21,2018-11-25,2018-12-02,2019-10-13,"{""colsample_bytree"": 0.8, ""learning_rate"": 0.05, ""max_depth"": 3, ""n_estimators"": 100, ""subsample"": 0.8}",12,none,42,840.5946090421506,28.99300965822884,21.78449344408701,-0.2892737679495876,0.5985468760695513,51.31394313823435,0.5244101816034092,974.2557698953271,31.21307049771501,22.35990330418183,0.0661015283120395,0.6252669630249416,51.215980638763305,4.629824692855874,4.422,weekly,noise_a0.50_r1,noise,0.5,1,28.195295938049384,noise_a0.50_r1,weekly|R03|B_rich,,5,,,,,,,,,,
Naive,R03,B_rich,pacf_train,1,1,210,45,46,2014-01-12,2018-01-14,2018-01-21,2018-11-25,2018-12-02,2019-10-13,{},0,none,42,669.1654035539656,25.868231550571167,20.283756363226622,0.0374518166311235,0.5282693177289177,57.15187128498334,1.492515974394634,1126.9901466433132,33.57067390808998,26.811267642557866,-0.0715798063295938,0.6629109480019914,63.59771780321901,1.5983985334008268,0.0,weekly,noise_a0.50_r2,noise,0.5,2,30.79530847908237,noise_a0.50_r2,weekly|R03|B_rich,,5,,,,,,,,,,
S1 [linear],R03,B_rich,pacf_train,1,1,210,45,46,2014-01-12,2018-01-14,2018-01-21,2018-11-25,2018-12-02,2019-10-13,{},0,none,42,700.1642444910757,26.46061685772037,21.543574774320483,-0.0071378735592029,0.5403667423800218,53.120188750276384,3.1080975618148314,913.6227146923536,30.22619252721642,22.11516834556028,0.1312970618382835,0.59686838570968,50.974677470774,1.9794095594941927,0.006,weekly,noise_a0.50_r2,noise,0.5,2,27.229084522300965,noise_a0.50_r2,weekly|R03|B_rich,,5,linear,0.0,26.46061685772037,0.0,,30.22619252721642,,,,
AR-LRX [linear],R03,B_rich,pacf_train,1,1,210,45,46,2014-01-12,2018-01-14,2018-01-21,2018-11-25,2018-12-02,2019-10-13,"{""colsample_bytree"": 0.8, ""learning_rate"": 0.1, ""max_depth"": 5, ""n_estimators"": 500, ""subsample"": 0.8}",132,none,42,682.1656831063392,26.11830168878404,21.07733725673332,0.0187518130147296,0.5333761369190828,52.4311513403644,2.8215493109080128,940.6403244341516,30.66986019586903,22.333012750992378,0.1056078177035098,0.6056293702412852,51.563758846371286,2.2159889797050605,5.025,weekly,noise_a0.50_r2,noise,0.5,2,27.429236820514685,noise_a0.50_r2,weekly|R03|B_rich,-0.6434761888748035,5,linear,0.2,26.46061685772037,1.2937,-0.5932599383102588,30.22619252721642,5.0,,,
"LR-XGB (residual, tanpa gerbang)",R03,B_rich,pacf_train,1,1,210,45,46,2014-01-12,2018-01-14,2018-01-21,2018-11-25,2018-12-02,2019-10-13,"{""colsample_bytree"": 0.8, ""learning_rate"": 0.05, ""max_depth"": 3, ""n_estimators"": 100, ""subsample"": 0.8}",12,none,42,779.3863940595688,27.917492617704205,21.84717871885115,-0.121093460241862,0.5701183998227767,54.87728354925048,3.0331181661138484,892.7953476828369,29.879681184424257,21.631051471009133,0.151100416794746,0.5900259206649602,50.22892615371902,2.174179480645512,4.595,weekly,noise_a0.50_r2,noise,0.5,2,26.44004846120033,noise_a0.50_r2,weekly|R03|B_rich,,5,,,,,,,5.0,,,
XGBoost,R03,B_rich,pacf_train,1,1,210,45,46,2014-01-12,2018-01-14,2018-01-21,2018-11-25,2018-12-02,2019-10-13,"{""colsample_bytree"": 0.8, ""learning_rate"": 0.05, ""max_depth"": 3, ""n_estimators"": 100, ""subsample"": 0.8}",12,none,42,791.004095021267,28.12479502185335,22.15525796054778,-0.1378047201130601,0.5743518357029737,55.26771101964702,3.005266603152105,932.152503242029,30.531172647673213,22.203853101987228,0.1136783210848438,0.6028907450262457,51.38852119133126,2.108383619232547,4.584,weekly,noise_a0.50_r2,noise,0.5,2,27.27403799278882,noise_a0.50_r2,weekly|R03|B_rich,,5,,,,,,,,,,
Naive,R03,B_rich,pacf_train,1,1,210,45,46,2014-01-12,2018-01-14,2018-01-21,2018-11-25,2018-12-02,2019-10-13,{},0,none,42,605.225,24.60132110273756,18.655555555555555,-0.0380099004638978,0.5059108646741414,43.15658808353479,1.0011745992904533,1040.2829861052294,32.253418208078806,23.61413043478261,0.2326364594338303,0.5955572714315963,41.57939319751597,0.5944120654511188,0.0,weekly,spike,spike,1.5,0,34.332063654853044,spike,weekly|R03|B_rich,,5,,,,,,,,63.13428149587195,27.56346242714065,4.0
S1 [linear],R03,B_rich,pacf_train,1,1,210,45,46,2014-01-12,2018-01-14,2018-01-21,2018-11-25,2018-12-02,2019-10-13,{},0,none,42,552.0732474890453,23.49623900731871,17.94200808918741,0.053149660580966,0.4831855388229598,40.92385320485504,1.1251795150117032,979.7287289245604,31.30061866680211,20.865806150345165,0.2773042371512025,0.5779638898134616,39.42837668584477,0.5367221646818424,0.005,weekly,spike,spike,1.5,0,26.707775761953243,spike,weekly|R03|B_rich,,5,linear,0.0,23.49623900731871,0.0,,31.30061866680211,,66.63400747097971,25.498439599297736,4.0
AR-LRX [linear],R03,B_rich,pacf_train,1,1,210,45,46,2014-01-12,2018-01-14,2018-01-21,2018-11-25,2018-12-02,2019-10-13,"{""colsample_bytree"": 0.8, ""learning_rate"": 0.05, ""max_depth"": 3, ""n_estimators"": 100, ""subsample"": 0.8}",132,none,42,552.0732474890453,23.49623900731871,17.94200808918741,0.053149660580966,0.4831855388229598,40.92385320485504,1.1251795150117032,979.7287289245604,31.30061866680211,20.865806150345165,0.2773042371512025,0.5779638898134616,39.42837668584477,0.5367221646818424,4.295,weekly,spike,spike,1.5,0,26.707775761953243,spike,weekly|R03|B_rich,-0.1613385867828523,5,linear,0.0,23.49623900731871,0.0,-0.367194176751151,31.30061866680211,5.0,66.63400747097971,25.498439599297736,4.0
"LR-XGB (residual, tanpa gerbang)",R03,B_rich,pacf_train,1,1,210,45,46,2014-01-12,2018-01-14,2018-01-21,2018-11-25,2018-12-02,2019-10-13,"{""colsample_bytree"": 0.8, ""learning_rate"": 0.05, ""max_depth"": 3, ""n_estimators"": 100, ""subsample"": 0.8}",12,none,42,625.779099415911,25.01557713537529,19.306571222485147,-0.0732618459202734,0.5144297822880786,44.22247425326077,1.0202870437515597,1034.6579193814196,32.16609891456251,21.272574873656243,0.2367857833915971,0.5939449263506996,39.88061985009027,0.5855593493523071,4.307,weekly,spike,spike,1.5,0,26.982997897656364,spike,weekly|R03|B_rich,,5,,,,,,,5.0,72.32562003273082,25.199340051387534,4.0
XGBoost,R03,B_rich,pacf_train,1,1,210,45,46,2014-01-12,2018-01-14,2018-01-21,2018-11-25,2018-12-02,2019-10-13,"{""colsample_bytree"": 0.8, ""learning_rate"": 0.05, ""max_depth"": 3, ""n_estimators"": 100, ""subsample"": 0.8}",12,none,42,648.2538803485262,25.46083031537908,19.67457258436415,-0.1118079157601044,0.5235861369551278,45.20342497785391,0.987747537463881,1286.938904683251,35.87393071135711,23.12373844105936,0.05069100660059,0.6624097995489515,42.47173014030879,0.6042772494714083,4.302,weekly,spike,spike,1.5,0,28.518053908992574,spike,weekly|R03|B_rich,,5,,,,,,,,89.07968576451862,25.56896740368424,4.0
Naive,R03,B_rich,pacf_train,1,1,210,45,46,2014-01-12,2018-01-14,2018-01-21,2018-11-25,2018-12-02,2019-10-13,{},0,none,42,605.225,24.60132110273756,18.655555555555555,-0.0380099004638978,0.5059108646741414,43.15658808353479,1.0011745992904533,1114.213246517838,33.37983293124515,24.95923913043479,-0.1668651782988377,0.595716742605875,41.47397175792307,0.5896073393245752,0.0,weekly,level,level,1.3,0,33.06710185378781,level,weekly|R03|B_rich,,5,,,,,,,,32.81490206268337,33.93536054990685,23.0
S1 [linear],R03,B_rich,pacf_train,1,1,210,45,46,2014-01-12,2018-01-14,2018-01-21,2018-11-25,2018-12-02,2019-10-13,{},0,none,42,552.0732474890453,23.49623900731871,17.94200808918741,0.053149660580966,0.4831855388229598,40.92385320485504,1.1251795150117032,908.0225895870344,30.13341317519531,20.64650274235216,0.0490689783045182,0.5377791667591397,37.454297023008,0.4455239573323215,0.005,weekly,level,level,1.3,0,27.50142171913061,level,weekly|R03|B_rich,,5,linear,0.0,23.49623900731871,0.0,,30.13341317519531,,28.55162048426177,31.636215748675628,23.0
AR-LRX [linear],R03,B_rich,pacf_train,1,1,210,45,46,2014-01-12,2018-01-14,2018-01-21,2018-11-25,2018-12-02,2019-10-13,"{""colsample_bytree"": 0.8, ""learning_rate"": 0.05, ""max_depth"": 3, ""n_estimators"": 100, ""subsample"": 0.8}",132,none,42,552.0732474890453,23.49623900731871,17.94200808918741,0.053149660580966,0.4831855388229598,40.92385320485504,1.1251795150117032,908.0225895870344,30.13341317519531,20.64650274235216,0.0490689783045182,0.5377791667591397,37.454297023008,0.4455239573323215,4.37,weekly,level,level,1.3,0,27.50142171913061,level,weekly|R03|B_rich,-0.0854436339593525,5,linear,0.0,23.49623900731871,0.0,-0.367194176751151,30.13341317519531,5.0,28.55162048426177,31.636215748675628,23.0
"LR-XGB (residual, tanpa gerbang)",R03,B_rich,pacf_train,1,1,210,45,46,2014-01-12,2018-01-14,2018-01-21,2018-11-25,2018-12-02,2019-10-13,"{""colsample_bytree"": 0.8, ""learning_rate"": 0.05, ""max_depth"": 3, ""n_estimators"": 100, ""subsample"": 0.8}",12,none,42,625.779099415911,25.01557713537529,19.306571222485147,-0.0732618459202734,0.5144297822880786,44.22247425326077,1.0202870437515597,865.7551691945337,29.423717800348303,20.06320005800499,0.0933337374847419,0.5251135126854019,36.50281511167624,0.4431333675084003,4.625,weekly,level,level,1.3,0,26.23220307157284,level,weekly|R03|B_rich,,5,,,,,,,5.0,28.52278204073905,30.29787522328193,23.0
XGBoost,R03,B_rich,pacf_train,1,1,210,45,46,2014-01-12,2018-01-14,2018-01-21,2018-11-25,2018-12-02,2019-10-13,"{""colsample_bytree"": 0.8, ""learning_rate"": 0.05, ""max_depth"": 3, ""n_estimators"": 100, ""subsample"": 0.8}",12,none,42,648.2538803485262,25.46083031537908,19.67457258436415,-0.1118079157601044,0.5235861369551278,45.20342497785391,0.987747537463881,942.8955849036372,30.706604906821543,21.42957425620081,0.0125480663291007,0.5480086940295827,38.990100766970855,0.4505117023740277,4.365,weekly,level,level,1.3,0,26.95309469907683,level,weekly|R03|B_rich,,5,,,,,,,,30.149436746694903,31.25384190246564,23.0
Naive,R06,A_lag1,pacf_train,1,1,210,45,46,2014-01-12,2018-01-14,2018-01-21,2018-11-25,2018-12-02,2019-10-13,{},0,none,42,72.78178666666668,8.531224218520263,7.1773333333333325,0.6065903388703285,0.3467350883611017,31.67014048982149,0.4256223160582587,88.61228260869566,9.413409722767604,6.910869565217392,0.4692393642943022,0.3794499042625636,31.080923626166985,1.6974011088135652,0.0,weekly,clean,clean,0.0,0,9.413409722767604,clean,weekly|R06|A_lag1,,5,,,,,,,,,,
S1 [linear],R06,A_lag1,pacf_train,1,1,210,45,46,2014-01-12,2018-01-14,2018-01-21,2018-11-25,2018-12-02,2019-10-13,{},0,none,42,69.38078682149396,8.329513000259617,6.405952128088666,0.6249738693917666,0.3385369264917655,27.86500534047628,0.408226425108261,79.69377989817822,8.927137273402836,6.663411575061467,0.5226584844074853,0.3598485016049584,29.74831197601932,1.9484451334648163,0.005,weekly,clean,clean,0.0,0,8.927137273402836,clean,weekly|R06|A_lag1,,5,linear,0.0,8.329513000259617,0.0,,8.927137273402836,,,,
AR-LRX [linear],R06,A_lag1,pacf_train,1,1,210,45,46,2014-01-12,2018-01-14,2018-01-21,2018-11-25,2018-12-02,2019-10-13,"{""colsample_bytree"": 0.8, ""learning_rate"": 0.05, ""max_depth"": 3, ""n_estimators"": 100, ""subsample"": 0.8}",132,none,42,69.38078682149396,8.329513000259617,6.405952128088666,0.6249738693917666,0.3385369264917655,27.86500534047628,0.408226425108261,79.69377989817822,8.927137273402836,6.663411575061467,0.5226584844074853,0.3598485016049584,29.74831197601932,1.9484451334648163,4.46,weekly,clean,clean,0.0,0,8.927137273402836,clean,weekly|R06|A_lag1,-0.2602974460185301,5,linear,0.0,8.329513000259617,0.0,-0.4314917954962967,8.927137273402836,5.0,,,
"LR-XGB (residual, tanpa gerbang)",R06,A_lag1,pacf_train,1,1,210,45,46,2014-01-12,2018-01-14,2018-01-21,2018-11-25,2018-12-02,2019-10-13,"{""colsample_bytree"": 0.8, ""learning_rate"": 0.05, ""max_depth"": 3, ""n_estimators"": 100, ""subsample"": 0.8}",12,none,42,94.5615830155964,9.724278020274635,7.459854073341692,0.4888633264743834,0.3952244498847169,32.14461156915606,0.4181509704205869,98.86836945268362,9.943257486995076,7.148941042492945,0.4078085218319086,0.4008078063757139,30.409665422304897,1.73117667326937,4.429,weekly,clean,clean,0.0,0,9.943257486995076,clean,weekly|R06|A_lag1,,5,,,,,,,5.0,,,
XGBoost,R06,A_lag1,pacf_train,1,1,210,45,46,2014-01-12,2018-01-14,2018-01-21,2018-11-25,2018-12-02,2019-10-13,"{""colsample_bytree"": 0.8, ""learning_rate"": 0.05, ""max_depth"": 3, ""n_estimators"": 100, ""subsample"": 0.8}",12,none,42,120.86148799458766,10.993702196921094,8.128306530422634,0.3467036299432433,0.4468177374109909,33.86534365931173,0.4254118144712411,96.71941106647569,9.834602740653825,7.064513087894606,0.420680129306524,0.396427987127313,30.179882060433943,1.6668626957285428,4.644,weekly,clean,clean,0.0,0,9.834602740653825,clean,weekly|R06|A_lag1,,5,,,,,,,,,,
Naive,R06,A_lag1,pacf_train,1,1,210,45,46,2014-01-12,2018-01-14,2018-01-21,2018-11-25,2018-12-02,2019-10-13,{},0,none,42,74.03455937190328,8.604333755259804,7.305930674712714,0.6085269477835897,0.3486373951426403,32.08720865754625,0.4156898183863222,97.5085619373206,9.87464237009729,7.069822179300783,0.4359145719169162,0.3962193637087561,32.343630654935616,1.2533973116928014,0.0,weekly,noise_a0.10_r1,noise,0.1,1,9.491087091593728,noise_a0.10_r1,weekly|R06|A_lag1,,5,,,,,,,,,,
S1 [linear],R06,A_lag1,pacf_train,1,1,210,45,46,2014-01-12,2018-01-14,2018-01-21,2018-11-25,2018-12-02,2019-10-13,{},0,none,42,71.23064122446168,8.439824715268776,6.510292878008763,0.6233532451865365,0.3419716840241207,28.13006068964512,0.3967202946562511,86.82103175435051,9.31778040921498,6.828020260839625,0.497741758357086,0.3738753148262825,30.64400189261481,1.399258483942516,0.007,weekly,noise_a0.10_r1,noise,0.1,1,8.9146845454026,noise_a0.10_r1,weekly|R06|A_lag1,,5,linear,0.0,8.439824715268776,0.0,,9.31778040921498,,,,
AR-LRX [linear],R06,A_lag1,pacf_train,1,1,210,45,46,2014-01-12,2018-01-14,2018-01-21,2018-11-25,2018-12-02,2019-10-13,"{""colsample_bytree"": 0.8, ""learning_rate"": 0.05, ""max_depth"": 3, ""n_estimators"": 100, ""subsample"": 0.8}",132,none,42,71.23064122446168,8.439824715268776,6.510292878008763,0.6233532451865365,0.3419716840241207,28.13006068964512,0.3967202946562511,86.82103175435051,9.31778040921498,6.828020260839625,0.497741758357086,0.3738753148262825,30.64400189261481,1.399258483942516,4.442,weekly,noise_a0.10_r1,noise,0.1,1,8.9146845454026,noise_a0.10_r1,weekly|R06|A_lag1,-0.0493589749979472,5,linear,0.0,8.439824715268776,0.0,-0.4761715382581104,9.31778040921498,5.0,,,
"LR-XGB (residual, tanpa gerbang)",R06,A_lag1,pacf_train,1,1,210,45,46,2014-01-12,2018-01-14,2018-01-21,2018-11-25,2018-12-02,2019-10-13,"{""colsample_bytree"": 0.8, ""learning_rate"": 0.05, ""max_depth"": 3, ""n_estimators"": 100, ""subsample"": 0.8}",12,none,42,99.77580718036582,9.988784069163064,7.765527401515428,0.4724147735107985,0.4047336792795252,33.20049347010405,0.4287667110854735,89.68271513187301,9.470095835411223,6.854605424897241,0.4811869670549061,0.3799869611005069,29.96531980375723,1.357989892878806,4.608,weekly,noise_a0.10_r1,noise,0.1,1,8.99347833575942,noise_a0.10_r1,weekly|R06|A_lag1,,5,,,,,,,5.0,,,
XGBoost,R06,A_lag1,pacf_train,1,1,210,45,46,2014-01-12,2018-01-14,2018-01-21,2018-11-25,2018-12-02,2019-10-13,"{""colsample_bytree"": 0.8, ""learning_rate"": 0.05, ""max_depth"": 3, ""n_estimators"": 100, ""subsample"": 0.8}",12,none,42,129.0854219648946,11.361576561591027,8.664213597634104,0.3174341204707921,0.4603576023216651,35.708113477682346,0.4455215155642474,98.4610743667672,9.92275538178621,7.041373198079572,0.4304043031687808,0.3981498950802237,30.459305045533835,1.5735735762948748,4.258,weekly,noise_a0.10_r1,noise,0.1,1,9.43682502802198,noise_a0.10_r1,weekly|R06|A_lag1,,5,,,,,,,,,,
Naive,R06,A_lag1,pacf_train,1,1,210,45,46,2014-01-12,2018-01-14,2018-01-21,2018-11-25,2018-12-02,2019-10-13,{},0,none,42,80.36522877588664,8.964665569662186,7.495441875229296,0.5688190520508014,0.3670444310075379,34.051916045313426,0.468386290613605,92.150082964988,9.599483473863996,7.184958295148369,0.4490230819106138,0.3852807809435989,32.70906212348015,11.925188761590046,0.0,weekly,noise_a0.10_r2,noise,0.1,2,9.50899119194196,noise_a0.10_r2,weekly|R06|A_lag1,,5,,,,,,,,,,
S1 [linear],R06,A_lag1,pacf_train,1,1,210,45,46,2014-01-12,2018-01-14,2018-01-21,2018-11-25,2018-12-02,2019-10-13,{},0,none,42,75.35045212819377,8.68046381987701,6.746701150381036,0.5957246700853823,0.3554082278797533,30.35044286456873,0.4686726354580085,82.67373296422944,9.09250971757685,6.91635854225876,0.5056833685881428,0.3649330981467037,31.182879192188945,13.21201059190578,0.005,weekly,noise_a0.10_r2,noise,0.1,2,9.000712124241788,noise_a0.10_r2,weekly|R06|A_lag1,,5,linear,0.0,8.68046381987701,0.0,,9.09250971757685,,,,
AR-LRX [linear],R06,A_lag1,pacf_train,1,1,210,45,46,2014-01-12,2018-01-14,2018-01-21,2018-11-25,2018-12-02,2019-10-13,"{""colsample_bytree"": 0.8, ""learning_rate"": 0.05, ""max_depth"": 3, ""n_estimators"": 100, ""subsample"": 0.8}",132,none,42,75.35045212819377,8.68046381987701,6.746701150381036,0.5957246700853823,0.3554082278797533,30.35044286456873,0.4686726354580085,82.67373296422944,9.09250971757685,6.91635854225876,0.5056833685881428,0.3649330981467037,31.182879192188945,13.21201059190578,3.967,weekly,noise_a0.10_r2,noise,0.1,2,9.000712124241788,noise_a0.10_r2,weekly|R06|A_lag1,-0.1998889204071554,5,linear,0.0,8.68046381987701,0.0,-0.4628976360276413,9.09250971757685,5.0,,,
"LR-XGB (residual, tanpa gerbang)",R06,A_lag1,pacf_train,1,1,210,45,46,2014-01-12,2018-01-14,2018-01-21,2018-11-25,2018-12-02,2019-10-13,"{""colsample_bytree"": 0.8, ""learning_rate"": 0.05, ""max_depth"": 3, ""n_estimators"": 100, ""subsample"": 0.8}",12,none,42,105.30320743192692,10.261735108251766,7.730147726829321,0.4350201263134722,0.4201509464786736,34.475846523036466,0.5750738420073578,97.36328407445298,9.867283520526456,7.455976919062419,0.4178526978127012,0.396029089578721,32.36627587485868,11.57045677804418,4.284,weekly,noise_a0.10_r2,noise,0.1,2,9.842975951528832,noise_a0.10_r2,weekly|R06|A_lag1,,5,,,,,,,5.0,,,
XGBoost,R06,A_lag1,pacf_train,1,1,210,45,46,2014-01-12,2018-01-14,2018-01-21,2018-11-25,2018-12-02,2019-10-13,"{""colsample_bytree"": 0.8, ""learning_rate"": 0.05, ""max_depth"": 3, ""n_estimators"": 100, ""subsample"": 0.8}",12,none,42,120.12324127171487,10.960074875278677,8.361246231603488,0.3555066807971407,0.4487433931735911,36.229557352111854,0.6069483580900279,95.76824664718764,9.786125211092878,7.507933733778201,0.4273896268922527,0.3927717542310677,33.07722286136035,11.03955421721416,3.978,weekly,noise_a0.10_r2,noise,0.1,2,9.770665556554636,noise_a0.10_r2,weekly|R06|A_lag1,,5,,,,,,,,,,
Naive,R06,A_lag1,pacf_train,1,1,210,45,46,2014-01-12,2018-01-14,2018-01-21,2018-11-25,2018-12-02,2019-10-13,{},0,none,42,57.14841122066103,7.559656818974062,5.865323193721792,0.667939073632067,0.2900822577426527,24.43880547028226,0.3065674845446973,98.3076443382619,9.915021146637152,7.652863502708556,0.3789171461834466,0.4001718768446754,36.91482476768331,0.5359932865096507,0.0,weekly,noise_a0.25_r1,noise,0.25,1,9.81056838838783,noise_a0.25_r1,weekly|R06|A_lag1,,5,,,,,,,,,,
S1 [linear],R06,A_lag1,pacf_train,1,1,210,45,46,2014-01-12,2018-01-14,2018-01-21,2018-11-25,2018-12-02,2019-10-13,{},0,none,42,61.20628934887051,7.823444851781759,5.4459342480080855,0.6443607668767208,0.3002044405288198,21.869485502216325,0.2761882337907602,86.47162573725795,9.299012083939775,7.114484496889959,0.4536941206498791,0.3753096502162888,33.916680961333086,0.5301424503803217,0.005,weekly,noise_a0.25_r1,noise,0.25,1,9.341352283828629,noise_a0.25_r1,weekly|R06|A_lag1,,5,linear,0.0,7.823444851781759,0.0,,9.299012083939775,,,,
AR-LRX [linear],R06,A_lag1,pacf_train,1,1,210,45,46,2014-01-12,2018-01-14,2018-01-21,2018-11-25,2018-12-02,2019-10-13,"{""colsample_bytree"": 0.8, ""learning_rate"": 0.05, ""max_depth"": 3, ""n_estimators"": 100, ""subsample"": 0.8}",132,none,42,61.20628934887051,7.823444851781759,5.4459342480080855,0.6443607668767208,0.3002044405288198,21.869485502216325,0.2761882337907602,86.47162573725795,9.299012083939775,7.114484496889959,0.4536941206498791,0.3753096502162888,33.916680961333086,0.5301424503803217,4.63,weekly,noise_a0.25_r1,noise,0.25,1,9.341352283828629,noise_a0.25_r1,weekly|R06|A_lag1,-0.1978693310827757,5,linear,0.0,7.823444851781759,0.0,-0.5037924762799413,9.299012083939775,5.0,,,
"LR-XGB (residual, tanpa gerbang)",R06,A_lag1,pacf_train,1,1,210,45,46,2014-01-12,2018-01-14,2018-01-21,2018-11-25,2018-12-02,2019-10-13,"{""colsample_bytree"": 0.8, ""learning_rate"": 0.05, ""max_depth"": 3, ""n_estimators"": 100, ""subsample"": 0.8}",12,none,42,82.33631342309465,9.073935938890832,6.779835623244408,0.5215847313160521,0.3481887983537948,26.528333245190343,0.2964959571445319,102.1435938955499,10.106611395297136,7.818287776227358,0.3546825862550331,0.407904490649277,35.50078750726259,0.5281040268241775,4.493,weekly,noise_a0.25_r1,noise,0.25,1,10.123909107681122,noise_a0.25_r1,weekly|R06|A_lag1,,5,,,,,,,5.0,,,
XGBoost,R06,A_lag1,pacf_train,1,1,210,45,46,2014-01-12,2018-01-14,2018-01-21,2018-11-25,2018-12-02,2019-10-13,"{""colsample_bytree"": 0.8, ""learning_rate"": 0.05, ""max_depth"": 3, ""n_estimators"": 100, ""subsample"": 0.8}",12,none,42,119.38721341649952,10.926445598478011,7.821521250245962,0.3063004231124381,0.4192740602130826,29.87566145967113,0.341168401293687,99.17928078442678,9.95887949442239,7.590804162799211,0.3734103673859417,0.4019420069421264,35.288969242068866,0.5415325525040974,4.484,weekly,noise_a0.25_r1,noise,0.25,1,9.964772137344188,noise_a0.25_r1,weekly|R06|A_lag1,,5,,,,,,,,,,
Naive,R06,A_lag1,pacf_train,1,1,210,45,46,2014-01-12,2018-01-14,2018-01-21,2018-11-25,2018-12-02,2019-10-13,{},0,none,42,86.7514328774845,9.314044925674589,7.653665546281313,0.5406326736444154,0.3866191808348516,39.13038996057232,0.7066670199035059,95.21785916612453,9.757963884239608,7.422915934508021,0.4367028910465194,0.3917911778952742,34.478732371734296,1.518548511242384,0.0,weekly,noise_a0.25_r2,noise,0.25,2,9.349782455108835,noise_a0.25_r2,weekly|R06|A_lag1,,5,,,,,,,,,,
S1 [linear],R06,A_lag1,pacf_train,1,1,210,45,46,2014-01-12,2018-01-14,2018-01-21,2018-11-25,2018-12-02,2019-10-13,{},0,none,42,81.82164231264343,9.045531621338982,6.915154574165261,0.5667369653678986,0.3754733903008885,32.95651817033741,1.015486538047624,85.51258391608847,9.24730143966814,7.080768358275274,0.4941181022035461,0.3712876135206735,32.011142215668485,1.850394536757016,0.006,weekly,noise_a0.25_r2,noise,0.25,2,8.894468628042455,noise_a0.25_r2,weekly|R06|A_lag1,,5,linear,0.0,9.045531621338982,0.0,,9.24730143966814,,,,
AR-LRX [linear],R06,A_lag1,pacf_train,1,1,210,45,46,2014-01-12,2018-01-14,2018-01-21,2018-11-25,2018-12-02,2019-10-13,"{""colsample_bytree"": 0.8, ""learning_rate"": 0.05, ""max_depth"": 3, ""n_estimators"": 100, ""subsample"": 0.8}",132,none,42,81.82164231264343,9.045531621338982,6.915154574165261,0.5667369653678986,0.3754733903008885,32.95651817033741,1.015486538047624,85.51258391608847,9.24730143966814,7.080768358275274,0.4941181022035461,0.3712876135206735,32.011142215668485,1.850394536757016,3.942,weekly,noise_a0.25_r2,noise,0.25,2,8.894468628042455,noise_a0.25_r2,weekly|R06|A_lag1,-0.1614600807384381,5,linear,0.0,9.045531621338982,0.0,-0.4142636108145112,9.24730143966814,5.0,,,
"LR-XGB (residual, tanpa gerbang)",R06,A_lag1,pacf_train,1,1,210,45,46,2014-01-12,2018-01-14,2018-01-21,2018-11-25,2018-12-02,2019-10-13,"{""colsample_bytree"": 0.8, ""learning_rate"": 0.05, ""max_depth"": 3, ""n_estimators"": 100, ""subsample"": 0.8}",12,none,42,110.79462454119408,10.525902552332226,8.595837803953662,0.4133188494772566,0.4369225030375743,39.37992894509733,1.1933988461191765,97.17066687328482,9.857518291805745,7.590598530660942,0.4251503215451793,0.3957883784452782,32.93227700173315,1.868369137470421,4.167,weekly,noise_a0.25_r2,noise,0.25,2,9.483268144581947,noise_a0.25_r2,weekly|R06|A_lag1,,5,,,,,,,5.0,,,
XGBoost,R06,A_lag1,pacf_train,1,1,210,45,46,2014-01-12,2018-01-14,2018-01-21,2018-11-25,2018-12-02,2019-10-13,"{""colsample_bytree"": 0.8, ""learning_rate"": 0.05, ""max_depth"": 3, ""n_estimators"": 100, ""subsample"": 0.8}",12,none,42,139.6623039066757,11.81788068592147,9.42410968178887,0.2604583346896869,0.4905515687819224,41.88004189928844,1.21888183674128,93.7785591242731,9.683933040055216,7.391172643115688,0.4452176125451096,0.3888187717675542,32.662598392706975,1.7796702764921004,4.0,weekly,noise_a0.25_r2,noise,0.25,2,9.34207791656376,noise_a0.25_r2,weekly|R06|A_lag1,,5,,,,,,,,,,
Naive,R06,A_lag1,pacf_train,1,1,210,45,46,2014-01-12,2018-01-14,2018-01-21,2018-11-25,2018-12-02,2019-10-13,{},0,none,42,126.17825203523596,11.232909330856186,9.696734238849814,0.4454338865701184,0.4740385578677221,49.145390110304746,1.0331711517143525,109.44793602646064,10.461736759566294,8.450882750368004,0.3477470295861257,0.4104090376205434,44.50153996698616,3.3987741781329466,0.0,weekly,noise_a0.50_r1,noise,0.5,1,10.211370885894183,noise_a0.50_r1,weekly|R06|A_lag1,,5,,,,,,,,,,
S1 [linear],R06,A_lag1,pacf_train,1,1,210,45,46,2014-01-12,2018-01-14,2018-01-21,2018-11-25,2018-12-02,2019-10-13,{},0,none,42,122.52963657910232,11.06931057379376,8.695926938860595,0.4614699186142396,0.4671345478216521,42.70121804919981,1.3987256498421463,99.41658961940436,9.970786810448027,8.024270759197991,0.407528654793486,0.3911493008513843,40.03087039515193,3.463835093942742,0.005,weekly,noise_a0.50_r1,noise,0.5,1,9.627333724555912,noise_a0.50_r1,weekly|R06|A_lag1,,5,linear,0.0,11.06931057379376,0.0,,9.970786810448027,,,,
AR-LRX [linear],R06,A_lag1,pacf_train,1,1,210,45,46,2014-01-12,2018-01-14,2018-01-21,2018-11-25,2018-12-02,2019-10-13,"{""colsample_bytree"": 0.8, ""learning_rate"": 0.05, ""max_depth"": 3, ""n_estimators"": 100, ""subsample"": 0.8}",132,none,42,122.52963657910232,11.06931057379376,8.695926938860595,0.4614699186142396,0.4671345478216521,42.70121804919981,1.3987256498421463,99.41658961940436,9.970786810448027,8.024270759197991,0.407528654793486,0.3911493008513843,40.03087039515193,3.463835093942742,4.288,weekly,noise_a0.50_r1,noise,0.5,1,9.627333724555912,noise_a0.50_r1,weekly|R06|A_lag1,-0.1645519418875658,5,linear,0.0,11.06931057379376,0.0,-0.2558027360903909,9.970786810448027,5.0,,,
"LR-XGB (residual, tanpa gerbang)",R06,A_lag1,pacf_train,1,1,210,45,46,2014-01-12,2018-01-14,2018-01-21,2018-11-25,2018-12-02,2019-10-13,"{""colsample_bytree"": 0.8, ""learning_rate"": 0.05, ""max_depth"": 3, ""n_estimators"": 100, ""subsample"": 0.8}",12,none,42,145.95585381327535,12.081219053277502,9.52795726494695,0.3585093367836122,0.5098379670499128,45.29081535909568,1.296886624896468,108.99552017746196,10.440091962117094,8.354819238054603,0.3504431935530768,0.4095599223450615,40.332968790765065,3.936817674307586,4.606,weekly,noise_a0.50_r1,noise,0.5,1,10.01335778707552,noise_a0.50_r1,weekly|R06|A_lag1,,5,,,,,,,5.0,,,
XGBoost,R06,A_lag1,pacf_train,1,1,210,45,46,2014-01-12,2018-01-14,2018-01-21,2018-11-25,2018-12-02,2019-10-13,"{""colsample_bytree"": 0.8, ""learning_rate"": 0.05, ""max_depth"": 3, ""n_estimators"": 100, ""subsample"": 0.8}",12,none,42,168.093916577149,12.965103801248526,9.95808467508099,0.2612103234607792,0.5471386732969135,46.1159704559188,1.320310633760888,113.92881251617644,10.673744072075948,8.493794392014188,0.3210433282046011,0.4187259852837545,40.57465710582365,4.334685382717069,4.294,weekly,noise_a0.50_r1,noise,0.5,1,10.276345517833947,noise_a0.50_r1,weekly|R06|A_lag1,,5,,,,,,,,,,
Naive,R06,A_lag1,pacf_train,1,1,210,45,46,2014-01-12,2018-01-14,2018-01-21,2018-11-25,2018-12-02,2019-10-13,{},0,none,42,79.71630441547143,8.928398759882503,7.137752773392797,0.5509541665353879,0.3681308648927349,35.03679922466395,0.9139123329662002,163.84680678274984,12.800265887189603,9.712917439773651,0.1495748818461506,0.5528927269720522,53.50317223841181,1.2289158768784207,0.0,weekly,noise_a0.50_r2,noise,0.5,2,11.170011400354788,noise_a0.50_r2,weekly|R06|A_lag1,,5,,,,,,,,,,
S1 [linear],R06,A_lag1,pacf_train,1,1,210,45,46,2014-01-12,2018-01-14,2018-01-21,2018-11-25,2018-12-02,2019-10-13,{},0,none,42,87.72376478515824,9.366096560742807,6.69110506824741,0.5058477514549743,0.386177781739275,31.8609890030565,0.9954595170039646,132.18907227687995,11.49735066338676,7.860504313374678,0.3138901537533723,0.4966148060717763,43.45405814216745,1.2720123031788746,0.005,weekly,noise_a0.50_r2,noise,0.5,2,10.196595643125862,noise_a0.50_r2,weekly|R06|A_lag1,,5,linear,0.0,9.366096560742807,0.0,,11.49735066338676,,,,
AR-LRX [linear],R06,A_lag1,pacf_train,1,1,210,45,46,2014-01-12,2018-01-14,2018-01-21,2018-11-25,2018-12-02,2019-10-13,"{""colsample_bytree"": 0.8, ""learning_rate"": 0.05, ""max_depth"": 3, ""n_estimators"": 100, ""subsample"": 0.8}",132,none,42,82.91942260554315,9.106010246290255,6.850495267614719,0.5329108454369846,0.3754540447668191,32.822287085890174,0.9066332799676808,141.2650215309311,11.885496267759756,8.65322759266872,0.2667826429736909,0.5133803079414504,45.7092733263162,1.2860040774103665,4.411,weekly,noise_a0.50_r2,noise,0.5,2,10.657582673896991,noise_a0.50_r2,weekly|R06|A_lag1,-0.1170646415133922,5,linear,0.8,9.366096560742807,2.7769,-0.0235468483703948,11.49735066338676,5.0,,,
"LR-XGB (residual, tanpa gerbang)",R06,A_lag1,pacf_train,1,1,210,45,46,2014-01-12,2018-01-14,2018-01-21,2018-11-25,2018-12-02,2019-10-13,"{""colsample_bytree"": 0.8, ""learning_rate"": 0.05, ""max_depth"": 3, ""n_estimators"": 100, ""subsample"": 0.8}",12,none,42,83.33208225951631,9.128640767360512,6.97600708474984,0.5305863134655848,0.3763871340607247,33.45446928008174,0.8863885641921662,145.56240018096727,12.064924375269298,8.87016665398057,0.2444776690900399,0.5211304981742695,46.31717383357959,1.291334070420164,4.391,weekly,noise_a0.50_r2,noise,0.5,2,10.863509390349591,noise_a0.50_r2,weekly|R06|A_lag1,,5,,,,,,,5.0,,,
XGBoost,R06,A_lag1,pacf_train,1,1,210,45,46,2014-01-12,2018-01-14,2018-01-21,2018-11-25,2018-12-02,2019-10-13,"{""colsample_bytree"": 0.8, ""learning_rate"": 0.05, ""max_depth"": 3, ""n_estimators"": 100, ""subsample"": 0.8}",12,none,42,84.97801162964835,9.21835189335102,6.759098866428444,0.5213147129911984,0.3800860542467023,32.97322481059198,0.8937053903422647,141.318766902014,11.88775701728522,8.808931548573591,0.2665036847538092,0.5134779584106789,46.4692600152269,1.3296804965401543,4.447,weekly,noise_a0.50_r2,noise,0.5,2,10.861963856504255,noise_a0.50_r2,weekly|R06|A_lag1,,5,,,,,,,,,,
Naive,R06,A_lag1,pacf_train,1,1,210,45,46,2014-01-12,2018-01-14,2018-01-21,2018-11-25,2018-12-02,2019-10-13,{},0,none,42,72.78178666666668,8.531224218520263,7.1773333333333325,0.6065903388703285,0.3467350883611017,31.67014048982149,0.4256223160582587,91.68934782608696,9.575455489222795,7.0978260869565215,0.4212323727797727,0.3768993407071702,31.21286610964308,1.7006189413350636,0.0,weekly,spike,spike,1.5,0,9.606157445595258,spike,weekly|R06|A_lag1,,5,,,,,,,,3.8979161099233512,9.9486000450889,4.0
S1 [linear],R06,A_lag1,pacf_train,1,1,210,45,46,2014-01-12,2018-01-14,2018-01-21,2018-11-25,2018-12-02,2019-10-13,{},0,none,42,69.38078682149396,8.329513000259617,6.405952128088666,0.6249738693917666,0.3385369264917655,27.86500534047628,0.408226425108261,81.91778203216512,9.050844271788412,6.885117677456837,0.4829131032338879,0.3562501274972977,30.29437663111453,1.9495973734552527,0.005,weekly,spike,spike,1.5,0,9.099864777859835,spike,weekly|R06|A_lag1,,5,linear,0.0,8.329513000259617,0.0,,9.050844271788412,,3.481654027446605,9.410898335759772,4.0
AR-LRX [linear],R06,A_lag1,pacf_train,1,1,210,45,46,2014-01-12,2018-01-14,2018-01-21,2018-11-25,2018-12-02,2019-10-13,"{""colsample_bytree"": 0.8, ""learning_rate"": 0.05, ""max_depth"": 3, ""n_estimators"": 100, ""subsample"": 0.8}",132,none,42,69.38078682149396,8.329513000259617,6.405952128088666,0.6249738693917666,0.3385369264917655,27.86500534047628,0.408226425108261,81.91778203216512,9.050844271788412,6.885117677456837,0.4829131032338879,0.3562501274972977,30.29437663111453,1.9495973734552527,4.39,weekly,spike,spike,1.5,0,9.099864777859835,spike,weekly|R06|A_lag1,-0.2478096832502729,5,linear,0.0,8.329513000259617,0.0,-0.4314917954962967,9.050844271788412,5.0,3.481654027446605,9.410898335759772,4.0
"LR-XGB (residual, tanpa gerbang)",R06,A_lag1,pacf_train,1,1,210,45,46,2014-01-12,2018-01-14,2018-01-21,2018-11-25,2018-12-02,2019-10-13,"{""colsample_bytree"": 0.8, ""learning_rate"": 0.05, ""max_depth"": 3, ""n_estimators"": 100, ""subsample"": 0.8}",12,none,42,94.5615830155964,9.724278020274635,7.459854073341692,0.4888633264743834,0.3952244498847169,32.14461156915606,0.4181509704205869,100.23424888188153,10.011705593048646,7.239589851258112,0.3672946774405682,0.3940705736266334,30.40025612949961,1.7316079105061053,4.513,weekly,spike,spike,1.5,0,10.098322008424454,spike,weekly|R06|A_lag1,,5,,,,,,,5.0,3.247679242300057,10.429566222458384,4.0
XGBoost,R06,A_lag1,pacf_train,1,1,210,45,46,2014-01-12,2018-01-14,2018-01-21,2018-11-25,2018-12-02,2019-10-13,"{""colsample_bytree"": 0.8, ""learning_rate"": 0.05, ""max_depth"": 3, ""n_estimators"": 100, ""subsample"": 0.8}",12,none,42,120.86148799458766,10.993702196921094,8.128306530422634,0.3467036299432433,0.4468177374109909,33.86534365931173,0.4254118144712411,97.7417405876947,9.886442261384763,7.102951578057331,0.3830280548225241,0.3891400857587678,29.90211257932228,1.666711653992947,4.495,weekly,spike,spike,1.5,0,9.987393000946703,spike,weekly|R06|A_lag1,,5,,,,,,,,3.314740002112149,10.295826780450264,4.0
Naive,R06,A_lag1,pacf_train,1,1,210,45,46,2014-01-12,2018-01-14,2018-01-21,2018-11-25,2018-12-02,2019-10-13,{},0,none,42,72.78178666666668,8.531224218520263,7.1773333333333325,0.6065903388703285,0.3467350883611017,31.67014048982149,0.4256223160582587,114.81093369565222,10.7149864066947,7.753478260869567,0.472609792857432,0.3747578351531463,30.54623337127637,1.6936320397038709,0.0,weekly,level,level,1.3,0,11.796045804863375,level,weekly|R06|A_lag1,,5,,,,,,,,12.821776567536425,8.07613230720487,23.0
S1 [linear],R06,A_lag1,pacf_train,1,1,210,45,46,2014-01-12,2018-01-14,2018-01-21,2018-11-25,2018-12-02,2019-10-13,{},0,none,42,69.38078682149396,8.329513000259617,6.405952128088666,0.6249738693917666,0.3385369264917655,27.86500534047628,0.408226425108261,105.67750571841552,10.279956503721966,7.552286307084219,0.514564686157102,0.3595426161620066,29.86049239592643,1.788907140010756,0.005,weekly,level,level,1.3,0,9.930938891644752,level,weekly|R06|A_lag1,,5,linear,0.0,8.329513000259617,0.0,,10.279956503721966,,11.90771423284205,8.340344908083956,23.0
AR-LRX [linear],R06,A_lag1,pacf_train,1,1,210,45,46,2014-01-12,2018-01-14,2018-01-21,2018-11-25,2018-12-02,2019-10-13,"{""colsample_bytree"": 0.8, ""learning_rate"": 0.05, ""max_depth"": 3, ""n_estimators"": 100, ""subsample"": 0.8}",132,none,42,69.38078682149396,8.329513000259617,6.405952128088666,0.6249738693917666,0.3385369264917655,27.86500534047628,0.408226425108261,105.67750571841552,10.279956503721966,7.552286307084219,0.514564686157102,0.3595426161620066,29.86049239592643,1.788907140010756,4.116,weekly,level,level,1.3,0,9.930938891644752,level,weekly|R06|A_lag1,-0.0878740360690704,5,linear,0.0,8.329513000259617,0.0,-0.4314917954962967,10.279956503721966,5.0,11.90771423284205,8.340344908083956,23.0
"LR-XGB (residual, tanpa gerbang)",R06,A_lag1,pacf_train,1,1,210,45,46,2014-01-12,2018-01-14,2018-01-21,2018-11-25,2018-12-02,2019-10-13,"{""colsample_bytree"": 0.8, ""learning_rate"": 0.05, ""max_depth"": 3, ""n_estimators"": 100, ""subsample"": 0.8}",12,none,42,94.5615830155964,9.724278020274635,7.459854073341692,0.4888633264743834,0.3952244498847169,32.14461156915606,0.4181509704205869,110.44669607258108,10.50936230570538,7.725104664033922,0.49265715341764,0.3675661094693952,29.73551880893769,1.6101300964504126,4.311,weekly,level,level,1.3,0,10.583980287442875,level,weekly|R06|A_lag1,,5,,,,,,,5.0,10.773818320002054,10.238077502771224,23.0
XGBoost,R06,A_lag1,pacf_train,1,1,210,45,46,2014-01-12,2018-01-14,2018-01-21,2018-11-25,2018-12-02,2019-10-13,"{""colsample_bytree"": 0.8, ""learning_rate"": 0.05, ""max_depth"": 3, ""n_estimators"": 100, ""subsample"": 0.8}",12,none,42,120.86148799458766,10.993702196921094,8.128306530422634,0.3467036299432433,0.4468177374109909,33.86534365931173,0.4254118144712411,107.81599895820202,10.383448317307792,7.551249550197434,0.5047414022903087,0.3631622537932092,29.56177692855287,1.5428278507641329,4.402,weekly,level,level,1.3,0,10.180617090652468,level,weekly|R06|A_lag1,,5,,,,,,,,10.456107332927274,10.310277268759972,23.0
Naive,R06,B_rich,pacf_train,1,1,210,45,46,2014-01-12,2018-01-14,2018-01-21,2018-11-25,2018-12-02,2019-10-13,{},0,none,42,72.78178666666668,8.531224218520263,7.1773333333333325,0.6065903388703285,0.3467350883611017,31.67014048982149,0.4256223160582587,88.61228260869566,9.413409722767604,6.910869565217392,0.4692393642943022,0.3794499042625636,31.080923626166985,1.6974011088135652,0.0,weekly,clean,clean,0.0,0,9.413409722767604,clean,weekly|R06|B_rich,,5,,,,,,,,,,
S1 [linear],R06,B_rich,pacf_train,1,1,210,45,46,2014-01-12,2018-01-14,2018-01-21,2018-11-25,2018-12-02,2019-10-13,{},0,none,42,69.38078682149396,8.329513000259617,6.405952128088666,0.6249738693917666,0.3385369264917655,27.86500534047628,0.408226425108261,79.69377989817822,8.927137273402836,6.663411575061467,0.5226584844074853,0.3598485016049584,29.74831197601932,1.9484451334648163,0.006,weekly,clean,clean,0.0,0,8.927137273402836,clean,weekly|R06|B_rich,,5,linear,0.0,8.329513000259617,0.0,,8.927137273402836,,,,
AR-LRX [linear],R06,B_rich,pacf_train,1,1,210,45,46,2014-01-12,2018-01-14,2018-01-21,2018-11-25,2018-12-02,2019-10-13,"{""colsample_bytree"": 0.8, ""learning_rate"": 0.05, ""max_depth"": 3, ""n_estimators"": 100, ""subsample"": 0.8}",132,none,42,69.38078682149396,8.329513000259617,6.405952128088666,0.6249738693917666,0.3385369264917655,27.86500534047628,0.408226425108261,79.69377989817822,8.927137273402836,6.663411575061467,0.5226584844074853,0.3598485016049584,29.74831197601932,1.9484451334648163,4.386,weekly,clean,clean,0.0,0,8.927137273402836,clean,weekly|R06|B_rich,-0.2602974460185301,5,linear,0.0,8.329513000259617,0.0,-0.4314917954962967,8.927137273402836,5.0,,,
"LR-XGB (residual, tanpa gerbang)",R06,B_rich,pacf_train,1,1,210,45,46,2014-01-12,2018-01-14,2018-01-21,2018-11-25,2018-12-02,2019-10-13,"{""colsample_bytree"": 0.8, ""learning_rate"": 0.05, ""max_depth"": 3, ""n_estimators"": 100, ""subsample"": 0.8}",12,none,42,94.5615830155964,9.724278020274635,7.459854073341692,0.4888633264743834,0.3952244498847169,32.14461156915606,0.4181509704205869,98.86836945268362,9.943257486995076,7.148941042492945,0.4078085218319086,0.4008078063757139,30.409665422304897,1.73117667326937,4.648,weekly,clean,clean,0.0,0,9.943257486995076,clean,weekly|R06|B_rich,,5,,,,,,,5.0,,,
XGBoost,R06,B_rich,pacf_train,1,1,210,45,46,2014-01-12,2018-01-14,2018-01-21,2018-11-25,2018-12-02,2019-10-13,"{""colsample_bytree"": 0.8, ""learning_rate"": 0.05, ""max_depth"": 3, ""n_estimators"": 100, ""subsample"": 0.8}",12,none,42,120.86148799458766,10.993702196921094,8.128306530422634,0.3467036299432433,0.4468177374109909,33.86534365931173,0.4254118144712411,96.71941106647569,9.834602740653825,7.064513087894606,0.420680129306524,0.396427987127313,30.179882060433943,1.6668626957285428,4.682,weekly,clean,clean,0.0,0,9.834602740653825,clean,weekly|R06|B_rich,,5,,,,,,,,,,
Naive,R06,B_rich,pacf_train,1,1,210,45,46,2014-01-12,2018-01-14,2018-01-21,2018-11-25,2018-12-02,2019-10-13,{},0,none,42,74.03455937190328,8.604333755259804,7.305930674712714,0.6085269477835897,0.3486373951426403,32.08720865754625,0.4156898183863222,97.5085619373206,9.87464237009729,7.069822179300783,0.4359145719169162,0.3962193637087561,32.343630654935616,1.2533973116928014,0.0,weekly,noise_a0.10_r1,noise,0.1,1,9.491087091593728,noise_a0.10_r1,weekly|R06|B_rich,,5,,,,,,,,,,
S1 [linear],R06,B_rich,pacf_train,1,1,210,45,46,2014-01-12,2018-01-14,2018-01-21,2018-11-25,2018-12-02,2019-10-13,{},0,none,42,71.23064122446168,8.439824715268776,6.510292878008763,0.6233532451865365,0.3419716840241207,28.13006068964512,0.3967202946562511,86.82103175435051,9.31778040921498,6.828020260839625,0.497741758357086,0.3738753148262825,30.64400189261481,1.399258483942516,0.005,weekly,noise_a0.10_r1,noise,0.1,1,8.9146845454026,noise_a0.10_r1,weekly|R06|B_rich,,5,linear,0.0,8.439824715268776,0.0,,9.31778040921498,,,,
AR-LRX [linear],R06,B_rich,pacf_train,1,1,210,45,46,2014-01-12,2018-01-14,2018-01-21,2018-11-25,2018-12-02,2019-10-13,"{""colsample_bytree"": 0.8, ""learning_rate"": 0.05, ""max_depth"": 3, ""n_estimators"": 100, ""subsample"": 0.8}",132,none,42,71.23064122446168,8.439824715268776,6.510292878008763,0.6233532451865365,0.3419716840241207,28.13006068964512,0.3967202946562511,86.82103175435051,9.31778040921498,6.828020260839625,0.497741758357086,0.3738753148262825,30.64400189261481,1.399258483942516,4.419,weekly,noise_a0.10_r1,noise,0.1,1,8.9146845454026,noise_a0.10_r1,weekly|R06|B_rich,-0.0493589749979472,5,linear,0.0,8.439824715268776,0.0,-0.4761715382581104,9.31778040921498,5.0,,,
"LR-XGB (residual, tanpa gerbang)",R06,B_rich,pacf_train,1,1,210,45,46,2014-01-12,2018-01-14,2018-01-21,2018-11-25,2018-12-02,2019-10-13,"{""colsample_bytree"": 0.8, ""learning_rate"": 0.05, ""max_depth"": 3, ""n_estimators"": 100, ""subsample"": 0.8}",12,none,42,99.77580718036582,9.988784069163064,7.765527401515428,0.4724147735107985,0.4047336792795252,33.20049347010405,0.4287667110854735,89.68271513187301,9.470095835411223,6.854605424897241,0.4811869670549061,0.3799869611005069,29.96531980375723,1.357989892878806,4.382,weekly,noise_a0.10_r1,noise,0.1,1,8.99347833575942,noise_a0.10_r1,weekly|R06|B_rich,,5,,,,,,,5.0,,,
XGBoost,R06,B_rich,pacf_train,1,1,210,45,46,2014-01-12,2018-01-14,2018-01-21,2018-11-25,2018-12-02,2019-10-13,"{""colsample_bytree"": 0.8, ""learning_rate"": 0.05, ""max_depth"": 3, ""n_estimators"": 100, ""subsample"": 0.8}",12,none,42,129.0854219648946,11.361576561591027,8.664213597634104,0.3174341204707921,0.4603576023216651,35.708113477682346,0.4455215155642474,98.4610743667672,9.92275538178621,7.041373198079572,0.4304043031687808,0.3981498950802237,30.459305045533835,1.5735735762948748,4.323,weekly,noise_a0.10_r1,noise,0.1,1,9.43682502802198,noise_a0.10_r1,weekly|R06|B_rich,,5,,,,,,,,,,
Naive,R06,B_rich,pacf_train,1,1,210,45,46,2014-01-12,2018-01-14,2018-01-21,2018-11-25,2018-12-02,2019-10-13,{},0,none,42,80.36522877588664,8.964665569662186,7.495441875229296,0.5688190520508014,0.3670444310075379,34.051916045313426,0.468386290613605,92.150082964988,9.599483473863996,7.184958295148369,0.4490230819106138,0.3852807809435989,32.70906212348015,11.925188761590046,0.0,weekly,noise_a0.10_r2,noise,0.1,2,9.50899119194196,noise_a0.10_r2,weekly|R06|B_rich,,5,,,,,,,,,,
S1 [linear],R06,B_rich,pacf_train,1,1,210,45,46,2014-01-12,2018-01-14,2018-01-21,2018-11-25,2018-12-02,2019-10-13,{},0,none,42,75.35045212819377,8.68046381987701,6.746701150381036,0.5957246700853823,0.3554082278797533,30.35044286456873,0.4686726354580085,82.67373296422944,9.09250971757685,6.91635854225876,0.5056833685881428,0.3649330981467037,31.182879192188945,13.21201059190578,0.006,weekly,noise_a0.10_r2,noise,0.1,2,9.000712124241788,noise_a0.10_r2,weekly|R06|B_rich,,5,linear,0.0,8.68046381987701,0.0,,9.09250971757685,,,,
AR-LRX [linear],R06,B_rich,pacf_train,1,1,210,45,46,2014-01-12,2018-01-14,2018-01-21,2018-11-25,2018-12-02,2019-10-13,"{""colsample_bytree"": 0.8, ""learning_rate"": 0.05, ""max_depth"": 3, ""n_estimators"": 100, ""subsample"": 0.8}",132,none,42,75.35045212819377,8.68046381987701,6.746701150381036,0.5957246700853823,0.3554082278797533,30.35044286456873,0.4686726354580085,82.67373296422944,9.09250971757685,6.91635854225876,0.5056833685881428,0.3649330981467037,31.182879192188945,13.21201059190578,4.367,weekly,noise_a0.10_r2,noise,0.1,2,9.000712124241788,noise_a0.10_r2,weekly|R06|B_rich,-0.1998889204071554,5,linear,0.0,8.68046381987701,0.0,-0.4628976360276413,9.09250971757685,5.0,,,
"LR-XGB (residual, tanpa gerbang)",R06,B_rich,pacf_train,1,1,210,45,46,2014-01-12,2018-01-14,2018-01-21,2018-11-25,2018-12-02,2019-10-13,"{""colsample_bytree"": 0.8, ""learning_rate"": 0.05, ""max_depth"": 3, ""n_estimators"": 100, ""subsample"": 0.8}",12,none,42,105.30320743192692,10.261735108251766,7.730147726829321,0.4350201263134722,0.4201509464786736,34.475846523036466,0.5750738420073578,97.36328407445298,9.867283520526456,7.455976919062419,0.4178526978127012,0.396029089578721,32.36627587485868,11.57045677804418,4.603,weekly,noise_a0.10_r2,noise,0.1,2,9.842975951528832,noise_a0.10_r2,weekly|R06|B_rich,,5,,,,,,,5.0,,,
XGBoost,R06,B_rich,pacf_train,1,1,210,45,46,2014-01-12,2018-01-14,2018-01-21,2018-11-25,2018-12-02,2019-10-13,"{""colsample_bytree"": 0.8, ""learning_rate"": 0.05, ""max_depth"": 3, ""n_estimators"": 100, ""subsample"": 0.8}",12,none,42,120.12324127171487,10.960074875278677,8.361246231603488,0.3555066807971407,0.4487433931735911,36.229557352111854,0.6069483580900279,95.76824664718764,9.786125211092878,7.507933733778201,0.4273896268922527,0.3927717542310677,33.07722286136035,11.03955421721416,4.306,weekly,noise_a0.10_r2,noise,0.1,2,9.770665556554636,noise_a0.10_r2,weekly|R06|B_rich,,5,,,,,,,,,,
Naive,R06,B_rich,pacf_train,1,1,210,45,46,2014-01-12,2018-01-14,2018-01-21,2018-11-25,2018-12-02,2019-10-13,{},0,none,42,57.14841122066103,7.559656818974062,5.865323193721792,0.667939073632067,0.2900822577426527,24.43880547028226,0.3065674845446973,98.3076443382619,9.915021146637152,7.652863502708556,0.3789171461834466,0.4001718768446754,36.91482476768331,0.5359932865096507,0.0,weekly,noise_a0.25_r1,noise,0.25,1,9.81056838838783,noise_a0.25_r1,weekly|R06|B_rich,,5,,,,,,,,,,
S1 [linear],R06,B_rich,pacf_train,1,1,210,45,46,2014-01-12,2018-01-14,2018-01-21,2018-11-25,2018-12-02,2019-10-13,{},0,none,42,61.20628934887051,7.823444851781759,5.4459342480080855,0.6443607668767208,0.3002044405288198,21.869485502216325,0.2761882337907602,86.47162573725795,9.299012083939775,7.114484496889959,0.4536941206498791,0.3753096502162888,33.916680961333086,0.5301424503803217,0.006,weekly,noise_a0.25_r1,noise,0.25,1,9.341352283828629,noise_a0.25_r1,weekly|R06|B_rich,,5,linear,0.0,7.823444851781759,0.0,,9.299012083939775,,,,
AR-LRX [linear],R06,B_rich,pacf_train,1,1,210,45,46,2014-01-12,2018-01-14,2018-01-21,2018-11-25,2018-12-02,2019-10-13,"{""colsample_bytree"": 0.8, ""learning_rate"": 0.05, ""max_depth"": 3, ""n_estimators"": 100, ""subsample"": 0.8}",132,none,42,61.20628934887051,7.823444851781759,5.4459342480080855,0.6443607668767208,0.3002044405288198,21.869485502216325,0.2761882337907602,86.47162573725795,9.299012083939775,7.114484496889959,0.4536941206498791,0.3753096502162888,33.916680961333086,0.5301424503803217,4.302,weekly,noise_a0.25_r1,noise,0.25,1,9.341352283828629,noise_a0.25_r1,weekly|R06|B_rich,-0.1978693310827757,5,linear,0.0,7.823444851781759,0.0,-0.5037924762799413,9.299012083939775,5.0,,,
"LR-XGB (residual, tanpa gerbang)",R06,B_rich,pacf_train,1,1,210,45,46,2014-01-12,2018-01-14,2018-01-21,2018-11-25,2018-12-02,2019-10-13,"{""colsample_bytree"": 0.8, ""learning_rate"": 0.05, ""max_depth"": 3, ""n_estimators"": 100, ""subsample"": 0.8}",12,none,42,82.33631342309465,9.073935938890832,6.779835623244408,0.5215847313160521,0.3481887983537948,26.528333245190343,0.2964959571445319,102.1435938955499,10.106611395297136,7.818287776227358,0.3546825862550331,0.407904490649277,35.50078750726259,0.5281040268241775,4.601,weekly,noise_a0.25_r1,noise,0.25,1,10.123909107681122,noise_a0.25_r1,weekly|R06|B_rich,,5,,,,,,,5.0,,,
XGBoost,R06,B_rich,pacf_train,1,1,210,45,46,2014-01-12,2018-01-14,2018-01-21,2018-11-25,2018-12-02,2019-10-13,"{""colsample_bytree"": 0.8, ""learning_rate"": 0.05, ""max_depth"": 3, ""n_estimators"": 100, ""subsample"": 0.8}",12,none,42,119.38721341649952,10.926445598478011,7.821521250245962,0.3063004231124381,0.4192740602130826,29.87566145967113,0.341168401293687,99.17928078442678,9.95887949442239,7.590804162799211,0.3734103673859417,0.4019420069421264,35.288969242068866,0.5415325525040974,4.34,weekly,noise_a0.25_r1,noise,0.25,1,9.964772137344188,noise_a0.25_r1,weekly|R06|B_rich,,5,,,,,,,,,,
Naive,R06,B_rich,pacf_train,1,1,210,45,46,2014-01-12,2018-01-14,2018-01-21,2018-11-25,2018-12-02,2019-10-13,{},0,none,42,86.7514328774845,9.314044925674589,7.653665546281313,0.5406326736444154,0.3866191808348516,39.13038996057232,0.7066670199035059,95.21785916612453,9.757963884239608,7.422915934508021,0.4367028910465194,0.3917911778952742,34.478732371734296,1.518548511242384,0.0,weekly,noise_a0.25_r2,noise,0.25,2,9.349782455108835,noise_a0.25_r2,weekly|R06|B_rich,,5,,,,,,,,,,
S1 [linear],R06,B_rich,pacf_train,1,1,210,45,46,2014-01-12,2018-01-14,2018-01-21,2018-11-25,2018-12-02,2019-10-13,{},0,none,42,81.82164231264343,9.045531621338982,6.915154574165261,0.5667369653678986,0.3754733903008885,32.95651817033741,1.015486538047624,85.51258391608847,9.24730143966814,7.080768358275274,0.4941181022035461,0.3712876135206735,32.011142215668485,1.850394536757016,0.007,weekly,noise_a0.25_r2,noise,0.25,2,8.894468628042455,noise_a0.25_r2,weekly|R06|B_rich,,5,linear,0.0,9.045531621338982,0.0,,9.24730143966814,,,,
AR-LRX [linear],R06,B_rich,pacf_train,1,1,210,45,46,2014-01-12,2018-01-14,2018-01-21,2018-11-25,2018-12-02,2019-10-13,"{""colsample_bytree"": 0.8, ""learning_rate"": 0.05, ""max_depth"": 3, ""n_estimators"": 100, ""subsample"": 0.8}",132,none,42,81.82164231264343,9.045531621338982,6.915154574165261,0.5667369653678986,0.3754733903008885,32.95651817033741,1.015486538047624,85.51258391608847,9.24730143966814,7.080768358275274,0.4941181022035461,0.3712876135206735,32.011142215668485,1.850394536757016,4.119,weekly,noise_a0.25_r2,noise,0.25,2,8.894468628042455,noise_a0.25_r2,weekly|R06|B_rich,-0.1614600807384381,5,linear,0.0,9.045531621338982,0.0,-0.4142636108145112,9.24730143966814,5.0,,,
"LR-XGB (residual, tanpa gerbang)",R06,B_rich,pacf_train,1,1,210,45,46,2014-01-12,2018-01-14,2018-01-21,2018-11-25,2018-12-02,2019-10-13,"{""colsample_bytree"": 0.8, ""learning_rate"": 0.05, ""max_depth"": 3, ""n_estimators"": 100, ""subsample"": 0.8}",12,none,42,110.79462454119408,10.525902552332226,8.595837803953662,0.4133188494772566,0.4369225030375743,39.37992894509733,1.1933988461191765,97.17066687328482,9.857518291805745,7.590598530660942,0.4251503215451793,0.3957883784452782,32.93227700173315,1.868369137470421,4.347,weekly,noise_a0.25_r2,noise,0.25,2,9.483268144581947,noise_a0.25_r2,weekly|R06|B_rich,,5,,,,,,,5.0,,,
XGBoost,R06,B_rich,pacf_train,1,1,210,45,46,2014-01-12,2018-01-14,2018-01-21,2018-11-25,2018-12-02,2019-10-13,"{""colsample_bytree"": 0.8, ""learning_rate"": 0.05, ""max_depth"": 3, ""n_estimators"": 100, ""subsample"": 0.8}",12,none,42,139.6623039066757,11.81788068592147,9.42410968178887,0.2604583346896869,0.4905515687819224,41.88004189928844,1.21888183674128,93.7785591242731,9.683933040055216,7.391172643115688,0.4452176125451096,0.3888187717675542,32.662598392706975,1.7796702764921004,4.221,weekly,noise_a0.25_r2,noise,0.25,2,9.34207791656376,noise_a0.25_r2,weekly|R06|B_rich,,5,,,,,,,,,,
Naive,R06,B_rich,pacf_train,1,1,210,45,46,2014-01-12,2018-01-14,2018-01-21,2018-11-25,2018-12-02,2019-10-13,{},0,none,42,126.17825203523596,11.232909330856186,9.696734238849814,0.4454338865701184,0.4740385578677221,49.145390110304746,1.0331711517143525,109.44793602646064,10.461736759566294,8.450882750368004,0.3477470295861257,0.4104090376205434,44.50153996698616,3.3987741781329466,0.0,weekly,noise_a0.50_r1,noise,0.5,1,10.211370885894183,noise_a0.50_r1,weekly|R06|B_rich,,5,,,,,,,,,,
S1 [linear],R06,B_rich,pacf_train,1,1,210,45,46,2014-01-12,2018-01-14,2018-01-21,2018-11-25,2018-12-02,2019-10-13,{},0,none,42,122.52963657910232,11.06931057379376,8.695926938860595,0.4614699186142396,0.4671345478216521,42.70121804919981,1.3987256498421463,99.41658961940436,9.970786810448027,8.024270759197991,0.407528654793486,0.3911493008513843,40.03087039515193,3.463835093942742,0.005,weekly,noise_a0.50_r1,noise,0.5,1,9.627333724555912,noise_a0.50_r1,weekly|R06|B_rich,,5,linear,0.0,11.06931057379376,0.0,,9.970786810448027,,,,
AR-LRX [linear],R06,B_rich,pacf_train,1,1,210,45,46,2014-01-12,2018-01-14,2018-01-21,2018-11-25,2018-12-02,2019-10-13,"{""colsample_bytree"": 0.8, ""learning_rate"": 0.05, ""max_depth"": 3, ""n_estimators"": 100, ""subsample"": 0.8}",132,none,42,122.52963657910232,11.06931057379376,8.695926938860595,0.4614699186142396,0.4671345478216521,42.70121804919981,1.3987256498421463,99.41658961940436,9.970786810448027,8.024270759197991,0.407528654793486,0.3911493008513843,40.03087039515193,3.463835093942742,4.466,weekly,noise_a0.50_r1,noise,0.5,1,9.627333724555912,noise_a0.50_r1,weekly|R06|B_rich,-0.1645519418875658,5,linear,0.0,11.06931057379376,0.0,-0.2558027360903909,9.970786810448027,5.0,,,
"LR-XGB (residual, tanpa gerbang)",R06,B_rich,pacf_train,1,1,210,45,46,2014-01-12,2018-01-14,2018-01-21,2018-11-25,2018-12-02,2019-10-13,"{""colsample_bytree"": 0.8, ""learning_rate"": 0.05, ""max_depth"": 3, ""n_estimators"": 100, ""subsample"": 0.8}",12,none,42,145.95585381327535,12.081219053277502,9.52795726494695,0.3585093367836122,0.5098379670499128,45.29081535909568,1.296886624896468,108.99552017746196,10.440091962117094,8.354819238054603,0.3504431935530768,0.4095599223450615,40.332968790765065,3.936817674307586,4.86,weekly,noise_a0.50_r1,noise,0.5,1,10.01335778707552,noise_a0.50_r1,weekly|R06|B_rich,,5,,,,,,,5.0,,,
XGBoost,R06,B_rich,pacf_train,1,1,210,45,46,2014-01-12,2018-01-14,2018-01-21,2018-11-25,2018-12-02,2019-10-13,"{""colsample_bytree"": 0.8, ""learning_rate"": 0.05, ""max_depth"": 3, ""n_estimators"": 100, ""subsample"": 0.8}",12,none,42,168.093916577149,12.965103801248526,9.95808467508099,0.2612103234607792,0.5471386732969135,46.1159704559188,1.320310633760888,113.92881251617644,10.673744072075948,8.493794392014188,0.3210433282046011,0.4187259852837545,40.57465710582365,4.334685382717069,4.494,weekly,noise_a0.50_r1,noise,0.5,1,10.276345517833947,noise_a0.50_r1,weekly|R06|B_rich,,5,,,,,,,,,,
Naive,R06,B_rich,pacf_train,1,1,210,45,46,2014-01-12,2018-01-14,2018-01-21,2018-11-25,2018-12-02,2019-10-13,{},0,none,42,79.71630441547143,8.928398759882503,7.137752773392797,0.5509541665353879,0.3681308648927349,35.03679922466395,0.9139123329662002,163.84680678274984,12.800265887189603,9.712917439773651,0.1495748818461506,0.5528927269720522,53.50317223841181,1.2289158768784207,0.0,weekly,noise_a0.50_r2,noise,0.5,2,11.170011400354788,noise_a0.50_r2,weekly|R06|B_rich,,5,,,,,,,,,,
S1 [linear],R06,B_rich,pacf_train,1,1,210,45,46,2014-01-12,2018-01-14,2018-01-21,2018-11-25,2018-12-02,2019-10-13,{},0,none,42,87.72376478515824,9.366096560742807,6.69110506824741,0.5058477514549743,0.386177781739275,31.8609890030565,0.9954595170039646,132.18907227687995,11.49735066338676,7.860504313374678,0.3138901537533723,0.4966148060717763,43.45405814216745,1.2720123031788746,0.006,weekly,noise_a0.50_r2,noise,0.5,2,10.196595643125862,noise_a0.50_r2,weekly|R06|B_rich,,5,linear,0.0,9.366096560742807,0.0,,11.49735066338676,,,,
AR-LRX [linear],R06,B_rich,pacf_train,1,1,210,45,46,2014-01-12,2018-01-14,2018-01-21,2018-11-25,2018-12-02,2019-10-13,"{""colsample_bytree"": 0.8, ""learning_rate"": 0.05, ""max_depth"": 3, ""n_estimators"": 100, ""subsample"": 0.8}",132,none,42,82.91942260554315,9.106010246290255,6.850495267614719,0.5329108454369846,0.3754540447668191,32.822287085890174,0.9066332799676808,141.2650215309311,11.885496267759756,8.65322759266872,0.2667826429736909,0.5133803079414504,45.7092733263162,1.2860040774103665,4.164,weekly,noise_a0.50_r2,noise,0.5,2,10.657582673896991,noise_a0.50_r2,weekly|R06|B_rich,-0.1170646415133922,5,linear,0.8,9.366096560742807,2.7769,-0.0235468483703948,11.49735066338676,5.0,,,
"LR-XGB (residual, tanpa gerbang)",R06,B_rich,pacf_train,1,1,210,45,46,2014-01-12,2018-01-14,2018-01-21,2018-11-25,2018-12-02,2019-10-13,"{""colsample_bytree"": 0.8, ""learning_rate"": 0.05, ""max_depth"": 3, ""n_estimators"": 100, ""subsample"": 0.8}",12,none,42,83.33208225951631,9.128640767360512,6.97600708474984,0.5305863134655848,0.3763871340607247,33.45446928008174,0.8863885641921662,145.56240018096727,12.064924375269298,8.87016665398057,0.2444776690900399,0.5211304981742695,46.31717383357959,1.291334070420164,4.564,weekly,noise_a0.50_r2,noise,0.5,2,10.863509390349591,noise_a0.50_r2,weekly|R06|B_rich,,5,,,,,,,5.0,,,
XGBoost,R06,B_rich,pacf_train,1,1,210,45,46,2014-01-12,2018-01-14,2018-01-21,2018-11-25,2018-12-02,2019-10-13,"{""colsample_bytree"": 0.8, ""learning_rate"": 0.05, ""max_depth"": 3, ""n_estimators"": 100, ""subsample"": 0.8}",12,none,42,84.97801162964835,9.21835189335102,6.759098866428444,0.5213147129911984,0.3800860542467023,32.97322481059198,0.8937053903422647,141.318766902014,11.88775701728522,8.808931548573591,0.2665036847538092,0.5134779584106789,46.4692600152269,1.3296804965401543,4.68,weekly,noise_a0.50_r2,noise,0.5,2,10.861963856504255,noise_a0.50_r2,weekly|R06|B_rich,,5,,,,,,,,,,
Naive,R06,B_rich,pacf_train,1,1,210,45,46,2014-01-12,2018-01-14,2018-01-21,2018-11-25,2018-12-02,2019-10-13,{},0,none,42,72.78178666666668,8.531224218520263,7.1773333333333325,0.6065903388703285,0.3467350883611017,31.67014048982149,0.4256223160582587,91.68934782608696,9.575455489222795,7.0978260869565215,0.4212323727797727,0.3768993407071702,31.21286610964308,1.7006189413350636,0.0,weekly,spike,spike,1.5,0,9.606157445595258,spike,weekly|R06|B_rich,,5,,,,,,,,3.8979161099233512,9.9486000450889,4.0
S1 [linear],R06,B_rich,pacf_train,1,1,210,45,46,2014-01-12,2018-01-14,2018-01-21,2018-11-25,2018-12-02,2019-10-13,{},0,none,42,69.38078682149396,8.329513000259617,6.405952128088666,0.6249738693917666,0.3385369264917655,27.86500534047628,0.408226425108261,81.91778203216512,9.050844271788412,6.885117677456837,0.4829131032338879,0.3562501274972977,30.29437663111453,1.9495973734552527,0.005,weekly,spike,spike,1.5,0,9.099864777859835,spike,weekly|R06|B_rich,,5,linear,0.0,8.329513000259617,0.0,,9.050844271788412,,3.481654027446605,9.410898335759772,4.0
AR-LRX [linear],R06,B_rich,pacf_train,1,1,210,45,46,2014-01-12,2018-01-14,2018-01-21,2018-11-25,2018-12-02,2019-10-13,"{""colsample_bytree"": 0.8, ""learning_rate"": 0.05, ""max_depth"": 3, ""n_estimators"": 100, ""subsample"": 0.8}",132,none,42,69.38078682149396,8.329513000259617,6.405952128088666,0.6249738693917666,0.3385369264917655,27.86500534047628,0.408226425108261,81.91778203216512,9.050844271788412,6.885117677456837,0.4829131032338879,0.3562501274972977,30.29437663111453,1.9495973734552527,4.431,weekly,spike,spike,1.5,0,9.099864777859835,spike,weekly|R06|B_rich,-0.2478096832502729,5,linear,0.0,8.329513000259617,0.0,-0.4314917954962967,9.050844271788412,5.0,3.481654027446605,9.410898335759772,4.0
"LR-XGB (residual, tanpa gerbang)",R06,B_rich,pacf_train,1,1,210,45,46,2014-01-12,2018-01-14,2018-01-21,2018-11-25,2018-12-02,2019-10-13,"{""colsample_bytree"": 0.8, ""learning_rate"": 0.05, ""max_depth"": 3, ""n_estimators"": 100, ""subsample"": 0.8}",12,none,42,94.5615830155964,9.724278020274635,7.459854073341692,0.4888633264743834,0.3952244498847169,32.14461156915606,0.4181509704205869,100.23424888188153,10.011705593048646,7.239589851258112,0.3672946774405682,0.3940705736266334,30.40025612949961,1.7316079105061053,4.602,weekly,spike,spike,1.5,0,10.098322008424454,spike,weekly|R06|B_rich,,5,,,,,,,5.0,3.247679242300057,10.429566222458384,4.0
XGBoost,R06,B_rich,pacf_train,1,1,210,45,46,2014-01-12,2018-01-14,2018-01-21,2018-11-25,2018-12-02,2019-10-13,"{""colsample_bytree"": 0.8, ""learning_rate"": 0.05, ""max_depth"": 3, ""n_estimators"": 100, ""subsample"": 0.8}",12,none,42,120.86148799458766,10.993702196921094,8.128306530422634,0.3467036299432433,0.4468177374109909,33.86534365931173,0.4254118144712411,97.7417405876947,9.886442261384763,7.102951578057331,0.3830280548225241,0.3891400857587678,29.90211257932228,1.666711653992947,4.754,weekly,spike,spike,1.5,0,9.987393000946703,spike,weekly|R06|B_rich,,5,,,,,,,,3.314740002112149,10.295826780450264,4.0
Naive,R06,B_rich,pacf_train,1,1,210,45,46,2014-01-12,2018-01-14,2018-01-21,2018-11-25,2018-12-02,2019-10-13,{},0,none,42,72.78178666666668,8.531224218520263,7.1773333333333325,0.6065903388703285,0.3467350883611017,31.67014048982149,0.4256223160582587,114.81093369565222,10.7149864066947,7.753478260869567,0.472609792857432,0.3747578351531463,30.54623337127637,1.6936320397038709,0.0,weekly,level,level,1.3,0,11.796045804863375,level,weekly|R06|B_rich,,5,,,,,,,,12.821776567536425,8.07613230720487,23.0
S1 [linear],R06,B_rich,pacf_train,1,1,210,45,46,2014-01-12,2018-01-14,2018-01-21,2018-11-25,2018-12-02,2019-10-13,{},0,none,42,69.38078682149396,8.329513000259617,6.405952128088666,0.6249738693917666,0.3385369264917655,27.86500534047628,0.408226425108261,105.67750571841552,10.279956503721966,7.552286307084219,0.514564686157102,0.3595426161620066,29.86049239592643,1.788907140010756,0.006,weekly,level,level,1.3,0,9.930938891644752,level,weekly|R06|B_rich,,5,linear,0.0,8.329513000259617,0.0,,10.279956503721966,,11.90771423284205,8.340344908083956,23.0
AR-LRX [linear],R06,B_rich,pacf_train,1,1,210,45,46,2014-01-12,2018-01-14,2018-01-21,2018-11-25,2018-12-02,2019-10-13,"{""colsample_bytree"": 0.8, ""learning_rate"": 0.05, ""max_depth"": 3, ""n_estimators"": 100, ""subsample"": 0.8}",132,none,42,69.38078682149396,8.329513000259617,6.405952128088666,0.6249738693917666,0.3385369264917655,27.86500534047628,0.408226425108261,105.67750571841552,10.279956503721966,7.552286307084219,0.514564686157102,0.3595426161620066,29.86049239592643,1.788907140010756,4.173,weekly,level,level,1.3,0,9.930938891644752,level,weekly|R06|B_rich,-0.0878740360690704,5,linear,0.0,8.329513000259617,0.0,-0.4314917954962967,10.279956503721966,5.0,11.90771423284205,8.340344908083956,23.0
"LR-XGB (residual, tanpa gerbang)",R06,B_rich,pacf_train,1,1,210,45,46,2014-01-12,2018-01-14,2018-01-21,2018-11-25,2018-12-02,2019-10-13,"{""colsample_bytree"": 0.8, ""learning_rate"": 0.05, ""max_depth"": 3, ""n_estimators"": 100, ""subsample"": 0.8}",12,none,42,94.5615830155964,9.724278020274635,7.459854073341692,0.4888633264743834,0.3952244498847169,32.14461156915606,0.4181509704205869,110.44669607258108,10.50936230570538,7.725104664033922,0.49265715341764,0.3675661094693952,29.735518808937695,1.6101300964504126,4.28,weekly,level,level,1.3,0,10.583980287442875,level,weekly|R06|B_rich,,5,,,,,,,5.0,10.773818320002054,10.238077502771224,23.0
XGBoost,R06,B_rich,pacf_train,1,1,210,45,46,2014-01-12,2018-01-14,2018-01-21,2018-11-25,2018-12-02,2019-10-13,"{""colsample_bytree"": 0.8, ""learning_rate"": 0.05, ""max_depth"": 3, ""n_estimators"": 100, ""subsample"": 0.8}",12,none,42,120.86148799458766,10.993702196921094,8.128306530422634,0.34670362994324333,0.44681773741099096,33.86534365931173,0.42541181447124116,107.81599895820202,10.383448317307792,7.551249550197434,0.5047414022903087,0.36316225379320927,29.56177692855287,1.5428278507641329,4.106,weekly,level,level,1.3,0,10.180617090652467,level,weekly|R06|B_rich,,5,,,,,,,,10.456107332927274,10.310277268759972,23.0
