model,category,feature_set,lag_rule,n_features,n_lags,n_train,n_val,n_test,train_start,train_end,val_start,val_end,test_start,test_end,params,n_grid,scaler,seed,val_MSE,val_RMSE,val_MAE,val_R2,val_nRMSE,val_SMAPE,val_RMSPE,test_MSE,test_RMSE,test_MAE,test_R2,test_nRMSE,test_SMAPE,test_RMSPE,runtime_s,granularity,config_feature_set,stage1,gate_w,stage1_val_RMSE,gate_val_gain_pct,resid_val_r2,stage1_only_test_RMSE,cross_fit_folds,augment_stage1,segment_scheme,n_segments,gate_w_map,gate_w_min,gate_w_max,val_oof_RMSE
Naive,M01AB,A_lag1,pacf_train,1,1,1473,315,317,2014-01-03,2018-01-14,2018-01-15,2018-11-25,2018-11-26,2019-10-08,{},0,none,42,15.112755555555555,3.887512772397739,2.996063492063492,-1.0889083838028975,0.7876292158258805,64.5043814997324,1.5568921901843953,17.410850473186123,4.172631121149594,3.291482649842272,-1.0779070449005217,0.784236153182909,66.44657397551136,2.203789023711625,0.0,daily,A_lag1,,,,,,,,,,,,,,
S1 [linear] (exp05c),M01AB,A_lag1,pacf_train,1,1,1473,315,317,2014-01-03,2018-01-14,2018-01-15,2018-11-25,2018-11-26,2019-10-08,{},0,none,42,7.3605331683239426,2.713030255696376,2.175527732894381,-0.017384247899057126,0.5496732790122904,47.36724549852949,1.3729886170064014,8.566003196532822,2.926773513022971,2.263650267843024,-0.022314126247201305,0.5500801615212979,46.915710730110106,1.864103666903613,5.014,daily,A_lag1,linear,0.0,2.713030255696376,0.0,,2.926773513022971,,,,,,,,
S1 [linear+cal],M01AB,A_lag1+cal,pacf_train,20,1,1473,315,317,2014-01-03,2018-01-14,2018-01-15,2018-11-25,2018-11-26,2019-10-08,{},0,none,42,7.278576994611506,2.6978837993159575,2.156270359968127,-0.006056139153899798,0.5466045324229146,46.98656327441233,1.346306384856027,8.350290078238048,2.889686847780923,2.249974123252799,0.003430268541122272,0.5431098104791495,46.82487334260907,1.8056547652820427,0.029,daily,A_lag1,linear,0.0,2.6978837993159575,0.0,,2.889686847780923,,,,,,,,
S1 [structural],M01AB,A_lag1+cal,pacf_train,20,1,1473,315,317,2014-01-03,2018-01-14,2018-01-15,2018-11-25,2018-11-26,2019-10-08,{},0,none,42,7.494874811025889,2.737676900407696,2.2188455354985557,-0.03595315697075785,0.5546668105022828,48.26229508290677,1.447574159838203,8.58561626930024,2.9301222277065917,2.2838268390088134,-0.024654858662216173,0.5507095445281682,47.69142482875793,1.7394669018766789,0.038,daily,A_lag1,structural,0.0,2.737676900407696,0.0,,2.9301222277065917,,,,,,,,
S1 [struct_linear],M01AB,A_lag1+cal,pacf_train,20,1,1473,315,317,2014-01-03,2018-01-14,2018-01-15,2018-11-25,2018-11-26,2019-10-08,{},0,none,42,7.605233404661637,2.757758764769253,2.234640063263286,-0.051207092007486965,0.5587354950328444,48.487869437951645,1.441995228411769,8.64576032226271,2.9403673787917572,2.294855270943597,-0.03183278208141127,0.5526350964503315,47.849615800650454,1.7472185252667911,0.034,daily,A_lag1,struct_linear,0.0,2.757758764769253,0.0,,2.9403673787917572,,,,,,,,
XGBoost [+cal],M01AB,A_lag1+cal,pacf_train,20,1,1473,315,317,2014-01-03,2018-01-14,2018-01-15,2018-11-25,2018-11-26,2019-10-08,"{""colsample_bytree"": 0.8, ""learning_rate"": 0.05, ""max_depth"": 3, ""n_estimators"": 100, ""subsample"": 0.8}",12,none,42,7.427606227648799,2.7253635037640023,2.176728433215429,-0.026655189616862973,0.5521720557553694,47.378374244143885,1.3792174512377522,8.516842421740941,2.9183629694986437,2.2945409260337657,-0.01644700789878195,0.5484994197523302,47.79656714403811,1.8076466042509154,4.574,daily,A_lag1,,,,,,,,,,,,,,
AR-LRX [linear+cal],M01AB,A_lag1+cal,pacf_train,20,1,1473,315,317,2014-01-03,2018-01-14,2018-01-15,2018-11-25,2018-11-26,2019-10-08,"{""colsample_bytree"": 0.8, ""learning_rate"": 0.05, ""max_depth"": 3, ""n_estimators"": 500, ""subsample"": 0.8}",132,none,42,7.267571008815324,2.695843283430126,2.155169615048957,-0.004534874820790735,0.5461911138642802,46.96238831661092,1.3575051100392543,8.379556875549591,2.8947464268135112,2.258078999957677,-6.259267257835432e-05,0.5440607463951307,46.996446079032076,1.8136077514212214,4.727,daily,A_lag1,linear,0.1,2.6978837993159575,0.0756,-0.06944947196368334,2.889686847780923,5.0,,,,,,,
AR-LRX [struct_linear],M01AB,A_lag1+cal,pacf_train,20,1,1473,315,317,2014-01-03,2018-01-14,2018-01-15,2018-11-25,2018-11-26,2019-10-08,"{""colsample_bytree"": 0.8, ""learning_rate"": 0.05, ""max_depth"": 3, ""n_estimators"": 500, ""subsample"": 0.8}",132,none,42,7.600083536969047,2.756824901398173,2.228959945837747,-0.05049526935152038,0.5585462897188773,48.33559288169226,1.4454196377486281,8.664531311711302,2.9435575944274137,2.302145621078262,-0.03407301562284859,0.5532346899359023,47.99133713463653,1.7632093417496733,4.705,daily,A_lag1,struct_linear,0.1,2.757758764769253,0.0339,-0.06731227125780626,2.9403673787917572,5.0,,,,,,,
AR-LRX-Aug [struct_linear],M01AB,A_lag1+cal,pacf_train,20,1,1473,315,317,2014-01-03,2018-01-14,2018-01-15,2018-11-25,2018-11-26,2019-10-08,"{""colsample_bytree"": 0.8, ""learning_rate"": 0.05, ""max_depth"": 3, ""n_estimators"": 100, ""subsample"": 0.8}",132,none,42,7.249256552972993,2.6924443453807902,2.1553114174526926,-0.0020034224848355375,0.5455024722913323,46.9775030373637,1.3226100055647176,8.464205935806795,2.9093308398679576,2.2749860136944093,-0.010165078988427334,0.5468018523443905,47.313415355979714,1.8895532403928672,4.38,daily,A_lag1,struct_linear,0.9000000000000002,2.757758764769253,2.3684,0.04524608352477777,2.9403673787917572,5.0,True,global,1.0,"{""0"": 0.9}",0.9,0.9,2.7053355487197894
Naive,M01AB,B_rich,pacf_train,1,1,1473,315,317,2014-01-03,2018-01-14,2018-01-15,2018-11-25,2018-11-26,2019-10-08,{},0,none,42,15.112755555555555,3.887512772397739,2.996063492063492,-1.0889083838028975,0.7876292158258805,64.5043814997324,1.5568921901843953,17.410850473186123,4.172631121149594,3.291482649842272,-1.0779070449005217,0.784236153182909,66.44657397551136,2.203789023711625,0.0,daily,B_rich,,,,,,,,,,,,,,
S1 [linear] (exp05c),M01AB,B_rich,pacf_train,1,1,1473,315,317,2014-01-03,2018-01-14,2018-01-15,2018-11-25,2018-11-26,2019-10-08,{},0,none,42,7.3605331683239426,2.713030255696376,2.175527732894381,-0.017384247899057126,0.5496732790122904,47.36724549852949,1.3729886170064014,8.566003196532822,2.926773513022971,2.263650267843024,-0.022314126247201305,0.5500801615212979,46.915710730110106,1.864103666903613,0.008,daily,B_rich,linear,0.0,2.713030255696376,0.0,,2.926773513022971,,,,,,,,
S1 [linear+cal],M01AB,B_rich+cal,pacf_train,20,1,1473,315,317,2014-01-03,2018-01-14,2018-01-15,2018-11-25,2018-11-26,2019-10-08,{},0,none,42,7.278576994611506,2.6978837993159575,2.156270359968127,-0.006056139153899798,0.5466045324229146,46.98656327441233,1.346306384856027,8.350290078238048,2.889686847780923,2.249974123252799,0.003430268541122272,0.5431098104791495,46.82487334260907,1.8056547652820427,0.023,daily,B_rich,linear,0.0,2.6978837993159575,0.0,,2.889686847780923,,,,,,,,
S1 [structural],M01AB,B_rich+cal,pacf_train,20,1,1473,315,317,2014-01-03,2018-01-14,2018-01-15,2018-11-25,2018-11-26,2019-10-08,{},0,none,42,7.494874811025889,2.737676900407696,2.2188455354985557,-0.03595315697075785,0.5546668105022828,48.26229508290677,1.447574159838203,8.58561626930024,2.9301222277065917,2.2838268390088134,-0.024654858662216173,0.5507095445281682,47.69142482875793,1.7394669018766789,0.029,daily,B_rich,structural,0.0,2.737676900407696,0.0,,2.9301222277065917,,,,,,,,
S1 [struct_linear],M01AB,B_rich+cal,pacf_train,20,1,1473,315,317,2014-01-03,2018-01-14,2018-01-15,2018-11-25,2018-11-26,2019-10-08,{},0,none,42,7.605233404661637,2.757758764769253,2.234640063263286,-0.051207092007486965,0.5587354950328444,48.487869437951645,1.441995228411769,8.64576032226271,2.9403673787917572,2.294855270943597,-0.03183278208141127,0.5526350964503315,47.849615800650454,1.7472185252667911,0.036,daily,B_rich,struct_linear,0.0,2.757758764769253,0.0,,2.9403673787917572,,,,,,,,
XGBoost [+cal],M01AB,B_rich+cal,pacf_train,20,1,1473,315,317,2014-01-03,2018-01-14,2018-01-15,2018-11-25,2018-11-26,2019-10-08,"{""colsample_bytree"": 0.8, ""learning_rate"": 0.05, ""max_depth"": 3, ""n_estimators"": 100, ""subsample"": 0.8}",12,none,42,7.427606227648799,2.7253635037640023,2.176728433215429,-0.026655189616862973,0.5521720557553694,47.378374244143885,1.3792174512377522,8.516842421740941,2.9183629694986437,2.2945409260337657,-0.01644700789878195,0.5484994197523302,47.79656714403811,1.8076466042509154,4.604,daily,B_rich,,,,,,,,,,,,,,
AR-LRX [linear+cal],M01AB,B_rich+cal,pacf_train,20,1,1473,315,317,2014-01-03,2018-01-14,2018-01-15,2018-11-25,2018-11-26,2019-10-08,"{""colsample_bytree"": 0.8, ""learning_rate"": 0.05, ""max_depth"": 3, ""n_estimators"": 500, ""subsample"": 0.8}",132,none,42,7.267571008815324,2.695843283430126,2.155169615048957,-0.004534874820790735,0.5461911138642802,46.96238831661092,1.3575051100392543,8.379556875549591,2.8947464268135112,2.258078999957677,-6.259267257835432e-05,0.5440607463951307,46.996446079032076,1.8136077514212214,4.256,daily,B_rich,linear,0.1,2.6978837993159575,0.0756,-0.06944947196368334,2.889686847780923,5.0,,,,,,,
AR-LRX [struct_linear],M01AB,B_rich+cal,pacf_train,20,1,1473,315,317,2014-01-03,2018-01-14,2018-01-15,2018-11-25,2018-11-26,2019-10-08,"{""colsample_bytree"": 0.8, ""learning_rate"": 0.05, ""max_depth"": 3, ""n_estimators"": 500, ""subsample"": 0.8}",132,none,42,7.600083536969047,2.756824901398173,2.228959945837747,-0.05049526935152038,0.5585462897188773,48.33559288169226,1.4454196377486281,8.664531311711302,2.9435575944274137,2.302145621078262,-0.03407301562284859,0.5532346899359023,47.99133713463653,1.7632093417496733,4.445,daily,B_rich,struct_linear,0.1,2.757758764769253,0.0339,-0.06731227125780626,2.9403673787917572,5.0,,,,,,,
AR-LRX-Aug [struct_linear],M01AB,B_rich+cal,pacf_train,20,1,1473,315,317,2014-01-03,2018-01-14,2018-01-15,2018-11-25,2018-11-26,2019-10-08,"{""colsample_bytree"": 0.8, ""learning_rate"": 0.05, ""max_depth"": 3, ""n_estimators"": 100, ""subsample"": 0.8}",132,none,42,7.249256552972993,2.6924443453807902,2.1553114174526926,-0.0020034224848355375,0.5455024722913323,46.9775030373637,1.3226100055647176,8.464205935806795,2.9093308398679576,2.2749860136944093,-0.010165078988427334,0.5468018523443905,47.313415355979714,1.8895532403928672,4.53,daily,B_rich,struct_linear,0.9000000000000002,2.757758764769253,2.3684,0.04524608352477777,2.9403673787917572,5.0,True,global,1.0,"{""0"": 0.9}",0.9,0.9,2.7053355487197894
Naive,M01AE,A_lag1,pacf_train,1,21,1459,312,314,2014-01-23,2018-01-20,2018-01-21,2018-11-28,2018-11-29,2019-10-08,{},0,none,42,8.063918044871794,2.8397038657000477,2.218602564102564,-1.0160140755539473,0.7349227624344821,60.37815381835404,19.092561696684115,8.127574394904459,2.850890105722151,2.2165859872611464,-0.4660092267111404,0.7429677004131198,66.51148449675807,2.7600257404290813,0.0,daily,A_lag1,,,,,,,,,,,,,,
S1 [linear] (exp05c),M01AE,A_lag1,pacf_train,1,21,1459,312,314,2014-01-23,2018-01-20,2018-01-21,2018-11-28,2018-11-29,2019-10-08,{},0,none,42,4.030009093885328,2.007488254980668,1.604507226399023,-0.00751954728136095,0.519543193121465,44.18282874781168,8.974778377032807,5.39158856688948,2.3219794501436657,1.7570176272245002,0.027493542151306616,0.6051288083736097,50.103371144787765,3.901992843556399,0.007,daily,A_lag1,linear,0.0,2.007488254980668,0.0,,2.3219794501436657,,,,,,,,
S1 [linear+cal],M01AE,A_lag1+cal,pacf_train,20,21,1459,312,314,2014-01-23,2018-01-20,2018-01-21,2018-11-28,2018-11-29,2019-10-08,{},0,none,42,3.8396502308476803,1.9595025467826472,1.5656994849286368,0.04007098441239765,0.5071243667599455,43.41738000822165,8.082727310429794,4.915226360392854,2.2170309786723443,1.690644252744756,0.11341725764732957,0.5777782891956114,48.603912151321374,3.635435838184778,0.019,daily,A_lag1,linear,0.0,1.9595025467826472,0.0,,2.2170309786723443,,,,,,,,
S1 [structural],M01AE,A_lag1+cal,pacf_train,20,21,1459,312,314,2014-01-23,2018-01-20,2018-01-21,2018-11-28,2018-11-29,2019-10-08,{},0,none,42,4.066852168328423,2.0166437881610184,1.6294400580889306,-0.01673047381244075,0.5219126689734144,45.07831638157908,7.234066607363867,5.159937271243136,2.2715495308804377,1.7320057757928733,0.06927758746377322,0.5919863161141513,49.52469319896991,3.653794735023472,0.035,daily,A_lag1,structural,0.0,2.0166437881610184,0.0,,2.2715495308804377,,,,,,,,
S1 [struct_linear],M01AE,A_lag1+cal,pacf_train,20,21,1459,312,314,2014-01-23,2018-01-20,2018-01-21,2018-11-28,2018-11-29,2019-10-08,{},0,none,42,4.091674071978533,2.0227886869316163,1.6296027367967127,-0.022936056118983084,0.5235029847925798,45.05238793570916,7.786436037204276,5.072660564440053,2.252256771427284,1.7125121574376054,0.08502010192546794,0.5869584488186835,49.10902414377673,3.579091369399174,0.034,daily,A_lag1,struct_linear,0.0,2.0227886869316163,0.0,,2.252256771427284,,,,,,,,
XGBoost [+cal],M01AE,A_lag1+cal,pacf_train,20,21,1459,312,314,2014-01-23,2018-01-20,2018-01-21,2018-11-28,2018-11-29,2019-10-08,"{""colsample_bytree"": 0.8, ""learning_rate"": 0.05, ""max_depth"": 3, ""n_estimators"": 100, ""subsample"": 0.8}",12,none,42,3.8691794844671823,1.967023000492669,1.5614437837111643,0.03268854443641389,0.5090706797829647,43.29238897156758,8.151680578993199,4.953176956347633,2.225573399451843,1.7055732557029482,0.10657192826298423,0.580004521174798,49.17825924830513,3.5342257407179933,3.882,daily,A_lag1,,,,,,,,,,,,,,
AR-LRX [linear+cal],M01AE,A_lag1+cal,pacf_train,20,21,1459,312,314,2014-01-23,2018-01-20,2018-01-21,2018-11-28,2018-11-29,2019-10-08,"{""colsample_bytree"": 0.8, ""learning_rate"": 0.05, ""max_depth"": 3, ""n_estimators"": 100, ""subsample"": 0.8}",132,none,42,3.8396502308476803,1.9595025467826472,1.5656994849286368,0.04007098441239765,0.5071243667599455,43.41738000822165,8.082727310429794,4.915226360392854,2.2170309786723443,1.690644252744756,0.11341725764732957,0.5777782891956114,48.603912151321374,3.635435838184778,3.782,daily,A_lag1,linear,0.0,1.9595025467826472,0.0,-0.03687712401104015,2.2170309786723443,5.0,,,,,,,
AR-LRX [struct_linear],M01AE,A_lag1+cal,pacf_train,20,21,1459,312,314,2014-01-23,2018-01-20,2018-01-21,2018-11-28,2018-11-29,2019-10-08,"{""colsample_bytree"": 0.8, ""learning_rate"": 0.05, ""max_depth"": 3, ""n_estimators"": 100, ""subsample"": 0.8}",132,none,42,4.091674071978533,2.0227886869316163,1.6296027367967127,-0.022936056118983084,0.5235029847925798,45.05238793570916,7.786436037204276,5.072660564440053,2.252256771427284,1.7125121574376054,0.08502010192546794,0.5869584488186835,49.10902414377673,3.579091369399174,4.032,daily,A_lag1,struct_linear,0.0,2.0227886869316163,0.0,-0.03001458381920763,2.252256771427284,5.0,,,,,,,
AR-LRX-Aug [struct_linear],M01AE,A_lag1+cal,pacf_train,20,21,1459,312,314,2014-01-23,2018-01-20,2018-01-21,2018-11-28,2018-11-29,2019-10-08,"{""colsample_bytree"": 0.8, ""learning_rate"": 0.05, ""max_depth"": 3, ""n_estimators"": 100, ""subsample"": 0.8}",132,none,42,3.9514605677007966,1.98782810315701,1.5854732213817742,0.012117920946969729,0.5144550945832175,43.83356416104738,7.8828599466294325,4.916607135577036,2.2173423586755914,1.687676405174225,0.11316820066406852,0.5778594376357082,48.66292332940222,3.5295822610314165,4.242,daily,A_lag1,struct_linear,0.7000000000000001,2.0227886869316163,1.7283,0.025971436734135156,2.252256771427284,5.0,True,global,1.0,"{""0"": 0.7}",0.7,0.7,1.991105466878138
Naive,M01AE,B_rich,pacf_train,22,21,1459,312,314,2014-01-23,2018-01-20,2018-01-21,2018-11-28,2018-11-29,2019-10-08,{},0,none,42,8.063918044871794,2.8397038657000477,2.218602564102564,-1.0160140755539473,0.7349227624344821,60.37815381835404,19.092561696684115,8.127574394904459,2.850890105722151,2.2165859872611464,-0.4660092267111404,0.7429677004131198,66.51148449675807,2.7600257404290813,0.0,daily,B_rich,,,,,,,,,,,,,,
S1 [linear] (exp05c),M01AE,B_rich,pacf_train,22,21,1459,312,314,2014-01-23,2018-01-20,2018-01-21,2018-11-28,2018-11-29,2019-10-08,{},0,none,42,4.001935488421122,2.000483813586384,1.5815566832610755,-0.0005010255835395938,0.5177304254308,43.629559076413784,8.745514089424283,4.850956322761249,2.2024886657509155,1.6781726449236807,0.1250099498321069,0.573988431155052,48.66748692964677,3.912127464558648,0.019,daily,B_rich,linear,0.0,2.000483813586384,0.0,,2.2024886657509155,,,,,,,,
S1 [linear+cal],M01AE,B_rich+cal,pacf_train,41,21,1459,312,314,2014-01-23,2018-01-20,2018-01-21,2018-11-28,2018-11-29,2019-10-08,{},0,none,42,3.8789607383835354,1.9695077401177015,1.5534367685909605,0.030243189031980533,0.5097137368746623,43.06256801896467,8.038069743814887,4.662925413230249,2.1593807939384497,1.648742043893875,0.1589259787585422,0.5627541305673419,47.96070924782016,3.6905631099551237,0.076,daily,B_rich,linear,0.0,1.9695077401177015,0.0,,2.1593807939384497,,,,,,,,
S1 [structural],M01AE,B_rich+cal,pacf_train,41,21,1459,312,314,2014-01-23,2018-01-20,2018-01-21,2018-11-28,2018-11-29,2019-10-08,{},0,none,42,4.066852168328423,2.0166437881610184,1.6294400580889306,-0.01673047381244075,0.5219126689734144,45.07831638157908,7.234066607363867,5.159937271243136,2.2715495308804377,1.7320057757928733,0.06927758746377322,0.5919863161141513,49.52469319896991,3.653794735023472,0.06,daily,B_rich,structural,0.0,2.0166437881610184,0.0,,2.2715495308804377,,,,,,,,
S1 [struct_linear],M01AE,B_rich+cal,pacf_train,41,21,1459,312,314,2014-01-23,2018-01-20,2018-01-21,2018-11-28,2018-11-29,2019-10-08,{},0,none,42,4.134005697217049,2.033225441808421,1.6151805874043215,-0.03351914387446886,0.5262040441592127,44.61378375218354,7.7559121396199515,4.805240262648682,2.1920858246539257,1.6681500413405004,0.1332559728984627,0.571277356844583,48.3890832286603,3.563921864047533,0.104,daily,B_rich,struct_linear,0.0,2.033225441808421,0.0,,2.1920858246539257,,,,,,,,
XGBoost [+cal],M01AE,B_rich+cal,pacf_train,41,21,1459,312,314,2014-01-23,2018-01-20,2018-01-21,2018-11-28,2018-11-29,2019-10-08,"{""colsample_bytree"": 0.8, ""learning_rate"": 0.05, ""max_depth"": 3, ""n_estimators"": 100, ""subsample"": 0.8}",12,none,42,3.8727487486749745,1.9679300670183824,1.574941385415884,0.03179621308554459,0.509305430964185,43.676145410274216,7.683417530321659,4.774652647191226,2.185097857577831,1.683703600749848,0.13877320649177638,0.5694562295346709,48.85491204066154,3.6665627340254656,6.332,daily,B_rich,,,,,,,,,,,,,,
AR-LRX [linear+cal],M01AE,B_rich+cal,pacf_train,41,21,1459,312,314,2014-01-23,2018-01-20,2018-01-21,2018-11-28,2018-11-29,2019-10-08,"{""colsample_bytree"": 0.8, ""learning_rate"": 0.1, ""max_depth"": 5, ""n_estimators"": 500, ""subsample"": 0.8}",132,none,42,3.8585028265949153,1.9643072128857326,1.5461490812153766,0.035357754667791674,0.5083678268712992,42.897256585632576,8.120567873843122,4.705226430517358,2.1691533902694293,1.657500622685656,0.1512959431994645,0.5653009574017122,48.20591900271963,3.761788093852432,8.938,daily,B_rich,linear,0.2,1.9695077401177015,0.2641,-0.11271477874057623,2.1593807939384497,5.0,,,,,,,
AR-LRX [struct_linear],M01AE,B_rich+cal,pacf_train,41,21,1459,312,314,2014-01-23,2018-01-20,2018-01-21,2018-11-28,2018-11-29,2019-10-08,"{""colsample_bytree"": 0.8, ""learning_rate"": 0.05, ""max_depth"": 5, ""n_estimators"": 500, ""subsample"": 0.8}",132,none,42,4.11640911559087,2.0288935693108376,1.6110141450069755,-0.029119923043774865,0.5250829442653501,44.5320550398563,7.679594294628214,4.787581121215805,2.188054186078536,1.6707499837097068,0.13644123617856563,0.5702266754327524,48.50419995145366,3.6530803320369385,7.646,daily,B_rich,struct_linear,0.2,2.033225441808421,0.2131,-0.08266978048585738,2.1920858246539257,5.0,,,,,,,
AR-LRX-Aug [struct_linear],M01AE,B_rich+cal,pacf_train,41,21,1459,312,314,2014-01-23,2018-01-20,2018-01-21,2018-11-28,2018-11-29,2019-10-08,"{""colsample_bytree"": 0.8, ""learning_rate"": 0.05, ""max_depth"": 3, ""n_estimators"": 500, ""subsample"": 0.8}",132,none,42,3.969140344021929,1.9922701483538645,1.5850697463903947,0.00769790108594004,0.5156047074588286,43.91082623243531,7.511978582209305,4.699523272940517,2.1678383871821527,1.6690670185447403,0.15232464884063057,0.5649582557248467,48.50334007444397,3.6560685705599636,7.585,daily,B_rich,struct_linear,0.5,2.033225441808421,2.0143,-0.0011732644220419086,2.1920858246539257,5.0,True,global,1.0,"{""0"": 0.5}",0.5,0.5,1.9942136595326951
Naive,N02BA,A_lag1,pacf_train,1,1,1473,315,317,2014-01-03,2018-01-14,2018-01-15,2018-11-25,2018-11-26,2019-10-08,{},0,none,42,8.334103174603174,2.886884683288055,2.2893650793650795,-0.9287620753697006,0.9162404788269394,82.69963604275131,2.342371831447952,7.760276025236593,2.7857271986389107,2.1345425867507886,-1.0094483557731615,0.9089347145988727,77.96042411378919,4.514916652855951,0.0,daily,A_lag1,,,,,,,,,,,,,,
S1 [linear] (exp05c),N02BA,A_lag1,pacf_train,1,1,1473,315,317,2014-01-03,2018-01-14,2018-01-15,2018-11-25,2018-11-26,2019-10-08,{},0,none,42,5.2531433805716725,2.2919736867101403,1.905808851129704,-0.21573533668287714,0.7274274169407499,62.32415222541202,3.320251974157873,4.645671054039993,2.155381881254455,1.7629831366345512,-0.20295154845590968,0.7032639147317814,59.40873592073984,4.295684500120711,0.01,daily,A_lag1,linear,0.0,2.2919736867101403,0.0,,2.155381881254455,,,,,,,,
S1 [linear+cal],N02BA,A_lag1+cal,pacf_train,20,1,1473,315,317,2014-01-03,2018-01-14,2018-01-15,2018-11-25,2018-11-26,2019-10-08,{},0,none,42,5.18005717606662,2.2759738961742553,1.919099877926423,-0.19882099130836428,0.7223493977782272,62.725626869931915,3.355296317450109,4.724629652316448,2.1736213221986134,1.762515157305809,-0.22339711314520683,0.7092151295733214,58.96190810349178,4.311595343219872,0.023,daily,A_lag1,linear,0.0,2.2759738961742553,0.0,,2.1736213221986134,,,,,,,,
S1 [structural],N02BA,A_lag1+cal,pacf_train,20,1,1473,315,317,2014-01-03,2018-01-14,2018-01-15,2018-11-25,2018-11-26,2019-10-08,{},0,none,42,5.7544075924776905,2.3988346321657295,1.9894814969851582,-0.3317429479889902,0.7613429814934053,63.22768171233505,3.729120915762665,5.23579408405872,2.2881857625767013,1.8381549307037386,-0.3557581945750281,0.7465955295525853,60.05685971284195,4.729270021094343,0.027,daily,A_lag1,structural,0.0,2.3988346321657295,0.0,,2.2881857625767013,,,,,,,,
S1 [struct_linear],N02BA,A_lag1+cal,pacf_train,20,1,1473,315,317,2014-01-03,2018-01-14,2018-01-15,2018-11-25,2018-11-26,2019-10-08,{},0,none,42,5.599032012426032,2.366227379696641,1.9584282083532711,-0.2957843667279083,0.7509940802059869,62.77704970388578,3.5824761187558645,5.103734638478069,2.259144669665506,1.813424239156505,-0.32156267950270667,0.7371199220667649,59.90907424548937,4.715241413049339,0.036,daily,A_lag1,struct_linear,0.0,2.366227379696641,0.0,,2.259144669665506,,,,,,,,
XGBoost [+cal],N02BA,A_lag1+cal,pacf_train,20,1,1473,315,317,2014-01-03,2018-01-14,2018-01-15,2018-11-25,2018-11-26,2019-10-08,"{""colsample_bytree"": 0.8, ""learning_rate"": 0.05, ""max_depth"": 3, ""n_estimators"": 100, ""subsample"": 0.8}",12,none,42,5.287220838455215,2.2993957550746273,1.9217931334177658,-0.22362188512291525,0.7297830356156249,62.50413721240031,3.465531744692871,4.812073666743976,2.1936439243286445,1.7806203490176036,-0.24603989420636685,0.7157481591397049,59.308145579678865,4.229125312059646,3.886,daily,A_lag1,,,,,,,,,,,,,,
AR-LRX [linear+cal],N02BA,A_lag1+cal,pacf_train,20,1,1473,315,317,2014-01-03,2018-01-14,2018-01-15,2018-11-25,2018-11-26,2019-10-08,"{""colsample_bytree"": 0.8, ""learning_rate"": 0.05, ""max_depth"": 3, ""n_estimators"": 100, ""subsample"": 0.8}",132,none,42,5.179818853756632,2.275921539455311,1.917279256044088,-0.19876583635964473,0.7223327807843053,62.67742667023762,3.3651460979768992,4.721401983193107,2.1728787318194054,1.7627141216681674,-0.22256133947017442,0.7089728351466744,58.9736797190165,4.303625269208996,4.747,daily,A_lag1,linear,0.1,2.2759738961742553,0.0023,-0.23561271088151448,2.1736213221986134,5.0,,,,,,,
AR-LRX [struct_linear],N02BA,A_lag1+cal,pacf_train,20,1,1473,315,317,2014-01-03,2018-01-14,2018-01-15,2018-11-25,2018-11-26,2019-10-08,"{""colsample_bytree"": 0.8, ""learning_rate"": 0.05, ""max_depth"": 3, ""n_estimators"": 500, ""subsample"": 0.8}",132,none,42,5.586656956398687,2.363610999381812,1.9523299985965474,-0.2929204066537334,0.7501636924990134,62.70214972701304,3.5853205999145104,5.096653317661586,2.257576868605272,1.8130126449175652,-0.31972904002582325,0.7366083756346778,59.90765333101332,4.636609618086853,4.553,daily,A_lag1,struct_linear,0.2,2.366227379696641,0.1106,-0.2455205505907705,2.259144669665506,5.0,,,,,,,
AR-LRX-Aug [struct_linear],N02BA,A_lag1+cal,pacf_train,20,1,1473,315,317,2014-01-03,2018-01-14,2018-01-15,2018-11-25,2018-11-26,2019-10-08,"{""colsample_bytree"": 0.8, ""learning_rate"": 0.05, ""max_depth"": 3, ""n_estimators"": 100, ""subsample"": 0.8}",132,none,42,5.26465145776063,2.2944828301298377,1.9137439891712766,-0.2183986517843901,0.7282237697641298,62.27240789027664,3.376007278303118,5.056024113451771,2.248560453590646,1.8293581884975707,-0.30920850089418916,0.7336664750020429,60.41642677455934,4.429448824252608,4.349,daily,A_lag1,struct_linear,1.0,2.366227379696641,3.032,-0.12283702754013803,2.259144669665506,5.0,True,global,1.0,"{""0"": 1.0}",1.0,1.0,2.3008124946358826
Naive,N02BA,B_rich,pacf_train,1,1,1473,315,317,2014-01-03,2018-01-14,2018-01-15,2018-11-25,2018-11-26,2019-10-08,{},0,none,42,8.334103174603174,2.886884683288055,2.2893650793650795,-0.9287620753697006,0.9162404788269394,82.69963604275131,2.342371831447952,7.760276025236593,2.7857271986389107,2.1345425867507886,-1.0094483557731615,0.9089347145988727,77.96042411378919,4.514916652855951,0.0,daily,B_rich,,,,,,,,,,,,,,
S1 [linear] (exp05c),N02BA,B_rich,pacf_train,1,1,1473,315,317,2014-01-03,2018-01-14,2018-01-15,2018-11-25,2018-11-26,2019-10-08,{},0,none,42,5.2531433805716725,2.2919736867101403,1.905808851129704,-0.21573533668287714,0.7274274169407499,62.32415222541202,3.320251974157873,4.645671054039993,2.155381881254455,1.7629831366345512,-0.20295154845590968,0.7032639147317814,59.40873592073984,4.295684500120711,0.009,daily,B_rich,linear,0.0,2.2919736867101403,0.0,,2.155381881254455,,,,,,,,
S1 [linear+cal],N02BA,B_rich+cal,pacf_train,20,1,1473,315,317,2014-01-03,2018-01-14,2018-01-15,2018-11-25,2018-11-26,2019-10-08,{},0,none,42,5.18005717606662,2.2759738961742553,1.919099877926423,-0.19882099130836428,0.7223493977782272,62.725626869931915,3.355296317450109,4.724629652316448,2.1736213221986134,1.762515157305809,-0.22339711314520683,0.7092151295733214,58.96190810349178,4.311595343219872,0.024,daily,B_rich,linear,0.0,2.2759738961742553,0.0,,2.1736213221986134,,,,,,,,
S1 [structural],N02BA,B_rich+cal,pacf_train,20,1,1473,315,317,2014-01-03,2018-01-14,2018-01-15,2018-11-25,2018-11-26,2019-10-08,{},0,none,42,5.7544075924776905,2.3988346321657295,1.9894814969851582,-0.3317429479889902,0.7613429814934053,63.22768171233505,3.729120915762665,5.23579408405872,2.2881857625767013,1.8381549307037386,-0.3557581945750281,0.7465955295525853,60.05685971284195,4.729270021094343,0.028,daily,B_rich,structural,0.0,2.3988346321657295,0.0,,2.2881857625767013,,,,,,,,
S1 [struct_linear],N02BA,B_rich+cal,pacf_train,20,1,1473,315,317,2014-01-03,2018-01-14,2018-01-15,2018-11-25,2018-11-26,2019-10-08,{},0,none,42,5.599032012426032,2.366227379696641,1.9584282083532711,-0.2957843667279083,0.7509940802059869,62.77704970388578,3.5824761187558645,5.103734638478069,2.259144669665506,1.813424239156505,-0.32156267950270667,0.7371199220667649,59.90907424548937,4.715241413049339,0.039,daily,B_rich,struct_linear,0.0,2.366227379696641,0.0,,2.259144669665506,,,,,,,,
XGBoost [+cal],N02BA,B_rich+cal,pacf_train,20,1,1473,315,317,2014-01-03,2018-01-14,2018-01-15,2018-11-25,2018-11-26,2019-10-08,"{""colsample_bytree"": 0.8, ""learning_rate"": 0.05, ""max_depth"": 3, ""n_estimators"": 100, ""subsample"": 0.8}",12,none,42,5.287220838455215,2.2993957550746273,1.9217931334177658,-0.22362188512291525,0.7297830356156249,62.50413721240031,3.465531744692871,4.812073666743976,2.1936439243286445,1.7806203490176036,-0.24603989420636685,0.7157481591397049,59.308145579678865,4.229125312059646,4.643,daily,B_rich,,,,,,,,,,,,,,
AR-LRX [linear+cal],N02BA,B_rich+cal,pacf_train,20,1,1473,315,317,2014-01-03,2018-01-14,2018-01-15,2018-11-25,2018-11-26,2019-10-08,"{""colsample_bytree"": 0.8, ""learning_rate"": 0.05, ""max_depth"": 3, ""n_estimators"": 100, ""subsample"": 0.8}",132,none,42,5.179818853756632,2.275921539455311,1.917279256044088,-0.19876583635964473,0.7223327807843053,62.67742667023762,3.3651460979768992,4.721401983193107,2.1728787318194054,1.7627141216681674,-0.22256133947017442,0.7089728351466744,58.9736797190165,4.303625269208996,4.345,daily,B_rich,linear,0.1,2.2759738961742553,0.0023,-0.23561271088151448,2.1736213221986134,5.0,,,,,,,
AR-LRX [struct_linear],N02BA,B_rich+cal,pacf_train,20,1,1473,315,317,2014-01-03,2018-01-14,2018-01-15,2018-11-25,2018-11-26,2019-10-08,"{""colsample_bytree"": 0.8, ""learning_rate"": 0.05, ""max_depth"": 3, ""n_estimators"": 500, ""subsample"": 0.8}",132,none,42,5.586656956398687,2.363610999381812,1.9523299985965474,-0.2929204066537334,0.7501636924990134,62.70214972701304,3.5853205999145104,5.096653317661586,2.257576868605272,1.8130126449175652,-0.31972904002582325,0.7366083756346778,59.90765333101332,4.636609618086853,4.827,daily,B_rich,struct_linear,0.2,2.366227379696641,0.1106,-0.2455205505907705,2.259144669665506,5.0,,,,,,,
AR-LRX-Aug [struct_linear],N02BA,B_rich+cal,pacf_train,20,1,1473,315,317,2014-01-03,2018-01-14,2018-01-15,2018-11-25,2018-11-26,2019-10-08,"{""colsample_bytree"": 0.8, ""learning_rate"": 0.05, ""max_depth"": 3, ""n_estimators"": 100, ""subsample"": 0.8}",132,none,42,5.26465145776063,2.2944828301298377,1.9137439891712766,-0.2183986517843901,0.7282237697641298,62.27240789027664,3.376007278303118,5.056024113451771,2.248560453590646,1.8293581884975707,-0.30920850089418916,0.7336664750020429,60.41642677455934,4.429448824252608,4.206,daily,B_rich,struct_linear,1.0,2.366227379696641,3.032,-0.12283702754013803,2.259144669665506,5.0,True,global,1.0,"{""0"": 1.0}",1.0,1.0,2.3008124946358826
Naive,N02BE,A_lag1,pacf_train,1,1,1473,315,317,2014-01-03,2018-01-14,2018-01-15,2018-11-25,2018-11-26,2019-10-08,{},0,none,42,217.44338421587304,14.745961623979396,11.26143492063492,-0.17738576461804145,0.49498648361352615,39.65327459694022,0.6401810403773499,267.6145699621451,16.358929364788672,12.260832807570978,0.035374640876223995,0.5550064058152501,45.59922383129986,0.6090563105445783,0.0,daily,A_lag1,,,,,,,,,,,,,,
S1 [linear] (exp05c),N02BE,A_lag1,pacf_train,1,1,1473,315,317,2014-01-03,2018-01-14,2018-01-15,2018-11-25,2018-11-26,2019-10-08,{},0,none,42,153.57083492845794,12.392370028709518,9.86939933741544,0.16846348047192283,0.4159820716048506,34.57583006066338,0.6084517399038339,205.6223851477789,14.339539223691217,11.141617867165255,0.2588274728647224,0.48649492568369396,40.123373437841536,0.62185815126519,0.006,daily,A_lag1,linear,0.0,12.392370028709518,0.0,,14.339539223691217,,,,,,,,
S1 [linear+cal],N02BE,A_lag1+cal,pacf_train,20,1,1473,315,317,2014-01-03,2018-01-14,2018-01-15,2018-11-25,2018-11-26,2019-10-08,{},0,none,42,130.62878458151673,11.429295016820449,9.01331983212571,0.2926872805523264,0.38365395861045515,31.83233217079156,0.5066883470076525,168.25081401678565,12.971153149076056,9.68646442900366,0.39353450779317733,0.44006994149894135,34.87673817266209,0.49774432971372967,0.017,daily,A_lag1,linear,0.0,11.429295016820449,0.0,,12.971153149076056,,,,,,,,
S1 [structural],N02BE,A_lag1+cal,pacf_train,20,1,1473,315,317,2014-01-03,2018-01-14,2018-01-15,2018-11-25,2018-11-26,2019-10-08,{},0,none,42,143.49406687021624,11.978900904098683,9.473834128901164,0.22302592810819122,0.4021029070381217,33.24061220938338,0.5196156259563435,181.67040167008074,13.478516300768447,9.886200389943363,0.34516317075729075,0.4572831583901391,35.212406764676466,0.527455199131464,0.024,daily,A_lag1,structural,0.0,11.978900904098683,0.0,,13.478516300768447,,,,,,,,
S1 [struct_linear],N02BE,A_lag1+cal,pacf_train,20,1,1473,315,317,2014-01-03,2018-01-14,2018-01-15,2018-11-25,2018-11-26,2019-10-08,{},0,none,42,137.8817856607125,11.742307510055785,9.232511428597096,0.2534146199827756,0.3941610355515553,32.64614189894507,0.5096959718691033,167.35843927130333,12.936708981472194,9.622802105362304,0.3967511013794519,0.4389013605217372,34.6894458090604,0.51191382234569,0.034,daily,A_lag1,struct_linear,0.0,11.742307510055785,0.0,,12.936708981472194,,,,,,,,
XGBoost [+cal],N02BE,A_lag1+cal,pacf_train,20,1,1473,315,317,2014-01-03,2018-01-14,2018-01-15,2018-11-25,2018-11-26,2019-10-08,"{""colsample_bytree"": 0.8, ""learning_rate"": 0.05, ""max_depth"": 3, ""n_estimators"": 100, ""subsample"": 0.8}",12,none,42,128.79615170739206,11.348839222906987,8.89150873258076,0.3026103962430907,0.3809532510180254,31.481953292022368,0.5044082340029004,177.4538553842374,13.321180705336797,9.849570998230941,0.3603618480035222,0.45194526240806604,35.26396056152614,0.5087182823829985,4.333,daily,A_lag1,,,,,,,,,,,,,,
AR-LRX [linear+cal],N02BE,A_lag1+cal,pacf_train,20,1,1473,315,317,2014-01-03,2018-01-14,2018-01-15,2018-11-25,2018-11-26,2019-10-08,"{""colsample_bytree"": 0.8, ""learning_rate"": 0.05, ""max_depth"": 3, ""n_estimators"": 100, ""subsample"": 0.8}",132,none,42,129.9653936169994,11.400236559694688,8.9654993099817,0.29627932857354145,0.38267853605893265,31.703086860299628,0.5050425843351625,169.25927427084312,13.00996826555865,9.688049306510175,0.38989948024265997,0.4413868148596561,34.8334049616182,0.49791920088679664,3.907,daily,A_lag1,linear,0.4,11.429295016820449,0.2542,-0.011283316603740268,12.971153149076056,5.0,,,,,,,
AR-LRX [struct_linear],N02BE,A_lag1+cal,pacf_train,20,1,1473,315,317,2014-01-03,2018-01-14,2018-01-15,2018-11-25,2018-11-26,2019-10-08,"{""colsample_bytree"": 0.8, ""learning_rate"": 0.1, ""max_depth"": 5, ""n_estimators"": 100, ""subsample"": 0.8}",132,none,42,137.6587206276323,11.732805317895304,9.208498753746934,0.25462244516209653,0.39384206980323216,32.59453497478847,0.5097044090415357,169.05819894401742,13.002238228244298,9.661082812184855,0.39062426275124174,0.44112455929689964,34.76586354337814,0.5134900222298897,4.067,daily,A_lag1,struct_linear,0.1,11.742307510055785,0.0809,-0.09306055410263014,12.936708981472194,5.0,,,,,,,
AR-LRX-Aug [struct_linear],N02BE,A_lag1+cal,pacf_train,20,1,1473,315,317,2014-01-03,2018-01-14,2018-01-15,2018-11-25,2018-11-26,2019-10-08,"{""colsample_bytree"": 0.8, ""learning_rate"": 0.1, ""max_depth"": 3, ""n_estimators"": 300, ""subsample"": 0.8}",132,none,42,130.97391965855218,11.44438376054177,9.109276631451237,0.29081848547246103,0.3841604514650559,32.2235650145679,0.4928800898997708,179.6448812222421,13.403166835574423,9.89445593512088,0.35246422461876503,0.45472679085991125,35.31980376365615,0.5181710066480992,5.323,daily,A_lag1,struct_linear,0.6,11.742307510055785,2.5372,0.016404739035563387,12.936708981472194,5.0,True,global,1.0,"{""0"": 0.6}",0.6,0.6,11.454551229499643
Naive,N02BE,B_rich,pacf_train,1,1,1473,315,317,2014-01-03,2018-01-14,2018-01-15,2018-11-25,2018-11-26,2019-10-08,{},0,none,42,217.44338421587304,14.745961623979396,11.26143492063492,-0.17738576461804145,0.49498648361352615,39.65327459694022,0.6401810403773499,267.6145699621451,16.358929364788672,12.260832807570978,0.035374640876223995,0.5550064058152501,45.59922383129986,0.6090563105445783,0.0,daily,B_rich,,,,,,,,,,,,,,
S1 [linear] (exp05c),N02BE,B_rich,pacf_train,1,1,1473,315,317,2014-01-03,2018-01-14,2018-01-15,2018-11-25,2018-11-26,2019-10-08,{},0,none,42,153.57083492845794,12.392370028709518,9.86939933741544,0.16846348047192283,0.4159820716048506,34.57583006066338,0.6084517399038339,205.6223851477789,14.339539223691217,11.141617867165255,0.2588274728647224,0.48649492568369396,40.123373437841536,0.62185815126519,0.01,daily,B_rich,linear,0.0,12.392370028709518,0.0,,14.339539223691217,,,,,,,,
S1 [linear+cal],N02BE,B_rich+cal,pacf_train,20,1,1473,315,317,2014-01-03,2018-01-14,2018-01-15,2018-11-25,2018-11-26,2019-10-08,{},0,none,42,130.62878458151673,11.429295016820449,9.01331983212571,0.2926872805523264,0.38365395861045515,31.83233217079156,0.5066883470076525,168.25081401678565,12.971153149076056,9.68646442900366,0.39353450779317733,0.44006994149894135,34.87673817266209,0.49774432971372967,0.024,daily,B_rich,linear,0.0,11.429295016820449,0.0,,12.971153149076056,,,,,,,,
S1 [structural],N02BE,B_rich+cal,pacf_train,20,1,1473,315,317,2014-01-03,2018-01-14,2018-01-15,2018-11-25,2018-11-26,2019-10-08,{},0,none,42,143.49406687021624,11.978900904098683,9.473834128901164,0.22302592810819122,0.4021029070381217,33.24061220938338,0.5196156259563435,181.67040167008074,13.478516300768447,9.886200389943363,0.34516317075729075,0.4572831583901391,35.212406764676466,0.527455199131464,0.033,daily,B_rich,structural,0.0,11.978900904098683,0.0,,13.478516300768447,,,,,,,,
S1 [struct_linear],N02BE,B_rich+cal,pacf_train,20,1,1473,315,317,2014-01-03,2018-01-14,2018-01-15,2018-11-25,2018-11-26,2019-10-08,{},0,none,42,137.8817856607125,11.742307510055785,9.232511428597096,0.2534146199827756,0.3941610355515553,32.64614189894507,0.5096959718691033,167.35843927130333,12.936708981472194,9.622802105362304,0.3967511013794519,0.4389013605217372,34.6894458090604,0.51191382234569,0.038,daily,B_rich,struct_linear,0.0,11.742307510055785,0.0,,12.936708981472194,,,,,,,,
XGBoost [+cal],N02BE,B_rich+cal,pacf_train,20,1,1473,315,317,2014-01-03,2018-01-14,2018-01-15,2018-11-25,2018-11-26,2019-10-08,"{""colsample_bytree"": 0.8, ""learning_rate"": 0.05, ""max_depth"": 3, ""n_estimators"": 100, ""subsample"": 0.8}",12,none,42,128.79615170739206,11.348839222906987,8.89150873258076,0.3026103962430907,0.3809532510180254,31.481953292022368,0.5044082340029004,177.4538553842374,13.321180705336797,9.849570998230941,0.3603618480035222,0.45194526240806604,35.26396056152614,0.5087182823829985,4.13,daily,B_rich,,,,,,,,,,,,,,
AR-LRX [linear+cal],N02BE,B_rich+cal,pacf_train,20,1,1473,315,317,2014-01-03,2018-01-14,2018-01-15,2018-11-25,2018-11-26,2019-10-08,"{""colsample_bytree"": 0.8, ""learning_rate"": 0.05, ""max_depth"": 3, ""n_estimators"": 100, ""subsample"": 0.8}",132,none,42,129.9653936169994,11.400236559694688,8.9654993099817,0.29627932857354145,0.38267853605893265,31.703086860299628,0.5050425843351625,169.25927427084312,13.00996826555865,9.688049306510175,0.38989948024265997,0.4413868148596561,34.8334049616182,0.49791920088679664,3.764,daily,B_rich,linear,0.4,11.429295016820449,0.2542,-0.011283316603740268,12.971153149076056,5.0,,,,,,,
AR-LRX [struct_linear],N02BE,B_rich+cal,pacf_train,20,1,1473,315,317,2014-01-03,2018-01-14,2018-01-15,2018-11-25,2018-11-26,2019-10-08,"{""colsample_bytree"": 0.8, ""learning_rate"": 0.1, ""max_depth"": 5, ""n_estimators"": 100, ""subsample"": 0.8}",132,none,42,137.6587206276323,11.732805317895304,9.208498753746934,0.25462244516209653,0.39384206980323216,32.59453497478847,0.5097044090415357,169.05819894401742,13.002238228244298,9.661082812184855,0.39062426275124174,0.44112455929689964,34.76586354337814,0.5134900222298897,4.181,daily,B_rich,struct_linear,0.1,11.742307510055785,0.0809,-0.09306055410263014,12.936708981472194,5.0,,,,,,,
AR-LRX-Aug [struct_linear],N02BE,B_rich+cal,pacf_train,20,1,1473,315,317,2014-01-03,2018-01-14,2018-01-15,2018-11-25,2018-11-26,2019-10-08,"{""colsample_bytree"": 0.8, ""learning_rate"": 0.1, ""max_depth"": 3, ""n_estimators"": 300, ""subsample"": 0.8}",132,none,42,130.97391965855218,11.44438376054177,9.109276631451237,0.29081848547246103,0.3841604514650559,32.2235650145679,0.4928800898997708,179.6448812222421,13.403166835574423,9.89445593512088,0.35246422461876503,0.45472679085991125,35.31980376365615,0.5181710066480992,4.44,daily,B_rich,struct_linear,0.6,11.742307510055785,2.5372,0.016404739035563387,12.936708981472194,5.0,True,global,1.0,"{""0"": 0.6}",0.6,0.6,11.454551229499643
Naive,N05B,A_lag1,pacf_train,1,1,1473,315,317,2014-01-03,2018-01-14,2018-01-15,2018-11-25,2018-11-26,2019-10-08,{},0,none,42,36.112,6.009326085344346,4.477460317460317,-0.5700891855747092,0.6556309631765964,51.482848952749436,1.037593235641704,34.789652996845426,5.898275425651589,4.513564668769717,-0.8613666472123493,0.6920910978425946,58.41854125142585,1.4696289793176036,0.0,daily,A_lag1,,,,,,,,,,,,,,
S1 [linear] (exp05c),N05B,A_lag1,pacf_train,1,1,1473,315,317,2014-01-03,2018-01-14,2018-01-15,2018-11-25,2018-11-26,2019-10-08,{},0,none,42,22.121535572971776,4.703353651701281,3.4966883742269155,0.03819274004682072,0.5131464395559379,39.37344562383443,0.8682197354640178,19.658609097174086,4.433803006130751,3.492097883087328,-0.05180351489516477,0.5202530178203465,44.6846688968021,1.2961836959440327,0.007,daily,A_lag1,linear,0.0,4.703353651701281,0.0,,4.433803006130751,,,,,,,,
S1 [linear+cal],N05B,A_lag1+cal,pacf_train,20,1,1473,315,317,2014-01-03,2018-01-14,2018-01-15,2018-11-25,2018-11-26,2019-10-08,{},0,none,42,23.152184864324667,4.811671732810195,3.6309416408249864,-0.0066181623256154065,0.5249641853128331,41.831915249680065,0.8877490659186464,18.62989171737107,4.3162358273582635,3.335407984968481,0.0032364195458783884,0.5064579350283422,42.81594529836368,1.153709551339583,0.02,daily,A_lag1,linear,0.0,4.811671732810195,0.0,,4.3162358273582635,,,,,,,,
S1 [structural],N05B,A_lag1+cal,pacf_train,20,1,1473,315,317,2014-01-03,2018-01-14,2018-01-15,2018-11-25,2018-11-26,2019-10-08,{},0,none,42,27.44013238115265,5.238332977308015,3.939213416353104,-0.19305092773554944,0.5715138846813608,44.91365126965279,0.9663023082599963,18.566975961793293,4.308941396885468,3.3681648766005603,0.00660262986787441,0.5056020220656994,43.45912307051047,1.1800121721128618,0.032,daily,A_lag1,structural,0.0,5.238332977308015,0.0,,4.308941396885468,,,,,,,,
S1 [struct_linear],N05B,A_lag1+cal,pacf_train,20,1,1473,315,317,2014-01-03,2018-01-14,2018-01-15,2018-11-25,2018-11-26,2019-10-08,{},0,none,42,24.616729945091095,4.961524961651517,3.8214058299143536,-0.0702941258030747,0.5413135089083638,44.08618195495895,0.9213857598543824,18.619348821855287,4.315014347815692,3.3094819813574574,0.003800500885807412,0.5063146092158626,42.61893210014501,1.1538891128849302,0.041,daily,A_lag1,struct_linear,0.0,4.961524961651517,0.0,,4.315014347815692,,,,,,,,
XGBoost [+cal],N05B,A_lag1+cal,pacf_train,20,1,1473,315,317,2014-01-03,2018-01-14,2018-01-15,2018-11-25,2018-11-26,2019-10-08,"{""colsample_bytree"": 0.8, ""learning_rate"": 0.05, ""max_depth"": 3, ""n_estimators"": 100, ""subsample"": 0.8}",12,none,42,23.5722574574113,4.855126924953796,3.606808160751585,-0.024882214041434203,0.5297052443060563,41.37909971776516,0.8910936988572481,18.581961408954253,4.310679924206187,3.3244644986342182,0.0058008566641719606,0.505806017165147,42.75445492463382,1.1530664498406675,3.884,daily,A_lag1,,,,,,,,,,,,,,
AR-LRX [linear+cal],N05B,A_lag1+cal,pacf_train,20,1,1473,315,317,2014-01-03,2018-01-14,2018-01-15,2018-11-25,2018-11-26,2019-10-08,"{""colsample_bytree"": 0.8, ""learning_rate"": 0.05, ""max_depth"": 3, ""n_estimators"": 100, ""subsample"": 0.8}",132,none,42,23.152184864324667,4.811671732810195,3.6309416408249864,-0.0066181623256154065,0.5249641853128331,41.831915249680065,0.8877490659186464,18.62989171737107,4.3162358273582635,3.335407984968481,0.0032364195458783884,0.5064579350283422,42.81594529836368,1.153709551339583,3.851,daily,A_lag1,linear,0.0,4.811671732810195,0.0,-0.04875506063196666,4.3162358273582635,5.0,,,,,,,
AR-LRX [struct_linear],N05B,A_lag1+cal,pacf_train,20,1,1473,315,317,2014-01-03,2018-01-14,2018-01-15,2018-11-25,2018-11-26,2019-10-08,"{""colsample_bytree"": 0.8, ""learning_rate"": 0.05, ""max_depth"": 3, ""n_estimators"": 100, ""subsample"": 0.8}",132,none,42,24.616729945091095,4.961524961651517,3.8214058299143536,-0.0702941258030747,0.5413135089083638,44.08618195495895,0.9213857598543824,18.619348821855287,4.315014347815692,3.3094819813574574,0.003800500885807412,0.5063146092158626,42.61893210014501,1.1538891128849302,4.706,daily,A_lag1,struct_linear,0.0,4.961524961651517,0.0,-0.04725989414464471,4.315014347815692,5.0,,,,,,,
AR-LRX-Aug [struct_linear],N05B,A_lag1+cal,pacf_train,20,1,1473,315,317,2014-01-03,2018-01-14,2018-01-15,2018-11-25,2018-11-26,2019-10-08,"{""colsample_bytree"": 0.8, ""learning_rate"": 0.05, ""max_depth"": 3, ""n_estimators"": 100, ""subsample"": 0.8}",132,none,42,23.166985374942758,4.813209467179125,3.6121820073131685,-0.007261663700849352,0.5251319555837575,41.399657261864206,0.8811784856021087,17.730299402293724,4.210736206685682,3.2677745235464406,0.05136771684641073,0.4940788338463729,42.334771884961484,1.1583146837890135,4.289,daily,A_lag1,struct_linear,1.0,4.961524961651517,2.9893,0.05167565277244934,4.315014347815692,5.0,True,global,1.0,"{""0"": 1.0}",1.0,1.0,4.818011627479872
Naive,N05B,B_rich,pacf_train,1,1,1473,315,317,2014-01-03,2018-01-14,2018-01-15,2018-11-25,2018-11-26,2019-10-08,{},0,none,42,36.112,6.009326085344346,4.477460317460317,-0.5700891855747092,0.6556309631765964,51.482848952749436,1.037593235641704,34.789652996845426,5.898275425651589,4.513564668769717,-0.8613666472123493,0.6920910978425946,58.41854125142585,1.4696289793176036,0.0,daily,B_rich,,,,,,,,,,,,,,
S1 [linear] (exp05c),N05B,B_rich,pacf_train,1,1,1473,315,317,2014-01-03,2018-01-14,2018-01-15,2018-11-25,2018-11-26,2019-10-08,{},0,none,42,22.121535572971776,4.703353651701281,3.4966883742269155,0.03819274004682072,0.5131464395559379,39.37344562383443,0.8682197354640178,19.658609097174086,4.433803006130751,3.492097883087328,-0.05180351489516477,0.5202530178203465,44.6846688968021,1.2961836959440327,0.009,daily,B_rich,linear,0.0,4.703353651701281,0.0,,4.433803006130751,,,,,,,,
S1 [linear+cal],N05B,B_rich+cal,pacf_train,20,1,1473,315,317,2014-01-03,2018-01-14,2018-01-15,2018-11-25,2018-11-26,2019-10-08,{},0,none,42,23.152184864324667,4.811671732810195,3.6309416408249864,-0.0066181623256154065,0.5249641853128331,41.831915249680065,0.8877490659186464,18.62989171737107,4.3162358273582635,3.335407984968481,0.0032364195458783884,0.5064579350283422,42.81594529836368,1.153709551339583,0.023,daily,B_rich,linear,0.0,4.811671732810195,0.0,,4.3162358273582635,,,,,,,,
S1 [structural],N05B,B_rich+cal,pacf_train,20,1,1473,315,317,2014-01-03,2018-01-14,2018-01-15,2018-11-25,2018-11-26,2019-10-08,{},0,none,42,27.44013238115265,5.238332977308015,3.939213416353104,-0.19305092773554944,0.5715138846813608,44.91365126965279,0.9663023082599963,18.566975961793293,4.308941396885468,3.3681648766005603,0.00660262986787441,0.5056020220656994,43.45912307051047,1.1800121721128618,0.023,daily,B_rich,structural,0.0,5.238332977308015,0.0,,4.308941396885468,,,,,,,,
S1 [struct_linear],N05B,B_rich+cal,pacf_train,20,1,1473,315,317,2014-01-03,2018-01-14,2018-01-15,2018-11-25,2018-11-26,2019-10-08,{},0,none,42,24.616729945091095,4.961524961651517,3.8214058299143536,-0.0702941258030747,0.5413135089083638,44.08618195495895,0.9213857598543824,18.619348821855287,4.315014347815692,3.3094819813574574,0.003800500885807412,0.5063146092158626,42.61893210014501,1.1538891128849302,0.029,daily,B_rich,struct_linear,0.0,4.961524961651517,0.0,,4.315014347815692,,,,,,,,
XGBoost [+cal],N05B,B_rich+cal,pacf_train,20,1,1473,315,317,2014-01-03,2018-01-14,2018-01-15,2018-11-25,2018-11-26,2019-10-08,"{""colsample_bytree"": 0.8, ""learning_rate"": 0.05, ""max_depth"": 3, ""n_estimators"": 100, ""subsample"": 0.8}",12,none,42,23.5722574574113,4.855126924953796,3.606808160751585,-0.024882214041434203,0.5297052443060563,41.37909971776516,0.8910936988572481,18.581961408954253,4.310679924206187,3.3244644986342182,0.0058008566641719606,0.505806017165147,42.75445492463382,1.1530664498406675,4.11,daily,B_rich,,,,,,,,,,,,,,
AR-LRX [linear+cal],N05B,B_rich+cal,pacf_train,20,1,1473,315,317,2014-01-03,2018-01-14,2018-01-15,2018-11-25,2018-11-26,2019-10-08,"{""colsample_bytree"": 0.8, ""learning_rate"": 0.05, ""max_depth"": 3, ""n_estimators"": 100, ""subsample"": 0.8}",132,none,42,23.152184864324667,4.811671732810195,3.6309416408249864,-0.0066181623256154065,0.5249641853128331,41.831915249680065,0.8877490659186464,18.62989171737107,4.3162358273582635,3.335407984968481,0.0032364195458783884,0.5064579350283422,42.81594529836368,1.153709551339583,3.922,daily,B_rich,linear,0.0,4.811671732810195,0.0,-0.04875506063196666,4.3162358273582635,5.0,,,,,,,
AR-LRX [struct_linear],N05B,B_rich+cal,pacf_train,20,1,1473,315,317,2014-01-03,2018-01-14,2018-01-15,2018-11-25,2018-11-26,2019-10-08,"{""colsample_bytree"": 0.8, ""learning_rate"": 0.05, ""max_depth"": 3, ""n_estimators"": 100, ""subsample"": 0.8}",132,none,42,24.616729945091095,4.961524961651517,3.8214058299143536,-0.0702941258030747,0.5413135089083638,44.08618195495895,0.9213857598543824,18.619348821855287,4.315014347815692,3.3094819813574574,0.003800500885807412,0.5063146092158626,42.61893210014501,1.1538891128849302,4.377,daily,B_rich,struct_linear,0.0,4.961524961651517,0.0,-0.04725989414464471,4.315014347815692,5.0,,,,,,,
AR-LRX-Aug [struct_linear],N05B,B_rich+cal,pacf_train,20,1,1473,315,317,2014-01-03,2018-01-14,2018-01-15,2018-11-25,2018-11-26,2019-10-08,"{""colsample_bytree"": 0.8, ""learning_rate"": 0.05, ""max_depth"": 3, ""n_estimators"": 100, ""subsample"": 0.8}",132,none,42,23.166985374942758,4.813209467179125,3.6121820073131685,-0.007261663700849352,0.5251319555837575,41.399657261864206,0.8811784856021087,17.730299402293724,4.210736206685682,3.2677745235464406,0.05136771684641073,0.4940788338463729,42.334771884961484,1.1583146837890135,4.553,daily,B_rich,struct_linear,1.0,4.961524961651517,2.9893,0.05167565277244934,4.315014347815692,5.0,True,global,1.0,"{""0"": 1.0}",1.0,1.0,4.818011627479872
Naive,N05C,A_lag1,pacf_train,1,7,1469,314,316,2014-01-09,2018-01-16,2018-01-17,2018-11-26,2018-11-27,2019-10-08,{},0,none,42,3.245222929936306,1.801450229658401,0.9968152866242038,-0.9423898790733811,2.8282768605636894,170.12558275058277,1.14360616103027,2.7626582278481013,1.662124612611251,1.1044303797468353,-1.146047749072324,2.3343616781562457,170.49054797798516,1.0397716095374023,0.0,daily,A_lag1,,,,,,,,,,,,,,
S1 [linear] (exp05c),N05C,A_lag1,pacf_train,1,7,1469,314,316,2014-01-09,2018-01-16,2018-01-17,2018-11-26,2018-11-27,2019-10-08,{},0,none,42,1.6750876542176854,1.2942517738901058,0.8495322279728027,-0.0026039431987692208,2.031975285007466,166.9933340045415,0.6374896487402409,1.3115294470067507,1.1452202613500821,0.8518890191874211,-0.018803118394875806,1.6083982337183376,158.08401182796632,0.6219326037169545,0.011,daily,A_lag1,linear,0.0,1.2942517738901058,0.0,,1.1452202613500821,,,,,,,,
S1 [linear+cal],N05C,A_lag1+cal,pacf_train,20,7,1469,314,316,2014-01-09,2018-01-16,2018-01-17,2018-11-26,2018-11-27,2019-10-08,{},0,none,42,1.7252844628808999,1.313500842360179,0.85187257719006,-0.032648650516033495,2.062196322505481,169.75158628899513,0.678919664152533,1.3097165744477213,1.1444284925008295,0.8455463616827379,-0.017394869254448997,1.6072862383567204,158.8576729623045,0.634076561863703,0.028,daily,A_lag1,linear,0.0,1.313500842360179,0.0,,1.1444284925008295,,,,,,,,
S1 [structural],N05C,A_lag1+cal,pacf_train,20,7,1469,314,316,2014-01-09,2018-01-16,2018-01-17,2018-11-26,2018-11-27,2019-10-08,{},0,none,42,1.7842836515494742,1.3357708080166575,0.8635061440206465,-0.06796191848484723,2.0971601685861523,171.8764904585747,0.712904295928312,1.3109350008119098,1.1449606983699965,0.8245014696941794,-0.01834134939807286,1.6080336919329727,158.45759484229623,0.6368061665507443,0.039,daily,A_lag1,structural,0.0,1.3357708080166575,0.0,,1.1449606983699965,,,,,,,,
S1 [struct_linear],N05C,A_lag1+cal,pacf_train,20,7,1469,314,316,2014-01-09,2018-01-16,2018-01-17,2018-11-26,2018-11-27,2019-10-08,{},0,none,42,1.7822964786463118,1.3350267707601642,0.8631749537287859,-0.06677251959965358,2.095992030093458,171.815020512545,0.7107894982567047,1.31437932741857,1.1464638360709727,0.8265051355130543,-0.0210169208049098,1.6101447653263439,158.3672436250976,0.6357214277435739,0.034,daily,A_lag1,struct_linear,0.0,1.3350267707601642,0.0,,1.1464638360709727,,,,,,,,
XGBoost [+cal],N05C,A_lag1+cal,pacf_train,20,7,1469,314,316,2014-01-09,2018-01-16,2018-01-17,2018-11-26,2018-11-27,2019-10-08,"{""colsample_bytree"": 0.8, ""learning_rate"": 0.05, ""max_depth"": 3, ""n_estimators"": 100, ""subsample"": 0.8}",12,none,42,1.7212480107153563,1.3119634182077473,0.8521155161178036,-0.030232679717420385,2.0597825665861635,170.04946985804355,0.6827622343681803,1.2866126643890325,1.1342894976103026,0.8338641847802114,0.0005523721655794622,1.5930465833104694,158.30433522317776,0.6274031190519641,4.099,daily,A_lag1,,,,,,,,,,,,,,
AR-LRX [linear+cal],N05C,A_lag1+cal,pacf_train,20,7,1469,314,316,2014-01-09,2018-01-16,2018-01-17,2018-11-26,2018-11-27,2019-10-08,"{""colsample_bytree"": 0.8, ""learning_rate"": 0.1, ""max_depth"": 5, ""n_estimators"": 500, ""subsample"": 0.8}",132,none,42,1.7243085139801073,1.313129283041128,0.8502643108797102,-0.0320645078212729,2.061612974374571,169.89318901909206,0.6812321488984825,1.3023504926264757,1.1412057188020377,0.841078743098928,-0.011672857333966169,1.6027600317397506,158.73904376625788,0.6328426929456288,4.96,daily,A_lag1,linear,0.1,1.313500842360179,0.0283,-0.08230802198831855,1.1444284925008295,5.0,,,,,,,
AR-LRX [struct_linear],N05C,A_lag1+cal,pacf_train,20,7,1469,314,316,2014-01-09,2018-01-16,2018-01-17,2018-11-26,2018-11-27,2019-10-08,"{""colsample_bytree"": 0.8, ""learning_rate"": 0.1, ""max_depth"": 5, ""n_estimators"": 500, ""subsample"": 0.8}",132,none,42,1.77938773573047,1.3339369309418154,0.8594508546779439,-0.065031525861307,2.0942809815786503,172.1913493480618,0.7136807476851285,1.304152707631817,1.141995055870128,0.8208944403194917,-0.013072827629448502,1.6038686117998242,158.67077546339152,0.6377733653065847,4.489,daily,A_lag1,struct_linear,0.2,1.3350267707601642,0.0816,-0.05717921894610245,1.1464638360709727,5.0,,,,,,,
AR-LRX-Aug [struct_linear],N05C,A_lag1+cal,pacf_train,20,7,1469,314,316,2014-01-09,2018-01-16,2018-01-17,2018-11-26,2018-11-27,2019-10-08,"{""colsample_bytree"": 0.8, ""learning_rate"": 0.05, ""max_depth"": 3, ""n_estimators"": 100, ""subsample"": 0.8}",132,none,42,1.7507018404911228,1.323140899712167,0.8693353917458726,-0.04786192186551608,2.0773312125481023,170.26756823551256,0.6870927155188898,1.2828013278243668,1.1326081969614943,0.8416646917472336,0.003513038878931618,1.5906852899548096,157.09175829143928,0.6149922845985873,4.476,daily,A_lag1,struct_linear,0.7999999999999999,1.3350267707601642,0.8903,0.009812466143773846,1.1464638360709727,5.0,True,global,1.0,"{""0"": 0.8}",0.8,0.8,1.3268963024695808
Naive,N05C,B_rich,pacf_train,8,7,1469,314,316,2014-01-09,2018-01-16,2018-01-17,2018-11-26,2018-11-27,2019-10-08,{},0,none,42,3.245222929936306,1.801450229658401,0.9968152866242038,-0.9423898790733811,2.8282768605636894,170.12558275058277,1.14360616103027,2.7626582278481013,1.662124612611251,1.1044303797468353,-1.146047749072324,2.3343616781562457,170.49054797798516,1.0397716095374023,0.0,daily,B_rich,,,,,,,,,,,,,,
S1 [linear] (exp05c),N05C,B_rich,pacf_train,8,7,1469,314,316,2014-01-09,2018-01-16,2018-01-17,2018-11-26,2018-11-27,2019-10-08,{},0,none,42,1.6328380334848944,1.2778255097957993,0.8435138580167302,0.02268406858896721,2.006186050379405,166.4662038517874,0.6325619685318218,1.3157798107060052,1.1470744573505267,0.8571858049201146,-0.02210482374430267,1.611002348990073,157.0940017377655,0.6141574023080745,0.011,daily,B_rich,linear,0.0,1.2778255097957993,0.0,,1.1470744573505267,,,,,,,,
S1 [linear+cal],N05C,B_rich+cal,pacf_train,27,7,1469,314,316,2014-01-09,2018-01-16,2018-01-17,2018-11-26,2018-11-27,2019-10-08,{},0,none,42,1.6893798663335649,1.2997614651671916,0.8470140219586173,-0.011158378059735519,2.040625500312491,169.0051125948481,0.6693314456360727,1.3129595622060024,1.1458444755751116,0.8501633278163653,-0.019914039562514807,1.6092749079188233,157.8393341320629,0.6244856501016577,0.024,daily,B_rich,linear,0.0,1.2997614651671916,0.0,,1.1458444755751116,,,,,,,,
S1 [structural],N05C,B_rich+cal,pacf_train,27,7,1469,314,316,2014-01-09,2018-01-16,2018-01-17,2018-11-26,2018-11-27,2019-10-08,{},0,none,42,1.7842836515494742,1.3357708080166575,0.8635061440206465,-0.06796191848484723,2.0971601685861523,171.8764904585747,0.712904295928312,1.3109350008119098,1.1449606983699965,0.8245014696941794,-0.01834134939807286,1.6080336919329727,158.45759484229623,0.6368061665507443,0.025,daily,B_rich,structural,0.0,1.3357708080166575,0.0,,1.1449606983699965,,,,,,,,
S1 [struct_linear],N05C,B_rich+cal,pacf_train,27,7,1469,314,316,2014-01-09,2018-01-16,2018-01-17,2018-11-26,2018-11-27,2019-10-08,{},0,none,42,1.751167002104339,1.323316667356812,0.8579795224201122,-0.048140338858478016,2.077607167750195,170.8827671973528,0.699574848341289,1.3115567332188312,1.1452321743728784,0.8350661016075641,-0.01882431447096855,1.6084149648970203,157.5433594353198,0.6270830040669885,0.037,daily,B_rich,struct_linear,0.0,1.323316667356812,0.0,,1.1452321743728784,,,,,,,,
XGBoost [+cal],N05C,B_rich+cal,pacf_train,27,7,1469,314,316,2014-01-09,2018-01-16,2018-01-17,2018-11-26,2018-11-27,2019-10-08,"{""colsample_bytree"": 0.8, ""learning_rate"": 0.05, ""max_depth"": 3, ""n_estimators"": 100, ""subsample"": 0.8}",12,none,42,1.7117710562017963,1.3083466880769012,0.8532435639174121,-0.02456036045646326,2.054104300280735,169.651010119319,0.678523988148572,1.3235498328477615,1.1504563585150727,0.8477133519098728,-0.02814061867523998,1.61575204129228,159.49521329391578,0.6411933691845987,5.187,daily,B_rich,,,,,,,,,,,,,,
AR-LRX [linear+cal],N05C,B_rich+cal,pacf_train,27,7,1469,314,316,2014-01-09,2018-01-16,2018-01-17,2018-11-26,2018-11-27,2019-10-08,"{""colsample_bytree"": 0.8, ""learning_rate"": 0.05, ""max_depth"": 3, ""n_estimators"": 100, ""subsample"": 0.8}",132,none,42,1.6893798663335649,1.2997614651671916,0.8470140219586173,-0.011158378059735519,2.040625500312491,169.0051125948481,0.6693314456360727,1.3129595622060024,1.1458444755751116,0.8501633278163653,-0.019914039562514807,1.6092749079188233,157.8393341320629,0.6244856501016577,4.388,daily,B_rich,linear,0.0,1.2997614651671916,0.0,-0.03187857927272986,1.1458444755751116,5.0,,,,,,,
AR-LRX [struct_linear],N05C,B_rich+cal,pacf_train,27,7,1469,314,316,2014-01-09,2018-01-16,2018-01-17,2018-11-26,2018-11-27,2019-10-08,"{""colsample_bytree"": 0.8, ""learning_rate"": 0.05, ""max_depth"": 3, ""n_estimators"": 500, ""subsample"": 0.8}",132,none,42,1.7473192637902986,1.32186204415979,0.8550189053163422,-0.04583732050816036,2.07532340933087,171.20316861102805,0.70265875579793,1.313518702309542,1.1460884356407852,0.8341509704035251,-0.020348382597973114,1.609617536277725,157.74920215315927,0.6300307525586987,5.277,daily,B_rich,struct_linear,0.2,1.323316667356812,0.1099,-0.05679858382792857,1.1452321743728784,5.0,,,,,,,
AR-LRX-Aug [struct_linear],N05C,B_rich+cal,pacf_train,27,7,1469,314,316,2014-01-09,2018-01-16,2018-01-17,2018-11-26,2018-11-27,2019-10-08,"{""colsample_bytree"": 0.8, ""learning_rate"": 0.05, ""max_depth"": 3, ""n_estimators"": 100, ""subsample"": 0.8}",132,none,42,1.7011770905114927,1.304291796536148,0.8522697581998344,-0.018219467340531592,2.0477381205617524,168.4301068511423,0.6621634674760608,1.3092017739170783,1.1442035544067666,0.8485690243004345,-0.0169949694373559,1.60697032530017,157.78057207728,0.620994398732207,4.657,daily,B_rich,struct_linear,0.7999999999999999,1.323316667356812,1.4377,0.021228875964656613,1.1452321743728784,5.0,True,global,1.0,"{""0"": 0.8}",0.8,0.8,1.3064148172442243
Naive,R03,A_lag1,pacf_train,1,1,1473,315,317,2014-01-03,2018-01-14,2018-01-15,2018-11-25,2018-11-26,2019-10-08,{},0,none,42,93.93055555555556,9.69177772937223,6.792063492063492,-0.7667535335805216,1.395137660117561,112.86347600867599,3.275596500445437,118.7064164918472,10.895247426830068,7.588590956908518,-0.8056465862630271,1.4818642834473201,116.8205138789049,4.156248040245456,0.0,daily,A_lag1,,,,,,,,,,,,,,
S1 [linear] (exp05c),R03,A_lag1,pacf_train,1,1,1473,315,317,2014-01-03,2018-01-14,2018-01-15,2018-11-25,2018-11-26,2019-10-08,{},0,none,42,55.86248272495644,7.474120866359899,5.098668280401342,-0.05072559365971152,1.0759045232050122,89.90307176351305,1.534883973521318,68.69126047976773,8.288019092628089,5.640236283663765,-0.044864664075809024,1.1272547554680319,91.40346584251877,1.8249838135443173,0.008,daily,A_lag1,linear,0.0,7.474120866359899,0.0,,8.288019092628089,,,,,,,,
S1 [linear+cal],R03,A_lag1+cal,pacf_train,20,1,1473,315,317,2014-01-03,2018-01-14,2018-01-15,2018-11-25,2018-11-26,2019-10-08,{},0,none,42,54.68546845799634,7.3949623702894085,4.926332133908044,-0.0285869604649307,1.0645096065994122,90.72923061511398,1.3623681623644044,67.28517228767164,8.202753945332729,5.461097309057156,-0.023476617674649036,1.1156578296296409,90.07510781449385,1.6353725736222693,0.027,daily,A_lag1,linear,0.0,7.3949623702894085,0.0,,8.202753945332729,,,,,,,,
S1 [structural],R03,A_lag1+cal,pacf_train,20,1,1473,315,317,2014-01-03,2018-01-14,2018-01-15,2018-11-25,2018-11-26,2019-10-08,{},0,none,42,56.55780683464953,7.520492459583317,5.021297047083692,-0.0638040463582843,1.082579743982061,92.97357611666115,1.3213194343727486,69.1532251499991,8.315841818481104,5.496555200389603,-0.05189162145881365,1.1310389287038043,92.04393461909754,1.669404318558622,0.03,daily,A_lag1,structural,0.0,7.520492459583317,0.0,,8.315841818481104,,,,,,,,
S1 [struct_linear],R03,A_lag1+cal,pacf_train,20,1,1473,315,317,2014-01-03,2018-01-14,2018-01-15,2018-11-25,2018-11-26,2019-10-08,{},0,none,42,55.497376941572995,7.4496561626408635,4.988808912454305,-0.04385826567353934,1.0723828133128628,92.0308004745822,1.3883566645904246,68.16527120512679,8.256226208451825,5.546210874984486,-0.036863826663354304,1.1229306003861963,92.09945331954667,1.7832567574711136,0.04,daily,A_lag1,struct_linear,0.0,7.4496561626408635,0.0,,8.256226208451825,,,,,,,,
XGBoost [+cal],R03,A_lag1+cal,pacf_train,20,1,1473,315,317,2014-01-03,2018-01-14,2018-01-15,2018-11-25,2018-11-26,2019-10-08,"{""colsample_bytree"": 0.8, ""learning_rate"": 0.05, ""max_depth"": 3, ""n_estimators"": 100, ""subsample"": 0.8}",12,none,42,54.08209728708533,7.354053119680693,4.907035705399892,-0.017238064017308208,1.0586206935676536,90.18158585105849,1.4813457855180368,67.28146136120567,8.202527742178363,5.521244665059068,-0.02342017066948121,1.115627063703717,91.09181876938254,1.7542577630285237,3.988,daily,A_lag1,,,,,,,,,,,,,,
AR-LRX [linear+cal],R03,A_lag1+cal,pacf_train,20,1,1473,315,317,2014-01-03,2018-01-14,2018-01-15,2018-11-25,2018-11-26,2019-10-08,"{""colsample_bytree"": 0.8, ""learning_rate"": 0.05, ""max_depth"": 3, ""n_estimators"": 100, ""subsample"": 0.8}",132,none,42,54.06036786655163,7.352575594072571,4.904137785991602,-0.01682935217393089,1.0584080028026321,90.45766414026019,1.492702995421493,68.0239680429618,8.247664399268547,5.563661972389258,-0.03471446035332937,1.1217661073982585,91.22148843177649,1.8327163086198652,4.086,daily,A_lag1,linear,0.8,7.3949623702894085,0.5732,-0.0861538704160183,8.202753945332729,5.0,,,,,,,
AR-LRX [struct_linear],R03,A_lag1+cal,pacf_train,20,1,1473,315,317,2014-01-03,2018-01-14,2018-01-15,2018-11-25,2018-11-26,2019-10-08,"{""colsample_bytree"": 0.8, ""learning_rate"": 0.05, ""max_depth"": 3, ""n_estimators"": 100, ""subsample"": 0.8}",132,none,42,54.86595782114858,7.407155852359836,4.972343182551711,-0.031981811248436465,1.0662648662142573,91.93120215635491,1.5296028476093084,69.43112476992911,8.332534114537372,5.649318563189997,-0.056118760267985346,1.1333092504657132,93.15383198661368,1.9350788507479242,4.035,daily,A_lag1,struct_linear,0.9,7.4496561626408635,0.5705,-0.0830959132473661,8.256226208451825,5.0,,,,,,,
AR-LRX-Aug [struct_linear],R03,A_lag1+cal,pacf_train,20,1,1473,315,317,2014-01-03,2018-01-14,2018-01-15,2018-11-25,2018-11-26,2019-10-08,"{""colsample_bytree"": 0.8, ""learning_rate"": 0.1, ""max_depth"": 3, ""n_estimators"": 100, ""subsample"": 0.8}",132,none,42,54.12914895311239,7.357251453709625,4.981409969697895,-0.01812306567329225,1.0590810958156207,91.38220394077294,1.4585952311606978,67.78925838306618,8.233423248143277,5.527167774471188,-0.031144285221452073,1.1198291662365787,91.59421693183648,1.755915328758909,4.44,daily,A_lag1,struct_linear,0.9000000000000002,7.4496561626408635,1.2404,-0.06891165416878686,8.256226208451825,5.0,True,global,1.0,"{""0"": 0.9}",0.9,0.9,7.367221626849778
Naive,R03,B_rich,pacf_train,1,1,1473,315,317,2014-01-03,2018-01-14,2018-01-15,2018-11-25,2018-11-26,2019-10-08,{},0,none,42,93.93055555555556,9.69177772937223,6.792063492063492,-0.7667535335805216,1.395137660117561,112.86347600867599,3.275596500445437,118.7064164918472,10.895247426830068,7.588590956908518,-0.8056465862630271,1.4818642834473201,116.8205138789049,4.156248040245456,0.0,daily,B_rich,,,,,,,,,,,,,,
S1 [linear] (exp05c),R03,B_rich,pacf_train,1,1,1473,315,317,2014-01-03,2018-01-14,2018-01-15,2018-11-25,2018-11-26,2019-10-08,{},0,none,42,55.86248272495644,7.474120866359899,5.098668280401342,-0.05072559365971152,1.0759045232050122,89.90307176351305,1.534883973521318,68.69126047976773,8.288019092628089,5.640236283663765,-0.044864664075809024,1.1272547554680319,91.40346584251877,1.8249838135443173,0.008,daily,B_rich,linear,0.0,7.474120866359899,0.0,,8.288019092628089,,,,,,,,
S1 [linear+cal],R03,B_rich+cal,pacf_train,20,1,1473,315,317,2014-01-03,2018-01-14,2018-01-15,2018-11-25,2018-11-26,2019-10-08,{},0,none,42,54.68546845799634,7.3949623702894085,4.926332133908044,-0.0285869604649307,1.0645096065994122,90.72923061511398,1.3623681623644044,67.28517228767164,8.202753945332729,5.461097309057156,-0.023476617674649036,1.1156578296296409,90.07510781449385,1.6353725736222693,0.026,daily,B_rich,linear,0.0,7.3949623702894085,0.0,,8.202753945332729,,,,,,,,
S1 [structural],R03,B_rich+cal,pacf_train,20,1,1473,315,317,2014-01-03,2018-01-14,2018-01-15,2018-11-25,2018-11-26,2019-10-08,{},0,none,42,56.55780683464953,7.520492459583317,5.021297047083692,-0.0638040463582843,1.082579743982061,92.97357611666115,1.3213194343727486,69.1532251499991,8.315841818481104,5.496555200389603,-0.05189162145881365,1.1310389287038043,92.04393461909754,1.669404318558622,0.028,daily,B_rich,structural,0.0,7.520492459583317,0.0,,8.315841818481104,,,,,,,,
S1 [struct_linear],R03,B_rich+cal,pacf_train,20,1,1473,315,317,2014-01-03,2018-01-14,2018-01-15,2018-11-25,2018-11-26,2019-10-08,{},0,none,42,55.497376941572995,7.4496561626408635,4.988808912454305,-0.04385826567353934,1.0723828133128628,92.0308004745822,1.3883566645904246,68.16527120512679,8.256226208451825,5.546210874984486,-0.036863826663354304,1.1229306003861963,92.09945331954667,1.7832567574711136,0.036,daily,B_rich,struct_linear,0.0,7.4496561626408635,0.0,,8.256226208451825,,,,,,,,
XGBoost [+cal],R03,B_rich+cal,pacf_train,20,1,1473,315,317,2014-01-03,2018-01-14,2018-01-15,2018-11-25,2018-11-26,2019-10-08,"{""colsample_bytree"": 0.8, ""learning_rate"": 0.05, ""max_depth"": 3, ""n_estimators"": 100, ""subsample"": 0.8}",12,none,42,54.08209728708533,7.354053119680693,4.907035705399892,-0.017238064017308208,1.0586206935676536,90.18158585105849,1.4813457855180368,67.28146136120567,8.202527742178363,5.521244665059068,-0.02342017066948121,1.115627063703717,91.09181876938254,1.7542577630285237,4.332,daily,B_rich,,,,,,,,,,,,,,
AR-LRX [linear+cal],R03,B_rich+cal,pacf_train,20,1,1473,315,317,2014-01-03,2018-01-14,2018-01-15,2018-11-25,2018-11-26,2019-10-08,"{""colsample_bytree"": 0.8, ""learning_rate"": 0.05, ""max_depth"": 3, ""n_estimators"": 100, ""subsample"": 0.8}",132,none,42,54.06036786655163,7.352575594072571,4.904137785991602,-0.01682935217393089,1.0584080028026321,90.45766414026019,1.492702995421493,68.0239680429618,8.247664399268547,5.563661972389258,-0.03471446035332937,1.1217661073982585,91.22148843177649,1.8327163086198652,4.226,daily,B_rich,linear,0.8,7.3949623702894085,0.5732,-0.0861538704160183,8.202753945332729,5.0,,,,,,,
AR-LRX [struct_linear],R03,B_rich+cal,pacf_train,20,1,1473,315,317,2014-01-03,2018-01-14,2018-01-15,2018-11-25,2018-11-26,2019-10-08,"{""colsample_bytree"": 0.8, ""learning_rate"": 0.05, ""max_depth"": 3, ""n_estimators"": 100, ""subsample"": 0.8}",132,none,42,54.86595782114858,7.407155852359836,4.972343182551711,-0.031981811248436465,1.0662648662142573,91.93120215635491,1.5296028476093084,69.43112476992911,8.332534114537372,5.649318563189997,-0.056118760267985346,1.1333092504657132,93.15383198661368,1.9350788507479242,4.402,daily,B_rich,struct_linear,0.9,7.4496561626408635,0.5705,-0.0830959132473661,8.256226208451825,5.0,,,,,,,
AR-LRX-Aug [struct_linear],R03,B_rich+cal,pacf_train,20,1,1473,315,317,2014-01-03,2018-01-14,2018-01-15,2018-11-25,2018-11-26,2019-10-08,"{""colsample_bytree"": 0.8, ""learning_rate"": 0.1, ""max_depth"": 3, ""n_estimators"": 100, ""subsample"": 0.8}",132,none,42,54.12914895311239,7.357251453709625,4.981409969697895,-0.01812306567329225,1.0590810958156207,91.38220394077294,1.4585952311606978,67.78925838306618,8.233423248143277,5.527167774471188,-0.031144285221452073,1.1198291662365787,91.59421693183648,1.755915328758909,5.556,daily,B_rich,struct_linear,0.9000000000000002,7.4496561626408635,1.2404,-0.06891165416878686,8.256226208451825,5.0,True,global,1.0,"{""0"": 0.9}",0.9,0.9,7.367221626849778
Naive,R06,A_lag1,pacf_train,1,1,1473,315,317,2014-01-03,2018-01-14,2018-01-15,2018-11-25,2018-11-26,2019-10-08,{},0,none,42,9.688604444444444,3.112652316665715,2.3900952380952383,-0.26101835096991954,0.8855540821438769,82.50612949788051,1.5085810249979021,9.05630599369085,3.0093697004008746,2.3206940063091483,-0.2716879959630176,0.8359580036515833,78.61483989833405,1.431620528497761,0.0,daily,A_lag1,,,,,,,,,,,,,,
S1 [linear] (exp05c),R06,A_lag1,pacf_train,1,1,1473,315,317,2014-01-03,2018-01-14,2018-01-15,2018-11-25,2018-11-26,2019-10-08,{},0,none,42,7.041915450053448,2.65366076393601,1.9937033643500504,0.0834609195354361,0.7549703221096851,67.28898489770721,1.5434353427329148,6.482149897726687,2.5460066570468127,1.8974653696979378,0.08977543175830482,0.7072426634803226,62.52055378314043,0.9984928028599571,0.006,daily,A_lag1,linear,0.0,2.65366076393601,0.0,,2.5460066570468127,,,,,,,,
S1 [linear+cal],R06,A_lag1+cal,pacf_train,20,1,1473,315,317,2014-01-03,2018-01-14,2018-01-15,2018-11-25,2018-11-26,2019-10-08,{},0,none,42,5.714611656825758,2.39052539347018,1.7902218168915822,0.25621587616201713,0.6801079289587308,63.46296262285392,1.5299362228145867,6.011020768968661,2.4517383157606076,1.8093264837205092,0.1559314624851249,0.6810563247334864,62.88969636892803,0.8635084257866543,0.015,daily,A_lag1,linear,0.0,2.39052539347018,0.0,,2.4517383157606076,,,,,,,,
S1 [structural],R06,A_lag1+cal,pacf_train,20,1,1473,315,317,2014-01-03,2018-01-14,2018-01-15,2018-11-25,2018-11-26,2019-10-08,{},0,none,42,5.955776906432388,2.44044604661369,1.797194059234832,0.22482706189944468,0.6943104269177316,63.69162983523078,1.5489645434791022,6.268778442028292,2.5037528715966144,1.8616078027017668,0.11973708710451725,0.6955051922992428,65.27045395765792,0.8753555286620261,0.025,daily,A_lag1,structural,0.0,2.44044604661369,0.0,,2.5037528715966144,,,,,,,,
S1 [struct_linear],R06,A_lag1+cal,pacf_train,20,1,1473,315,317,2014-01-03,2018-01-14,2018-01-15,2018-11-25,2018-11-26,2019-10-08,{},0,none,42,5.831052931039041,2.414757323425905,1.7892389787275222,0.24106048567877092,0.6870019480483744,63.5435655390341,1.5304017203843852,6.033915712737801,2.4564030029166224,1.838646393771862,0.15271655066790646,0.682352105229343,64.45265669364095,0.8945481036136068,0.032,daily,A_lag1,struct_linear,0.0,2.414757323425905,0.0,,2.4564030029166224,,,,,,,,
XGBoost [+cal],R06,A_lag1+cal,pacf_train,20,1,1473,315,317,2014-01-03,2018-01-14,2018-01-15,2018-11-25,2018-11-26,2019-10-08,"{""colsample_bytree"": 0.8, ""learning_rate"": 0.05, ""max_depth"": 3, ""n_estimators"": 100, ""subsample"": 0.8}",12,none,42,5.769938742103718,2.4020696788610687,1.7995194097700573,0.24901479057314369,0.683392294834932,63.74133835485934,1.5401453898502055,6.038761036044835,2.457389068919457,1.820694185145646,0.1520361695621435,0.6826260196530473,62.63878315076439,0.8617422036194043,4.137,daily,A_lag1,,,,,,,,,,,,,,
AR-LRX [linear+cal],R06,A_lag1+cal,pacf_train,20,1,1473,315,317,2014-01-03,2018-01-14,2018-01-15,2018-11-25,2018-11-26,2019-10-08,"{""colsample_bytree"": 0.8, ""learning_rate"": 0.1, ""max_depth"": 5, ""n_estimators"": 100, ""subsample"": 0.8}",132,none,42,5.710995547671553,2.3897689318575455,1.7890851359320123,0.25668653011726017,0.6798927145367837,63.44581959420527,1.5535799448517327,5.9914461381852195,2.4477430702966396,1.8088921921967476,0.158680135399893,0.6799465051517608,62.868251320523086,0.8722555129285992,3.954,daily,A_lag1,linear,0.1,2.39052539347018,0.0316,-0.178936711863118,2.4517383157606076,5.0,,,,,,,
AR-LRX [struct_linear],R06,A_lag1+cal,pacf_train,20,1,1473,315,317,2014-01-03,2018-01-14,2018-01-15,2018-11-25,2018-11-26,2019-10-08,"{""colsample_bytree"": 0.8, ""learning_rate"": 0.05, ""max_depth"": 3, ""n_estimators"": 100, ""subsample"": 0.8}",132,none,42,5.831052931039041,2.414757323425905,1.7892389787275222,0.24106048567877092,0.6870019480483744,63.5435655390341,1.5304017203843852,6.033915712737801,2.4564030029166224,1.838646393771862,0.15271655066790646,0.682352105229343,64.45265669364095,0.8945481036136068,4.293,daily,A_lag1,struct_linear,0.0,2.414757323425905,0.0,-0.10601495740888756,2.4564030029166224,5.0,,,,,,,
AR-LRX-Aug [struct_linear],R06,A_lag1+cal,pacf_train,20,1,1473,315,317,2014-01-03,2018-01-14,2018-01-15,2018-11-25,2018-11-26,2019-10-08,"{""colsample_bytree"": 0.8, ""learning_rate"": 0.1, ""max_depth"": 5, ""n_estimators"": 300, ""subsample"": 0.8}",132,none,42,5.831052931039041,2.414757323425905,1.7892389787275222,0.24106048567877092,0.6870019480483744,63.5435655390341,1.5304017203843852,6.033915712737801,2.4564030029166224,1.838646393771862,0.15271655066790646,0.682352105229343,64.45265669364095,0.8945481036136068,5.002,daily,A_lag1,struct_linear,0.0,2.414757323425905,0.0,-0.24126307549598347,2.4564030029166224,5.0,True,global,1.0,"{""0"": 0.0}",0.0,0.0,2.414757323425905
Naive,R06,B_rich,pacf_train,1,1,1473,315,317,2014-01-03,2018-01-14,2018-01-15,2018-11-25,2018-11-26,2019-10-08,{},0,none,42,9.688604444444444,3.112652316665715,2.3900952380952383,-0.26101835096991954,0.8855540821438769,82.50612949788051,1.5085810249979021,9.05630599369085,3.0093697004008746,2.3206940063091483,-0.2716879959630176,0.8359580036515833,78.61483989833405,1.431620528497761,0.0,daily,B_rich,,,,,,,,,,,,,,
S1 [linear] (exp05c),R06,B_rich,pacf_train,1,1,1473,315,317,2014-01-03,2018-01-14,2018-01-15,2018-11-25,2018-11-26,2019-10-08,{},0,none,42,7.041915450053448,2.65366076393601,1.9937033643500504,0.0834609195354361,0.7549703221096851,67.28898489770721,1.5434353427329148,6.482149897726687,2.5460066570468127,1.8974653696979378,0.08977543175830482,0.7072426634803226,62.52055378314043,0.9984928028599571,0.01,daily,B_rich,linear,0.0,2.65366076393601,0.0,,2.5460066570468127,,,,,,,,
S1 [linear+cal],R06,B_rich+cal,pacf_train,20,1,1473,315,317,2014-01-03,2018-01-14,2018-01-15,2018-11-25,2018-11-26,2019-10-08,{},0,none,42,5.714611656825758,2.39052539347018,1.7902218168915822,0.25621587616201713,0.6801079289587308,63.46296262285392,1.5299362228145867,6.011020768968661,2.4517383157606076,1.8093264837205092,0.1559314624851249,0.6810563247334864,62.88969636892803,0.8635084257866543,0.027,daily,B_rich,linear,0.0,2.39052539347018,0.0,,2.4517383157606076,,,,,,,,
S1 [structural],R06,B_rich+cal,pacf_train,20,1,1473,315,317,2014-01-03,2018-01-14,2018-01-15,2018-11-25,2018-11-26,2019-10-08,{},0,none,42,5.955776906432388,2.44044604661369,1.797194059234832,0.22482706189944468,0.6943104269177316,63.69162983523078,1.5489645434791022,6.268778442028292,2.5037528715966144,1.8616078027017668,0.11973708710451725,0.6955051922992428,65.27045395765792,0.8753555286620261,0.027,daily,B_rich,structural,0.0,2.44044604661369,0.0,,2.5037528715966144,,,,,,,,
S1 [struct_linear],R06,B_rich+cal,pacf_train,20,1,1473,315,317,2014-01-03,2018-01-14,2018-01-15,2018-11-25,2018-11-26,2019-10-08,{},0,none,42,5.831052931039041,2.414757323425905,1.7892389787275222,0.24106048567877092,0.6870019480483744,63.5435655390341,1.5304017203843852,6.033915712737801,2.4564030029166224,1.838646393771862,0.15271655066790646,0.682352105229343,64.45265669364095,0.8945481036136068,0.04,daily,B_rich,struct_linear,0.0,2.414757323425905,0.0,,2.4564030029166224,,,,,,,,
XGBoost [+cal],R06,B_rich+cal,pacf_train,20,1,1473,315,317,2014-01-03,2018-01-14,2018-01-15,2018-11-25,2018-11-26,2019-10-08,"{""colsample_bytree"": 0.8, ""learning_rate"": 0.05, ""max_depth"": 3, ""n_estimators"": 100, ""subsample"": 0.8}",12,none,42,5.769938742103718,2.4020696788610687,1.7995194097700573,0.24901479057314369,0.683392294834932,63.74133835485934,1.5401453898502055,6.038761036044835,2.457389068919457,1.820694185145646,0.1520361695621435,0.6826260196530473,62.63878315076439,0.8617422036194043,3.785,daily,B_rich,,,,,,,,,,,,,,
AR-LRX [linear+cal],R06,B_rich+cal,pacf_train,20,1,1473,315,317,2014-01-03,2018-01-14,2018-01-15,2018-11-25,2018-11-26,2019-10-08,"{""colsample_bytree"": 0.8, ""learning_rate"": 0.1, ""max_depth"": 5, ""n_estimators"": 100, ""subsample"": 0.8}",132,none,42,5.710995547671553,2.3897689318575455,1.7890851359320123,0.25668653011726017,0.6798927145367837,63.44581959420527,1.5535799448517327,5.9914461381852195,2.4477430702966396,1.8088921921967476,0.158680135399893,0.6799465051517608,62.868251320523086,0.8722555129285992,4.186,daily,B_rich,linear,0.1,2.39052539347018,0.0316,-0.178936711863118,2.4517383157606076,5.0,,,,,,,
AR-LRX [struct_linear],R06,B_rich+cal,pacf_train,20,1,1473,315,317,2014-01-03,2018-01-14,2018-01-15,2018-11-25,2018-11-26,2019-10-08,"{""colsample_bytree"": 0.8, ""learning_rate"": 0.05, ""max_depth"": 3, ""n_estimators"": 100, ""subsample"": 0.8}",132,none,42,5.831052931039041,2.414757323425905,1.7892389787275222,0.24106048567877092,0.6870019480483744,63.5435655390341,1.5304017203843852,6.033915712737801,2.4564030029166224,1.838646393771862,0.15271655066790646,0.682352105229343,64.45265669364095,0.8945481036136068,4.043,daily,B_rich,struct_linear,0.0,2.414757323425905,0.0,-0.10601495740888756,2.4564030029166224,5.0,,,,,,,
AR-LRX-Aug [struct_linear],R06,B_rich+cal,pacf_train,20,1,1473,315,317,2014-01-03,2018-01-14,2018-01-15,2018-11-25,2018-11-26,2019-10-08,"{""colsample_bytree"": 0.8, ""learning_rate"": 0.1, ""max_depth"": 5, ""n_estimators"": 300, ""subsample"": 0.8}",132,none,42,5.831052931039041,2.414757323425905,1.7892389787275222,0.24106048567877092,0.6870019480483744,63.5435655390341,1.5304017203843852,6.033915712737801,2.4564030029166224,1.838646393771862,0.15271655066790646,0.682352105229343,64.45265669364095,0.8945481036136068,4.834,daily,B_rich,struct_linear,0.0,2.414757323425905,0.0,-0.24126307549598347,2.4564030029166224,5.0,True,global,1.0,"{""0"": 0.0}",0.0,0.0,2.414757323425905
Naive,M01AB,A_lag1,pacf_train,1,2,210,45,45,2014-01-19,2018-01-21,2018-01-28,2018-12-02,2018-12-09,2019-10-13,{},0,none,42,116.87771555555555,10.810999748198848,8.296888888888889,-1.3783796475988885,0.3138819099371895,23.32963922164917,0.31766608233445126,119.25805777777776,10.92053376798853,8.319555555555553,-0.6164832561297386,0.2969670352242758,22.935915307261524,0.6606806987698898,0.0,weekly,A_lag1,,,,,,,,,,,,,,
S1 [linear] (exp05c),M01AB,A_lag1,pacf_train,1,2,210,45,45,2014-01-19,2018-01-21,2018-01-28,2018-12-02,2018-12-09,2019-10-13,{},0,none,42,58.25809865115139,7.6326993030743315,6.062764552912976,-0.18551150218062729,0.22160450384104116,17.337583988198872,0.2288240041505057,76.0256622599075,8.71926959440454,6.422269794233635,-0.03048978299070426,0.23710705866426016,18.51808775832242,0.5814653539143978,0.008,weekly,A_lag1,linear,0.0,7.6326993030743315,0.0,,8.71926959440454,,,,,,,,
S1 [linear+cal],M01AB,A_lag1+cal,pacf_train,13,2,210,45,45,2014-01-19,2018-01-21,2018-01-28,2018-12-02,2018-12-09,2019-10-13,{},0,none,42,60.86692904781394,7.801726030040657,6.109800979165957,-0.2385993734652967,0.22651195302486535,17.46586136265095,0.23135123734153518,73.72371525243963,8.586251525109175,6.3920467002695975,0.00071195602305274,0.23348983788465918,18.479138377769136,0.5863952123485551,0.012,weekly,A_lag1,linear,0.0,7.801726030040657,0.0,,8.586251525109175,,,,,,,,
S1 [structural],M01AB,A_lag1+cal,pacf_train,13,2,210,45,45,2014-01-19,2018-01-21,2018-01-28,2018-12-02,2018-12-09,2019-10-13,{},0,none,42,55.87680412661525,7.475078870929407,5.8284912248523115,-0.13705382652214526,0.21702822010789088,16.643395826630734,0.22761126878193053,74.46462154094398,8.629288588345158,6.390808675275785,-0.00933065771764885,0.23466016429410758,18.50978756560696,0.5762916011755057,0.024,weekly,A_lag1,structural,0.0,7.475078870929407,0.0,,8.629288588345158,,,,,,,,
S1 [struct_linear],M01AB,A_lag1+cal,pacf_train,13,2,210,45,45,2014-01-19,2018-01-21,2018-01-28,2018-12-02,2018-12-09,2019-10-13,{},0,none,42,60.866929047813805,7.801726030040648,6.109800979165954,-0.23859937346529403,0.2265119530248651,17.465861362650934,0.23135123734153498,73.72371525243962,8.586251525109175,6.392046700269592,0.000711956023053073,0.23348983788465918,18.47913837776912,0.5863952123485549,0.03,weekly,A_lag1,struct_linear,0.0,7.801726030040648,0.0,,8.586251525109175,,,,,,,,
XGBoost [+cal],M01AB,A_lag1+cal,pacf_train,13,2,210,45,45,2014-01-19,2018-01-21,2018-01-28,2018-12-02,2018-12-09,2019-10-13,"{""colsample_bytree"": 0.8, ""learning_rate"": 0.05, ""max_depth"": 3, ""n_estimators"": 100, ""subsample"": 0.8}",12,none,42,66.06001674852087,8.12773134081835,6.150237764146593,-0.3442750708114397,0.2359770507937944,17.52553358533425,0.2399450296695915,77.69384057255417,8.814410960044588,6.6714306623670785,-0.0531011046982639,0.23969428103649754,19.307281100627506,0.5885565844196227,3.985,weekly,A_lag1,,,,,,,,,,,,,,
AR-LRX [linear+cal],M01AB,A_lag1+cal,pacf_train,13,2,210,45,45,2014-01-19,2018-01-21,2018-01-28,2018-12-02,2018-12-09,2019-10-13,"{""colsample_bytree"": 0.8, ""learning_rate"": 0.1, ""max_depth"": 5, ""n_estimators"": 100, ""subsample"": 0.8}",132,none,42,60.53938382897226,7.7807058695835725,6.029302214949056,-0.23193405768240005,0.22590166274042103,17.247554861141293,0.22816974860042707,72.86921277805979,8.536346570873267,6.350638889300527,0.01229430918136365,0.2321327497956243,18.367135737756332,0.5907386862071751,3.622,weekly,A_lag1,linear,0.1,7.801726030040657,0.2694,-0.3404637983324421,8.586251525109175,5.0,,,,,,,
AR-LRX [struct_linear],M01AB,A_lag1+cal,pacf_train,13,2,210,45,45,2014-01-19,2018-01-21,2018-01-28,2018-12-02,2018-12-09,2019-10-13,"{""colsample_bytree"": 0.8, ""learning_rate"": 0.1, ""max_depth"": 5, ""n_estimators"": 100, ""subsample"": 0.8}",132,none,42,60.53938382897212,7.780705869583564,6.029302214949053,-0.23193405768239717,0.22590166274042078,17.247554861141285,0.2281697486004269,72.86921277805975,8.536346570873265,6.350638889300521,0.012294309181363983,0.23213274979562423,18.36713573775632,0.5907386862071748,3.581,weekly,A_lag1,struct_linear,0.1,7.801726030040648,0.2694,-0.34046379833244234,8.586251525109175,5.0,,,,,,,
AR-LRX-Aug [struct_linear],M01AB,A_lag1+cal,pacf_train,13,2,210,45,45,2014-01-19,2018-01-21,2018-01-28,2018-12-02,2018-12-09,2019-10-13,"{""colsample_bytree"": 0.8, ""learning_rate"": 0.1, ""max_depth"": 3, ""n_estimators"": 300, ""subsample"": 0.8}",132,none,42,60.866929047813805,7.801726030040648,6.109800979165954,-0.23859937346529403,0.2265119530248651,17.465861362650934,0.23135123734153498,73.72371525243962,8.586251525109175,6.392046700269592,0.000711956023053073,0.23348983788465918,18.47913837776912,0.5863952123485549,3.847,weekly,A_lag1,struct_linear,0.0,7.801726030040648,0.0,-0.2900766285992,8.586251525109175,5.0,True,global,1.0,"{""0"": 0.0}",0.0,0.0,7.824231458483942
Naive,M01AB,B_rich,pacf_train,3,2,210,45,45,2014-01-19,2018-01-21,2018-01-28,2018-12-02,2018-12-09,2019-10-13,{},0,none,42,116.87771555555555,10.810999748198848,8.296888888888889,-1.3783796475988885,0.3138819099371895,23.32963922164917,0.31766608233445126,119.25805777777776,10.92053376798853,8.319555555555553,-0.6164832561297386,0.2969670352242758,22.935915307261524,0.6606806987698898,0.0,weekly,B_rich,,,,,,,,,,,,,,
S1 [linear] (exp05c),M01AB,B_rich,pacf_train,3,2,210,45,45,2014-01-19,2018-01-21,2018-01-28,2018-12-02,2018-12-09,2019-10-13,{},0,none,42,53.0614683834258,7.284330331844225,5.794794692892386,-0.07976371607695354,0.21149010918750533,16.615655355185332,0.21859074434320744,75.19148156849673,8.671302184129944,6.475317760284488,-0.01918288142464908,0.2358026590882624,18.69895700095755,0.5749275958283854,0.007,weekly,B_rich,linear,0.0,7.284330331844225,0.0,,8.671302184129944,,,,,,,,
S1 [linear+cal],M01AB,B_rich+cal,pacf_train,15,2,210,45,45,2014-01-19,2018-01-21,2018-01-28,2018-12-02,2018-12-09,2019-10-13,{},0,none,42,56.08541318841247,7.4890195078135875,5.892837122959326,-0.14129887481492598,0.21743296655436792,16.912265667237435,0.22232585656768536,73.09441568438695,8.549527219933681,6.407536656736149,0.009241796553764448,0.2324911771726154,18.582949803903237,0.579019716450329,0.012,weekly,B_rich,linear,0.0,7.4890195078135875,0.0,,8.549527219933681,,,,,,,,
S1 [structural],M01AB,B_rich+cal,pacf_train,15,2,210,45,45,2014-01-19,2018-01-21,2018-01-28,2018-12-02,2018-12-09,2019-10-13,{},0,none,42,55.87680412661525,7.475078870929407,5.8284912248523115,-0.13705382652214526,0.21702822010789088,16.643395826630734,0.22761126878193053,74.46462154094398,8.629288588345158,6.390808675275785,-0.00933065771764885,0.23466016429410758,18.50978756560696,0.5762916011755057,0.03,weekly,B_rich,structural,0.0,7.475078870929407,0.0,,8.629288588345158,,,,,,,,
S1 [struct_linear],M01AB,B_rich+cal,pacf_train,15,2,210,45,45,2014-01-19,2018-01-21,2018-01-28,2018-12-02,2018-12-09,2019-10-13,{},0,none,42,56.08541318841247,7.4890195078135875,5.892837122959326,-0.14129887481492598,0.21743296655436792,16.912265667237435,0.22232585656768536,73.09441568438693,8.549527219933681,6.407536656736149,0.00924179655376478,0.2324911771726154,18.582949803903233,0.5790197164503289,0.029,weekly,B_rich,struct_linear,0.0,7.4890195078135875,0.0,,8.549527219933681,,,,,,,,
XGBoost [+cal],M01AB,B_rich+cal,pacf_train,15,2,210,45,45,2014-01-19,2018-01-21,2018-01-28,2018-12-02,2018-12-09,2019-10-13,"{""colsample_bytree"": 0.8, ""learning_rate"": 0.05, ""max_depth"": 3, ""n_estimators"": 100, ""subsample"": 0.8}",12,none,42,61.864874374241126,7.865422707918572,5.817413660685222,-0.25890686187323597,0.2283612949335362,16.559242663612043,0.23199210000579712,74.97308990321055,8.65870024329348,6.350706915961372,-0.016222691758712937,0.23545996878687378,18.492014555472345,0.5687133295147241,3.674,weekly,B_rich,,,,,,,,,,,,,,
AR-LRX [linear+cal],M01AB,B_rich+cal,pacf_train,15,2,210,45,45,2014-01-19,2018-01-21,2018-01-28,2018-12-02,2018-12-09,2019-10-13,"{""colsample_bytree"": 0.8, ""learning_rate"": 0.1, ""max_depth"": 5, ""n_estimators"": 100, ""subsample"": 0.8}",132,none,42,56.051065064967084,7.486725924258686,5.7936630532233115,-0.14059991456106213,0.21736637563737776,16.623491317587582,0.22000712187487637,72.61040590037074,8.521173974304874,6.370960349957626,0.015802306813985867,0.2317201544852396,18.504996176660804,0.577715501747242,3.744,weekly,B_rich,linear,0.1,7.4890195078135875,0.0306,-0.32267160876099443,8.549527219933681,5.0,,,,,,,
AR-LRX [struct_linear],M01AB,B_rich+cal,pacf_train,15,2,210,45,45,2014-01-19,2018-01-21,2018-01-28,2018-12-02,2018-12-09,2019-10-13,"{""colsample_bytree"": 0.8, ""learning_rate"": 0.1, ""max_depth"": 5, ""n_estimators"": 100, ""subsample"": 0.8}",132,none,42,56.05106506496707,7.486725924258685,5.793663053223314,-0.1405999145610619,0.21736637563737773,16.623491317587586,0.2200071218748764,72.61040590037072,8.521173974304874,6.370960349957626,0.015802306813985978,0.2317201544852396,18.504996176660804,0.577715501747242,3.926,weekly,B_rich,struct_linear,0.1,7.4890195078135875,0.0306,-0.322671608760994,8.549527219933681,5.0,,,,,,,
AR-LRX-Aug [struct_linear],M01AB,B_rich+cal,pacf_train,15,2,210,45,45,2014-01-19,2018-01-21,2018-01-28,2018-12-02,2018-12-09,2019-10-13,"{""colsample_bytree"": 0.8, ""learning_rate"": 0.05, ""max_depth"": 3, ""n_estimators"": 100, ""subsample"": 0.8}",132,none,42,52.22195975493212,7.22647630280015,5.755091273636799,-0.06268030349909615,0.20981040022840178,16.483319426875514,0.21189222721654713,73.19506362725802,8.555411365168716,6.359470704829598,0.007877564086402278,0.23265118740676707,18.469735589535855,0.5783552372785723,3.91,weekly,B_rich,struct_linear,0.6000000000000002,7.4890195078135875,3.5057,0.04606934969610854,8.549527219933681,5.0,True,global,1.0,"{""0"": 0.6}",0.6,0.6,7.474573385519395
Naive,M01AE,A_lag1,pacf_train,1,1,210,45,46,2014-01-12,2018-01-14,2018-01-21,2018-11-25,2018-12-02,2019-10-13,{},0,none,42,45.908203888888885,6.775559304506816,5.5056222222222235,-0.5028531878042071,0.2521991261150493,20.14832613520521,0.2609274473557304,99.00320602173912,9.950035478416101,7.71463043478261,0.05536256982834331,0.37592019383774017,30.265748716527487,0.717837483642111,0.0,weekly,A_lag1,,,,,,,,,,,,,,
S1 [linear] (exp05c),M01AE,A_lag1,pacf_train,1,1,210,45,46,2014-01-12,2018-01-14,2018-01-21,2018-11-25,2018-12-02,2019-10-13,{},0,none,42,28.86272463150085,5.372403989975144,4.376200802707008,0.055148447407143864,0.1999710327245609,16.335850128153716,0.21311247015909435,85.1469526480301,9.227510641989534,7.280131693320726,0.18757177905207012,0.3486226352359398,27.577591718542614,0.6299231042993104,0.008,weekly,A_lag1,linear,0.0,5.372403989975144,0.0,,9.227510641989534,,,,,,,,
S1 [linear+cal],M01AE,A_lag1+cal,pacf_train,13,1,210,45,46,2014-01-12,2018-01-14,2018-01-21,2018-11-25,2018-12-02,2019-10-13,{},0,none,42,29.244359299167435,5.407805405075837,4.61562017491704,0.042655236427523224,0.20128874031892763,17.183968558484946,0.22615773453957172,78.04641240703775,8.834388060699945,7.015313815448068,0.25532146469971095,0.3337701538271097,26.762097707268616,0.6065479377950512,0.012,weekly,A_lag1,linear,0.0,5.407805405075837,0.0,,8.834388060699945,,,,,,,,
S1 [structural],M01AE,A_lag1+cal,pacf_train,13,1,210,45,46,2014-01-12,2018-01-14,2018-01-21,2018-11-25,2018-12-02,2019-10-13,{},0,none,42,31.057560844162037,5.572931081949788,4.705339892699767,-0.016701817240310834,0.20743503017267687,17.55671938624614,0.23633125684616066,88.78760154604821,9.422717312222002,7.382506745662584,0.1528345886379946,0.3559976973119888,27.886589566872853,0.6013077786556059,0.028,weekly,A_lag1,structural,0.0,5.572931081949788,0.0,,9.422717312222002,,,,,,,,
S1 [struct_linear],M01AE,A_lag1+cal,pacf_train,13,1,210,45,46,2014-01-12,2018-01-14,2018-01-21,2018-11-25,2018-12-02,2019-10-13,{},0,none,42,29.244359299167353,5.4078054050758295,4.615620174917009,0.04265523642752589,0.20128874031892735,17.183968558484857,0.22615773453957203,78.04641240704059,8.834388060700107,7.015313815448173,0.25532146469968386,0.3337701538271158,26.762097707268907,0.6065479377950477,0.027,weekly,A_lag1,struct_linear,0.0,5.4078054050758295,0.0,,8.834388060700107,,,,,,,,
XGBoost [+cal],M01AE,A_lag1+cal,pacf_train,13,1,210,45,46,2014-01-12,2018-01-14,2018-01-21,2018-11-25,2018-12-02,2019-10-13,"{""colsample_bytree"": 0.8, ""learning_rate"": 0.05, ""max_depth"": 3, ""n_estimators"": 100, ""subsample"": 0.8}",12,none,42,32.53401430500141,5.70385959723777,4.800600147840712,-0.0650350693021291,0.2123084370244487,17.7101568702766,0.21667966791894006,82.8442983724359,9.101884330864456,7.11544466002091,0.20954251621176834,0.3438763740460473,27.043839694496008,0.6055926557197395,3.323,weekly,A_lag1,,,,,,,,,,,,,,
AR-LRX [linear+cal],M01AE,A_lag1+cal,pacf_train,13,1,210,45,46,2014-01-12,2018-01-14,2018-01-21,2018-11-25,2018-12-02,2019-10-13,"{""colsample_bytree"": 0.8, ""learning_rate"": 0.05, ""max_depth"": 3, ""n_estimators"": 300, ""subsample"": 0.8}",132,none,42,29.214700236397746,5.40506246369066,4.61879332843462,0.04362615694400851,0.2011866428552,17.18524336331349,0.222888031827075,77.83638097234717,8.822492900101828,7.012558383179868,0.25732547611200607,0.3333207452709819,26.771678665261817,0.6076532019077548,3.675,weekly,A_lag1,linear,0.1,5.407805405075837,0.0507,-0.3186037233243155,8.834388060699945,5.0,,,,,,,
AR-LRX [struct_linear],M01AE,A_lag1+cal,pacf_train,13,1,210,45,46,2014-01-12,2018-01-14,2018-01-21,2018-11-25,2018-12-02,2019-10-13,"{""colsample_bytree"": 0.8, ""learning_rate"": 0.05, ""max_depth"": 3, ""n_estimators"": 300, ""subsample"": 0.8}",132,none,42,29.214700236397665,5.405062463690652,4.618793328434613,0.043626156944011174,0.2011866428551997,17.185243363313486,0.22288803182707537,77.83638097235,8.822492900101988,7.012558383179973,0.2573254761119791,0.33332074527098793,26.7716786652621,0.6076532019077513,3.578,weekly,A_lag1,struct_linear,0.1,5.4078054050758295,0.0507,-0.3186037233243184,8.834388060700107,5.0,,,,,,,
AR-LRX-Aug [struct_linear],M01AE,A_lag1+cal,pacf_train,13,1,210,45,46,2014-01-12,2018-01-14,2018-01-21,2018-11-25,2018-12-02,2019-10-13,"{""colsample_bytree"": 0.8, ""learning_rate"": 0.1, ""max_depth"": 3, ""n_estimators"": 300, ""subsample"": 0.8}",132,none,42,29.244359299167353,5.4078054050758295,4.615620174917009,0.04265523642752589,0.20128874031892735,17.183968558484857,0.22615773453957203,78.04641240704059,8.834388060700107,7.015313815448173,0.25532146469968386,0.3337701538271158,26.762097707268907,0.6065479377950477,3.861,weekly,A_lag1,struct_linear,0.0,5.4078054050758295,0.0,-0.6422812031034426,8.834388060700107,5.0,True,global,1.0,"{""0"": 0.0}",0.0,0.0,5.407805405075829
Naive,M01AE,B_rich,pacf_train,1,1,210,45,46,2014-01-12,2018-01-14,2018-01-21,2018-11-25,2018-12-02,2019-10-13,{},0,none,42,45.908203888888885,6.775559304506816,5.5056222222222235,-0.5028531878042071,0.2521991261150493,20.14832613520521,0.2609274473557304,99.00320602173912,9.950035478416101,7.71463043478261,0.05536256982834331,0.37592019383774017,30.265748716527487,0.717837483642111,0.0,weekly,B_rich,,,,,,,,,,,,,,
S1 [linear] (exp05c),M01AE,B_rich,pacf_train,1,1,210,45,46,2014-01-12,2018-01-14,2018-01-21,2018-11-25,2018-12-02,2019-10-13,{},0,none,42,28.86272463150085,5.372403989975144,4.376200802707008,0.055148447407143864,0.1999710327245609,16.335850128153716,0.21311247015909435,85.1469526480301,9.227510641989534,7.280131693320726,0.18757177905207012,0.3486226352359398,27.577591718542614,0.6299231042993104,0.008,weekly,B_rich,linear,0.0,5.372403989975144,0.0,,9.227510641989534,,,,,,,,
S1 [linear+cal],M01AE,B_rich+cal,pacf_train,13,1,210,45,46,2014-01-12,2018-01-14,2018-01-21,2018-11-25,2018-12-02,2019-10-13,{},0,none,42,29.244359299167435,5.407805405075837,4.61562017491704,0.042655236427523224,0.20128874031892763,17.183968558484946,0.22615773453957172,78.04641240703775,8.834388060699945,7.015313815448068,0.25532146469971095,0.3337701538271097,26.762097707268616,0.6065479377950512,0.015,weekly,B_rich,linear,0.0,5.407805405075837,0.0,,8.834388060699945,,,,,,,,
S1 [structural],M01AE,B_rich+cal,pacf_train,13,1,210,45,46,2014-01-12,2018-01-14,2018-01-21,2018-11-25,2018-12-02,2019-10-13,{},0,none,42,31.057560844162037,5.572931081949788,4.705339892699767,-0.016701817240310834,0.20743503017267687,17.55671938624614,0.23633125684616066,88.78760154604821,9.422717312222002,7.382506745662584,0.1528345886379946,0.3559976973119888,27.886589566872853,0.6013077786556059,0.031,weekly,B_rich,structural,0.0,5.572931081949788,0.0,,9.422717312222002,,,,,,,,
S1 [struct_linear],M01AE,B_rich+cal,pacf_train,13,1,210,45,46,2014-01-12,2018-01-14,2018-01-21,2018-11-25,2018-12-02,2019-10-13,{},0,none,42,29.244359299167353,5.4078054050758295,4.615620174917009,0.04265523642752589,0.20128874031892735,17.183968558484857,0.22615773453957203,78.04641240704059,8.834388060700107,7.015313815448173,0.25532146469968386,0.3337701538271158,26.762097707268907,0.6065479377950477,0.025,weekly,B_rich,struct_linear,0.0,5.4078054050758295,0.0,,8.834388060700107,,,,,,,,
XGBoost [+cal],M01AE,B_rich+cal,pacf_train,13,1,210,45,46,2014-01-12,2018-01-14,2018-01-21,2018-11-25,2018-12-02,2019-10-13,"{""colsample_bytree"": 0.8, ""learning_rate"": 0.05, ""max_depth"": 3, ""n_estimators"": 100, ""subsample"": 0.8}",12,none,42,32.53401430500141,5.70385959723777,4.800600147840712,-0.0650350693021291,0.2123084370244487,17.7101568702766,0.21667966791894006,82.8442983724359,9.101884330864456,7.11544466002091,0.20954251621176834,0.3438763740460473,27.043839694496008,0.6055926557197395,3.3,weekly,B_rich,,,,,,,,,,,,,,
AR-LRX [linear+cal],M01AE,B_rich+cal,pacf_train,13,1,210,45,46,2014-01-12,2018-01-14,2018-01-21,2018-11-25,2018-12-02,2019-10-13,"{""colsample_bytree"": 0.8, ""learning_rate"": 0.05, ""max_depth"": 3, ""n_estimators"": 300, ""subsample"": 0.8}",132,none,42,29.214700236397746,5.40506246369066,4.61879332843462,0.04362615694400851,0.2011866428552,17.18524336331349,0.222888031827075,77.83638097234717,8.822492900101828,7.012558383179868,0.25732547611200607,0.3333207452709819,26.771678665261817,0.6076532019077548,3.466,weekly,B_rich,linear,0.1,5.407805405075837,0.0507,-0.3186037233243155,8.834388060699945,5.0,,,,,,,
AR-LRX [struct_linear],M01AE,B_rich+cal,pacf_train,13,1,210,45,46,2014-01-12,2018-01-14,2018-01-21,2018-11-25,2018-12-02,2019-10-13,"{""colsample_bytree"": 0.8, ""learning_rate"": 0.05, ""max_depth"": 3, ""n_estimators"": 300, ""subsample"": 0.8}",132,none,42,29.214700236397665,5.405062463690652,4.618793328434613,0.043626156944011174,0.2011866428551997,17.185243363313486,0.22288803182707537,77.83638097235,8.822492900101988,7.012558383179973,0.2573254761119791,0.33332074527098793,26.7716786652621,0.6076532019077513,3.521,weekly,B_rich,struct_linear,0.1,5.4078054050758295,0.0507,-0.3186037233243184,8.834388060700107,5.0,,,,,,,
AR-LRX-Aug [struct_linear],M01AE,B_rich+cal,pacf_train,13,1,210,45,46,2014-01-12,2018-01-14,2018-01-21,2018-11-25,2018-12-02,2019-10-13,"{""colsample_bytree"": 0.8, ""learning_rate"": 0.1, ""max_depth"": 3, ""n_estimators"": 300, ""subsample"": 0.8}",132,none,42,29.244359299167353,5.4078054050758295,4.615620174917009,0.04265523642752589,0.20128874031892735,17.183968558484857,0.22615773453957203,78.04641240704059,8.834388060700107,7.015313815448173,0.25532146469968386,0.3337701538271158,26.762097707268907,0.6065479377950477,3.99,weekly,B_rich,struct_linear,0.0,5.4078054050758295,0.0,-0.6422812031034426,8.834388060700107,5.0,True,global,1.0,"{""0"": 0.0}",0.0,0.0,5.407805405075829
Naive,N02BA,A_lag1,pacf_train,1,1,210,45,46,2014-01-12,2018-01-14,2018-01-21,2018-11-25,2018-12-02,2019-10-13,{},0,none,42,49.194444444444436,7.01387513750027,5.391111111111111,-0.5938228589736254,0.31800945207809794,25.109810773395424,0.3725147465421816,38.93119565217392,6.2394868100007965,5.060869565217392,-0.3633468510784168,0.2954211242448012,25.279798597319925,0.73400085945753,0.0,weekly,A_lag1,,,,,,,,,,,,,,
S1 [linear] (exp05c),N02BA,A_lag1,pacf_train,1,1,210,45,46,2014-01-12,2018-01-14,2018-01-21,2018-11-25,2018-12-02,2019-10-13,{},0,none,42,55.76310318721868,7.467469664298522,6.280953746808672,-0.806637102030147,0.33857545077424034,27.31280964135922,0.47435270586959954,47.144018591691996,6.866150201655364,5.402531053338721,-0.6509549274676998,0.325091770136531,25.549350364411723,0.9667978071238208,0.007,weekly,A_lag1,linear,0.0,7.467469664298522,0.0,,6.866150201655364,,,,,,,,
S1 [linear+cal],N02BA,A_lag1+cal,pacf_train,13,1,210,45,46,2014-01-12,2018-01-14,2018-01-21,2018-11-25,2018-12-02,2019-10-13,{},0,none,42,56.486922420922305,7.515778231222786,6.427583596478817,-0.8300877101927093,0.3407657636322674,27.545858214681274,0.4738721467431472,52.74233095521968,7.2623915451605665,5.805787462723205,-0.847004429783528,0.34385261806122797,26.875774006378222,0.9937654454091557,0.014,weekly,A_lag1,linear,0.0,7.515778231222786,0.0,,7.2623915451605665,,,,,,,,
S1 [structural],N02BA,A_lag1+cal,pacf_train,13,1,210,45,46,2014-01-12,2018-01-14,2018-01-21,2018-11-25,2018-12-02,2019-10-13,{},0,none,42,74.68958348452044,8.642313549306136,7.680878205852522,-1.4198253853498115,0.39184293170657547,31.90418896701024,0.5356382308652151,77.78980734864102,8.819853023074762,7.2789539661994125,-1.724151856066726,0.417593782164005,31.97510030767303,1.1069265020101022,0.029,weekly,A_lag1,structural,0.0,8.642313549306136,0.0,,8.819853023074762,,,,,,,,
S1 [struct_linear],N02BA,A_lag1+cal,pacf_train,13,1,210,45,46,2014-01-12,2018-01-14,2018-01-21,2018-11-25,2018-12-02,2019-10-13,{},0,none,42,56.48692242092946,7.515778231223262,6.427583596479338,-0.8300877101929411,0.340765763632289,27.5458582146832,0.47387214674317635,52.74233095522216,7.262391545160737,5.805787462723389,-0.847004429783615,0.34385261806123607,26.875774006378926,0.9937654454091748,0.027,weekly,A_lag1,struct_linear,0.0,7.515778231223262,0.0,,7.262391545160737,,,,,,,,
XGBoost [+cal],N02BA,A_lag1+cal,pacf_train,13,1,210,45,46,2014-01-12,2018-01-14,2018-01-21,2018-11-25,2018-12-02,2019-10-13,"{""colsample_bytree"": 0.8, ""learning_rate"": 0.05, ""max_depth"": 3, ""n_estimators"": 100, ""subsample"": 0.8}",12,none,42,57.70913248321214,7.596652715717109,6.467920362684463,-0.8696853996827285,0.34443261683352133,27.685845821825577,0.4750922295433853,58.24378526402546,7.631761609486073,6.248784886235777,-1.0396620217895247,0.3613411909179758,28.59625924115327,0.9421430979947873,3.361,weekly,A_lag1,,,,,,,,,,,,,,
AR-LRX [linear+cal],N02BA,A_lag1+cal,pacf_train,13,1,210,45,46,2014-01-12,2018-01-14,2018-01-21,2018-11-25,2018-12-02,2019-10-13,"{""colsample_bytree"": 0.8, ""learning_rate"": 0.05, ""max_depth"": 5, ""n_estimators"": 300, ""subsample"": 0.8}",132,none,42,52.17109771207315,7.22295630002516,6.191582631877416,-0.6902617572021215,0.3274892025200325,26.48962256996204,0.4352921793927217,53.815962123584185,7.335936349477426,5.9848579017040375,-0.8846023418971691,0.3473347455879384,27.751495882155332,0.8886961969255784,3.499,weekly,A_lag1,linear,0.4,7.515778231222786,3.8961,-1.423663545815581,7.2623915451605665,5.0,,,,,,,
AR-LRX [struct_linear],N02BA,A_lag1+cal,pacf_train,13,1,210,45,46,2014-01-12,2018-01-14,2018-01-21,2018-11-25,2018-12-02,2019-10-13,"{""colsample_bytree"": 0.8, ""learning_rate"": 0.05, ""max_depth"": 5, ""n_estimators"": 300, ""subsample"": 0.8}",132,none,42,52.17109771207807,7.2229563000255,6.191582631877838,-0.6902617572022809,0.32748920252004793,26.48962256996368,0.43529217939274695,53.815962123586814,7.335936349477605,5.984857901704224,-0.8846023418972611,0.3473347455879469,27.751495882156018,0.8886961969255979,3.973,weekly,A_lag1,struct_linear,0.4,7.515778231223262,3.8961,-1.4236635458157627,7.262391545160737,5.0,,,,,,,
AR-LRX-Aug [struct_linear],N02BA,A_lag1+cal,pacf_train,13,1,210,45,46,2014-01-12,2018-01-14,2018-01-21,2018-11-25,2018-12-02,2019-10-13,"{""colsample_bytree"": 0.8, ""learning_rate"": 0.05, ""max_depth"": 3, ""n_estimators"": 100, ""subsample"": 0.8}",132,none,42,56.48692242092946,7.515778231223262,6.427583596479338,-0.8300877101929411,0.340765763632289,27.5458582146832,0.47387214674317635,52.74233095522216,7.262391545160737,5.805787462723389,-0.847004429783615,0.34385261806123607,26.875774006378926,0.9937654454091748,4.024,weekly,A_lag1,struct_linear,0.0,7.515778231223262,0.0,-2.089810342287759,7.262391545160737,5.0,True,global,1.0,"{""0"": 0.0}",0.0,0.0,7.51577823122326
Naive,N02BA,B_rich,pacf_train,1,1,210,45,46,2014-01-12,2018-01-14,2018-01-21,2018-11-25,2018-12-02,2019-10-13,{},0,none,42,49.194444444444436,7.01387513750027,5.391111111111111,-0.5938228589736254,0.31800945207809794,25.109810773395424,0.3725147465421816,38.93119565217392,6.2394868100007965,5.060869565217392,-0.3633468510784168,0.2954211242448012,25.279798597319925,0.73400085945753,0.0,weekly,B_rich,,,,,,,,,,,,,,
S1 [linear] (exp05c),N02BA,B_rich,pacf_train,1,1,210,45,46,2014-01-12,2018-01-14,2018-01-21,2018-11-25,2018-12-02,2019-10-13,{},0,none,42,55.76310318721868,7.467469664298522,6.280953746808672,-0.806637102030147,0.33857545077424034,27.31280964135922,0.47435270586959954,47.144018591691996,6.866150201655364,5.402531053338721,-0.6509549274676998,0.325091770136531,25.549350364411723,0.9667978071238208,0.009,weekly,B_rich,linear,0.0,7.467469664298522,0.0,,6.866150201655364,,,,,,,,
S1 [linear+cal],N02BA,B_rich+cal,pacf_train,13,1,210,45,46,2014-01-12,2018-01-14,2018-01-21,2018-11-25,2018-12-02,2019-10-13,{},0,none,42,56.486922420922305,7.515778231222786,6.427583596478817,-0.8300877101927093,0.3407657636322674,27.545858214681274,0.4738721467431472,52.74233095521968,7.2623915451605665,5.805787462723205,-0.847004429783528,0.34385261806122797,26.875774006378222,0.9937654454091557,0.02,weekly,B_rich,linear,0.0,7.515778231222786,0.0,,7.2623915451605665,,,,,,,,
S1 [structural],N02BA,B_rich+cal,pacf_train,13,1,210,45,46,2014-01-12,2018-01-14,2018-01-21,2018-11-25,2018-12-02,2019-10-13,{},0,none,42,74.68958348452044,8.642313549306136,7.680878205852522,-1.4198253853498115,0.39184293170657547,31.90418896701024,0.5356382308652151,77.78980734864102,8.819853023074762,7.2789539661994125,-1.724151856066726,0.417593782164005,31.97510030767303,1.1069265020101022,0.03,weekly,B_rich,structural,0.0,8.642313549306136,0.0,,8.819853023074762,,,,,,,,
S1 [struct_linear],N02BA,B_rich+cal,pacf_train,13,1,210,45,46,2014-01-12,2018-01-14,2018-01-21,2018-11-25,2018-12-02,2019-10-13,{},0,none,42,56.48692242092946,7.515778231223262,6.427583596479338,-0.8300877101929411,0.340765763632289,27.5458582146832,0.47387214674317635,52.74233095522216,7.262391545160737,5.805787462723389,-0.847004429783615,0.34385261806123607,26.875774006378926,0.9937654454091748,0.022,weekly,B_rich,struct_linear,0.0,7.515778231223262,0.0,,7.262391545160737,,,,,,,,
XGBoost [+cal],N02BA,B_rich+cal,pacf_train,13,1,210,45,46,2014-01-12,2018-01-14,2018-01-21,2018-11-25,2018-12-02,2019-10-13,"{""colsample_bytree"": 0.8, ""learning_rate"": 0.05, ""max_depth"": 3, ""n_estimators"": 100, ""subsample"": 0.8}",12,none,42,57.70913248321214,7.596652715717109,6.467920362684463,-0.8696853996827285,0.34443261683352133,27.685845821825577,0.4750922295433853,58.24378526402546,7.631761609486073,6.248784886235777,-1.0396620217895247,0.3613411909179758,28.59625924115327,0.9421430979947873,3.469,weekly,B_rich,,,,,,,,,,,,,,
AR-LRX [linear+cal],N02BA,B_rich+cal,pacf_train,13,1,210,45,46,2014-01-12,2018-01-14,2018-01-21,2018-11-25,2018-12-02,2019-10-13,"{""colsample_bytree"": 0.8, ""learning_rate"": 0.05, ""max_depth"": 5, ""n_estimators"": 300, ""subsample"": 0.8}",132,none,42,52.17109771207315,7.22295630002516,6.191582631877416,-0.6902617572021215,0.3274892025200325,26.48962256996204,0.4352921793927217,53.815962123584185,7.335936349477426,5.9848579017040375,-0.8846023418971691,0.3473347455879384,27.751495882155332,0.8886961969255784,3.631,weekly,B_rich,linear,0.4,7.515778231222786,3.8961,-1.423663545815581,7.2623915451605665,5.0,,,,,,,
AR-LRX [struct_linear],N02BA,B_rich+cal,pacf_train,13,1,210,45,46,2014-01-12,2018-01-14,2018-01-21,2018-11-25,2018-12-02,2019-10-13,"{""colsample_bytree"": 0.8, ""learning_rate"": 0.05, ""max_depth"": 5, ""n_estimators"": 300, ""subsample"": 0.8}",132,none,42,52.17109771207807,7.2229563000255,6.191582631877838,-0.6902617572022809,0.32748920252004793,26.48962256996368,0.43529217939274695,53.815962123586814,7.335936349477605,5.984857901704224,-0.8846023418972611,0.3473347455879469,27.751495882156018,0.8886961969255979,3.799,weekly,B_rich,struct_linear,0.4,7.515778231223262,3.8961,-1.4236635458157627,7.262391545160737,5.0,,,,,,,
AR-LRX-Aug [struct_linear],N02BA,B_rich+cal,pacf_train,13,1,210,45,46,2014-01-12,2018-01-14,2018-01-21,2018-11-25,2018-12-02,2019-10-13,"{""colsample_bytree"": 0.8, ""learning_rate"": 0.05, ""max_depth"": 3, ""n_estimators"": 100, ""subsample"": 0.8}",132,none,42,56.48692242092946,7.515778231223262,6.427583596479338,-0.8300877101929411,0.340765763632289,27.5458582146832,0.47387214674317635,52.74233095522216,7.262391545160737,5.805787462723389,-0.847004429783615,0.34385261806123607,26.875774006378926,0.9937654454091748,3.71,weekly,B_rich,struct_linear,0.0,7.515778231223262,0.0,-2.089810342287759,7.262391545160737,5.0,True,global,1.0,"{""0"": 0.0}",0.0,0.0,7.51577823122326
Naive,N02BE,A_lag1,pacf_train,1,1,210,45,46,2014-01-12,2018-01-14,2018-01-21,2018-11-25,2018-12-02,2019-10-13,{},0,none,42,1680.9681508666667,40.999611594095214,33.66975555555555,0.5778299809887086,0.19660834306448544,16.091032387206173,0.19010275891329437,2872.5362513913046,53.59604697541886,41.5418695652174,0.6070022317317492,0.2638605401116403,20.08585888444381,0.3344249193079274,0.0,weekly,A_lag1,,,,,,,,,,,,,,
S1 [linear] (exp05c),N02BE,A_lag1,pacf_train,1,1,210,45,46,2014-01-12,2018-01-14,2018-01-21,2018-11-25,2018-12-02,2019-10-13,{},0,none,42,1499.4320458283644,38.72250051105125,31.647842601792338,0.6234222195303742,0.18568875091216544,15.244489991691704,0.18623449028963446,2636.4831549119726,51.34669565718882,39.33803413707109,0.6392971557955466,0.25278668136229604,19.063345346674403,0.3279954691336632,0.008,weekly,A_lag1,linear,0.0,38.72250051105125,0.0,,51.34669565718882,,,,,,,,
S1 [linear+cal],N02BE,A_lag1+cal,pacf_train,13,1,210,45,46,2014-01-12,2018-01-14,2018-01-21,2018-11-25,2018-12-02,2019-10-13,{},0,none,42,1371.9664806493602,37.04006588343709,29.934762566401275,0.6554348070664089,0.1776208529104884,14.103025191838716,0.16630272721845582,2429.07559228941,49.285653006624656,35.651004706502356,0.6676730237043137,0.24263989148392298,17.30974479002055,0.3484822525738822,0.014,weekly,A_lag1,linear,0.0,37.04006588343709,0.0,,49.285653006624656,,,,,,,,
S1 [structural],N02BE,A_lag1+cal,pacf_train,13,1,210,45,46,2014-01-12,2018-01-14,2018-01-21,2018-11-25,2018-12-02,2019-10-13,{},0,none,42,2167.327382047713,46.55456349325717,34.08439037772512,0.4556823449563673,0.22324639757850528,15.962099519086062,0.19128285338378168,3543.478482698439,59.527123924295545,39.70732761607927,0.51520920408487,0.2930600287957975,18.755214536234764,0.39978131266220096,0.032,weekly,A_lag1,structural,0.0,46.55456349325717,0.0,,59.527123924295545,,,,,,,,
S1 [struct_linear],N02BE,A_lag1+cal,pacf_train,13,1,210,45,46,2014-01-12,2018-01-14,2018-01-21,2018-11-25,2018-12-02,2019-10-13,{},0,none,42,1371.9664806493608,37.0400658834371,29.934762566401275,0.6554348070664087,0.17762085291048849,14.103025191838716,0.16630272721845582,2429.07559228941,49.285653006624656,35.65100470650235,0.6676730237043137,0.24263989148392298,17.30974479002054,0.34848225257388227,0.025,weekly,A_lag1,struct_linear,0.0,37.0400658834371,0.0,,49.285653006624656,,,,,,,,
XGBoost [+cal],N02BE,A_lag1+cal,pacf_train,13,1,210,45,46,2014-01-12,2018-01-14,2018-01-21,2018-11-25,2018-12-02,2019-10-13,"{""colsample_bytree"": 0.8, ""learning_rate"": 0.05, ""max_depth"": 3, ""n_estimators"": 100, ""subsample"": 0.8}",12,none,42,1867.4614514514437,43.21413485714418,31.91240711941189,0.5309927579201088,0.2072278034080688,14.67419967087045,0.19354583786381935,2624.604243911457,51.23089150026044,35.92285132632049,0.6409223347677523,0.2522165619389679,17.489394520760463,0.36177397231200004,3.381,weekly,A_lag1,,,,,,,,,,,,,,
AR-LRX [linear+cal],N02BE,A_lag1+cal,pacf_train,13,1,210,45,46,2014-01-12,2018-01-14,2018-01-21,2018-11-25,2018-12-02,2019-10-13,"{""colsample_bytree"": 0.8, ""learning_rate"": 0.05, ""max_depth"": 3, ""n_estimators"": 100, ""subsample"": 0.8}",132,none,42,1371.9664806493602,37.04006588343709,29.934762566401275,0.6554348070664089,0.1776208529104884,14.103025191838716,0.16630272721845582,2429.07559228941,49.285653006624656,35.651004706502356,0.6676730237043137,0.24263989148392298,17.30974479002055,0.3484822525738822,3.417,weekly,A_lag1,linear,0.0,37.04006588343709,0.0,-0.5032882497653204,49.285653006624656,5.0,,,,,,,
AR-LRX [struct_linear],N02BE,A_lag1+cal,pacf_train,13,1,210,45,46,2014-01-12,2018-01-14,2018-01-21,2018-11-25,2018-12-02,2019-10-13,"{""colsample_bytree"": 0.8, ""learning_rate"": 0.05, ""max_depth"": 3, ""n_estimators"": 100, ""subsample"": 0.8}",132,none,42,1371.9664806493608,37.0400658834371,29.934762566401275,0.6554348070664087,0.17762085291048849,14.103025191838716,0.16630272721845582,2429.07559228941,49.285653006624656,35.65100470650235,0.6676730237043137,0.24263989148392298,17.30974479002054,0.34848225257388227,3.431,weekly,A_lag1,struct_linear,0.0,37.0400658834371,0.0,-0.5032882497653195,49.285653006624656,5.0,,,,,,,
AR-LRX-Aug [struct_linear],N02BE,A_lag1+cal,pacf_train,13,1,210,45,46,2014-01-12,2018-01-14,2018-01-21,2018-11-25,2018-12-02,2019-10-13,"{""colsample_bytree"": 0.8, ""learning_rate"": 0.05, ""max_depth"": 3, ""n_estimators"": 100, ""subsample"": 0.8}",132,none,42,1371.9664806493608,37.0400658834371,29.934762566401275,0.6554348070664087,0.17762085291048849,14.103025191838716,0.16630272721845582,2429.07559228941,49.285653006624656,35.65100470650235,0.6676730237043137,0.24263989148392298,17.30974479002054,0.34848225257388227,3.727,weekly,A_lag1,struct_linear,0.0,37.0400658834371,0.0,-0.418367571056218,49.285653006624656,5.0,True,global,1.0,"{""0"": 0.0}",0.0,0.0,38.23843790373808
Naive,N02BE,B_rich,pacf_train,1,1,210,45,46,2014-01-12,2018-01-14,2018-01-21,2018-11-25,2018-12-02,2019-10-13,{},0,none,42,1680.9681508666667,40.999611594095214,33.66975555555555,0.5778299809887086,0.19660834306448544,16.091032387206173,0.19010275891329437,2872.5362513913046,53.59604697541886,41.5418695652174,0.6070022317317492,0.2638605401116403,20.08585888444381,0.3344249193079274,0.0,weekly,B_rich,,,,,,,,,,,,,,
S1 [linear] (exp05c),N02BE,B_rich,pacf_train,1,1,210,45,46,2014-01-12,2018-01-14,2018-01-21,2018-11-25,2018-12-02,2019-10-13,{},0,none,42,1499.4320458283644,38.72250051105125,31.647842601792338,0.6234222195303742,0.18568875091216544,15.244489991691704,0.18623449028963446,2636.4831549119726,51.34669565718882,39.33803413707109,0.6392971557955466,0.25278668136229604,19.063345346674403,0.3279954691336632,0.008,weekly,B_rich,linear,0.0,38.72250051105125,0.0,,51.34669565718882,,,,,,,,
S1 [linear+cal],N02BE,B_rich+cal,pacf_train,13,1,210,45,46,2014-01-12,2018-01-14,2018-01-21,2018-11-25,2018-12-02,2019-10-13,{},0,none,42,1371.9664806493602,37.04006588343709,29.934762566401275,0.6554348070664089,0.1776208529104884,14.103025191838716,0.16630272721845582,2429.07559228941,49.285653006624656,35.651004706502356,0.6676730237043137,0.24263989148392298,17.30974479002055,0.3484822525738822,0.014,weekly,B_rich,linear,0.0,37.04006588343709,0.0,,49.285653006624656,,,,,,,,
S1 [structural],N02BE,B_rich+cal,pacf_train,13,1,210,45,46,2014-01-12,2018-01-14,2018-01-21,2018-11-25,2018-12-02,2019-10-13,{},0,none,42,2167.327382047713,46.55456349325717,34.08439037772512,0.4556823449563673,0.22324639757850528,15.962099519086062,0.19128285338378168,3543.478482698439,59.527123924295545,39.70732761607927,0.51520920408487,0.2930600287957975,18.755214536234764,0.39978131266220096,0.03,weekly,B_rich,structural,0.0,46.55456349325717,0.0,,59.527123924295545,,,,,,,,
S1 [struct_linear],N02BE,B_rich+cal,pacf_train,13,1,210,45,46,2014-01-12,2018-01-14,2018-01-21,2018-11-25,2018-12-02,2019-10-13,{},0,none,42,1371.9664806493608,37.0400658834371,29.934762566401275,0.6554348070664087,0.17762085291048849,14.103025191838716,0.16630272721845582,2429.07559228941,49.285653006624656,35.65100470650235,0.6676730237043137,0.24263989148392298,17.30974479002054,0.34848225257388227,0.024,weekly,B_rich,struct_linear,0.0,37.0400658834371,0.0,,49.285653006624656,,,,,,,,
XGBoost [+cal],N02BE,B_rich+cal,pacf_train,13,1,210,45,46,2014-01-12,2018-01-14,2018-01-21,2018-11-25,2018-12-02,2019-10-13,"{""colsample_bytree"": 0.8, ""learning_rate"": 0.05, ""max_depth"": 3, ""n_estimators"": 100, ""subsample"": 0.8}",12,none,42,1867.4614514514437,43.21413485714418,31.91240711941189,0.5309927579201088,0.2072278034080688,14.67419967087045,0.19354583786381935,2624.604243911457,51.23089150026044,35.92285132632049,0.6409223347677523,0.2522165619389679,17.489394520760463,0.36177397231200004,3.442,weekly,B_rich,,,,,,,,,,,,,,
AR-LRX [linear+cal],N02BE,B_rich+cal,pacf_train,13,1,210,45,46,2014-01-12,2018-01-14,2018-01-21,2018-11-25,2018-12-02,2019-10-13,"{""colsample_bytree"": 0.8, ""learning_rate"": 0.05, ""max_depth"": 3, ""n_estimators"": 100, ""subsample"": 0.8}",132,none,42,1371.9664806493602,37.04006588343709,29.934762566401275,0.6554348070664089,0.1776208529104884,14.103025191838716,0.16630272721845582,2429.07559228941,49.285653006624656,35.651004706502356,0.6676730237043137,0.24263989148392298,17.30974479002055,0.3484822525738822,3.263,weekly,B_rich,linear,0.0,37.04006588343709,0.0,-0.5032882497653204,49.285653006624656,5.0,,,,,,,
AR-LRX [struct_linear],N02BE,B_rich+cal,pacf_train,13,1,210,45,46,2014-01-12,2018-01-14,2018-01-21,2018-11-25,2018-12-02,2019-10-13,"{""colsample_bytree"": 0.8, ""learning_rate"": 0.05, ""max_depth"": 3, ""n_estimators"": 100, ""subsample"": 0.8}",132,none,42,1371.9664806493608,37.0400658834371,29.934762566401275,0.6554348070664087,0.17762085291048849,14.103025191838716,0.16630272721845582,2429.07559228941,49.285653006624656,35.65100470650235,0.6676730237043137,0.24263989148392298,17.30974479002054,0.34848225257388227,3.404,weekly,B_rich,struct_linear,0.0,37.0400658834371,0.0,-0.5032882497653195,49.285653006624656,5.0,,,,,,,
AR-LRX-Aug [struct_linear],N02BE,B_rich+cal,pacf_train,13,1,210,45,46,2014-01-12,2018-01-14,2018-01-21,2018-11-25,2018-12-02,2019-10-13,"{""colsample_bytree"": 0.8, ""learning_rate"": 0.05, ""max_depth"": 3, ""n_estimators"": 100, ""subsample"": 0.8}",132,none,42,1371.9664806493608,37.0400658834371,29.934762566401275,0.6554348070664087,0.17762085291048849,14.103025191838716,0.16630272721845582,2429.07559228941,49.285653006624656,35.65100470650235,0.6676730237043137,0.24263989148392298,17.30974479002054,0.34848225257388227,3.753,weekly,B_rich,struct_linear,0.0,37.0400658834371,0.0,-0.418367571056218,49.285653006624656,5.0,True,global,1.0,"{""0"": 0.0}",0.0,0.0,38.23843790373808
Naive,N05B,A_lag1,pacf_train,1,1,210,45,46,2014-01-12,2018-01-14,2018-01-21,2018-11-25,2018-12-02,2019-10-13,{},0,none,42,426.96177777777774,20.663053447585565,15.013333333333332,-0.801173853632781,0.32205507243743087,22.340031684847204,0.28288818842478763,240.0434782608696,15.493336576117798,12.104347826086956,-0.5862350330555679,0.26380422064754916,21.2661248034866,0.36673121829968697,0.0,weekly,A_lag1,,,,,,,,,,,,,,
S1 [linear] (exp05c),N05B,A_lag1,pacf_train,1,1,210,45,46,2014-01-12,2018-01-14,2018-01-21,2018-11-25,2018-12-02,2019-10-13,{},0,none,42,280.1724738223089,16.738353378463156,11.053311405027056,-0.1819309376658278,0.2608845601381415,16.80006438157009,0.223534293627507,168.22555190185386,12.970179331908016,9.770105004562676,-0.11165387960189288,0.22084255599191918,17.156348590497235,0.3310900704837283,0.008,weekly,A_lag1,linear,0.0,16.738353378463156,0.0,,12.970179331908016,,,,,,,,
S1 [linear+cal],N05B,A_lag1+cal,pacf_train,13,1,210,45,46,2014-01-12,2018-01-14,2018-01-21,2018-11-25,2018-12-02,2019-10-13,{},0,none,42,333.6753762186126,18.266783411936885,11.635352471279429,-0.40763739174529756,0.2847067240015101,17.67199152328653,0.23772445787945862,186.03025503189372,13.63929085516889,10.490604683882838,-0.22930941460180887,0.23223548243180672,18.166661799565258,0.3426055626169015,0.016,weekly,A_lag1,linear,0.0,18.266783411936885,0.0,,13.63929085516889,,,,,,,,
S1 [structural],N05B,A_lag1+cal,pacf_train,13,1,210,45,46,2014-01-12,2018-01-14,2018-01-21,2018-11-25,2018-12-02,2019-10-13,{},0,none,42,447.68167859441576,21.158489515899184,14.54663241794495,-0.88858248256213,0.32977695629518683,22.401239662188768,0.2811709256546041,220.62285008564425,14.853378406465119,12.17511562210487,-0.45790127869290975,0.25290768681425657,21.03343347749011,0.3521867837950359,0.031,weekly,A_lag1,structural,0.0,21.158489515899184,0.0,,14.853378406465119,,,,,,,,
S1 [struct_linear],N05B,A_lag1+cal,pacf_train,13,1,210,45,46,2014-01-12,2018-01-14,2018-01-21,2018-11-25,2018-12-02,2019-10-13,{},0,none,42,333.6753762186192,18.266783411937066,11.635352471279445,-0.40763739174532554,0.28470672400151287,17.671991523286618,0.2377244578794617,186.03025503189716,13.639290855169016,10.490604683882792,-0.22930941460183152,0.2322354824318089,18.16666179956517,0.3426055626169037,0.021,weekly,A_lag1,struct_linear,0.0,18.266783411937066,0.0,,13.639290855169016,,,,,,,,
XGBoost [+cal],N05B,A_lag1+cal,pacf_train,13,1,210,45,46,2014-01-12,2018-01-14,2018-01-21,2018-11-25,2018-12-02,2019-10-13,"{""colsample_bytree"": 0.8, ""learning_rate"": 0.05, ""max_depth"": 3, ""n_estimators"": 100, ""subsample"": 0.8}",12,none,42,380.7062113494785,19.511694220376622,12.744685041639539,-0.6060408905154369,0.30410994732507207,19.48467662401079,0.2578008605361993,178.5429431166834,13.361996224991362,10.388774440599525,-0.179832392566601,0.2275140014619495,18.104667722952605,0.3304413761765794,3.315,weekly,A_lag1,,,,,,,,,,,,,,
AR-LRX [linear+cal],N05B,A_lag1+cal,pacf_train,13,1,210,45,46,2014-01-12,2018-01-14,2018-01-21,2018-11-25,2018-12-02,2019-10-13,"{""colsample_bytree"": 0.8, ""learning_rate"": 0.05, ""max_depth"": 3, ""n_estimators"": 100, ""subsample"": 0.8}",132,none,42,333.6753762186126,18.266783411936885,11.635352471279429,-0.40763739174529756,0.2847067240015101,17.67199152328653,0.23772445787945862,186.03025503189372,13.63929085516889,10.490604683882838,-0.22930941460180887,0.23223548243180672,18.166661799565258,0.3426055626169015,3.432,weekly,A_lag1,linear,0.0,18.266783411936885,0.0,-0.1702771125082212,13.63929085516889,5.0,,,,,,,
AR-LRX [struct_linear],N05B,A_lag1+cal,pacf_train,13,1,210,45,46,2014-01-12,2018-01-14,2018-01-21,2018-11-25,2018-12-02,2019-10-13,"{""colsample_bytree"": 0.8, ""learning_rate"": 0.05, ""max_depth"": 3, ""n_estimators"": 100, ""subsample"": 0.8}",132,none,42,333.6753762186192,18.266783411937066,11.635352471279445,-0.40763739174532554,0.28470672400151287,17.671991523286618,0.2377244578794617,186.03025503189716,13.639290855169016,10.490604683882792,-0.22930941460183152,0.2322354824318089,18.16666179956517,0.3426055626169037,3.635,weekly,A_lag1,struct_linear,0.0,18.266783411937066,0.0,-0.1702771125082403,13.639290855169016,5.0,,,,,,,
AR-LRX-Aug [struct_linear],N05B,A_lag1+cal,pacf_train,13,1,210,45,46,2014-01-12,2018-01-14,2018-01-21,2018-11-25,2018-12-02,2019-10-13,"{""colsample_bytree"": 0.8, ""learning_rate"": 0.05, ""max_depth"": 3, ""n_estimators"": 100, ""subsample"": 0.8}",132,none,42,317.1540341552026,17.808818999450878,11.48185196714881,-0.3379407329333102,0.2775688746797207,17.63751544203043,0.22436777125591933,172.08892179350815,13.118266722151526,10.008520428407778,-0.13718347412449083,0.22336403213613057,17.614946717872122,0.3228987453239305,3.742,weekly,A_lag1,struct_linear,0.7999999999999996,18.266783411937066,2.5071,0.032440457485937046,13.639290855169016,5.0,True,global,1.0,"{""0"": 0.8}",0.8,0.8,17.902454263945906
Naive,N05B,B_rich,pacf_train,1,1,210,45,46,2014-01-12,2018-01-14,2018-01-21,2018-11-25,2018-12-02,2019-10-13,{},0,none,42,426.96177777777774,20.663053447585565,15.013333333333332,-0.801173853632781,0.32205507243743087,22.340031684847204,0.28288818842478763,240.0434782608696,15.493336576117798,12.104347826086956,-0.5862350330555679,0.26380422064754916,21.2661248034866,0.36673121829968697,0.0,weekly,B_rich,,,,,,,,,,,,,,
S1 [linear] (exp05c),N05B,B_rich,pacf_train,1,1,210,45,46,2014-01-12,2018-01-14,2018-01-21,2018-11-25,2018-12-02,2019-10-13,{},0,none,42,280.1724738223089,16.738353378463156,11.053311405027056,-0.1819309376658278,0.2608845601381415,16.80006438157009,0.223534293627507,168.22555190185386,12.970179331908016,9.770105004562676,-0.11165387960189288,0.22084255599191918,17.156348590497235,0.3310900704837283,0.009,weekly,B_rich,linear,0.0,16.738353378463156,0.0,,12.970179331908016,,,,,,,,
S1 [linear+cal],N05B,B_rich+cal,pacf_train,13,1,210,45,46,2014-01-12,2018-01-14,2018-01-21,2018-11-25,2018-12-02,2019-10-13,{},0,none,42,333.6753762186126,18.266783411936885,11.635352471279429,-0.40763739174529756,0.2847067240015101,17.67199152328653,0.23772445787945862,186.03025503189372,13.63929085516889,10.490604683882838,-0.22930941460180887,0.23223548243180672,18.166661799565258,0.3426055626169015,0.016,weekly,B_rich,linear,0.0,18.266783411936885,0.0,,13.63929085516889,,,,,,,,
S1 [structural],N05B,B_rich+cal,pacf_train,13,1,210,45,46,2014-01-12,2018-01-14,2018-01-21,2018-11-25,2018-12-02,2019-10-13,{},0,none,42,447.68167859441576,21.158489515899184,14.54663241794495,-0.88858248256213,0.32977695629518683,22.401239662188768,0.2811709256546041,220.62285008564425,14.853378406465119,12.17511562210487,-0.45790127869290975,0.25290768681425657,21.03343347749011,0.3521867837950359,0.029,weekly,B_rich,structural,0.0,21.158489515899184,0.0,,14.853378406465119,,,,,,,,
S1 [struct_linear],N05B,B_rich+cal,pacf_train,13,1,210,45,46,2014-01-12,2018-01-14,2018-01-21,2018-11-25,2018-12-02,2019-10-13,{},0,none,42,333.6753762186192,18.266783411937066,11.635352471279445,-0.40763739174532554,0.28470672400151287,17.671991523286618,0.2377244578794617,186.03025503189716,13.639290855169016,10.490604683882792,-0.22930941460183152,0.2322354824318089,18.16666179956517,0.3426055626169037,0.022,weekly,B_rich,struct_linear,0.0,18.266783411937066,0.0,,13.639290855169016,,,,,,,,
XGBoost [+cal],N05B,B_rich+cal,pacf_train,13,1,210,45,46,2014-01-12,2018-01-14,2018-01-21,2018-11-25,2018-12-02,2019-10-13,"{""colsample_bytree"": 0.8, ""learning_rate"": 0.05, ""max_depth"": 3, ""n_estimators"": 100, ""subsample"": 0.8}",12,none,42,380.7062113494785,19.511694220376622,12.744685041639539,-0.6060408905154369,0.30410994732507207,19.48467662401079,0.2578008605361993,178.5429431166834,13.361996224991362,10.388774440599525,-0.179832392566601,0.2275140014619495,18.104667722952605,0.3304413761765794,3.38,weekly,B_rich,,,,,,,,,,,,,,
AR-LRX [linear+cal],N05B,B_rich+cal,pacf_train,13,1,210,45,46,2014-01-12,2018-01-14,2018-01-21,2018-11-25,2018-12-02,2019-10-13,"{""colsample_bytree"": 0.8, ""learning_rate"": 0.05, ""max_depth"": 3, ""n_estimators"": 100, ""subsample"": 0.8}",132,none,42,333.6753762186126,18.266783411936885,11.635352471279429,-0.40763739174529756,0.2847067240015101,17.67199152328653,0.23772445787945862,186.03025503189372,13.63929085516889,10.490604683882838,-0.22930941460180887,0.23223548243180672,18.166661799565258,0.3426055626169015,3.401,weekly,B_rich,linear,0.0,18.266783411936885,0.0,-0.1702771125082212,13.63929085516889,5.0,,,,,,,
AR-LRX [struct_linear],N05B,B_rich+cal,pacf_train,13,1,210,45,46,2014-01-12,2018-01-14,2018-01-21,2018-11-25,2018-12-02,2019-10-13,"{""colsample_bytree"": 0.8, ""learning_rate"": 0.05, ""max_depth"": 3, ""n_estimators"": 100, ""subsample"": 0.8}",132,none,42,333.6753762186192,18.266783411937066,11.635352471279445,-0.40763739174532554,0.28470672400151287,17.671991523286618,0.2377244578794617,186.03025503189716,13.639290855169016,10.490604683882792,-0.22930941460183152,0.2322354824318089,18.16666179956517,0.3426055626169037,3.457,weekly,B_rich,struct_linear,0.0,18.266783411937066,0.0,-0.1702771125082403,13.639290855169016,5.0,,,,,,,
AR-LRX-Aug [struct_linear],N05B,B_rich+cal,pacf_train,13,1,210,45,46,2014-01-12,2018-01-14,2018-01-21,2018-11-25,2018-12-02,2019-10-13,"{""colsample_bytree"": 0.8, ""learning_rate"": 0.05, ""max_depth"": 3, ""n_estimators"": 100, ""subsample"": 0.8}",132,none,42,317.1540341552026,17.808818999450878,11.48185196714881,-0.3379407329333102,0.2775688746797207,17.63751544203043,0.22436777125591933,172.08892179350815,13.118266722151526,10.008520428407778,-0.13718347412449083,0.22336403213613057,17.614946717872122,0.3228987453239305,3.56,weekly,B_rich,struct_linear,0.7999999999999996,18.266783411937066,2.5071,0.032440457485937046,13.639290855169016,5.0,True,global,1.0,"{""0"": 0.8}",0.8,0.8,17.902454263945906
Naive,N05C,A_lag1,pacf_train,1,10,204,43,45,2014-03-16,2018-02-04,2018-02-11,2018-12-02,2018-12-09,2019-10-13,{},0,none,42,28.023255813953487,5.293699633900046,3.9302325581395348,-0.7170930540827152,1.1381454212885098,103.83645136372506,1.694474186562659,16.266666666666666,4.033195589934446,3.466666666666667,-1.0887761572606216,0.8249718252138639,83.43106601001338,1.7005504134034763,0.0,weekly,A_lag1,,,,,,,,,,,,,,
S1 [linear] (exp05c),N05C,A_lag1,pacf_train,1,10,204,43,45,2014-03-16,2018-02-04,2018-02-11,2018-12-02,2018-12-09,2019-10-13,{},0,none,42,16.6747895027876,4.083477623642329,2.880965845650394,-0.021728717876931203,0.8779476890831007,71.7752895751267,0.703521993405679,8.7326038490643,2.95509794238098,2.392135351294518,-0.12133942893818705,0.6044518518506549,57.40333488628655,1.0633393387073906,0.007,weekly,A_lag1,linear,0.0,4.083477623642329,0.0,,2.95509794238098,,,,,,,,
S1 [linear+cal],N05C,A_lag1+cal,pacf_train,13,10,204,43,45,2014-03-16,2018-02-04,2018-02-11,2018-12-02,2018-12-09,2019-10-13,{},0,none,42,17.75081578189306,4.213171700974583,2.8354185121502633,-0.08766100148198164,0.9058319157095354,70.86839315175413,0.6946413057667851,8.79219895671568,2.9651642377304634,2.421078896581644,-0.12899193959094823,0.6065108668085039,58.476653073607956,0.9618940725068607,0.014,weekly,A_lag1,linear,0.0,4.213171700974583,0.0,,2.9651642377304634,,,,,,,,
S1 [structural],N05C,A_lag1+cal,pacf_train,13,10,204,43,45,2014-03-16,2018-02-04,2018-02-11,2018-12-02,2018-12-09,2019-10-13,{},0,none,42,18.256977107541818,4.27281840329563,2.8323278029178276,-0.11867545969793314,0.9186559567085604,70.48883931952248,0.6967434729440288,8.862475146766654,2.9769909551032656,2.435653358986692,-0.13801599062793124,0.6089299680893043,59.186967196385545,0.8962268644719582,0.029,weekly,A_lag1,structural,0.0,4.27281840329563,0.0,,2.9769909551032656,,,,,,,,
S1 [struct_linear],N05C,A_lag1+cal,pacf_train,13,10,204,43,45,2014-03-16,2018-02-04,2018-02-11,2018-12-02,2018-12-09,2019-10-13,{},0,none,42,17.750815781893095,4.213171700974587,2.8354185121502606,-0.08766100148198386,0.9058319157095361,70.86839315175408,0.6946413057667836,8.792198956715676,2.965164237730463,2.4210788965816437,-0.1289919395909478,0.6065108668085037,58.476653073607935,0.9618940725068598,0.02,weekly,A_lag1,struct_linear,0.0,4.213171700974587,0.0,,2.965164237730463,,,,,,,,
XGBoost [+cal],N05C,A_lag1+cal,pacf_train,13,10,204,43,45,2014-03-16,2018-02-04,2018-02-11,2018-12-02,2018-12-09,2019-10-13,"{""colsample_bytree"": 0.8, ""learning_rate"": 0.05, ""max_depth"": 3, ""n_estimators"": 100, ""subsample"": 0.8}",12,none,42,17.6821283543812,4.205012289444729,2.8248097619345023,-0.0834522576634027,0.9040776422306166,71.50931787692855,0.7178876809968,10.051555128487093,3.1704187623225883,2.6558947669135198,-0.29070381326482986,0.6484947468387112,65.57689681964493,0.9584798217013598,3.53,weekly,A_lag1,,,,,,,,,,,,,,
AR-LRX [linear+cal],N05C,A_lag1+cal,pacf_train,13,10,204,43,45,2014-03-16,2018-02-04,2018-02-11,2018-12-02,2018-12-09,2019-10-13,"{""colsample_bytree"": 0.8, ""learning_rate"": 0.05, ""max_depth"": 3, ""n_estimators"": 100, ""subsample"": 0.8}",132,none,42,17.657002810874342,4.202023656629546,2.826615219307237,-0.08191271862760696,0.9034350861753523,70.84969011960659,0.7136026111583774,9.288562750911353,3.0477143486408553,2.502209461334864,-0.19272920549115358,0.6233961167674477,60.78489242838763,0.969794214807914,3.461,weekly,A_lag1,linear,0.4,4.213171700974583,0.2646,-0.07755956937806308,2.9651642377304634,5.0,,,,,,,
AR-LRX [struct_linear],N05C,A_lag1+cal,pacf_train,13,10,204,43,45,2014-03-16,2018-02-04,2018-02-11,2018-12-02,2018-12-09,2019-10-13,"{""colsample_bytree"": 0.8, ""learning_rate"": 0.05, ""max_depth"": 3, ""n_estimators"": 100, ""subsample"": 0.8}",132,none,42,17.657002810874374,4.20202365662955,2.826615219307237,-0.08191271862760874,0.9034350861753533,70.84969011960652,0.7136026111583759,9.288562750911352,3.047714348640855,2.502209461334864,-0.19272920549115335,0.6233961167674476,60.78489242838763,0.9697942148079128,3.675,weekly,A_lag1,struct_linear,0.4,4.213171700974587,0.2646,-0.07755956937806285,2.965164237730463,5.0,,,,,,,
AR-LRX-Aug [struct_linear],N05C,A_lag1+cal,pacf_train,13,10,204,43,45,2014-03-16,2018-02-04,2018-02-11,2018-12-02,2018-12-09,2019-10-13,"{""colsample_bytree"": 0.8, ""learning_rate"": 0.05, ""max_depth"": 3, ""n_estimators"": 100, ""subsample"": 0.8}",132,none,42,17.750815781893095,4.213171700974587,2.8354185121502606,-0.08766100148198386,0.9058319157095361,70.86839315175408,0.6946413057667836,8.792198956715676,2.965164237730463,2.4210788965816437,-0.1289919395909478,0.6065108668085037,58.476653073607935,0.9618940725068598,3.52,weekly,A_lag1,struct_linear,0.0,4.213171700974587,0.0,-0.09616370149634257,2.965164237730463,5.0,True,global,1.0,"{""0"": 0.0}",0.0,0.0,4.222346413359822
Naive,N05C,B_rich,pacf_train,11,10,204,43,45,2014-03-16,2018-02-04,2018-02-11,2018-12-02,2018-12-09,2019-10-13,{},0,none,42,28.023255813953487,5.293699633900046,3.9302325581395348,-0.7170930540827152,1.1381454212885098,103.83645136372506,1.694474186562659,16.266666666666666,4.033195589934446,3.466666666666667,-1.0887761572606216,0.8249718252138639,83.43106601001338,1.7005504134034763,0.0,weekly,B_rich,,,,,,,,,,,,,,
S1 [linear] (exp05c),N05C,B_rich,pacf_train,11,10,204,43,45,2014-03-16,2018-02-04,2018-02-11,2018-12-02,2018-12-09,2019-10-13,{},0,none,42,17.659626898755008,4.202335885999001,2.787213246262259,-0.08207350662109025,0.9035022154897852,68.904493375253,0.6035741439547535,8.649548295964209,2.941011440978122,2.4123457709263696,-0.11067440071829582,0.6015705220182522,58.05904326021262,1.1261556910723465,0.009,weekly,B_rich,linear,0.0,4.202335885999001,0.0,,2.941011440978122,,,,,,,,
S1 [linear+cal],N05C,B_rich+cal,pacf_train,23,10,204,43,45,2014-03-16,2018-02-04,2018-02-11,2018-12-02,2018-12-09,2019-10-13,{},0,none,42,20.78051615632322,4.558565142270451,2.781383449541298,-0.2733024381310194,0.980091505588147,69.24372139104112,0.5444196489494055,9.002315187998255,3.00038583985431,2.469760331806974,-0.1559726224284379,0.6137152854247452,60.333414247456915,1.0303597465262966,0.015,weekly,B_rich,linear,0.0,4.558565142270451,0.0,,3.00038583985431,,,,,,,,
S1 [structural],N05C,B_rich+cal,pacf_train,23,10,204,43,45,2014-03-16,2018-02-04,2018-02-11,2018-12-02,2018-12-09,2019-10-13,{},0,none,42,18.256977107541818,4.27281840329563,2.8323278029178276,-0.11867545969793314,0.9186559567085604,70.48883931952248,0.6967434729440288,8.862475146766654,2.9769909551032656,2.435653358986692,-0.13801599062793124,0.6089299680893043,59.186967196385545,0.8962268644719582,0.027,weekly,B_rich,structural,0.0,4.27281840329563,0.0,,2.9769909551032656,,,,,,,,
S1 [struct_linear],N05C,B_rich+cal,pacf_train,23,10,204,43,45,2014-03-16,2018-02-04,2018-02-11,2018-12-02,2018-12-09,2019-10-13,{},0,none,42,20.780516156323234,4.558565142270453,2.7813834495412992,-0.2733024381310203,0.9800915055881473,69.24372139104118,0.5444196489494063,9.002315187998242,3.000385839854308,2.469760331806973,-0.15597262242843657,0.6137152854247447,60.333414247456886,1.0303597465262957,0.021,weekly,B_rich,struct_linear,0.0,4.558565142270453,0.0,,3.000385839854308,,,,,,,,
XGBoost [+cal],N05C,B_rich+cal,pacf_train,23,10,204,43,45,2014-03-16,2018-02-04,2018-02-11,2018-12-02,2018-12-09,2019-10-13,"{""colsample_bytree"": 0.8, ""learning_rate"": 0.05, ""max_depth"": 5, ""n_estimators"": 500, ""subsample"": 0.8}",12,none,42,18.52237447193747,4.303762827101125,3.089841512746589,-0.13493738065391025,0.9253090078267419,78.80429141954407,0.7790454947938019,10.217398677089598,3.196466592518933,2.525911651717292,-0.3119995130695268,0.6538227121061454,60.41449984699398,1.231535662275781,4.232,weekly,B_rich,,,,,,,,,,,,,,
AR-LRX [linear+cal],N05C,B_rich+cal,pacf_train,23,10,204,43,45,2014-03-16,2018-02-04,2018-02-11,2018-12-02,2018-12-09,2019-10-13,"{""colsample_bytree"": 0.8, ""learning_rate"": 0.05, ""max_depth"": 5, ""n_estimators"": 500, ""subsample"": 0.8}",132,none,42,19.564209079541378,4.423144704793342,3.0403575286931686,-0.1987746085654829,0.9509761115305684,77.6931048208369,0.6807408635680293,9.282013368322806,3.0466396846891506,2.4274759924516784,-0.19188820994633393,0.6231762991409626,58.18427571052851,1.2843513328906482,4.02,weekly,B_rich,linear,0.7,4.558565142270451,2.9707,0.00692161639261446,3.00038583985431,5.0,,,,,,,
AR-LRX [struct_linear],N05C,B_rich+cal,pacf_train,23,10,204,43,45,2014-03-16,2018-02-04,2018-02-11,2018-12-02,2018-12-09,2019-10-13,"{""colsample_bytree"": 0.8, ""learning_rate"": 0.05, ""max_depth"": 5, ""n_estimators"": 500, ""subsample"": 0.8}",132,none,42,19.56420907954139,4.4231447047933425,3.0403575286931694,-0.19877460856548357,0.9509761115305686,77.6931048208369,0.6807408635680293,9.282013368322799,3.0466396846891493,2.4274759924516767,-0.19188820994633282,0.6231762991409623,58.18427571052847,1.284351332890648,4.227,weekly,B_rich,struct_linear,0.7,4.558565142270453,2.9707,0.006921616392614904,3.000385839854308,5.0,,,,,,,
AR-LRX-Aug [struct_linear],N05C,B_rich+cal,pacf_train,23,10,204,43,45,2014-03-16,2018-02-04,2018-02-11,2018-12-02,2018-12-09,2019-10-13,"{""colsample_bytree"": 0.8, ""learning_rate"": 0.05, ""max_depth"": 5, ""n_estimators"": 500, ""subsample"": 0.8}",132,none,42,18.620276381295184,4.315121826935502,3.057419611726811,-0.1409362085437038,0.9277511927911328,76.8632559348201,0.7870023929076524,8.910541542017615,2.9850530216426,2.3929627769537096,-0.14418811810942755,0.6105790271541681,57.87694390165379,1.1905344873613433,4.369,weekly,B_rich,struct_linear,0.8999999999999998,4.558565142270453,5.3403,0.060740667413290095,3.000385839854308,5.0,True,global,1.0,"{""0"": 0.9}",0.9,0.9,4.486505936201659
Naive,R03,A_lag1,pacf_train,1,1,210,45,46,2014-01-12,2018-01-14,2018-01-21,2018-11-25,2018-12-02,2019-10-13,{},0,none,42,605.225,24.601321102737554,18.655555555555555,-0.03800990046389785,0.5059108646741414,43.156588083534785,1.0011745992904533,851.7612469747946,29.184948980164325,21.983695652173914,0.03461366197933802,0.5760084322364312,40.98350136138161,0.5872130475279131,0.0,weekly,A_lag1,,,,,,,,,,,,,,
S1 [linear] (exp05c),R03,A_lag1,pacf_train,1,1,210,45,46,2014-01-12,2018-01-14,2018-01-21,2018-11-25,2018-12-02,2019-10-13,{},0,none,42,552.0732474890453,23.49623900731871,17.94200808918741,0.05314966058096604,0.48318553882295984,40.92385320485504,1.1251795150117032,713.517209522314,26.71174291434975,18.83879141520894,0.1912994768640235,0.5271960272692094,38.48032058277108,0.5320799290362752,0.009,weekly,A_lag1,linear,0.0,23.49623900731871,0.0,,26.71174291434975,,,,,,,,
S1 [linear+cal],R03,A_lag1+cal,pacf_train,13,1,210,45,46,2014-01-12,2018-01-14,2018-01-21,2018-11-25,2018-12-02,2019-10-13,{},0,none,42,613.1821859599117,24.76251574375899,18.770860718131683,-0.05165711894664504,0.5092257321920047,44.32381350720889,0.7813080651017109,776.678491699816,27.868952109826736,19.02315084651465,0.1197124692106537,0.5500352741326977,38.43587222938199,0.6023400376156715,0.012,weekly,A_lag1,linear,0.0,24.76251574375899,0.0,,27.868952109826736,,,,,,,,
S1 [structural],R03,A_lag1+cal,pacf_train,13,1,210,45,46,2014-01-12,2018-01-14,2018-01-21,2018-11-25,2018-12-02,2019-10-13,{},0,none,42,700.4534414763297,26.466080961795793,20.567719202676688,-0.2013343914518395,0.5442584911599728,49.164845315303516,0.7853079716131487,1008.196260353417,31.75210639238627,22.628074270712258,-0.14268980802493947,0.6266751069434215,46.9517230457161,0.6737544441152269,0.029,weekly,A_lag1,structural,0.0,26.466080961795793,0.0,,31.75210639238627,,,,,,,,
S1 [struct_linear],R03,A_lag1+cal,pacf_train,13,1,210,45,46,2014-01-12,2018-01-14,2018-01-21,2018-11-25,2018-12-02,2019-10-13,{},0,none,42,613.1821859598119,24.76251574375697,18.77086071812985,-0.051657118946473846,0.5092257321919633,44.3238135072043,0.7813080651016476,776.6784916997766,27.86895210982603,19.023150846514223,0.11971246921069834,0.5500352741326837,38.435872229381026,0.6023400376156631,0.023,weekly,A_lag1,struct_linear,0.0,24.76251574375697,0.0,,27.86895210982603,,,,,,,,
XGBoost [+cal],R03,A_lag1+cal,pacf_train,13,1,210,45,46,2014-01-12,2018-01-14,2018-01-21,2018-11-25,2018-12-02,2019-10-13,"{""colsample_bytree"": 0.8, ""learning_rate"": 0.05, ""max_depth"": 3, ""n_estimators"": 100, ""subsample"": 0.8}",12,none,42,669.4128346978993,25.873013637724913,19.930373764038087,-0.14809723642285455,0.532062430571288,46.6040726898131,0.8583825687775408,762.692513696714,27.616888197201256,19.345095289071207,0.13556417898966389,0.5450604174271587,39.36562361594447,0.5625564599225904,3.432,weekly,A_lag1,,,,,,,,,,,,,,
AR-LRX [linear+cal],R03,A_lag1+cal,pacf_train,13,1,210,45,46,2014-01-12,2018-01-14,2018-01-21,2018-11-25,2018-12-02,2019-10-13,"{""colsample_bytree"": 0.8, ""learning_rate"": 0.05, ""max_depth"": 5, ""n_estimators"": 100, ""subsample"": 0.8}",132,none,42,610.5837799676025,24.709993524232306,18.857125176929035,-0.04720064218933717,0.5081456454200634,44.40883041477557,0.8097389068375843,750.5878448965123,27.39685830339881,18.82312612020729,0.1492836126073399,0.5407177997902242,37.95724152215615,0.5895213535185955,3.86,weekly,A_lag1,linear,0.2,24.76251574375899,0.2121,-0.7746957568937183,27.868952109826736,5.0,,,,,,,
AR-LRX [struct_linear],R03,A_lag1+cal,pacf_train,13,1,210,45,46,2014-01-12,2018-01-14,2018-01-21,2018-11-25,2018-12-02,2019-10-13,"{""colsample_bytree"": 0.8, ""learning_rate"": 0.05, ""max_depth"": 5, ""n_estimators"": 100, ""subsample"": 0.8}",132,none,42,610.5837799675032,24.7099935242303,18.857125176927006,-0.047200642189166864,0.5081456454200222,44.40883041477065,0.809738906837523,750.5878448964754,27.396858303398137,18.823126120207,0.14928361260738165,0.5407177997902108,37.95724152215545,0.5895213535185878,3.542,weekly,A_lag1,struct_linear,0.2,24.76251574375697,0.2121,-0.7746957568935955,27.86895210982603,5.0,,,,,,,
AR-LRX-Aug [struct_linear],R03,A_lag1+cal,pacf_train,13,1,210,45,46,2014-01-12,2018-01-14,2018-01-21,2018-11-25,2018-12-02,2019-10-13,"{""colsample_bytree"": 0.8, ""learning_rate"": 0.05, ""max_depth"": 3, ""n_estimators"": 100, ""subsample"": 0.8}",132,none,42,613.1821859598119,24.76251574375697,18.77086071812985,-0.051657118946473846,0.5092257321919633,44.3238135072043,0.7813080651016476,776.6784916997766,27.86895210982603,19.023150846514223,0.11971246921069834,0.5500352741326837,38.435872229381026,0.6023400376156631,3.786,weekly,A_lag1,struct_linear,0.0,24.76251574375697,0.0,-0.9445171061912012,27.86895210982603,5.0,True,global,1.0,"{""0"": 0.0}",0.0,0.0,24.76251574375697
Naive,R03,B_rich,pacf_train,1,1,210,45,46,2014-01-12,2018-01-14,2018-01-21,2018-11-25,2018-12-02,2019-10-13,{},0,none,42,605.225,24.601321102737554,18.655555555555555,-0.03800990046389785,0.5059108646741414,43.156588083534785,1.0011745992904533,851.7612469747946,29.184948980164325,21.983695652173914,0.03461366197933802,0.5760084322364312,40.98350136138161,0.5872130475279131,0.0,weekly,B_rich,,,,,,,,,,,,,,
S1 [linear] (exp05c),R03,B_rich,pacf_train,1,1,210,45,46,2014-01-12,2018-01-14,2018-01-21,2018-11-25,2018-12-02,2019-10-13,{},0,none,42,552.0732474890453,23.49623900731871,17.94200808918741,0.05314966058096604,0.48318553882295984,40.92385320485504,1.1251795150117032,713.517209522314,26.71174291434975,18.83879141520894,0.1912994768640235,0.5271960272692094,38.48032058277108,0.5320799290362752,0.007,weekly,B_rich,linear,0.0,23.49623900731871,0.0,,26.71174291434975,,,,,,,,
S1 [linear+cal],R03,B_rich+cal,pacf_train,13,1,210,45,46,2014-01-12,2018-01-14,2018-01-21,2018-11-25,2018-12-02,2019-10-13,{},0,none,42,613.1821859599117,24.76251574375899,18.770860718131683,-0.05165711894664504,0.5092257321920047,44.32381350720889,0.7813080651017109,776.678491699816,27.868952109826736,19.02315084651465,0.1197124692106537,0.5500352741326977,38.43587222938199,0.6023400376156715,0.016,weekly,B_rich,linear,0.0,24.76251574375899,0.0,,27.868952109826736,,,,,,,,
S1 [structural],R03,B_rich+cal,pacf_train,13,1,210,45,46,2014-01-12,2018-01-14,2018-01-21,2018-11-25,2018-12-02,2019-10-13,{},0,none,42,700.4534414763297,26.466080961795793,20.567719202676688,-0.2013343914518395,0.5442584911599728,49.164845315303516,0.7853079716131487,1008.196260353417,31.75210639238627,22.628074270712258,-0.14268980802493947,0.6266751069434215,46.9517230457161,0.6737544441152269,0.033,weekly,B_rich,structural,0.0,26.466080961795793,0.0,,31.75210639238627,,,,,,,,
S1 [struct_linear],R03,B_rich+cal,pacf_train,13,1,210,45,46,2014-01-12,2018-01-14,2018-01-21,2018-11-25,2018-12-02,2019-10-13,{},0,none,42,613.1821859598119,24.76251574375697,18.77086071812985,-0.051657118946473846,0.5092257321919633,44.3238135072043,0.7813080651016476,776.6784916997766,27.86895210982603,19.023150846514223,0.11971246921069834,0.5500352741326837,38.435872229381026,0.6023400376156631,0.025,weekly,B_rich,struct_linear,0.0,24.76251574375697,0.0,,27.86895210982603,,,,,,,,
XGBoost [+cal],R03,B_rich+cal,pacf_train,13,1,210,45,46,2014-01-12,2018-01-14,2018-01-21,2018-11-25,2018-12-02,2019-10-13,"{""colsample_bytree"": 0.8, ""learning_rate"": 0.05, ""max_depth"": 3, ""n_estimators"": 100, ""subsample"": 0.8}",12,none,42,669.4128346978993,25.873013637724913,19.930373764038087,-0.14809723642285455,0.532062430571288,46.6040726898131,0.8583825687775408,762.692513696714,27.616888197201256,19.345095289071207,0.13556417898966389,0.5450604174271587,39.36562361594447,0.5625564599225904,3.788,weekly,B_rich,,,,,,,,,,,,,,
AR-LRX [linear+cal],R03,B_rich+cal,pacf_train,13,1,210,45,46,2014-01-12,2018-01-14,2018-01-21,2018-11-25,2018-12-02,2019-10-13,"{""colsample_bytree"": 0.8, ""learning_rate"": 0.05, ""max_depth"": 5, ""n_estimators"": 100, ""subsample"": 0.8}",132,none,42,610.5837799676025,24.709993524232306,18.857125176929035,-0.04720064218933717,0.5081456454200634,44.40883041477557,0.8097389068375843,750.5878448965123,27.39685830339881,18.82312612020729,0.1492836126073399,0.5407177997902242,37.95724152215615,0.5895213535185955,3.536,weekly,B_rich,linear,0.2,24.76251574375899,0.2121,-0.7746957568937183,27.868952109826736,5.0,,,,,,,
AR-LRX [struct_linear],R03,B_rich+cal,pacf_train,13,1,210,45,46,2014-01-12,2018-01-14,2018-01-21,2018-11-25,2018-12-02,2019-10-13,"{""colsample_bytree"": 0.8, ""learning_rate"": 0.05, ""max_depth"": 5, ""n_estimators"": 100, ""subsample"": 0.8}",132,none,42,610.5837799675032,24.7099935242303,18.857125176927006,-0.047200642189166864,0.5081456454200222,44.40883041477065,0.809738906837523,750.5878448964754,27.396858303398137,18.823126120207,0.14928361260738165,0.5407177997902108,37.95724152215545,0.5895213535185878,4.689,weekly,B_rich,struct_linear,0.2,24.76251574375697,0.2121,-0.7746957568935955,27.86895210982603,5.0,,,,,,,
AR-LRX-Aug [struct_linear],R03,B_rich+cal,pacf_train,13,1,210,45,46,2014-01-12,2018-01-14,2018-01-21,2018-11-25,2018-12-02,2019-10-13,"{""colsample_bytree"": 0.8, ""learning_rate"": 0.05, ""max_depth"": 3, ""n_estimators"": 100, ""subsample"": 0.8}",132,none,42,613.1821859598119,24.76251574375697,18.77086071812985,-0.051657118946473846,0.5092257321919633,44.3238135072043,0.7813080651016476,776.6784916997766,27.86895210982603,19.023150846514223,0.11971246921069834,0.5500352741326837,38.435872229381026,0.6023400376156631,4.968,weekly,B_rich,struct_linear,0.0,24.76251574375697,0.0,-0.9445171061912012,27.86895210982603,5.0,True,global,1.0,"{""0"": 0.0}",0.0,0.0,24.76251574375697
Naive,R06,A_lag1,pacf_train,1,1,210,45,46,2014-01-12,2018-01-14,2018-01-21,2018-11-25,2018-12-02,2019-10-13,{},0,none,42,72.78178666666668,8.531224218520263,7.1773333333333325,0.6065903388703285,0.34673508836110173,31.67014048982149,0.42562231605825873,88.61228260869566,9.413409722767604,6.910869565217392,0.46923936429430224,0.37944990426256364,31.080923626166985,1.6974011088135652,0.0,weekly,A_lag1,,,,,,,,,,,,,,
S1 [linear] (exp05c),R06,A_lag1,pacf_train,1,1,210,45,46,2014-01-12,2018-01-14,2018-01-21,2018-11-25,2018-12-02,2019-10-13,{},0,none,42,69.38078682149396,8.329513000259617,6.405952128088666,0.6249738693917666,0.3385369264917655,27.865005340476273,0.408226425108261,79.69377989817822,8.927137273402836,6.663411575061467,0.5226584844074853,0.35984850160495846,29.74831197601932,1.9484451334648163,0.009,weekly,A_lag1,linear,0.0,8.329513000259617,0.0,,8.927137273402836,,,,,,,,
S1 [linear+cal],R06,A_lag1+cal,pacf_train,13,1,210,45,46,2014-01-12,2018-01-14,2018-01-21,2018-11-25,2018-12-02,2019-10-13,{},0,none,42,71.79442594751593,8.473159148010613,5.712357212223571,0.6119273505558598,0.34437514600837926,23.981759698542803,0.3059931231138157,81.45501866832186,9.025243413244977,6.44648526221207,0.5121091995707665,0.363803111726797,28.964847016737476,1.786708698915188,0.014,weekly,A_lag1,linear,0.0,8.473159148010613,0.0,,9.025243413244977,,,,,,,,
S1 [structural],R06,A_lag1+cal,pacf_train,13,1,210,45,46,2014-01-12,2018-01-14,2018-01-21,2018-11-25,2018-12-02,2019-10-13,{},0,none,42,97.69262103910725,9.883957761904249,6.609001452423564,0.47193902900618645,0.40171432377681643,27.178496879144866,0.3226624756460244,120.27644780503927,10.967061949539596,7.582079288501335,0.2795806403122575,0.44207685943270625,32.72239183069915,1.9018302754758476,0.032,weekly,A_lag1,structural,0.0,9.883957761904249,0.0,,10.967061949539596,,,,,,,,
S1 [struct_linear],R06,A_lag1+cal,pacf_train,13,1,210,45,46,2014-01-12,2018-01-14,2018-01-21,2018-11-25,2018-12-02,2019-10-13,{},0,none,42,71.79442594752437,8.473159148011112,5.712357212223897,0.6119273505558142,0.3443751460083996,23.981759698543637,0.3059931231138293,81.45501866832386,9.02524341324509,6.446485262211995,0.5121091995707544,0.3638031117268015,28.964847016737004,1.7867086989152297,0.025,weekly,A_lag1,struct_linear,0.0,8.473159148011112,0.0,,9.02524341324509,,,,,,,,
XGBoost [+cal],R06,A_lag1+cal,pacf_train,13,1,210,45,46,2014-01-12,2018-01-14,2018-01-21,2018-11-25,2018-12-02,2019-10-13,"{""colsample_bytree"": 0.8, ""learning_rate"": 0.05, ""max_depth"": 3, ""n_estimators"": 100, ""subsample"": 0.8}",12,none,42,104.07653651527365,10.201790848438016,7.072349261813695,0.4374318516039405,0.4146320341218485,29.146363702984026,0.3537967798637613,86.44535972097877,9.297599675237624,6.7988702127207885,0.4822185736719533,0.37478165835145566,29.246983193106953,1.7679218699230959,3.736,weekly,A_lag1,,,,,,,,,,,,,,
AR-LRX [linear+cal],R06,A_lag1+cal,pacf_train,13,1,210,45,46,2014-01-12,2018-01-14,2018-01-21,2018-11-25,2018-12-02,2019-10-13,"{""colsample_bytree"": 0.8, ""learning_rate"": 0.05, ""max_depth"": 3, ""n_estimators"": 100, ""subsample"": 0.8}",132,none,42,71.79442594751593,8.473159148010613,5.712357212223571,0.6119273505558598,0.34437514600837926,23.981759698542803,0.3059931231138157,81.45501866832186,9.025243413244977,6.44648526221207,0.5121091995707665,0.363803111726797,28.964847016737476,1.786708698915188,3.533,weekly,A_lag1,linear,0.0,8.473159148010613,0.0,-0.5316999729039922,9.025243413244977,5.0,,,,,,,
AR-LRX [struct_linear],R06,A_lag1+cal,pacf_train,13,1,210,45,46,2014-01-12,2018-01-14,2018-01-21,2018-11-25,2018-12-02,2019-10-13,"{""colsample_bytree"": 0.8, ""learning_rate"": 0.05, ""max_depth"": 3, ""n_estimators"": 100, ""subsample"": 0.8}",132,none,42,71.79442594752437,8.473159148011112,5.712357212223897,0.6119273505558142,0.3443751460083996,23.981759698543637,0.3059931231138293,81.45501866832386,9.02524341324509,6.446485262211995,0.5121091995707544,0.3638031117268015,28.964847016737004,1.7867086989152297,3.405,weekly,A_lag1,struct_linear,0.0,8.473159148011112,0.0,-0.5316999729040257,9.02524341324509,5.0,,,,,,,
AR-LRX-Aug [struct_linear],R06,A_lag1+cal,pacf_train,13,1,210,45,46,2014-01-12,2018-01-14,2018-01-21,2018-11-25,2018-12-02,2019-10-13,"{""colsample_bytree"": 0.8, ""learning_rate"": 0.1, ""max_depth"": 3, ""n_estimators"": 500, ""subsample"": 0.8}",132,none,42,71.79442594752437,8.473159148011112,5.712357212223897,0.6119273505558142,0.3443751460083996,23.981759698543637,0.3059931231138293,81.45501866832386,9.02524341324509,6.446485262211995,0.5121091995707544,0.3638031117268015,28.964847016737004,1.7867086989152297,4.837,weekly,A_lag1,struct_linear,0.0,8.473159148011112,0.0,-1.0030429086319734,9.02524341324509,5.0,True,global,1.0,"{""0"": 0.0}",0.0,0.0,8.47315914801111
Naive,R06,B_rich,pacf_train,1,1,210,45,46,2014-01-12,2018-01-14,2018-01-21,2018-11-25,2018-12-02,2019-10-13,{},0,none,42,72.78178666666668,8.531224218520263,7.1773333333333325,0.6065903388703285,0.34673508836110173,31.67014048982149,0.42562231605825873,88.61228260869566,9.413409722767604,6.910869565217392,0.46923936429430224,0.37944990426256364,31.080923626166985,1.6974011088135652,0.0,weekly,B_rich,,,,,,,,,,,,,,
S1 [linear] (exp05c),R06,B_rich,pacf_train,1,1,210,45,46,2014-01-12,2018-01-14,2018-01-21,2018-11-25,2018-12-02,2019-10-13,{},0,none,42,69.38078682149396,8.329513000259617,6.405952128088666,0.6249738693917666,0.3385369264917655,27.865005340476273,0.408226425108261,79.69377989817822,8.927137273402836,6.663411575061467,0.5226584844074853,0.35984850160495846,29.74831197601932,1.9484451334648163,0.008,weekly,B_rich,linear,0.0,8.329513000259617,0.0,,8.927137273402836,,,,,,,,
S1 [linear+cal],R06,B_rich+cal,pacf_train,13,1,210,45,46,2014-01-12,2018-01-14,2018-01-21,2018-11-25,2018-12-02,2019-10-13,{},0,none,42,71.79442594751593,8.473159148010613,5.712357212223571,0.6119273505558598,0.34437514600837926,23.981759698542803,0.3059931231138157,81.45501866832186,9.025243413244977,6.44648526221207,0.5121091995707665,0.363803111726797,28.964847016737476,1.786708698915188,0.012,weekly,B_rich,linear,0.0,8.473159148010613,0.0,,9.025243413244977,,,,,,,,
S1 [structural],R06,B_rich+cal,pacf_train,13,1,210,45,46,2014-01-12,2018-01-14,2018-01-21,2018-11-25,2018-12-02,2019-10-13,{},0,none,42,97.69262103910725,9.883957761904249,6.609001452423564,0.47193902900618645,0.40171432377681643,27.178496879144866,0.3226624756460244,120.27644780503927,10.967061949539596,7.582079288501335,0.2795806403122575,0.44207685943270625,32.72239183069915,1.9018302754758476,0.03,weekly,B_rich,structural,0.0,9.883957761904249,0.0,,10.967061949539596,,,,,,,,
S1 [struct_linear],R06,B_rich+cal,pacf_train,13,1,210,45,46,2014-01-12,2018-01-14,2018-01-21,2018-11-25,2018-12-02,2019-10-13,{},0,none,42,71.79442594752437,8.473159148011112,5.712357212223897,0.6119273505558142,0.3443751460083996,23.981759698543637,0.3059931231138293,81.45501866832386,9.02524341324509,6.446485262211995,0.5121091995707544,0.3638031117268015,28.964847016737004,1.7867086989152297,0.031,weekly,B_rich,struct_linear,0.0,8.473159148011112,0.0,,9.02524341324509,,,,,,,,
XGBoost [+cal],R06,B_rich+cal,pacf_train,13,1,210,45,46,2014-01-12,2018-01-14,2018-01-21,2018-11-25,2018-12-02,2019-10-13,"{""colsample_bytree"": 0.8, ""learning_rate"": 0.05, ""max_depth"": 3, ""n_estimators"": 100, ""subsample"": 0.8}",12,none,42,104.07653651527365,10.201790848438016,7.072349261813695,0.4374318516039405,0.4146320341218485,29.146363702984026,0.3537967798637613,86.44535972097877,9.297599675237624,6.7988702127207885,0.4822185736719533,0.37478165835145566,29.246983193106953,1.7679218699230959,4.165,weekly,B_rich,,,,,,,,,,,,,,
AR-LRX [linear+cal],R06,B_rich+cal,pacf_train,13,1,210,45,46,2014-01-12,2018-01-14,2018-01-21,2018-11-25,2018-12-02,2019-10-13,"{""colsample_bytree"": 0.8, ""learning_rate"": 0.05, ""max_depth"": 3, ""n_estimators"": 100, ""subsample"": 0.8}",132,none,42,71.79442594751593,8.473159148010613,5.712357212223571,0.6119273505558598,0.34437514600837926,23.981759698542803,0.3059931231138157,81.45501866832186,9.025243413244977,6.44648526221207,0.5121091995707665,0.363803111726797,28.964847016737476,1.786708698915188,3.349,weekly,B_rich,linear,0.0,8.473159148010613,0.0,-0.5316999729039922,9.025243413244977,5.0,,,,,,,
AR-LRX [struct_linear],R06,B_rich+cal,pacf_train,13,1,210,45,46,2014-01-12,2018-01-14,2018-01-21,2018-11-25,2018-12-02,2019-10-13,"{""colsample_bytree"": 0.8, ""learning_rate"": 0.05, ""max_depth"": 3, ""n_estimators"": 100, ""subsample"": 0.8}",132,none,42,71.79442594752437,8.473159148011112,5.712357212223897,0.6119273505558142,0.3443751460083996,23.981759698543637,0.3059931231138293,81.45501866832386,9.02524341324509,6.446485262211995,0.5121091995707544,0.3638031117268015,28.964847016737004,1.7867086989152297,3.51,weekly,B_rich,struct_linear,0.0,8.473159148011112,0.0,-0.5316999729040257,9.02524341324509,5.0,,,,,,,
AR-LRX-Aug [struct_linear],R06,B_rich+cal,pacf_train,13,1,210,45,46,2014-01-12,2018-01-14,2018-01-21,2018-11-25,2018-12-02,2019-10-13,"{""colsample_bytree"": 0.8, ""learning_rate"": 0.1, ""max_depth"": 3, ""n_estimators"": 500, ""subsample"": 0.8}",132,none,42,71.79442594752437,8.473159148011112,5.712357212223897,0.6119273505558142,0.3443751460083996,23.981759698543637,0.3059931231138293,81.45501866832386,9.02524341324509,6.446485262211995,0.5121091995707544,0.3638031117268015,28.964847016737004,1.7867086989152297,4.063,weekly,B_rich,struct_linear,0.0,8.473159148011112,0.0,-1.0030429086319734,9.02524341324509,5.0,True,global,1.0,"{""0"": 0.0}",0.0,0.0,8.47315914801111
